solid hemisphere_shell_ro0p05_ri0p048
  facet normal 0.99878379276799845 0.049067101339492304 0.0048326876695947898
    outer loop
      vertex 0.050000000000000003 0 0
      vertex 0.049759236333609846 0.0049008570164780305 0
      vertex 0.049759236333609846 0.0048066884231225447 0.00095610977349970051
    endloop
  endfacet
  facet normal 0.99878379276799845 0.047181480152163065 0.0143123455318443
    outer loop
      vertex 0.050000000000000003 0 0
      vertex 0.049759236333609846 0.0048066884231225447 0.00095610977349970051
      vertex 0.049759236333609846 0.0045278014892883821 0.0018754767845963461
    endloop
  endfacet
  facet normal 0.99878379276799845 0.043482701142265094 0.023241987981760918
    outer loop
      vertex 0.050000000000000003 0 0
      vertex 0.049759236333609846 0.0045278014892883821 0.0018754767845963461
      vertex 0.049759236333609846 0.0040749136834411963 0.0027227702746404517
    endloop
  endfacet
  facet normal 0.99878379276799845 0.038112906312849637 0.031278453867795444
    outer loop
      vertex 0.050000000000000003 0 0
      vertex 0.049759236333609846 0.0040749136834411963 0.0027227702746404517
      vertex 0.049759236333609846 0.0034654292299772871 0.0034654292299772867
    endloop
  endfacet
  facet normal 0.99878379276799845 0.031278453867795458 0.038112906312849623
    outer loop
      vertex 0.050000000000000003 0 0
      vertex 0.049759236333609846 0.0034654292299772871 0.0034654292299772867
      vertex 0.049759236333609846 0.0027227702746404521 0.0040749136834411963
    endloop
  endfacet
  facet normal 0.99878379276799845 0.023241987981760918 0.043482701142265101
    outer loop
      vertex 0.050000000000000003 0 0
      vertex 0.049759236333609846 0.0027227702746404521 0.0040749136834411963
      vertex 0.049759236333609846 0.0018754767845963463 0.0045278014892883821
    endloop
  endfacet
  facet normal 0.99878379276799845 0.0143123455318443 0.047181480152163051
    outer loop
      vertex 0.050000000000000003 0 0
      vertex 0.049759236333609846 0.0018754767845963463 0.0045278014892883821
      vertex 0.049759236333609846 0.00095610977349970094 0.0048066884231225447
    endloop
  endfacet
  facet normal 0.99878379276799845 0.0048326876695947898 0.049067101339492311
    outer loop
      vertex 0.050000000000000003 0 0
      vertex 0.049759236333609846 0.00095610977349970094 0.0048066884231225447
      vertex 0.049759236333609846 3.0009094291543337e-19 0.0049008570164780305
    endloop
  endfacet
  facet normal 0.99878379276799845 -0.0048326876695947898 0.049067101339492311
    outer loop
      vertex 0.050000000000000003 0 0
      vertex 0.049759236333609846 3.0009094291543337e-19 0.0049008570164780305
      vertex 0.049759236333609846 -0.00095610977349970029 0.0048066884231225447
    endloop
  endfacet
  facet normal 0.99878379276799845 -0.014312345531844298 0.047181480152163051
    outer loop
      vertex 0.050000000000000003 0 0
      vertex 0.049759236333609846 -0.00095610977349970029 0.0048066884231225447
      vertex 0.049759236333609846 -0.0018754767845963458 0.0045278014892883821
    endloop
  endfacet
  facet normal 0.99878379276799845 -0.023241987981760862 0.043482701142265122
    outer loop
      vertex 0.050000000000000003 0 0
      vertex 0.049759236333609846 -0.0018754767845963458 0.0045278014892883821
      vertex 0.049759236333609846 -0.0027227702746404508 0.0040749136834411981
    endloop
  endfacet
  facet normal 0.99878379276799845 -0.031278453867795479 0.038112906312849616
    outer loop
      vertex 0.050000000000000003 0 0
      vertex 0.049759236333609846 -0.0027227702746404508 0.0040749136834411981
      vertex 0.049759236333609846 -0.0034654292299772867 0.0034654292299772871
    endloop
  endfacet
  facet normal 0.99878379276799845 -0.038112906312849609 0.031278453867795472
    outer loop
      vertex 0.050000000000000003 0 0
      vertex 0.049759236333609846 -0.0034654292299772867 0.0034654292299772871
      vertex 0.049759236333609846 -0.0040749136834411972 0.0027227702746404517
    endloop
  endfacet
  facet normal 0.99878379276799845 -0.043482701142265108 0.0232419879817609
    outer loop
      vertex 0.050000000000000003 0 0
      vertex 0.049759236333609846 -0.0040749136834411972 0.0027227702746404517
      vertex 0.049759236333609846 -0.0045278014892883821 0.0018754767845963467
    endloop
  endfacet
  facet normal 0.99878379276799845 -0.047181480152163051 0.014312345531844314
    outer loop
      vertex 0.050000000000000003 0 0
      vertex 0.049759236333609846 -0.0045278014892883821 0.0018754767845963467
      vertex 0.049759236333609846 -0.0048066884231225447 0.00095610977349970224
    endloop
  endfacet
  facet normal 0.99878379276799845 -0.049067101339492304 0.0048326876695947837
    outer loop
      vertex 0.050000000000000003 0 0
      vertex 0.049759236333609846 -0.0048066884231225447 0.00095610977349970224
      vertex 0.049759236333609846 -0.0049008570164780305 6.0018188583086675e-19
    endloop
  endfacet
  facet normal 0.99878379276799845 -0.049067101339492304 -0.0048326876695947846
    outer loop
      vertex 0.050000000000000003 0 0
      vertex 0.049759236333609846 -0.0049008570164780305 6.0018188583086675e-19
      vertex 0.049759236333609846 -0.0048066884231225447 -0.00095610977349970105
    endloop
  endfacet
  facet normal 0.99878379276799845 -0.047181480152163065 -0.014312345531844271
    outer loop
      vertex 0.050000000000000003 0 0
      vertex 0.049759236333609846 -0.0048066884231225447 -0.00095610977349970105
      vertex 0.049759236333609846 -0.0045278014892883829 -0.0018754767845963456
    endloop
  endfacet
  facet normal 0.99878379276799845 -0.043482701142265101 -0.02324198798176089
    outer loop
      vertex 0.050000000000000003 0 0
      vertex 0.049759236333609846 -0.0045278014892883829 -0.0018754767845963456
      vertex 0.049759236333609846 -0.0040749136834411981 -0.0027227702746404508
    endloop
  endfacet
  facet normal 0.99878379276799845 -0.03811290631284963 -0.031278453867795472
    outer loop
      vertex 0.050000000000000003 0 0
      vertex 0.049759236333609846 -0.0040749136834411981 -0.0027227702746404508
      vertex 0.049759236333609846 -0.0034654292299772876 -0.0034654292299772867
    endloop
  endfacet
  facet normal 0.99878379276799845 -0.031278453867795437 -0.038112906312849644
    outer loop
      vertex 0.050000000000000003 0 0
      vertex 0.049759236333609846 -0.0034654292299772876 -0.0034654292299772867
      vertex 0.049759236333609846 -0.0027227702746404517 -0.0040749136834411963
    endloop
  endfacet
  facet normal 0.99878379276799845 -0.023241987981760949 -0.043482701142265087
    outer loop
      vertex 0.050000000000000003 0 0
      vertex 0.049759236333609846 -0.0027227702746404517 -0.0040749136834411963
      vertex 0.049759236333609846 -0.0018754767845963489 -0.0045278014892883812
    endloop
  endfacet
  facet normal 0.99878379276799845 -0.01431234553184429 -0.047181480152163065
    outer loop
      vertex 0.050000000000000003 0 0
      vertex 0.049759236333609846 -0.0018754767845963489 -0.0045278014892883812
      vertex 0.049759236333609846 -0.00095610977349970257 -0.0048066884231225439
    endloop
  endfacet
  facet normal 0.99878379276799845 -0.0048326876695948288 -0.049067101339492304
    outer loop
      vertex 0.050000000000000003 0 0
      vertex 0.049759236333609846 -0.00095610977349970257 -0.0048066884231225439
      vertex 0.049759236333609846 -9.0027282874630012e-19 -0.0049008570164780305
    endloop
  endfacet
  facet normal 0.99878379276799845 0.0048326876695947837 -0.049067101339492304
    outer loop
      vertex 0.050000000000000003 0 0
      vertex 0.049759236333609846 -9.0027282874630012e-19 -0.0049008570164780305
      vertex 0.049759236333609846 0.00095610977349970083 -0.0048066884231225447
    endloop
  endfacet
  facet normal 0.99878379276799845 0.014312345531844288 -0.047181480152163058
    outer loop
      vertex 0.050000000000000003 0 0
      vertex 0.049759236333609846 0.00095610977349970083 -0.0048066884231225447
      vertex 0.049759236333609846 0.0018754767845963471 -0.0045278014892883821
    endloop
  endfacet
  facet normal 0.99878379276799845 0.023241987981760914 -0.043482701142265101
    outer loop
      vertex 0.050000000000000003 0 0
      vertex 0.049759236333609846 0.0018754767845963471 -0.0045278014892883821
      vertex 0.049759236333609846 0.0027227702746404499 -0.0040749136834411981
    endloop
  endfacet
  facet normal 0.99878379276799845 0.031278453867795472 -0.03811290631284963
    outer loop
      vertex 0.050000000000000003 0 0
      vertex 0.049759236333609846 0.0027227702746404499 -0.0040749136834411981
      vertex 0.049759236333609846 0.0034654292299772858 -0.0034654292299772876
    endloop
  endfacet
  facet normal 0.99878379276799845 0.03811290631284963 -0.031278453867795472
    outer loop
      vertex 0.050000000000000003 0 0
      vertex 0.049759236333609846 0.0034654292299772858 -0.0034654292299772876
      vertex 0.049759236333609846 0.0040749136834411963 -0.0027227702746404517
    endloop
  endfacet
  facet normal 0.99878379276799845 0.043482701142265094 -0.023241987981760959
    outer loop
      vertex 0.050000000000000003 0 0
      vertex 0.049759236333609846 0.0040749136834411963 -0.0027227702746404517
      vertex 0.049759236333609846 0.0045278014892883812 -0.0018754767845963491
    endloop
  endfacet
  facet normal 0.99878379276799845 0.047181480152163065 -0.014312345531844288
    outer loop
      vertex 0.050000000000000003 0 0
      vertex 0.049759236333609846 0.0045278014892883812 -0.0018754767845963491
      vertex 0.049759236333609846 0.0048066884231225439 -0.00095610977349970278
    endloop
  endfacet
  facet normal 0.99878379276799845 0.049067101339492304 -0.0048326876695948236
    outer loop
      vertex 0.050000000000000003 0 0
      vertex 0.049759236333609846 0.0048066884231225439 -0.00095610977349970278
      vertex 0.049759236333609846 0.0049008570164780305 0
    endloop
  endfacet
  facet normal 0.98907323071537623 0.14671515442590918 0.014450181453170875
    outer loop
      vertex 0.049759236333609846 0.0049008570164780305 0
      vertex 0.049039264020161524 0.0097545161008064131 0
      vertex 0.049039264020161524 0.0095670858091272439 0.0019030116872178308
    endloop
  endfacet
  facet normal 0.98907323071537634 0.14671515442590918 0.014450181453170839
    outer loop
      vertex 0.049759236333609846 0.0049008570164780305 0
      vertex 0.049039264020161524 0.0095670858091272439 0.0019030116872178308
      vertex 0.049759236333609846 0.0048066884231225447 0.00095610977349970051
    endloop
  endfacet
  facet normal 0.98907323071537623 0.141076973320128 0.042795231990022407
    outer loop
      vertex 0.049759236333609846 0.0048066884231225447 0.00095610977349970051
      vertex 0.049039264020161524 0.0095670858091272439 0.0019030116872178308
      vertex 0.049039264020161524 0.0090119977750868479 0.0037328917025171303
    endloop
  endfacet
  facet normal 0.98907323071537634 0.141076973320128 0.042795231990022428
    outer loop
      vertex 0.049759236333609846 0.0048066884231225447 0.00095610977349970051
      vertex 0.049039264020161524 0.0090119977750868479 0.0037328917025171303
      vertex 0.049759236333609846 0.0045278014892883821 0.0018754767845963461
    endloop
  endfacet
  facet normal 0.98907323071537623 0.13001728324653242 0.069495685761339826
    outer loop
      vertex 0.049759236333609846 0.0045278014892883821 0.0018754767845963461
      vertex 0.049039264020161524 0.0090119977750868479 0.0037328917025171303
      vertex 0.049039264020161524 0.0081105837205364441 0.00541931878311848
    endloop
  endfacet
  facet normal 0.98907323071537634 0.13001728324653242 0.069495685761339882
    outer loop
      vertex 0.049759236333609846 0.0045278014892883821 0.0018754767845963461
      vertex 0.049039264020161524 0.0081105837205364441 0.00541931878311848
      vertex 0.049759236333609846 0.0040749136834411963 0.0027227702746404517
    endloop
  endfacet
  facet normal 0.98907323071537645 0.11396110189230506 0.093525459302478756
    outer loop
      vertex 0.049759236333609846 0.0040749136834411963 0.0027227702746404517
      vertex 0.049039264020161524 0.0081105837205364441 0.00541931878311848
      vertex 0.049039264020161524 0.0068974844820735752 0.0068974844820735744
    endloop
  endfacet
  facet normal 0.98907323071537634 0.11396110189230516 0.093525459302478645
    outer loop
      vertex 0.049759236333609846 0.0040749136834411963 0.0027227702746404517
      vertex 0.049039264020161524 0.0068974844820735752 0.0068974844820735744
      vertex 0.049759236333609846 0.0034654292299772871 0.0034654292299772867
    endloop
  endfacet
  facet normal 0.98907323071537645 0.093525459302478769 0.11396110189230499
    outer loop
      vertex 0.049759236333609846 0.0034654292299772871 0.0034654292299772867
      vertex 0.049039264020161524 0.0068974844820735752 0.0068974844820735744
      vertex 0.049039264020161524 0.0054193187831184809 0.0081105837205364441
    endloop
  endfacet
  facet normal 0.98907323071537634 0.093525459302478645 0.11396110189230507
    outer loop
      vertex 0.049759236333609846 0.0034654292299772871 0.0034654292299772867
      vertex 0.049039264020161524 0.0054193187831184809 0.0081105837205364441
      vertex 0.049759236333609846 0.0027227702746404521 0.0040749136834411963
    endloop
  endfacet
  facet normal 0.98907323071537645 0.069495685761339812 0.13001728324653247
    outer loop
      vertex 0.049759236333609846 0.0027227702746404521 0.0040749136834411963
      vertex 0.049039264020161524 0.0054193187831184809 0.0081105837205364441
      vertex 0.049039264020161524 0.0037328917025171307 0.0090119977750868479
    endloop
  endfacet
  facet normal 0.98907323071537634 0.069495685761339882 0.13001728324653242
    outer loop
      vertex 0.049759236333609846 0.0027227702746404521 0.0040749136834411963
      vertex 0.049039264020161524 0.0037328917025171307 0.0090119977750868479
      vertex 0.049759236333609846 0.0018754767845963463 0.0045278014892883821
    endloop
  endfacet
  facet normal 0.98907323071537645 0.042795231990022414 0.14107697332012797
    outer loop
      vertex 0.049759236333609846 0.0018754767845963463 0.0045278014892883821
      vertex 0.049039264020161524 0.0037328917025171307 0.0090119977750868479
      vertex 0.049039264020161524 0.0019030116872178317 0.0095670858091272439
    endloop
  endfacet
  facet normal 0.98907323071537634 0.042795231990022435 0.14107697332012797
    outer loop
      vertex 0.049759236333609846 0.0018754767845963463 0.0045278014892883821
      vertex 0.049039264020161524 0.0019030116872178317 0.0095670858091272439
      vertex 0.049759236333609846 0.00095610977349970094 0.0048066884231225447
    endloop
  endfacet
  facet normal 0.98907323071537623 0.014450181453170872 0.14671515442590918
    outer loop
      vertex 0.049759236333609846 0.00095610977349970094 0.0048066884231225447
      vertex 0.049039264020161524 0.0019030116872178317 0.0095670858091272439
      vertex 0.049039264020161524 5.9729184600419476e-19 0.0097545161008064131
    endloop
  endfacet
  facet normal 0.98907323071537634 0.014450181453170835 0.14671515442590918
    outer loop
      vertex 0.049759236333609846 0.00095610977349970094 0.0048066884231225447
      vertex 0.049039264020161524 5.9729184600419476e-19 0.0097545161008064131
      vertex 0.049759236333609846 3.0009094291543337e-19 0.0049008570164780305
    endloop
  endfacet
  facet normal 0.98907323071537623 -0.014450181453170872 0.14671515442590916
    outer loop
      vertex 0.049759236333609846 3.0009094291543337e-19 0.0049008570164780305
      vertex 0.049039264020161524 5.9729184600419476e-19 0.0097545161008064131
      vertex 0.049039264020161524 -0.0019030116872178304 0.0095670858091272439
    endloop
  endfacet
  facet normal 0.98907323071537634 -0.014450181453170839 0.14671515442590921
    outer loop
      vertex 0.049759236333609846 3.0009094291543337e-19 0.0049008570164780305
      vertex 0.049039264020161524 -0.0019030116872178304 0.0095670858091272439
      vertex 0.049759236333609846 -0.00095610977349970029 0.0048066884231225447
    endloop
  endfacet
  facet normal 0.98907323071537623 -0.042795231990022393 0.141076973320128
    outer loop
      vertex 0.049759236333609846 -0.00095610977349970029 0.0048066884231225447
      vertex 0.049039264020161524 -0.0019030116872178304 0.0095670858091272439
      vertex 0.049039264020161524 -0.0037328917025171299 0.0090119977750868479
    endloop
  endfacet
  facet normal 0.98907323071537634 -0.042795231990022428 0.141076973320128
    outer loop
      vertex 0.049759236333609846 -0.00095610977349970029 0.0048066884231225447
      vertex 0.049039264020161524 -0.0037328917025171299 0.0090119977750868479
      vertex 0.049759236333609846 -0.0018754767845963458 0.0045278014892883821
    endloop
  endfacet
  facet normal 0.98907323071537645 -0.06949568576133977 0.1300172832465325
    outer loop
      vertex 0.049759236333609846 -0.0018754767845963458 0.0045278014892883821
      vertex 0.049039264020161524 -0.0037328917025171299 0.0090119977750868479
      vertex 0.049039264020161524 -0.0054193187831184783 0.0081105837205364458
    endloop
  endfacet
  facet normal 0.98907323071537634 -0.069495685761339729 0.1300172832465325
    outer loop
      vertex 0.049759236333609846 -0.0018754767845963458 0.0045278014892883821
      vertex 0.049039264020161524 -0.0054193187831184783 0.0081105837205364458
      vertex 0.049759236333609846 -0.0027227702746404508 0.0040749136834411981
    endloop
  endfacet
  facet normal 0.98907323071537645 -0.0935254593024787 0.11396110189230507
    outer loop
      vertex 0.049759236333609846 -0.0027227702746404508 0.0040749136834411981
      vertex 0.049039264020161524 -0.0054193187831184783 0.0081105837205364458
      vertex 0.049039264020161524 -0.0068974844820735744 0.0068974844820735752
    endloop
  endfacet
  facet normal 0.98907323071537634 -0.093525459302478728 0.11396110189230506
    outer loop
      vertex 0.049759236333609846 -0.0027227702746404508 0.0040749136834411981
      vertex 0.049039264020161524 -0.0068974844820735744 0.0068974844820735752
      vertex 0.049759236333609846 -0.0034654292299772867 0.0034654292299772871
    endloop
  endfacet
  facet normal 0.98907323071537645 -0.11396110189230504 0.093525459302478756
    outer loop
      vertex 0.049759236333609846 -0.0034654292299772867 0.0034654292299772871
      vertex 0.049039264020161524 -0.0068974844820735744 0.0068974844820735752
      vertex 0.049039264020161524 -0.0081105837205364441 0.00541931878311848
    endloop
  endfacet
  facet normal 0.98907323071537634 -0.11396110189230506 0.093525459302478714
    outer loop
      vertex 0.049759236333609846 -0.0034654292299772867 0.0034654292299772871
      vertex 0.049039264020161524 -0.0081105837205364441 0.00541931878311848
      vertex 0.049759236333609846 -0.0040749136834411972 0.0027227702746404517
    endloop
  endfacet
  facet normal 0.98907323071537623 -0.13001728324653242 0.06949568576133984
    outer loop
      vertex 0.049759236333609846 -0.0040749136834411972 0.0027227702746404517
      vertex 0.049039264020161524 -0.0081105837205364441 0.00541931878311848
      vertex 0.049039264020161524 -0.0090119977750868479 0.0037328917025171312
    endloop
  endfacet
  facet normal 0.98907323071537634 -0.13001728324653244 0.069495685761339826
    outer loop
      vertex 0.049759236333609846 -0.0040749136834411972 0.0027227702746404517
      vertex 0.049039264020161524 -0.0090119977750868479 0.0037328917025171312
      vertex 0.049759236333609846 -0.0045278014892883821 0.0018754767845963467
    endloop
  endfacet
  facet normal 0.98907323071537623 -0.14107697332012795 0.042795231990022449
    outer loop
      vertex 0.049759236333609846 -0.0045278014892883821 0.0018754767845963467
      vertex 0.049039264020161524 -0.0090119977750868479 0.0037328917025171312
      vertex 0.049039264020161524 -0.0095670858091272439 0.0019030116872178343
    endloop
  endfacet
  facet normal 0.98907323071537634 -0.14107697332012795 0.042795231990022463
    outer loop
      vertex 0.049759236333609846 -0.0045278014892883821 0.0018754767845963467
      vertex 0.049039264020161524 -0.0095670858091272439 0.0019030116872178343
      vertex 0.049759236333609846 -0.0048066884231225447 0.00095610977349970224
    endloop
  endfacet
  facet normal 0.98907323071537623 -0.14671515442590918 0.014450181453170856
    outer loop
      vertex 0.049759236333609846 -0.0048066884231225447 0.00095610977349970224
      vertex 0.049039264020161524 -0.0095670858091272439 0.0019030116872178343
      vertex 0.049039264020161524 -0.0097545161008064131 1.1945836920083895e-18
    endloop
  endfacet
  facet normal 0.98907323071537634 -0.14671515442590916 0.01445018145317082
    outer loop
      vertex 0.049759236333609846 -0.0048066884231225447 0.00095610977349970224
      vertex 0.049039264020161524 -0.0097545161008064131 1.1945836920083895e-18
      vertex 0.049759236333609846 -0.0049008570164780305 6.0018188583086675e-19
    endloop
  endfacet
  facet normal 0.98907323071537623 -0.14671515442590918 -0.014450181453170856
    outer loop
      vertex 0.049759236333609846 -0.0049008570164780305 6.0018188583086675e-19
      vertex 0.049039264020161524 -0.0097545161008064131 1.1945836920083895e-18
      vertex 0.049039264020161524 -0.0095670858091272439 -0.0019030116872178319
    endloop
  endfacet
  facet normal 0.98907323071537634 -0.14671515442590921 -0.014450181453170823
    outer loop
      vertex 0.049759236333609846 -0.0049008570164780305 6.0018188583086675e-19
      vertex 0.049039264020161524 -0.0095670858091272439 -0.0019030116872178319
      vertex 0.049759236333609846 -0.0048066884231225447 -0.00095610977349970105
    endloop
  endfacet
  facet normal 0.98907323071537645 -0.14107697332012806 -0.042795231990022331
    outer loop
      vertex 0.049759236333609846 -0.0048066884231225447 -0.00095610977349970105
      vertex 0.049039264020161524 -0.0095670858091272439 -0.0019030116872178319
      vertex 0.049039264020161524 -0.0090119977750868496 -0.003732891702517129
    endloop
  endfacet
  facet normal 0.98907323071537634 -0.141076973320128 -0.042795231990022338
    outer loop
      vertex 0.049759236333609846 -0.0048066884231225447 -0.00095610977349970105
      vertex 0.049039264020161524 -0.0090119977750868496 -0.003732891702517129
      vertex 0.049759236333609846 -0.0045278014892883829 -0.0018754767845963456
    endloop
  endfacet
  facet normal 0.98907323071537645 -0.13001728324653244 -0.069495685761339826
    outer loop
      vertex 0.049759236333609846 -0.0045278014892883829 -0.0018754767845963456
      vertex 0.049039264020161524 -0.0090119977750868496 -0.003732891702517129
      vertex 0.049039264020161524 -0.0081105837205364458 -0.0054193187831184783
    endloop
  endfacet
  facet normal 0.98907323071537634 -0.13001728324653247 -0.069495685761339812
    outer loop
      vertex 0.049759236333609846 -0.0045278014892883829 -0.0018754767845963456
      vertex 0.049039264020161524 -0.0081105837205364458 -0.0054193187831184783
      vertex 0.049759236333609846 -0.0040749136834411981 -0.0027227702746404508
    endloop
  endfacet
  facet normal 0.98907323071537645 -0.11396110189230511 -0.093525459302478645
    outer loop
      vertex 0.049759236333609846 -0.0040749136834411981 -0.0027227702746404508
      vertex 0.049039264020161524 -0.0081105837205364458 -0.0054193187831184783
      vertex 0.049039264020161524 -0.006897484482073577 -0.0068974844820735744
    endloop
  endfacet
  facet normal 0.98907323071537634 -0.11396110189230507 -0.093525459302478686
    outer loop
      vertex 0.049759236333609846 -0.0040749136834411981 -0.0027227702746404508
      vertex 0.049039264020161524 -0.006897484482073577 -0.0068974844820735744
      vertex 0.049759236333609846 -0.0034654292299772876 -0.0034654292299772867
    endloop
  endfacet
  facet normal 0.98907323071537623 -0.093525459302478686 -0.1139611018923051
    outer loop
      vertex 0.049759236333609846 -0.0034654292299772876 -0.0034654292299772867
      vertex 0.049039264020161524 -0.006897484482073577 -0.0068974844820735744
      vertex 0.049039264020161524 -0.00541931878311848 -0.0081105837205364441
    endloop
  endfacet
  facet normal 0.98907323071537634 -0.093525459302478575 -0.11396110189230511
    outer loop
      vertex 0.049759236333609846 -0.0034654292299772876 -0.0034654292299772867
      vertex 0.049039264020161524 -0.00541931878311848 -0.0081105837205364441
      vertex 0.049759236333609846 -0.0027227702746404517 -0.0040749136834411963
    endloop
  endfacet
  facet normal 0.98907323071537634 -0.069495685761339868 -0.13001728324653239
    outer loop
      vertex 0.049759236333609846 -0.0027227702746404517 -0.0040749136834411963
      vertex 0.049039264020161524 -0.00541931878311848 -0.0081105837205364441
      vertex 0.049039264020161524 -0.0037328917025171355 -0.0090119977750868462
    endloop
  endfacet
  facet normal 0.98907323071537634 -0.069495685761339965 -0.13001728324653239
    outer loop
      vertex 0.049759236333609846 -0.0027227702746404517 -0.0040749136834411963
      vertex 0.049039264020161524 -0.0037328917025171355 -0.0090119977750868462
      vertex 0.049759236333609846 -0.0018754767845963489 -0.0045278014892883812
    endloop
  endfacet
  facet normal 0.98907323071537623 -0.042795231990022373 -0.141076973320128
    outer loop
      vertex 0.049759236333609846 -0.0018754767845963489 -0.0045278014892883812
      vertex 0.049039264020161524 -0.0037328917025171355 -0.0090119977750868462
      vertex 0.049039264020161524 -0.001903011687217835 -0.0095670858091272421
    endloop
  endfacet
  facet normal 0.98907323071537634 -0.042795231990022393 -0.14107697332012803
    outer loop
      vertex 0.049759236333609846 -0.0018754767845963489 -0.0045278014892883812
      vertex 0.049039264020161524 -0.001903011687217835 -0.0095670858091272421
      vertex 0.049759236333609846 -0.00095610977349970257 -0.0048066884231225439
    endloop
  endfacet
  facet normal 0.98907323071537623 -0.014450181453170993 -0.14671515442590918
    outer loop
      vertex 0.049759236333609846 -0.00095610977349970257 -0.0048066884231225439
      vertex 0.049039264020161524 -0.001903011687217835 -0.0095670858091272421
      vertex 0.049039264020161524 -1.791875538012584e-18 -0.0097545161008064131
    endloop
  endfacet
  facet normal 0.98907323071537634 -0.01445018145317095 -0.14671515442590916
    outer loop
      vertex 0.049759236333609846 -0.00095610977349970257 -0.0048066884231225439
      vertex 0.049039264020161524 -1.791875538012584e-18 -0.0097545161008064131
      vertex 0.049759236333609846 -9.0027282874630012e-19 -0.0049008570164780305
    endloop
  endfacet
  facet normal 0.98907323071537623 0.014450181453170856 -0.14671515442590918
    outer loop
      vertex 0.049759236333609846 -9.0027282874630012e-19 -0.0049008570164780305
      vertex 0.049039264020161524 -1.791875538012584e-18 -0.0097545161008064131
      vertex 0.049039264020161524 0.0019030116872178315 -0.0095670858091272439
    endloop
  endfacet
  facet normal 0.98907323071537634 0.014450181453170823 -0.14671515442590921
    outer loop
      vertex 0.049759236333609846 -9.0027282874630012e-19 -0.0049008570164780305
      vertex 0.049039264020161524 0.0019030116872178315 -0.0095670858091272439
      vertex 0.049759236333609846 0.00095610977349970083 -0.0048066884231225447
    endloop
  endfacet
  facet normal 0.98907323071537623 0.042795231990022373 -0.14107697332012803
    outer loop
      vertex 0.049759236333609846 0.00095610977349970083 -0.0048066884231225447
      vertex 0.049039264020161524 0.0019030116872178315 -0.0095670858091272439
      vertex 0.049039264020161524 0.0037328917025171325 -0.0090119977750868479
    endloop
  endfacet
  facet normal 0.98907323071537634 0.042795231990022387 -0.141076973320128
    outer loop
      vertex 0.049759236333609846 0.00095610977349970083 -0.0048066884231225447
      vertex 0.049039264020161524 0.0037328917025171325 -0.0090119977750868479
      vertex 0.049759236333609846 0.0018754767845963471 -0.0045278014892883821
    endloop
  endfacet
  facet normal 0.98907323071537634 0.069495685761339895 -0.13001728324653242
    outer loop
      vertex 0.049759236333609846 0.0018754767845963471 -0.0045278014892883821
      vertex 0.049039264020161524 0.0037328917025171325 -0.0090119977750868479
      vertex 0.049039264020161524 0.0054193187831184765 -0.0081105837205364458
    endloop
  endfacet
  facet normal 0.98907323071537634 0.069495685761339868 -0.13001728324653244
    outer loop
      vertex 0.049759236333609846 0.0018754767845963471 -0.0045278014892883821
      vertex 0.049039264020161524 0.0054193187831184765 -0.0081105837205364458
      vertex 0.049759236333609846 0.0027227702746404499 -0.0040749136834411981
    endloop
  endfacet
  facet normal 0.98907323071537623 0.093525459302478617 -0.11396110189230516
    outer loop
      vertex 0.049759236333609846 0.0027227702746404499 -0.0040749136834411981
      vertex 0.049039264020161524 0.0054193187831184765 -0.0081105837205364458
      vertex 0.049039264020161524 0.0068974844820735735 -0.006897484482073577
    endloop
  endfacet
  facet normal 0.98907323071537634 0.093525459302478686 -0.11396110189230507
    outer loop
      vertex 0.049759236333609846 0.0027227702746404499 -0.0040749136834411981
      vertex 0.049039264020161524 0.0068974844820735735 -0.006897484482073577
      vertex 0.049759236333609846 0.0034654292299772858 -0.0034654292299772876
    endloop
  endfacet
  facet normal 0.98907323071537623 0.1139611018923051 -0.093525459302478686
    outer loop
      vertex 0.049759236333609846 0.0034654292299772858 -0.0034654292299772876
      vertex 0.049039264020161524 0.0068974844820735735 -0.006897484482073577
      vertex 0.049039264020161524 0.0081105837205364441 -0.00541931878311848
    endloop
  endfacet
  facet normal 0.98907323071537634 0.11396110189230507 -0.093525459302478686
    outer loop
      vertex 0.049759236333609846 0.0034654292299772858 -0.0034654292299772876
      vertex 0.049039264020161524 0.0081105837205364441 -0.00541931878311848
      vertex 0.049759236333609846 0.0040749136834411963 -0.0027227702746404517
    endloop
  endfacet
  facet normal 0.98907323071537634 0.13001728324653239 -0.069495685761339895
    outer loop
      vertex 0.049759236333609846 0.0040749136834411963 -0.0027227702746404517
      vertex 0.049039264020161524 0.0081105837205364441 -0.00541931878311848
      vertex 0.049039264020161524 0.0090119977750868462 -0.0037328917025171364
    endloop
  endfacet
  facet normal 0.98907323071537634 0.13001728324653236 -0.069495685761339979
    outer loop
      vertex 0.049759236333609846 0.0040749136834411963 -0.0027227702746404517
      vertex 0.049039264020161524 0.0090119977750868462 -0.0037328917025171364
      vertex 0.049759236333609846 0.0045278014892883812 -0.0018754767845963491
    endloop
  endfacet
  facet normal 0.98907323071537623 0.141076973320128 -0.042795231990022366
    outer loop
      vertex 0.049759236333609846 0.0045278014892883812 -0.0018754767845963491
      vertex 0.049039264020161524 0.0090119977750868462 -0.0037328917025171364
      vertex 0.049039264020161524 0.0095670858091272421 -0.0019030116872178354
    endloop
  endfacet
  facet normal 0.98907323071537634 0.14107697332012803 -0.042795231990022393
    outer loop
      vertex 0.049759236333609846 0.0045278014892883812 -0.0018754767845963491
      vertex 0.049039264020161524 0.0095670858091272421 -0.0019030116872178354
      vertex 0.049759236333609846 0.0048066884231225439 -0.00095610977349970278
    endloop
  endfacet
  facet normal 0.98907323071537623 0.14671515442590916 -0.014450181453170978
    outer loop
      vertex 0.049759236333609846 0.0048066884231225439 -0.00095610977349970278
      vertex 0.049039264020161524 0.0095670858091272421 -0.0019030116872178354
      vertex 0.049039264020161524 0.0097545161008064131 0
    endloop
  endfacet
  facet normal 0.98907323071537634 0.14671515442590918 -0.014450181453170934
    outer loop
      vertex 0.049759236333609846 0.0048066884231225439 -0.00095610977349970278
      vertex 0.049039264020161524 0.0097545161008064131 0
      vertex 0.049759236333609846 0.0049008570164780305 0
    endloop
  endfacet
  facet normal 0.96975359686085505 0.24291063061226084 0.023924608899375293
    outer loop
      vertex 0.049039264020161524 0.0097545161008064131 0
      vertex 0.047847016786610443 0.014514233862723117 0
      vertex 0.047847016786610443 0.014235346928888955 0.0028315865580960456
    endloop
  endfacet
  facet normal 0.96975359686085494 0.24291063061226081 0.023924608899375335
    outer loop
      vertex 0.049039264020161524 0.0097545161008064131 0
      vertex 0.047847016786610443 0.014235346928888955 0.0028315865580960456
      vertex 0.049039264020161524 0.0095670858091272439 0.0019030116872178308
    endloop
  endfacet
  facet normal 0.96975359686085505 0.23357571130368268 0.070854417395198294
    outer loop
      vertex 0.049039264020161524 0.0095670858091272439 0.0019030116872178308
      vertex 0.047847016786610443 0.014235346928888955 0.0028315865580960456
      vertex 0.047847016786610443 0.01340940359585212 0.0055543568327364977
    endloop
  endfacet
  facet normal 0.96975359686085494 0.23357571130368271 0.070854417395198252
    outer loop
      vertex 0.049039264020161524 0.0095670858091272439 0.0019030116872178308
      vertex 0.047847016786610443 0.01340940359585212 0.0055543568327364977
      vertex 0.049039264020161524 0.0090119977750868479 0.0037328917025171303
    endloop
  endfacet
  facet normal 0.96975359686085494 0.21526460840047215 0.11506133036613861
    outer loop
      vertex 0.049039264020161524 0.0090119977750868479 0.0037328917025171303
      vertex 0.047847016786610443 0.01340940359585212 0.0055543568327364977
      vertex 0.047847016786610443 0.012068144402706864 0.008063676289214082
    endloop
  endfacet
  facet normal 0.96975359686085494 0.21526460840047212 0.11506133036613858
    outer loop
      vertex 0.049039264020161524 0.0090119977750868479 0.0037328917025171303
      vertex 0.047847016786610443 0.012068144402706864 0.008063676289214082
      vertex 0.049039264020161524 0.0081105837205364441 0.00541931878311848
    endloop
  endfacet
  facet normal 0.96975359686085505 0.18868100731821452 0.1548465009382459
    outer loop
      vertex 0.049039264020161524 0.0081105837205364441 0.00541931878311848
      vertex 0.047847016786610443 0.012068144402706864 0.008063676289214082
      vertex 0.047847016786610443 0.010263113188058934 0.010263113188058932
    endloop
  endfacet
  facet normal 0.96975359686085494 0.18868100731821449 0.15484650093824592
    outer loop
      vertex 0.049039264020161524 0.0081105837205364441 0.00541931878311848
      vertex 0.047847016786610443 0.010263113188058934 0.010263113188058932
      vertex 0.049039264020161524 0.0068974844820735752 0.0068974844820735744
    endloop
  endfacet
  facet normal 0.96975359686085505 0.15484650093824592 0.18868100731821444
    outer loop
      vertex 0.049039264020161524 0.0068974844820735752 0.0068974844820735744
      vertex 0.047847016786610443 0.010263113188058934 0.010263113188058932
      vertex 0.047847016786610443 0.0080636762892140838 0.012068144402706864
    endloop
  endfacet
  facet normal 0.96975359686085494 0.15484650093824601 0.18868100731821444
    outer loop
      vertex 0.049039264020161524 0.0068974844820735752 0.0068974844820735744
      vertex 0.047847016786610443 0.0080636762892140838 0.012068144402706864
      vertex 0.049039264020161524 0.0054193187831184809 0.0081105837205364441
    endloop
  endfacet
  facet normal 0.96975359686085505 0.11506133036613859 0.21526460840047215
    outer loop
      vertex 0.049039264020161524 0.0054193187831184809 0.0081105837205364441
      vertex 0.047847016786610443 0.0080636762892140838 0.012068144402706864
      vertex 0.047847016786610443 0.0055543568327364986 0.01340940359585212
    endloop
  endfacet
  facet normal 0.96975359686085516 0.11506133036613858 0.21526460840047221
    outer loop
      vertex 0.049039264020161524 0.0054193187831184809 0.0081105837205364441
      vertex 0.047847016786610443 0.0055543568327364986 0.01340940359585212
      vertex 0.049039264020161524 0.0037328917025171307 0.0090119977750868479
    endloop
  endfacet
  facet normal 0.96975359686085505 0.070854417395198294 0.23357571130368268
    outer loop
      vertex 0.049039264020161524 0.0037328917025171307 0.0090119977750868479
      vertex 0.047847016786610443 0.0055543568327364986 0.01340940359585212
      vertex 0.047847016786610443 0.0028315865580960469 0.014235346928888955
    endloop
  endfacet
  facet normal 0.96975359686085494 0.070854417395198266 0.23357571130368271
    outer loop
      vertex 0.049039264020161524 0.0037328917025171307 0.0090119977750868479
      vertex 0.047847016786610443 0.0028315865580960469 0.014235346928888955
      vertex 0.049039264020161524 0.0019030116872178317 0.0095670858091272439
    endloop
  endfacet
  facet normal 0.96975359686085505 0.02392460889937529 0.24291063061226081
    outer loop
      vertex 0.049039264020161524 0.0019030116872178317 0.0095670858091272439
      vertex 0.047847016786610443 0.0028315865580960469 0.014235346928888955
      vertex 0.047847016786610443 8.8874050210299937e-19 0.014514233862723117
    endloop
  endfacet
  facet normal 0.96975359686085494 0.023924608899375331 0.24291063061226081
    outer loop
      vertex 0.049039264020161524 0.0019030116872178317 0.0095670858091272439
      vertex 0.047847016786610443 8.8874050210299937e-19 0.014514233862723117
      vertex 0.049039264020161524 5.9729184600419476e-19 0.0097545161008064131
    endloop
  endfacet
  facet normal 0.96975359686085505 -0.023924608899375293 0.24291063061226084
    outer loop
      vertex 0.049039264020161524 5.9729184600419476e-19 0.0097545161008064131
      vertex 0.047847016786610443 8.8874050210299937e-19 0.014514233862723117
      vertex 0.047847016786610443 -0.0028315865580960452 0.014235346928888955
    endloop
  endfacet
  facet normal 0.96975359686085494 -0.023924608899375331 0.24291063061226081
    outer loop
      vertex 0.049039264020161524 5.9729184600419476e-19 0.0097545161008064131
      vertex 0.047847016786610443 -0.0028315865580960452 0.014235346928888955
      vertex 0.049039264020161524 -0.0019030116872178304 0.0095670858091272439
    endloop
  endfacet
  facet normal 0.96975359686085494 -0.070854417395198294 0.23357571130368271
    outer loop
      vertex 0.049039264020161524 -0.0019030116872178304 0.0095670858091272439
      vertex 0.047847016786610443 -0.0028315865580960452 0.014235346928888955
      vertex 0.047847016786610443 -0.0055543568327364968 0.01340940359585212
    endloop
  endfacet
  facet normal 0.96975359686085494 -0.070854417395198266 0.23357571130368276
    outer loop
      vertex 0.049039264020161524 -0.0019030116872178304 0.0095670858091272439
      vertex 0.047847016786610443 -0.0055543568327364968 0.01340940359585212
      vertex 0.049039264020161524 -0.0037328917025171299 0.0090119977750868479
    endloop
  endfacet
  facet normal 0.96975359686085494 -0.11506133036613848 0.21526460840047215
    outer loop
      vertex 0.049039264020161524 -0.0037328917025171299 0.0090119977750868479
      vertex 0.047847016786610443 -0.0055543568327364968 0.01340940359585212
      vertex 0.047847016786610443 -0.0080636762892140786 0.012068144402706867
    endloop
  endfacet
  facet normal 0.96975359686085494 -0.11506133036613846 0.21526460840047218
    outer loop
      vertex 0.049039264020161524 -0.0037328917025171299 0.0090119977750868479
      vertex 0.047847016786610443 -0.0080636762892140786 0.012068144402706867
      vertex 0.049039264020161524 -0.0054193187831184783 0.0081105837205364458
    endloop
  endfacet
  facet normal 0.96975359686085505 -0.15484650093824598 0.18868100731821452
    outer loop
      vertex 0.049039264020161524 -0.0054193187831184783 0.0081105837205364458
      vertex 0.047847016786610443 -0.0080636762892140786 0.012068144402706867
      vertex 0.047847016786610443 -0.010263113188058932 0.010263113188058934
    endloop
  endfacet
  facet normal 0.96975359686085505 -0.15484650093824595 0.18868100731821447
    outer loop
      vertex 0.049039264020161524 -0.0054193187831184783 0.0081105837205364458
      vertex 0.047847016786610443 -0.010263113188058932 0.010263113188058934
      vertex 0.049039264020161524 -0.0068974844820735744 0.0068974844820735752
    endloop
  endfacet
  facet normal 0.96975359686085505 -0.18868100731821447 0.15484650093824601
    outer loop
      vertex 0.049039264020161524 -0.0068974844820735744 0.0068974844820735752
      vertex 0.047847016786610443 -0.010263113188058932 0.010263113188058934
      vertex 0.047847016786610443 -0.012068144402706866 0.008063676289214082
    endloop
  endfacet
  facet normal 0.96975359686085505 -0.18868100731821447 0.15484650093824592
    outer loop
      vertex 0.049039264020161524 -0.0068974844820735744 0.0068974844820735752
      vertex 0.047847016786610443 -0.012068144402706866 0.008063676289214082
      vertex 0.049039264020161524 -0.0081105837205364441 0.00541931878311848
    endloop
  endfacet
  facet normal 0.96975359686085505 -0.21526460840047212 0.11506133036613851
    outer loop
      vertex 0.049039264020161524 -0.0081105837205364441 0.00541931878311848
      vertex 0.047847016786610443 -0.012068144402706866 0.008063676289214082
      vertex 0.047847016786610443 -0.01340940359585212 0.0055543568327364994
    endloop
  endfacet
  facet normal 0.96975359686085494 -0.21526460840047212 0.11506133036613862
    outer loop
      vertex 0.049039264020161524 -0.0081105837205364441 0.00541931878311848
      vertex 0.047847016786610443 -0.01340940359585212 0.0055543568327364994
      vertex 0.049039264020161524 -0.0090119977750868479 0.0037328917025171312
    endloop
  endfacet
  facet normal 0.96975359686085494 -0.23357571130368265 0.070854417395198363
    outer loop
      vertex 0.049039264020161524 -0.0090119977750868479 0.0037328917025171312
      vertex 0.047847016786610443 -0.01340940359585212 0.0055543568327364994
      vertex 0.047847016786610443 -0.014235346928888955 0.0028315865580960508
    endloop
  endfacet
  facet normal 0.96975359686085494 -0.23357571130368268 0.070854417395198349
    outer loop
      vertex 0.049039264020161524 -0.0090119977750868479 0.0037328917025171312
      vertex 0.047847016786610443 -0.014235346928888955 0.0028315865580960508
      vertex 0.049039264020161524 -0.0095670858091272439 0.0019030116872178343
    endloop
  endfacet
  facet normal 0.96975359686085505 -0.24291063061226081 0.023924608899375265
    outer loop
      vertex 0.049039264020161524 -0.0095670858091272439 0.0019030116872178343
      vertex 0.047847016786610443 -0.014235346928888955 0.0028315865580960508
      vertex 0.047847016786610443 -0.014514233862723117 1.7774810042059987e-18
    endloop
  endfacet
  facet normal 0.96975359686085505 -0.24291063061226087 0.02392460889937531
    outer loop
      vertex 0.049039264020161524 -0.0095670858091272439 0.0019030116872178343
      vertex 0.047847016786610443 -0.014514233862723117 1.7774810042059987e-18
      vertex 0.049039264020161524 -0.0097545161008064131 1.1945836920083895e-18
    endloop
  endfacet
  facet normal 0.96975359686085505 -0.2429106306122609 -0.023924608899375265
    outer loop
      vertex 0.049039264020161524 -0.0097545161008064131 1.1945836920083895e-18
      vertex 0.047847016786610443 -0.014514233862723117 1.7774810042059987e-18
      vertex 0.047847016786610443 -0.014235346928888955 -0.0028315865580960473
    endloop
  endfacet
  facet normal 0.96975359686085505 -0.24291063061226079 -0.0239246088993753
    outer loop
      vertex 0.049039264020161524 -0.0097545161008064131 1.1945836920083895e-18
      vertex 0.047847016786610443 -0.014235346928888955 -0.0028315865580960473
      vertex 0.049039264020161524 -0.0095670858091272439 -0.0019030116872178319
    endloop
  endfacet
  facet normal 0.96975359686085494 -0.23357571130368274 -0.070854417395198196
    outer loop
      vertex 0.049039264020161524 -0.0095670858091272439 -0.0019030116872178319
      vertex 0.047847016786610443 -0.014235346928888955 -0.0028315865580960473
      vertex 0.047847016786610443 -0.013409403595852121 -0.005554356832736496
    endloop
  endfacet
  facet normal 0.96975359686085516 -0.23357571130368279 -0.070854417395198141
    outer loop
      vertex 0.049039264020161524 -0.0095670858091272439 -0.0019030116872178319
      vertex 0.047847016786610443 -0.013409403595852121 -0.005554356832736496
      vertex 0.049039264020161524 -0.0090119977750868496 -0.003732891702517129
    endloop
  endfacet
  facet normal 0.96975359686085494 -0.21526460840047218 -0.11506133036613855
    outer loop
      vertex 0.049039264020161524 -0.0090119977750868496 -0.003732891702517129
      vertex 0.047847016786610443 -0.013409403595852121 -0.005554356832736496
      vertex 0.047847016786610443 -0.012068144402706867 -0.0080636762892140786
    endloop
  endfacet
  facet normal 0.96975359686085494 -0.21526460840047212 -0.11506133036613859
    outer loop
      vertex 0.049039264020161524 -0.0090119977750868496 -0.003732891702517129
      vertex 0.047847016786610443 -0.012068144402706867 -0.0080636762892140786
      vertex 0.049039264020161524 -0.0081105837205364458 -0.0054193187831184783
    endloop
  endfacet
  facet normal 0.96975359686085505 -0.18868100731821461 -0.1548465009382459
    outer loop
      vertex 0.049039264020161524 -0.0081105837205364458 -0.0054193187831184783
      vertex 0.047847016786610443 -0.012068144402706867 -0.0080636762892140786
      vertex 0.047847016786610443 -0.010263113188058936 -0.010263113188058932
    endloop
  endfacet
  facet normal 0.96975359686085505 -0.18868100731821461 -0.15484650093824584
    outer loop
      vertex 0.049039264020161524 -0.0081105837205364458 -0.0054193187831184783
      vertex 0.047847016786610443 -0.010263113188058936 -0.010263113188058932
      vertex 0.049039264020161524 -0.006897484482073577 -0.0068974844820735744
    endloop
  endfacet
  facet normal 0.96975359686085505 -0.15484650093824578 -0.18868100731821458
    outer loop
      vertex 0.049039264020161524 -0.006897484482073577 -0.0068974844820735744
      vertex 0.047847016786610443 -0.010263113188058936 -0.010263113188058932
      vertex 0.047847016786610443 -0.008063676289214082 -0.012068144402706864
    endloop
  endfacet
  facet normal 0.96975359686085505 -0.15484650093824584 -0.18868100731821455
    outer loop
      vertex 0.049039264020161524 -0.006897484482073577 -0.0068974844820735744
      vertex 0.047847016786610443 -0.008063676289214082 -0.012068144402706864
      vertex 0.049039264020161524 -0.00541931878311848 -0.0081105837205364441
    endloop
  endfacet
  facet normal 0.96975359686085505 -0.1150613303661388 -0.21526460840047204
    outer loop
      vertex 0.049039264020161524 -0.00541931878311848 -0.0081105837205364441
      vertex 0.047847016786610443 -0.008063676289214082 -0.012068144402706864
      vertex 0.047847016786610443 -0.0055543568327365055 -0.013409403595852118
    endloop
  endfacet
  facet normal 0.96975359686085505 -0.11506133036613866 -0.21526460840047207
    outer loop
      vertex 0.049039264020161524 -0.00541931878311848 -0.0081105837205364441
      vertex 0.047847016786610443 -0.0055543568327365055 -0.013409403595852118
      vertex 0.049039264020161524 -0.0037328917025171355 -0.0090119977750868462
    endloop
  endfacet
  facet normal 0.96975359686085494 -0.070854417395198224 -0.23357571130368268
    outer loop
      vertex 0.049039264020161524 -0.0037328917025171355 -0.0090119977750868462
      vertex 0.047847016786610443 -0.0055543568327365055 -0.013409403595852118
      vertex 0.047847016786610443 -0.0028315865580960517 -0.014235346928888953
    endloop
  endfacet
  facet normal 0.96975359686085505 -0.070854417395198196 -0.23357571130368268
    outer loop
      vertex 0.049039264020161524 -0.0037328917025171355 -0.0090119977750868462
      vertex 0.047847016786610443 -0.0028315865580960517 -0.014235346928888953
      vertex 0.049039264020161524 -0.001903011687217835 -0.0095670858091272421
    endloop
  endfacet
  facet normal 0.96975359686085505 -0.023924608899375442 -0.24291063061226081
    outer loop
      vertex 0.049039264020161524 -0.001903011687217835 -0.0095670858091272421
      vertex 0.047847016786610443 -0.0028315865580960517 -0.014235346928888953
      vertex 0.047847016786610443 -2.6662215063089983e-18 -0.014514233862723117
    endloop
  endfacet
  facet normal 0.96975359686085505 -0.023924608899375529 -0.24291063061226087
    outer loop
      vertex 0.049039264020161524 -0.001903011687217835 -0.0095670858091272421
      vertex 0.047847016786610443 -2.6662215063089983e-18 -0.014514233862723117
      vertex 0.049039264020161524 -1.791875538012584e-18 -0.0097545161008064131
    endloop
  endfacet
  facet normal 0.96975359686085505 0.023924608899375269 -0.2429106306122609
    outer loop
      vertex 0.049039264020161524 -1.791875538012584e-18 -0.0097545161008064131
      vertex 0.047847016786610443 -2.6662215063089983e-18 -0.014514233862723117
      vertex 0.047847016786610443 0.0028315865580960465 -0.014235346928888955
    endloop
  endfacet
  facet normal 0.96975359686085505 0.0239246088993753 -0.24291063061226079
    outer loop
      vertex 0.049039264020161524 -1.791875538012584e-18 -0.0097545161008064131
      vertex 0.047847016786610443 0.0028315865580960465 -0.014235346928888955
      vertex 0.049039264020161524 0.0019030116872178315 -0.0095670858091272439
    endloop
  endfacet
  facet normal 0.96975359686085505 0.070854417395198224 -0.23357571130368271
    outer loop
      vertex 0.049039264020161524 0.0019030116872178315 -0.0095670858091272439
      vertex 0.047847016786610443 0.0028315865580960465 -0.014235346928888955
      vertex 0.047847016786610443 0.0055543568327365012 -0.01340940359585212
    endloop
  endfacet
  facet normal 0.96975359686085505 0.070854417395198196 -0.23357571130368274
    outer loop
      vertex 0.049039264020161524 0.0019030116872178315 -0.0095670858091272439
      vertex 0.047847016786610443 0.0055543568327365012 -0.01340940359585212
      vertex 0.049039264020161524 0.0037328917025171325 -0.0090119977750868479
    endloop
  endfacet
  facet normal 0.96975359686085505 0.11506133036613871 -0.21526460840047207
    outer loop
      vertex 0.049039264020161524 0.0037328917025171325 -0.0090119977750868479
      vertex 0.047847016786610443 0.0055543568327365012 -0.01340940359585212
      vertex 0.047847016786610443 0.0080636762892140768 -0.012068144402706867
    endloop
  endfacet
  facet normal 0.96975359686085505 0.11506133036613871 -0.21526460840047207
    outer loop
      vertex 0.049039264020161524 0.0037328917025171325 -0.0090119977750868479
      vertex 0.047847016786610443 0.0080636762892140768 -0.012068144402706867
      vertex 0.049039264020161524 0.0054193187831184765 -0.0081105837205364458
    endloop
  endfacet
  facet normal 0.96975359686085505 0.1548465009382459 -0.18868100731821461
    outer loop
      vertex 0.049039264020161524 0.0054193187831184765 -0.0081105837205364458
      vertex 0.047847016786610443 0.0080636762892140768 -0.012068144402706867
      vertex 0.047847016786610443 0.01026311318805893 -0.010263113188058936
    endloop
  endfacet
  facet normal 0.96975359686085505 0.15484650093824578 -0.18868100731821463
    outer loop
      vertex 0.049039264020161524 0.0054193187831184765 -0.0081105837205364458
      vertex 0.047847016786610443 0.01026311318805893 -0.010263113188058936
      vertex 0.049039264020161524 0.0068974844820735735 -0.006897484482073577
    endloop
  endfacet
  facet normal 0.96975359686085505 0.18868100731821458 -0.15484650093824598
    outer loop
      vertex 0.049039264020161524 0.0068974844820735735 -0.006897484482073577
      vertex 0.047847016786610443 0.01026311318805893 -0.010263113188058936
      vertex 0.047847016786610443 0.012068144402706864 -0.008063676289214082
    endloop
  endfacet
  facet normal 0.96975359686085505 0.18868100731821449 -0.1548465009382459
    outer loop
      vertex 0.049039264020161524 0.0068974844820735735 -0.006897484482073577
      vertex 0.047847016786610443 0.012068144402706864 -0.008063676289214082
      vertex 0.049039264020161524 0.0081105837205364441 -0.00541931878311848
    endloop
  endfacet
  facet normal 0.96975359686085505 0.21526460840047204 -0.11506133036613883
    outer loop
      vertex 0.049039264020161524 0.0081105837205364441 -0.00541931878311848
      vertex 0.047847016786610443 0.012068144402706864 -0.008063676289214082
      vertex 0.047847016786610443 0.013409403595852118 -0.0055543568327365064
    endloop
  endfacet
  facet normal 0.96975359686085505 0.21526460840047201 -0.11506133036613871
    outer loop
      vertex 0.049039264020161524 0.0081105837205364441 -0.00541931878311848
      vertex 0.047847016786610443 0.013409403595852118 -0.0055543568327365064
      vertex 0.049039264020161524 0.0090119977750868462 -0.0037328917025171364
    endloop
  endfacet
  facet normal 0.96975359686085494 0.23357571130368268 -0.070854417395198224
    outer loop
      vertex 0.049039264020161524 0.0090119977750868462 -0.0037328917025171364
      vertex 0.047847016786610443 0.013409403595852118 -0.0055543568327365064
      vertex 0.047847016786610443 0.014235346928888953 -0.0028315865580960525
    endloop
  endfacet
  facet normal 0.96975359686085505 0.23357571130368268 -0.070854417395198196
    outer loop
      vertex 0.049039264020161524 0.0090119977750868462 -0.0037328917025171364
      vertex 0.047847016786610443 0.014235346928888953 -0.0028315865580960525
      vertex 0.049039264020161524 0.0095670858091272421 -0.0019030116872178354
    endloop
  endfacet
  facet normal 0.96975359686085494 0.24291063061226081 -0.023924608899375414
    outer loop
      vertex 0.049039264020161524 0.0095670858091272421 -0.0019030116872178354
      vertex 0.047847016786610443 0.014235346928888953 -0.0028315865580960525
      vertex 0.047847016786610443 0.014514233862723117 0
    endloop
  endfacet
  facet normal 0.96975359686085505 0.24291063061226084 -0.023924608899375501
    outer loop
      vertex 0.049039264020161524 0.0095670858091272421 -0.0019030116872178354
      vertex 0.047847016786610443 0.014514233862723117 0
      vertex 0.049039264020161524 0.0097545161008064131 0
    endloop
  endfacet
  facet normal 0.94102619042683988 0.33670455484153305 0.033162504123091713
    outer loop
      vertex 0.047847016786610443 0.014514233862723117 0
      vertex 0.046193976625564341 0.019134171618254491 0
      vertex 0.046193976625564341 0.018766513875893266 0.0037328917025171303
    endloop
  endfacet
  facet normal 0.94102619042683977 0.33670455484153289 0.033162504123091824
    outer loop
      vertex 0.047847016786610443 0.014514233862723117 0
      vertex 0.046193976625564341 0.018766513875893266 0.0037328917025171303
      vertex 0.047847016786610443 0.014235346928888955 0.0028315865580960456
    endloop
  endfacet
  facet normal 0.94102619042683988 0.32376518762506262 0.098213095933571692
    outer loop
      vertex 0.047847016786610443 0.014235346928888955 0.0028315865580960456
      vertex 0.046193976625564341 0.018766513875893266 0.0037328917025171303
      vertex 0.046193976625564341 0.017677669529663691 0.0073223304703363135
    endloop
  endfacet
  facet normal 0.94102619042683988 0.32376518762506251 0.098213095933571817
    outer loop
      vertex 0.047847016786610443 0.014235346928888955 0.0028315865580960456
      vertex 0.046193976625564341 0.017677669529663691 0.0073223304703363135
      vertex 0.047847016786610443 0.01340940359585212 0.0055543568327364977
    endloop
  endfacet
  facet normal 0.94102619042683988 0.29838370581777013 0.15948941354586321
    outer loop
      vertex 0.047847016786610443 0.01340940359585212 0.0055543568327364977
      vertex 0.046193976625564341 0.017677669529663691 0.0073223304703363135
      vertex 0.046193976625564341 0.015909482257160427 0.010630376184590706
    endloop
  endfacet
  facet normal 0.94102619042683977 0.29838370581777024 0.15948941354586313
    outer loop
      vertex 0.047847016786610443 0.01340940359585212 0.0055543568327364977
      vertex 0.046193976625564341 0.015909482257160427 0.010630376184590706
      vertex 0.047847016786610443 0.012068144402706864 0.008063676289214082
    endloop
  endfacet
  facet normal 0.94102619042683988 0.26153550553141081 0.21463664243828071
    outer loop
      vertex 0.047847016786610443 0.012068144402706864 0.008063676289214082
      vertex 0.046193976625564341 0.015909482257160427 0.010630376184590706
      vertex 0.046193976625564341 0.013529902503654927 0.013529902503654925
    endloop
  endfacet
  facet normal 0.94102619042683977 0.26153550553141086 0.21463664243828068
    outer loop
      vertex 0.047847016786610443 0.012068144402706864 0.008063676289214082
      vertex 0.046193976625564341 0.013529902503654927 0.013529902503654925
      vertex 0.047847016786610443 0.010263113188058934 0.010263113188058932
    endloop
  endfacet
  facet normal 0.94102619042683966 0.2146366424382809 0.26153550553141075
    outer loop
      vertex 0.047847016786610443 0.010263113188058934 0.010263113188058932
      vertex 0.046193976625564341 0.013529902503654927 0.013529902503654925
      vertex 0.046193976625564341 0.010630376184590708 0.015909482257160427
    endloop
  endfacet
  facet normal 0.94102619042683988 0.21463664243828079 0.26153550553141075
    outer loop
      vertex 0.047847016786610443 0.010263113188058934 0.010263113188058932
      vertex 0.046193976625564341 0.010630376184590708 0.015909482257160427
      vertex 0.047847016786610443 0.0080636762892140838 0.012068144402706864
    endloop
  endfacet
  facet normal 0.94102619042683988 0.15948941354586316 0.29838370581777013
    outer loop
      vertex 0.047847016786610443 0.0080636762892140838 0.012068144402706864
      vertex 0.046193976625564341 0.010630376184590708 0.015909482257160427
      vertex 0.046193976625564341 0.0073223304703363143 0.017677669529663691
    endloop
  endfacet
  facet normal 0.94102619042683977 0.15948941354586302 0.29838370581777013
    outer loop
      vertex 0.047847016786610443 0.0080636762892140838 0.012068144402706864
      vertex 0.046193976625564341 0.0073223304703363143 0.017677669529663691
      vertex 0.047847016786610443 0.0055543568327364986 0.01340940359585212
    endloop
  endfacet
  facet normal 0.94102619042683988 0.098213095933571692 0.32376518762506251
    outer loop
      vertex 0.047847016786610443 0.0055543568327364986 0.01340940359585212
      vertex 0.046193976625564341 0.0073223304703363143 0.017677669529663691
      vertex 0.046193976625564341 0.003732891702517132 0.018766513875893266
    endloop
  endfacet
  facet normal 0.94102619042683988 0.098213095933571859 0.32376518762506257
    outer loop
      vertex 0.047847016786610443 0.0055543568327364986 0.01340940359585212
      vertex 0.046193976625564341 0.003732891702517132 0.018766513875893266
      vertex 0.047847016786610443 0.0028315865580960469 0.014235346928888955
    endloop
  endfacet
  facet normal 0.94102619042683988 0.033162504123091747 0.33670455484153294
    outer loop
      vertex 0.047847016786610443 0.0028315865580960469 0.014235346928888955
      vertex 0.046193976625564341 0.003732891702517132 0.018766513875893266
      vertex 0.046193976625564341 1.1716301013315747e-18 0.019134171618254491
    endloop
  endfacet
  facet normal 0.94102619042683977 0.033162504123091824 0.336704554841533
    outer loop
      vertex 0.047847016786610443 0.0028315865580960469 0.014235346928888955
      vertex 0.046193976625564341 1.1716301013315747e-18 0.019134171618254491
      vertex 0.047847016786610443 8.8874050210299937e-19 0.014514233862723117
    endloop
  endfacet
  facet normal 0.94102619042683988 -0.033162504123091713 0.33670455484153311
    outer loop
      vertex 0.047847016786610443 8.8874050210299937e-19 0.014514233862723117
      vertex 0.046193976625564341 1.1716301013315747e-18 0.019134171618254491
      vertex 0.046193976625564341 -0.0037328917025171294 0.018766513875893266
    endloop
  endfacet
  facet normal 0.94102619042683988 -0.033162504123091817 0.33670455484153294
    outer loop
      vertex 0.047847016786610443 8.8874050210299937e-19 0.014514233862723117
      vertex 0.046193976625564341 -0.0037328917025171294 0.018766513875893266
      vertex 0.047847016786610443 -0.0028315865580960452 0.014235346928888955
    endloop
  endfacet
  facet normal 0.94102619042683988 -0.09821309593357172 0.32376518762506262
    outer loop
      vertex 0.047847016786610443 -0.0028315865580960452 0.014235346928888955
      vertex 0.046193976625564341 -0.0037328917025171294 0.018766513875893266
      vertex 0.046193976625564341 -0.0073223304703363117 0.017677669529663691
    endloop
  endfacet
  facet normal 0.94102619042683988 -0.098213095933571831 0.32376518762506251
    outer loop
      vertex 0.047847016786610443 -0.0028315865580960452 0.014235346928888955
      vertex 0.046193976625564341 -0.0073223304703363117 0.017677669529663691
      vertex 0.047847016786610443 -0.0055543568327364968 0.01340940359585212
    endloop
  endfacet
  facet normal 0.94102619042683977 -0.15948941354586302 0.29838370581777024
    outer loop
      vertex 0.047847016786610443 -0.0055543568327364968 0.01340940359585212
      vertex 0.046193976625564341 -0.0073223304703363117 0.017677669529663691
      vertex 0.046193976625564341 -0.010630376184590703 0.015909482257160431
    endloop
  endfacet
  facet normal 0.94102619042683977 -0.15948941354586291 0.29838370581777035
    outer loop
      vertex 0.047847016786610443 -0.0055543568327364968 0.01340940359585212
      vertex 0.046193976625564341 -0.010630376184590703 0.015909482257160431
      vertex 0.047847016786610443 -0.0080636762892140786 0.012068144402706867
    endloop
  endfacet
  facet normal 0.94102619042683977 -0.21463664243828079 0.26153550553141075
    outer loop
      vertex 0.047847016786610443 -0.0080636762892140786 0.012068144402706867
      vertex 0.046193976625564341 -0.010630376184590703 0.015909482257160431
      vertex 0.046193976625564341 -0.013529902503654925 0.013529902503654927
    endloop
  endfacet
  facet normal 0.94102619042683977 -0.21463664243828073 0.26153550553141086
    outer loop
      vertex 0.047847016786610443 -0.0080636762892140786 0.012068144402706867
      vertex 0.046193976625564341 -0.013529902503654925 0.013529902503654927
      vertex 0.047847016786610443 -0.010263113188058932 0.010263113188058934
    endloop
  endfacet
  facet normal 0.94102619042683977 -0.26153550553141081 0.21463664243828082
    outer loop
      vertex 0.047847016786610443 -0.010263113188058932 0.010263113188058934
      vertex 0.046193976625564341 -0.013529902503654925 0.013529902503654927
      vertex 0.046193976625564341 -0.015909482257160427 0.010630376184590706
    endloop
  endfacet
  facet normal 0.94102619042683988 -0.26153550553141086 0.2146366424382809
    outer loop
      vertex 0.047847016786610443 -0.010263113188058932 0.010263113188058934
      vertex 0.046193976625564341 -0.015909482257160427 0.010630376184590706
      vertex 0.047847016786610443 -0.012068144402706866 0.008063676289214082
    endloop
  endfacet
  facet normal 0.94102619042683977 -0.29838370581777018 0.15948941354586335
    outer loop
      vertex 0.047847016786610443 -0.012068144402706866 0.008063676289214082
      vertex 0.046193976625564341 -0.015909482257160427 0.010630376184590706
      vertex 0.046193976625564341 -0.017677669529663691 0.0073223304703363152
    endloop
  endfacet
  facet normal 0.94102619042683988 -0.29838370581777018 0.15948941354586296
    outer loop
      vertex 0.047847016786610443 -0.012068144402706866 0.008063676289214082
      vertex 0.046193976625564341 -0.017677669529663691 0.0073223304703363152
      vertex 0.047847016786610443 -0.01340940359585212 0.0055543568327364994
    endloop
  endfacet
  facet normal 0.94102619042683988 -0.32376518762506251 0.098213095933571803
    outer loop
      vertex 0.047847016786610443 -0.01340940359585212 0.0055543568327364994
      vertex 0.046193976625564341 -0.017677669529663691 0.0073223304703363152
      vertex 0.046193976625564341 -0.018766513875893266 0.0037328917025171372
    endloop
  endfacet
  facet normal 0.94102619042683977 -0.32376518762506251 0.098213095933571956
    outer loop
      vertex 0.047847016786610443 -0.01340940359585212 0.0055543568327364994
      vertex 0.046193976625564341 -0.018766513875893266 0.0037328917025171372
      vertex 0.047847016786610443 -0.014235346928888955 0.0028315865580960508
    endloop
  endfacet
  facet normal 0.94102619042683999 -0.33670455484153294 0.033162504123091713
    outer loop
      vertex 0.047847016786610443 -0.014235346928888955 0.0028315865580960508
      vertex 0.046193976625564341 -0.018766513875893266 0.0037328917025171372
      vertex 0.046193976625564341 -0.019134171618254491 2.3432602026631494e-18
    endloop
  endfacet
  facet normal 0.94102619042683988 -0.33670455484153305 0.033162504123091796
    outer loop
      vertex 0.047847016786610443 -0.014235346928888955 0.0028315865580960508
      vertex 0.046193976625564341 -0.019134171618254491 2.3432602026631494e-18
      vertex 0.047847016786610443 -0.014514233862723117 1.7774810042059987e-18
    endloop
  endfacet
  facet normal 0.94102619042683999 -0.336704554841533 -0.033162504123091671
    outer loop
      vertex 0.047847016786610443 -0.014514233862723117 1.7774810042059987e-18
      vertex 0.046193976625564341 -0.019134171618254491 2.3432602026631494e-18
      vertex 0.046193976625564341 -0.018766513875893266 -0.0037328917025171325
    endloop
  endfacet
  facet normal 0.94102619042683977 -0.33670455484153294 -0.033162504123091782
    outer loop
      vertex 0.047847016786610443 -0.014514233862723117 1.7774810042059987e-18
      vertex 0.046193976625564341 -0.018766513875893266 -0.0037328917025171325
      vertex 0.047847016786610443 -0.014235346928888955 -0.0028315865580960473
    endloop
  endfacet
  facet normal 0.94102619042683988 -0.32376518762506262 -0.098213095933571817
    outer loop
      vertex 0.047847016786610443 -0.014235346928888955 -0.0028315865580960473
      vertex 0.046193976625564341 -0.018766513875893266 -0.0037328917025171325
      vertex 0.046193976625564341 -0.017677669529663691 -0.0073223304703363109
    endloop
  endfacet
  facet normal 0.94102619042683977 -0.32376518762506262 -0.098213095933571776
    outer loop
      vertex 0.047847016786610443 -0.014235346928888955 -0.0028315865580960473
      vertex 0.046193976625564341 -0.017677669529663691 -0.0073223304703363109
      vertex 0.047847016786610443 -0.013409403595852121 -0.005554356832736496
    endloop
  endfacet
  facet normal 0.94102619042683977 -0.29838370581777029 -0.15948941354586299
    outer loop
      vertex 0.047847016786610443 -0.013409403595852121 -0.005554356832736496
      vertex 0.046193976625564341 -0.017677669529663691 -0.0073223304703363109
      vertex 0.046193976625564341 -0.015909482257160431 -0.010630376184590703
    endloop
  endfacet
  facet normal 0.94102619042683977 -0.29838370581777029 -0.15948941354586302
    outer loop
      vertex 0.047847016786610443 -0.013409403595852121 -0.005554356832736496
      vertex 0.046193976625564341 -0.015909482257160431 -0.010630376184590703
      vertex 0.047847016786610443 -0.012068144402706867 -0.0080636762892140786
    endloop
  endfacet
  facet normal 0.94102619042683977 -0.26153550553141086 -0.21463664243828051
    outer loop
      vertex 0.047847016786610443 -0.012068144402706867 -0.0080636762892140786
      vertex 0.046193976625564341 -0.015909482257160431 -0.010630376184590703
      vertex 0.046193976625564341 -0.01352990250365493 -0.013529902503654925
    endloop
  endfacet
  facet normal 0.94102619042683988 -0.26153550553141092 -0.21463664243828059
    outer loop
      vertex 0.047847016786610443 -0.012068144402706867 -0.0080636762892140786
      vertex 0.046193976625564341 -0.01352990250365493 -0.013529902503654925
      vertex 0.047847016786610443 -0.010263113188058936 -0.010263113188058932
    endloop
  endfacet
  facet normal 0.94102619042683977 -0.21463664243828065 -0.26153550553141092
    outer loop
      vertex 0.047847016786610443 -0.010263113188058936 -0.010263113188058932
      vertex 0.046193976625564341 -0.01352990250365493 -0.013529902503654925
      vertex 0.046193976625564341 -0.010630376184590706 -0.015909482257160427
    endloop
  endfacet
  facet normal 0.94102619042683988 -0.21463664243828059 -0.26153550553141092
    outer loop
      vertex 0.047847016786610443 -0.010263113188058936 -0.010263113188058932
      vertex 0.046193976625564341 -0.010630376184590706 -0.015909482257160427
      vertex 0.047847016786610443 -0.008063676289214082 -0.012068144402706864
    endloop
  endfacet
  facet normal 0.94102619042683966 -0.15948941354586307 -0.29838370581777018
    outer loop
      vertex 0.047847016786610443 -0.008063676289214082 -0.012068144402706864
      vertex 0.046193976625564341 -0.010630376184590706 -0.015909482257160427
      vertex 0.046193976625564341 -0.0073223304703363239 -0.017677669529663684
    endloop
  endfacet
  facet normal 0.94102619042683977 -0.15948941354586341 -0.29838370581777024
    outer loop
      vertex 0.047847016786610443 -0.008063676289214082 -0.012068144402706864
      vertex 0.046193976625564341 -0.0073223304703363239 -0.017677669529663684
      vertex 0.047847016786610443 -0.0055543568327365055 -0.013409403595852118
    endloop
  endfacet
  facet normal 0.94102619042683977 -0.098213095933572039 -0.32376518762506273
    outer loop
      vertex 0.047847016786610443 -0.0055543568327365055 -0.013409403595852118
      vertex 0.046193976625564341 -0.0073223304703363239 -0.017677669529663684
      vertex 0.046193976625564341 -0.0037328917025171385 -0.018766513875893263
    endloop
  endfacet
  facet normal 0.94102619042683988 -0.098213095933571803 -0.32376518762506268
    outer loop
      vertex 0.047847016786610443 -0.0055543568327365055 -0.013409403595852118
      vertex 0.046193976625564341 -0.0037328917025171385 -0.018766513875893263
      vertex 0.047847016786610443 -0.0028315865580960517 -0.014235346928888953
    endloop
  endfacet
  facet normal 0.94102619042683999 -0.033162504123092039 -0.33670455484153305
    outer loop
      vertex 0.047847016786610443 -0.0028315865580960517 -0.014235346928888953
      vertex 0.046193976625564341 -0.0037328917025171385 -0.018766513875893263
      vertex 0.046193976625564341 -3.5148903039947242e-18 -0.019134171618254491
    endloop
  endfacet
  facet normal 0.94102619042683977 -0.03316250412309199 -0.33670455484153294
    outer loop
      vertex 0.047847016786610443 -0.0028315865580960517 -0.014235346928888953
      vertex 0.046193976625564341 -3.5148903039947242e-18 -0.019134171618254491
      vertex 0.047847016786610443 -2.6662215063089983e-18 -0.014514233862723117
    endloop
  endfacet
  facet normal 0.94102619042683999 0.033162504123091671 -0.33670455484153305
    outer loop
      vertex 0.047847016786610443 -2.6662215063089983e-18 -0.014514233862723117
      vertex 0.046193976625564341 -3.5148903039947242e-18 -0.019134171618254491
      vertex 0.046193976625564341 0.0037328917025171316 -0.018766513875893266
    endloop
  endfacet
  facet normal 0.94102619042683977 0.033162504123091782 -0.33670455484153294
    outer loop
      vertex 0.047847016786610443 -2.6662215063089983e-18 -0.014514233862723117
      vertex 0.046193976625564341 0.0037328917025171316 -0.018766513875893266
      vertex 0.047847016786610443 0.0028315865580960465 -0.014235346928888955
    endloop
  endfacet
  facet normal 0.94102619042683999 0.098213095933571956 -0.32376518762506262
    outer loop
      vertex 0.047847016786610443 0.0028315865580960465 -0.014235346928888955
      vertex 0.046193976625564341 0.0037328917025171316 -0.018766513875893266
      vertex 0.046193976625564341 0.0073223304703363169 -0.017677669529663688
    endloop
  endfacet
  facet normal 0.94102619042683977 0.09821309593357179 -0.32376518762506273
    outer loop
      vertex 0.047847016786610443 0.0028315865580960465 -0.014235346928888955
      vertex 0.046193976625564341 0.0073223304703363169 -0.017677669529663688
      vertex 0.047847016786610443 0.0055543568327365012 -0.01340940359585212
    endloop
  endfacet
  facet normal 0.94102619042683977 0.15948941354586321 -0.29838370581777035
    outer loop
      vertex 0.047847016786610443 0.0055543568327365012 -0.01340940359585212
      vertex 0.046193976625564341 0.0073223304703363169 -0.017677669529663688
      vertex 0.046193976625564341 0.010630376184590699 -0.015909482257160431
    endloop
  endfacet
  facet normal 0.94102619042683977 0.15948941354586324 -0.29838370581777024
    outer loop
      vertex 0.047847016786610443 0.0055543568327365012 -0.01340940359585212
      vertex 0.046193976625564341 0.010630376184590699 -0.015909482257160431
      vertex 0.047847016786610443 0.0080636762892140768 -0.012068144402706867
    endloop
  endfacet
  facet normal 0.94102619042683999 0.21463664243828051 -0.26153550553141097
    outer loop
      vertex 0.047847016786610443 0.0080636762892140768 -0.012068144402706867
      vertex 0.046193976625564341 0.010630376184590699 -0.015909482257160431
      vertex 0.046193976625564341 0.013529902503654923 -0.01352990250365493
    endloop
  endfacet
  facet normal 0.94102619042683988 0.21463664243828059 -0.26153550553141092
    outer loop
      vertex 0.047847016786610443 0.0080636762892140768 -0.012068144402706867
      vertex 0.046193976625564341 0.013529902503654923 -0.01352990250365493
      vertex 0.047847016786610443 0.01026311318805893 -0.010263113188058936
    endloop
  endfacet
  facet normal 0.94102619042683977 0.26153550553141086 -0.21463664243828068
    outer loop
      vertex 0.047847016786610443 0.01026311318805893 -0.010263113188058936
      vertex 0.046193976625564341 0.013529902503654923 -0.01352990250365493
      vertex 0.046193976625564341 0.015909482257160427 -0.010630376184590706
    endloop
  endfacet
  facet normal 0.94102619042683988 0.26153550553141086 -0.21463664243828073
    outer loop
      vertex 0.047847016786610443 0.01026311318805893 -0.010263113188058936
      vertex 0.046193976625564341 0.015909482257160427 -0.010630376184590706
      vertex 0.047847016786610443 0.012068144402706864 -0.008063676289214082
    endloop
  endfacet
  facet normal 0.94102619042683988 0.29838370581777024 -0.15948941354586313
    outer loop
      vertex 0.047847016786610443 0.012068144402706864 -0.008063676289214082
      vertex 0.046193976625564341 0.015909482257160427 -0.010630376184590706
      vertex 0.046193976625564341 0.017677669529663684 -0.0073223304703363247
    endloop
  endfacet
  facet normal 0.94102619042683977 0.29838370581777024 -0.15948941354586346
    outer loop
      vertex 0.047847016786610443 0.012068144402706864 -0.008063676289214082
      vertex 0.046193976625564341 0.017677669529663684 -0.0073223304703363247
      vertex 0.047847016786610443 0.013409403595852118 -0.0055543568327365064
    endloop
  endfacet
  facet normal 0.94102619042683977 0.32376518762506273 -0.098213095933572039
    outer loop
      vertex 0.047847016786610443 0.013409403595852118 -0.0055543568327365064
      vertex 0.046193976625564341 0.017677669529663684 -0.0073223304703363247
      vertex 0.046193976625564341 0.018766513875893263 -0.0037328917025171394
    endloop
  endfacet
  facet normal 0.94102619042683988 0.32376518762506268 -0.098213095933571803
    outer loop
      vertex 0.047847016786610443 0.013409403595852118 -0.0055543568327365064
      vertex 0.046193976625564341 0.018766513875893263 -0.0037328917025171394
      vertex 0.047847016786610443 0.014235346928888953 -0.0028315865580960525
    endloop
  endfacet
  facet normal 0.94102619042683977 0.33670455484153305 -0.033162504123092004
    outer loop
      vertex 0.047847016786610443 0.014235346928888953 -0.0028315865580960525
      vertex 0.046193976625564341 0.018766513875893263 -0.0037328917025171394
      vertex 0.046193976625564341 0.019134171618254491 0
    endloop
  endfacet
  facet normal 0.94102619042683988 0.33670455484153305 -0.033162504123091956
    outer loop
      vertex 0.047847016786610443 0.014235346928888953 -0.0028315865580960525
      vertex 0.046193976625564341 0.019134171618254491 0
      vertex 0.047847016786610443 0.014514233862723117 0
    endloop
  endfacet
  facet normal 0.90318883801399219 0.42717650635882948 0.042073213592491769
    outer loop
      vertex 0.046193976625564341 0.019134171618254491 0
      vertex 0.044096063217417755 0.023569836841299884 0
      vertex 0.044096063217417755 0.023116949035452698 0.0045982470592367975
    endloop
  endfacet
  facet normal 0.90318883801399219 0.4271765063588297 0.042073213592491589
    outer loop
      vertex 0.046193976625564341 0.019134171618254491 0
      vertex 0.044096063217417755 0.023116949035452698 0.0045982470592367975
      vertex 0.046193976625564341 0.018766513875893266 0.0037328917025171303
    endloop
  endfacet
  facet normal 0.90318883801399219 0.41076035278280448 0.12460279077404568
    outer loop
      vertex 0.046193976625564341 0.018766513875893266 0.0037328917025171303
      vertex 0.044096063217417755 0.023116949035452698 0.0045982470592367975
      vertex 0.044096063217417755 0.02177568984230744 0.0090197860627137857
    endloop
  endfacet
  facet normal 0.90318883801399219 0.41076035278280454 0.12460279077404575
    outer loop
      vertex 0.046193976625564341 0.018766513875893266 0.0037328917025171303
      vertex 0.044096063217417755 0.02177568984230744 0.0090197860627137857
      vertex 0.046193976625564341 0.017677669529663691 0.0073223304703363135
    endloop
  endfacet
  facet normal 0.90318883801399208 0.37855890920639595 0.20234395258420321
    outer loop
      vertex 0.046193976625564341 0.017677669529663691 0.0073223304703363135
      vertex 0.044096063217417755 0.02177568984230744 0.0090197860627137857
      vertex 0.044096063217417755 0.019597603100469863 0.013094699746154981
    endloop
  endfacet
  facet normal 0.90318883801399219 0.37855890920639573 0.20234395258420326
    outer loop
      vertex 0.046193976625564341 0.017677669529663691 0.0073223304703363135
      vertex 0.044096063217417755 0.019597603100469863 0.013094699746154981
      vertex 0.046193976625564341 0.015909482257160427 0.010630376184590706
    endloop
  endfacet
  facet normal 0.9031888380139923 0.33180965904746768 0.27230914977234566
    outer loop
      vertex 0.046193976625564341 0.015909482257160427 0.010630376184590706
      vertex 0.044096063217417755 0.019597603100469863 0.013094699746154981
      vertex 0.044096063217417755 0.016666391461943666 0.016666391461943663
    endloop
  endfacet
  facet normal 0.9031888380139923 0.33180965904746734 0.27230914977234566
    outer loop
      vertex 0.046193976625564341 0.015909482257160427 0.010630376184590706
      vertex 0.044096063217417755 0.016666391461943666 0.016666391461943663
      vertex 0.046193976625564341 0.013529902503654927 0.013529902503654925
    endloop
  endfacet
  facet normal 0.9031888380139923 0.2723091497723456 0.33180965904746734
    outer loop
      vertex 0.046193976625564341 0.013529902503654927 0.013529902503654925
      vertex 0.044096063217417755 0.016666391461943666 0.016666391461943663
      vertex 0.044096063217417755 0.013094699746154983 0.019597603100469863
    endloop
  endfacet
  facet normal 0.9031888380139923 0.27230914977234594 0.33180965904746745
    outer loop
      vertex 0.046193976625564341 0.013529902503654927 0.013529902503654925
      vertex 0.044096063217417755 0.013094699746154983 0.019597603100469863
      vertex 0.046193976625564341 0.010630376184590708 0.015909482257160427
    endloop
  endfacet
  facet normal 0.9031888380139923 0.20234395258420312 0.37855890920639584
    outer loop
      vertex 0.046193976625564341 0.010630376184590708 0.015909482257160427
      vertex 0.044096063217417755 0.013094699746154983 0.019597603100469863
      vertex 0.044096063217417755 0.0090197860627137874 0.02177568984230744
    endloop
  endfacet
  facet normal 0.90318883801399219 0.20234395258420329 0.3785589092063959
    outer loop
      vertex 0.046193976625564341 0.010630376184590708 0.015909482257160427
      vertex 0.044096063217417755 0.0090197860627137874 0.02177568984230744
      vertex 0.046193976625564341 0.0073223304703363143 0.017677669529663691
    endloop
  endfacet
  facet normal 0.90318883801399219 0.12460279077404568 0.41076035278280448
    outer loop
      vertex 0.046193976625564341 0.0073223304703363143 0.017677669529663691
      vertex 0.044096063217417755 0.0090197860627137874 0.02177568984230744
      vertex 0.044096063217417755 0.0045982470592367992 0.023116949035452698
    endloop
  endfacet
  facet normal 0.90318883801399219 0.12460279077404578 0.41076035278280454
    outer loop
      vertex 0.046193976625564341 0.0073223304703363143 0.017677669529663691
      vertex 0.044096063217417755 0.0045982470592367992 0.023116949035452698
      vertex 0.046193976625564341 0.003732891702517132 0.018766513875893266
    endloop
  endfacet
  facet normal 0.90318883801399219 0.042073213592491866 0.42717650635882964
    outer loop
      vertex 0.046193976625564341 0.003732891702517132 0.018766513875893266
      vertex 0.044096063217417755 0.0045982470592367992 0.023116949035452698
      vertex 0.044096063217417755 1.4432362622061632e-18 0.023569836841299884
    endloop
  endfacet
  facet normal 0.9031888380139923 0.042073213592491561 0.42717650635882948
    outer loop
      vertex 0.046193976625564341 0.003732891702517132 0.018766513875893266
      vertex 0.044096063217417755 1.4432362622061632e-18 0.023569836841299884
      vertex 0.046193976625564341 1.1716301013315747e-18 0.019134171618254491
    endloop
  endfacet
  facet normal 0.90318883801399219 -0.042073213592491776 0.42717650635882937
    outer loop
      vertex 0.046193976625564341 1.1716301013315747e-18 0.019134171618254491
      vertex 0.044096063217417755 1.4432362622061632e-18 0.023569836841299884
      vertex 0.044096063217417755 -0.0045982470592367958 0.023116949035452698
    endloop
  endfacet
  facet normal 0.90318883801399219 -0.042073213592491589 0.42717650635882976
    outer loop
      vertex 0.046193976625564341 1.1716301013315747e-18 0.019134171618254491
      vertex 0.044096063217417755 -0.0045982470592367958 0.023116949035452698
      vertex 0.046193976625564341 -0.0037328917025171294 0.018766513875893266
    endloop
  endfacet
  facet normal 0.90318883801399219 -0.12460279077404569 0.41076035278280454
    outer loop
      vertex 0.046193976625564341 -0.0037328917025171294 0.018766513875893266
      vertex 0.044096063217417755 -0.0045982470592367958 0.023116949035452698
      vertex 0.044096063217417755 -0.0090197860627137839 0.02177568984230744
    endloop
  endfacet
  facet normal 0.90318883801399219 -0.12460279077404578 0.41076035278280454
    outer loop
      vertex 0.046193976625564341 -0.0037328917025171294 0.018766513875893266
      vertex 0.044096063217417755 -0.0090197860627137839 0.02177568984230744
      vertex 0.046193976625564341 -0.0073223304703363117 0.017677669529663691
    endloop
  endfacet
  facet normal 0.90318883801399219 -0.20234395258420307 0.37855890920639601
    outer loop
      vertex 0.046193976625564341 -0.0073223304703363117 0.017677669529663691
      vertex 0.044096063217417755 -0.0090197860627137839 0.02177568984230744
      vertex 0.044096063217417755 -0.013094699746154976 0.019597603100469867
    endloop
  endfacet
  facet normal 0.90318883801399208 -0.20234395258420304 0.3785589092063959
    outer loop
      vertex 0.046193976625564341 -0.0073223304703363117 0.017677669529663691
      vertex 0.044096063217417755 -0.013094699746154976 0.019597603100469867
      vertex 0.046193976625564341 -0.010630376184590703 0.015909482257160431
    endloop
  endfacet
  facet normal 0.9031888380139923 -0.27230914977234566 0.33180965904746773
    outer loop
      vertex 0.046193976625564341 -0.010630376184590703 0.015909482257160431
      vertex 0.044096063217417755 -0.013094699746154976 0.019597603100469867
      vertex 0.044096063217417755 -0.016666391461943663 0.016666391461943666
    endloop
  endfacet
  facet normal 0.90318883801399241 -0.27230914977234577 0.33180965904746734
    outer loop
      vertex 0.046193976625564341 -0.010630376184590703 0.015909482257160431
      vertex 0.044096063217417755 -0.016666391461943663 0.016666391461943666
      vertex 0.046193976625564341 -0.013529902503654925 0.013529902503654927
    endloop
  endfacet
  facet normal 0.9031888380139923 -0.33180965904746745 0.27230914977234549
    outer loop
      vertex 0.046193976625564341 -0.013529902503654925 0.013529902503654927
      vertex 0.044096063217417755 -0.016666391461943663 0.016666391461943666
      vertex 0.044096063217417755 -0.019597603100469863 0.013094699746154981
    endloop
  endfacet
  facet normal 0.9031888380139923 -0.33180965904746751 0.27230914977234583
    outer loop
      vertex 0.046193976625564341 -0.013529902503654925 0.013529902503654927
      vertex 0.044096063217417755 -0.019597603100469863 0.013094699746154981
      vertex 0.046193976625564341 -0.015909482257160427 0.010630376184590706
    endloop
  endfacet
  facet normal 0.9031888380139923 -0.37855890920639579 0.20234395258420318
    outer loop
      vertex 0.046193976625564341 -0.015909482257160427 0.010630376184590706
      vertex 0.044096063217417755 -0.019597603100469863 0.013094699746154981
      vertex 0.044096063217417755 -0.02177568984230744 0.0090197860627137874
    endloop
  endfacet
  facet normal 0.90318883801399208 -0.3785589092063959 0.20234395258420346
    outer loop
      vertex 0.046193976625564341 -0.015909482257160427 0.010630376184590706
      vertex 0.044096063217417755 -0.02177568984230744 0.0090197860627137874
      vertex 0.046193976625564341 -0.017677669529663691 0.0073223304703363152
    endloop
  endfacet
  facet normal 0.90318883801399219 -0.41076035278280443 0.12460279077404585
    outer loop
      vertex 0.046193976625564341 -0.017677669529663691 0.0073223304703363152
      vertex 0.044096063217417755 -0.02177568984230744 0.0090197860627137874
      vertex 0.044096063217417755 -0.023116949035452698 0.0045982470592368062
    endloop
  endfacet
  facet normal 0.90318883801399208 -0.41076035278280437 0.12460279077404589
    outer loop
      vertex 0.046193976625564341 -0.017677669529663691 0.0073223304703363152
      vertex 0.044096063217417755 -0.023116949035452698 0.0045982470592368062
      vertex 0.046193976625564341 -0.018766513875893266 0.0037328917025171372
    endloop
  endfacet
  facet normal 0.90318883801399208 -0.42717650635882959 0.042073213592491811
    outer loop
      vertex 0.046193976625564341 -0.018766513875893266 0.0037328917025171372
      vertex 0.044096063217417755 -0.023116949035452698 0.0045982470592368062
      vertex 0.044096063217417755 -0.023569836841299884 2.8864725244123264e-18
    endloop
  endfacet
  facet normal 0.90318883801399219 -0.42717650635882948 0.042073213592491512
    outer loop
      vertex 0.046193976625564341 -0.018766513875893266 0.0037328917025171372
      vertex 0.044096063217417755 -0.023569836841299884 2.8864725244123264e-18
      vertex 0.046193976625564341 -0.019134171618254491 2.3432602026631494e-18
    endloop
  endfacet
  facet normal 0.90318883801399219 -0.42717650635882942 -0.042073213592491714
    outer loop
      vertex 0.046193976625564341 -0.019134171618254491 2.3432602026631494e-18
      vertex 0.044096063217417755 -0.023569836841299884 2.8864725244123264e-18
      vertex 0.044096063217417755 -0.023116949035452698 -0.0045982470592368001
    endloop
  endfacet
  facet normal 0.9031888380139923 -0.4271765063588297 -0.04207321359249154
    outer loop
      vertex 0.046193976625564341 -0.019134171618254491 2.3432602026631494e-18
      vertex 0.044096063217417755 -0.023116949035452698 -0.0045982470592368001
      vertex 0.046193976625564341 -0.018766513875893266 -0.0037328917025171325
    endloop
  endfacet
  facet normal 0.90318883801399219 -0.41076035278280448 -0.12460279077404557
    outer loop
      vertex 0.046193976625564341 -0.018766513875893266 -0.0037328917025171325
      vertex 0.044096063217417755 -0.023116949035452698 -0.0045982470592368001
      vertex 0.044096063217417755 -0.021775689842307443 -0.0090197860627137822
    endloop
  endfacet
  facet normal 0.90318883801399241 -0.41076035278280421 -0.12460279077404582
    outer loop
      vertex 0.046193976625564341 -0.018766513875893266 -0.0037328917025171325
      vertex 0.044096063217417755 -0.021775689842307443 -0.0090197860627137822
      vertex 0.046193976625564341 -0.017677669529663691 -0.0073223304703363109
    endloop
  endfacet
  facet normal 0.9031888380139923 -0.37855890920639573 -0.20234395258420315
    outer loop
      vertex 0.046193976625564341 -0.017677669529663691 -0.0073223304703363109
      vertex 0.044096063217417755 -0.021775689842307443 -0.0090197860627137822
      vertex 0.044096063217417755 -0.019597603100469867 -0.013094699746154976
    endloop
  endfacet
  facet normal 0.90318883801399208 -0.37855890920639601 -0.20234395258420304
    outer loop
      vertex 0.046193976625564341 -0.017677669529663691 -0.0073223304703363109
      vertex 0.044096063217417755 -0.019597603100469867 -0.013094699746154976
      vertex 0.046193976625564341 -0.015909482257160431 -0.010630376184590703
    endloop
  endfacet
  facet normal 0.9031888380139923 -0.33180965904746773 -0.27230914977234566
    outer loop
      vertex 0.046193976625564341 -0.015909482257160431 -0.010630376184590703
      vertex 0.044096063217417755 -0.019597603100469867 -0.013094699746154976
      vertex 0.044096063217417755 -0.016666391461943666 -0.016666391461943663
    endloop
  endfacet
  facet normal 0.90318883801399208 -0.33180965904746768 -0.2723091497723456
    outer loop
      vertex 0.046193976625564341 -0.015909482257160431 -0.010630376184590703
      vertex 0.044096063217417755 -0.016666391461943666 -0.016666391461943663
      vertex 0.046193976625564341 -0.01352990250365493 -0.013529902503654925
    endloop
  endfacet
  facet normal 0.9031888380139923 -0.2723091497723456 -0.33180965904746762
    outer loop
      vertex 0.046193976625564341 -0.01352990250365493 -0.013529902503654925
      vertex 0.044096063217417755 -0.016666391461943666 -0.016666391461943663
      vertex 0.044096063217417755 -0.013094699746154981 -0.019597603100469863
    endloop
  endfacet
  facet normal 0.90318883801399219 -0.27230914977234566 -0.33180965904746768
    outer loop
      vertex 0.046193976625564341 -0.01352990250365493 -0.013529902503654925
      vertex 0.044096063217417755 -0.013094699746154981 -0.019597603100469863
      vertex 0.046193976625564341 -0.010630376184590706 -0.015909482257160427
    endloop
  endfacet
  facet normal 0.90318883801399219 -0.2023439525842034 -0.37855890920639573
    outer loop
      vertex 0.046193976625564341 -0.010630376184590706 -0.015909482257160427
      vertex 0.044096063217417755 -0.013094699746154981 -0.019597603100469863
      vertex 0.044096063217417755 -0.0090197860627137996 -0.021775689842307436
    endloop
  endfacet
  facet normal 0.9031888380139923 -0.20234395258420304 -0.37855890920639557
    outer loop
      vertex 0.046193976625564341 -0.010630376184590706 -0.015909482257160427
      vertex 0.044096063217417755 -0.0090197860627137996 -0.021775689842307436
      vertex 0.046193976625564341 -0.0073223304703363239 -0.017677669529663684
    endloop
  endfacet
  facet normal 0.9031888380139923 -0.12460279077404547 -0.41076035278280421
    outer loop
      vertex 0.046193976625564341 -0.0073223304703363239 -0.017677669529663684
      vertex 0.044096063217417755 -0.0090197860627137996 -0.021775689842307436
      vertex 0.044096063217417755 -0.0045982470592368071 -0.023116949035452694
    endloop
  endfacet
  facet normal 0.90318883801399208 -0.12460279077404605 -0.41076035278280437
    outer loop
      vertex 0.046193976625564341 -0.0073223304703363239 -0.017677669529663684
      vertex 0.044096063217417755 -0.0045982470592368071 -0.023116949035452694
      vertex 0.046193976625564341 -0.0037328917025171385 -0.018766513875893263
    endloop
  endfacet
  facet normal 0.9031888380139923 -0.042073213592492116 -0.42717650635882959
    outer loop
      vertex 0.046193976625564341 -0.0037328917025171385 -0.018766513875893263
      vertex 0.044096063217417755 -0.0045982470592368071 -0.023116949035452694
      vertex 0.044096063217417755 -4.3297087866184896e-18 -0.023569836841299884
    endloop
  endfacet
  facet normal 0.90318883801399219 -0.042073213592491908 -0.42717650635882948
    outer loop
      vertex 0.046193976625564341 -0.0037328917025171385 -0.018766513875893263
      vertex 0.044096063217417755 -4.3297087866184896e-18 -0.023569836841299884
      vertex 0.046193976625564341 -3.5148903039947242e-18 -0.019134171618254491
    endloop
  endfacet
  facet normal 0.9031888380139923 0.042073213592491734 -0.42717650635882953
    outer loop
      vertex 0.046193976625564341 -3.5148903039947242e-18 -0.019134171618254491
      vertex 0.044096063217417755 -4.3297087866184896e-18 -0.023569836841299884
      vertex 0.044096063217417755 0.0045982470592367984 -0.023116949035452698
    endloop
  endfacet
  facet normal 0.90318883801399208 0.042073213592491533 -0.4271765063588297
    outer loop
      vertex 0.046193976625564341 -3.5148903039947242e-18 -0.019134171618254491
      vertex 0.044096063217417755 0.0045982470592367984 -0.023116949035452698
      vertex 0.046193976625564341 0.0037328917025171316 -0.018766513875893266
    endloop
  endfacet
  facet normal 0.90318883801399208 0.12460279077404589 -0.41076035278280443
    outer loop
      vertex 0.046193976625564341 0.0037328917025171316 -0.018766513875893266
      vertex 0.044096063217417755 0.0045982470592367984 -0.023116949035452698
      vertex 0.044096063217417755 0.0090197860627137909 -0.021775689842307436
    endloop
  endfacet
  facet normal 0.90318883801399219 0.12460279077404603 -0.41076035278280432
    outer loop
      vertex 0.046193976625564341 0.0037328917025171316 -0.018766513875893266
      vertex 0.044096063217417755 0.0090197860627137909 -0.021775689842307436
      vertex 0.046193976625564341 0.0073223304703363169 -0.017677669529663688
    endloop
  endfacet
  facet normal 0.9031888380139923 0.20234395258420321 -0.37855890920639595
    outer loop
      vertex 0.046193976625564341 0.0073223304703363169 -0.017677669529663688
      vertex 0.044096063217417755 0.0090197860627137909 -0.021775689842307436
      vertex 0.044096063217417755 0.013094699746154972 -0.019597603100469867
    endloop
  endfacet
  facet normal 0.90318883801399219 0.20234395258420318 -0.37855890920639584
    outer loop
      vertex 0.046193976625564341 0.0073223304703363169 -0.017677669529663688
      vertex 0.044096063217417755 0.013094699746154972 -0.019597603100469867
      vertex 0.046193976625564341 0.010630376184590699 -0.015909482257160431
    endloop
  endfacet
  facet normal 0.9031888380139923 0.27230914977234566 -0.33180965904746773
    outer loop
      vertex 0.046193976625564341 0.010630376184590699 -0.015909482257160431
      vertex 0.044096063217417755 0.013094699746154972 -0.019597603100469867
      vertex 0.044096063217417755 0.01666639146194366 -0.016666391461943666
    endloop
  endfacet
  facet normal 0.90318883801399208 0.2723091497723456 -0.33180965904746784
    outer loop
      vertex 0.046193976625564341 0.010630376184590699 -0.015909482257160431
      vertex 0.044096063217417755 0.01666639146194366 -0.016666391461943666
      vertex 0.046193976625564341 0.013529902503654923 -0.01352990250365493
    endloop
  endfacet
  facet normal 0.9031888380139923 0.33180965904746756 -0.27230914977234594
    outer loop
      vertex 0.046193976625564341 0.013529902503654923 -0.01352990250365493
      vertex 0.044096063217417755 0.01666639146194366 -0.016666391461943666
      vertex 0.044096063217417755 0.019597603100469863 -0.013094699746154981
    endloop
  endfacet
  facet normal 0.90318883801399219 0.33180965904746751 -0.27230914977234577
    outer loop
      vertex 0.046193976625564341 0.013529902503654923 -0.01352990250365493
      vertex 0.044096063217417755 0.019597603100469863 -0.013094699746154981
      vertex 0.046193976625564341 0.015909482257160427 -0.010630376184590706
    endloop
  endfacet
  facet normal 0.90318883801399219 0.37855890920639573 -0.2023439525842034
    outer loop
      vertex 0.046193976625564341 0.015909482257160427 -0.010630376184590706
      vertex 0.044096063217417755 0.019597603100469863 -0.013094699746154981
      vertex 0.044096063217417755 0.021775689842307436 -0.0090197860627137996
    endloop
  endfacet
  facet normal 0.9031888380139923 0.37855890920639557 -0.20234395258420307
    outer loop
      vertex 0.046193976625564341 0.015909482257160427 -0.010630376184590706
      vertex 0.044096063217417755 0.021775689842307436 -0.0090197860627137996
      vertex 0.046193976625564341 0.017677669529663684 -0.0073223304703363247
    endloop
  endfacet
  facet normal 0.9031888380139923 0.41076035278280421 -0.12460279077404553
    outer loop
      vertex 0.046193976625564341 0.017677669529663684 -0.0073223304703363247
      vertex 0.044096063217417755 0.021775689842307436 -0.0090197860627137996
      vertex 0.044096063217417755 0.023116949035452694 -0.0045982470592368088
    endloop
  endfacet
  facet normal 0.90318883801399219 0.41076035278280432 -0.12460279077404603
    outer loop
      vertex 0.046193976625564341 0.017677669529663684 -0.0073223304703363247
      vertex 0.044096063217417755 0.023116949035452694 -0.0045982470592368088
      vertex 0.046193976625564341 0.018766513875893263 -0.0037328917025171394
    endloop
  endfacet
  facet normal 0.90318883801399219 0.42717650635882953 -0.042073213592492054
    outer loop
      vertex 0.046193976625564341 0.018766513875893263 -0.0037328917025171394
      vertex 0.044096063217417755 0.023116949035452694 -0.0045982470592368088
      vertex 0.044096063217417755 0.023569836841299884 0
    endloop
  endfacet
  facet normal 0.90318883801399208 0.42717650635882937 -0.042073213592491852
    outer loop
      vertex 0.046193976625564341 0.018766513875893263 -0.0037328917025171394
      vertex 0.044096063217417755 0.023569836841299884 0
      vertex 0.046193976625564341 0.019134171618254491 0
    endloop
  endfacet
  facet normal 0.85663116625194413 0.51344496172446119 0.050569914826907862
    outer loop
      vertex 0.044096063217417755 0.023569836841299884 0
      vertex 0.041573480615127265 0.027778511650980109 0
      vertex 0.041573480615127265 0.027244755338790928 0.00541931878311848
    endloop
  endfacet
  facet normal 0.85663116625194402 0.5134449617244613 0.050569914826907779
    outer loop
      vertex 0.044096063217417755 0.023569836841299884 0
      vertex 0.041573480615127265 0.027244755338790928 0.00541931878311848
      vertex 0.044096063217417755 0.023116949035452698 0.0045982470592367975
    endloop
  endfacet
  facet normal 0.85663116625194402 0.49371355978864206 0.14976637101385998
    outer loop
      vertex 0.044096063217417755 0.023116949035452698 0.0045982470592367975
      vertex 0.041573480615127265 0.027244755338790928 0.00541931878311848
      vertex 0.041573480615127265 0.025663998357966834 0.010630376184590704
    endloop
  endfacet
  facet normal 0.85663116625194413 0.49371355978864218 0.14976637101385992
    outer loop
      vertex 0.044096063217417755 0.023116949035452698 0.0045982470592367975
      vertex 0.041573480615127265 0.025663998357966834 0.010630376184590704
      vertex 0.044096063217417755 0.02177568984230744 0.0090197860627137857
    endloop
  endfacet
  facet normal 0.85663116625194402 0.45500902262789961 0.24320738955269794
    outer loop
      vertex 0.044096063217417755 0.02177568984230744 0.0090197860627137857
      vertex 0.041573480615127265 0.025663998357966834 0.010630376184590704
      vertex 0.041573480615127265 0.023096988312782167 0.015432914190872752
    endloop
  endfacet
  facet normal 0.85663116625194402 0.45500902262789966 0.24320738955269797
    outer loop
      vertex 0.044096063217417755 0.02177568984230744 0.0090197860627137857
      vertex 0.041573480615127265 0.023096988312782167 0.015432914190872752
      vertex 0.044096063217417755 0.019597603100469863 0.013094699746154981
    endloop
  endfacet
  facet normal 0.85663116625194402 0.39881874389956662 0.32730208450330139
    outer loop
      vertex 0.044096063217417755 0.019597603100469863 0.013094699746154981
      vertex 0.041573480615127265 0.023096988312782167 0.015432914190872752
      vertex 0.041573480615127265 0.019642373959677554 0.01964237395967755
    endloop
  endfacet
  facet normal 0.85663116625194391 0.39881874389956662 0.32730208450330134
    outer loop
      vertex 0.044096063217417755 0.019597603100469863 0.013094699746154981
      vertex 0.041573480615127265 0.019642373959677554 0.01964237395967755
      vertex 0.044096063217417755 0.016666391461943666 0.016666391461943663
    endloop
  endfacet
  facet normal 0.85663116625194402 0.32730208450330167 0.3988187438995664
    outer loop
      vertex 0.044096063217417755 0.016666391461943666 0.016666391461943663
      vertex 0.041573480615127265 0.019642373959677554 0.01964237395967755
      vertex 0.041573480615127265 0.015432914190872756 0.023096988312782167
    endloop
  endfacet
  facet normal 0.85663116625194402 0.32730208450330134 0.39881874389956645
    outer loop
      vertex 0.044096063217417755 0.016666391461943666 0.016666391461943663
      vertex 0.041573480615127265 0.015432914190872756 0.023096988312782167
      vertex 0.044096063217417755 0.013094699746154983 0.019597603100469863
    endloop
  endfacet
  facet normal 0.85663116625194402 0.24320738955269791 0.45500902262789955
    outer loop
      vertex 0.044096063217417755 0.013094699746154983 0.019597603100469863
      vertex 0.041573480615127265 0.015432914190872756 0.023096988312782167
      vertex 0.041573480615127265 0.010630376184590706 0.025663998357966834
    endloop
  endfacet
  facet normal 0.85663116625194402 0.24320738955269794 0.45500902262789961
    outer loop
      vertex 0.044096063217417755 0.013094699746154983 0.019597603100469863
      vertex 0.041573480615127265 0.010630376184590706 0.025663998357966834
      vertex 0.044096063217417755 0.0090197860627137874 0.02177568984230744
    endloop
  endfacet
  facet normal 0.85663116625194402 0.14976637101385992 0.49371355978864206
    outer loop
      vertex 0.044096063217417755 0.0090197860627137874 0.02177568984230744
      vertex 0.041573480615127265 0.010630376184590706 0.025663998357966834
      vertex 0.041573480615127265 0.0054193187831184817 0.027244755338790928
    endloop
  endfacet
  facet normal 0.85663116625194391 0.14976637101385989 0.49371355978864206
    outer loop
      vertex 0.044096063217417755 0.0090197860627137874 0.02177568984230744
      vertex 0.041573480615127265 0.0054193187831184817 0.027244755338790928
      vertex 0.044096063217417755 0.0045982470592367992 0.023116949035452698
    endloop
  endfacet
  facet normal 0.85663116625194413 0.050569914826907869 0.5134449617244613
    outer loop
      vertex 0.044096063217417755 0.0045982470592367992 0.023116949035452698
      vertex 0.041573480615127265 0.0054193187831184817 0.027244755338790928
      vertex 0.041573480615127265 1.7009432689225125e-18 0.027778511650980109
    endloop
  endfacet
  facet normal 0.85663116625194413 0.050569914826907772 0.51344496172446119
    outer loop
      vertex 0.044096063217417755 0.0045982470592367992 0.023116949035452698
      vertex 0.041573480615127265 1.7009432689225125e-18 0.027778511650980109
      vertex 0.044096063217417755 1.4432362622061632e-18 0.023569836841299884
    endloop
  endfacet
  facet normal 0.85663116625194413 -0.050569914826907862 0.51344496172446119
    outer loop
      vertex 0.044096063217417755 1.4432362622061632e-18 0.023569836841299884
      vertex 0.041573480615127265 1.7009432689225125e-18 0.027778511650980109
      vertex 0.041573480615127265 -0.0054193187831184783 0.027244755338790928
    endloop
  endfacet
  facet normal 0.85663116625194402 -0.050569914826907779 0.5134449617244613
    outer loop
      vertex 0.044096063217417755 1.4432362622061632e-18 0.023569836841299884
      vertex 0.041573480615127265 -0.0054193187831184783 0.027244755338790928
      vertex 0.044096063217417755 -0.0045982470592367958 0.023116949035452698
    endloop
  endfacet
  facet normal 0.85663116625194402 -0.14976637101385992 0.49371355978864212
    outer loop
      vertex 0.044096063217417755 -0.0045982470592367958 0.023116949035452698
      vertex 0.041573480615127265 -0.0054193187831184783 0.027244755338790928
      vertex 0.041573480615127265 -0.010630376184590704 0.025663998357966834
    endloop
  endfacet
  facet normal 0.85663116625194413 -0.14976637101385989 0.49371355978864206
    outer loop
      vertex 0.044096063217417755 -0.0045982470592367958 0.023116949035452698
      vertex 0.041573480615127265 -0.010630376184590704 0.025663998357966834
      vertex 0.044096063217417755 -0.0090197860627137839 0.02177568984230744
    endloop
  endfacet
  facet normal 0.85663116625194413 -0.24320738955269761 0.45500902262789972
    outer loop
      vertex 0.044096063217417755 -0.0090197860627137839 0.02177568984230744
      vertex 0.041573480615127265 -0.010630376184590704 0.025663998357966834
      vertex 0.041573480615127265 -0.015432914190872747 0.023096988312782174
    endloop
  endfacet
  facet normal 0.85663116625194413 -0.24320738955269772 0.4550090226278995
    outer loop
      vertex 0.044096063217417755 -0.0090197860627137839 0.02177568984230744
      vertex 0.041573480615127265 -0.015432914190872747 0.023096988312782174
      vertex 0.044096063217417755 -0.013094699746154976 0.019597603100469867
    endloop
  endfacet
  facet normal 0.85663116625194424 -0.32730208450330145 0.39881874389956634
    outer loop
      vertex 0.044096063217417755 -0.013094699746154976 0.019597603100469867
      vertex 0.041573480615127265 -0.015432914190872747 0.023096988312782174
      vertex 0.041573480615127265 -0.01964237395967755 0.019642373959677554
    endloop
  endfacet
  facet normal 0.85663116625194391 -0.32730208450330128 0.39881874389956673
    outer loop
      vertex 0.044096063217417755 -0.013094699746154976 0.019597603100469867
      vertex 0.041573480615127265 -0.01964237395967755 0.019642373959677554
      vertex 0.044096063217417755 -0.016666391461943663 0.016666391461943666
    endloop
  endfacet
  facet normal 0.85663116625194402 -0.39881874389956645 0.32730208450330162
    outer loop
      vertex 0.044096063217417755 -0.016666391461943663 0.016666391461943666
      vertex 0.041573480615127265 -0.01964237395967755 0.019642373959677554
      vertex 0.041573480615127265 -0.023096988312782171 0.015432914190872752
    endloop
  endfacet
  facet normal 0.85663116625194424 -0.39881874389956651 0.32730208450330123
    outer loop
      vertex 0.044096063217417755 -0.016666391461943663 0.016666391461943666
      vertex 0.041573480615127265 -0.023096988312782171 0.015432914190872752
      vertex 0.044096063217417755 -0.019597603100469863 0.013094699746154981
    endloop
  endfacet
  facet normal 0.85663116625194424 -0.45500902262789955 0.24320738955269783
    outer loop
      vertex 0.044096063217417755 -0.019597603100469863 0.013094699746154981
      vertex 0.041573480615127265 -0.023096988312782171 0.015432914190872752
      vertex 0.041573480615127265 -0.025663998357966834 0.010630376184590708
    endloop
  endfacet
  facet normal 0.85663116625194413 -0.45500902262789961 0.24320738955269799
    outer loop
      vertex 0.044096063217417755 -0.019597603100469863 0.013094699746154981
      vertex 0.041573480615127265 -0.025663998357966834 0.010630376184590708
      vertex 0.044096063217417755 -0.02177568984230744 0.0090197860627137874
    endloop
  endfacet
  facet normal 0.85663116625194413 -0.49371355978864206 0.14976637101386009
    outer loop
      vertex 0.044096063217417755 -0.02177568984230744 0.0090197860627137874
      vertex 0.041573480615127265 -0.025663998357966834 0.010630376184590708
      vertex 0.041573480615127265 -0.027244755338790928 0.0054193187831184896
    endloop
  endfacet
  facet normal 0.85663116625194402 -0.49371355978864206 0.14976637101386012
    outer loop
      vertex 0.044096063217417755 -0.02177568984230744 0.0090197860627137874
      vertex 0.041573480615127265 -0.027244755338790928 0.0054193187831184896
      vertex 0.044096063217417755 -0.023116949035452698 0.0045982470592368062
    endloop
  endfacet
  facet normal 0.85663116625194402 -0.5134449617244613 0.050569914826907814
    outer loop
      vertex 0.044096063217417755 -0.023116949035452698 0.0045982470592368062
      vertex 0.041573480615127265 -0.027244755338790928 0.0054193187831184896
      vertex 0.041573480615127265 -0.027778511650980109 3.4018865378450249e-18
    endloop
  endfacet
  facet normal 0.85663116625194413 -0.51344496172446119 0.050569914826907703
    outer loop
      vertex 0.044096063217417755 -0.023116949035452698 0.0045982470592368062
      vertex 0.041573480615127265 -0.027778511650980109 3.4018865378450249e-18
      vertex 0.044096063217417755 -0.023569836841299884 2.8864725244123264e-18
    endloop
  endfacet
  facet normal 0.85663116625194413 -0.5134449617244613 -0.050569914826907814
    outer loop
      vertex 0.044096063217417755 -0.023569836841299884 2.8864725244123264e-18
      vertex 0.041573480615127265 -0.027778511650980109 3.4018865378450249e-18
      vertex 0.041573480615127265 -0.027244755338790928 -0.0054193187831184826
    endloop
  endfacet
  facet normal 0.85663116625194402 -0.51344496172446141 -0.050569914826907723
    outer loop
      vertex 0.044096063217417755 -0.023569836841299884 2.8864725244123264e-18
      vertex 0.041573480615127265 -0.027244755338790928 -0.0054193187831184826
      vertex 0.044096063217417755 -0.023116949035452698 -0.0045982470592368001
    endloop
  endfacet
  facet normal 0.85663116625194402 -0.49371355978864212 -0.14976637101385976
    outer loop
      vertex 0.044096063217417755 -0.023116949035452698 -0.0045982470592368001
      vertex 0.041573480615127265 -0.027244755338790928 -0.0054193187831184826
      vertex 0.041573480615127265 -0.025663998357966837 -0.010630376184590703
    endloop
  endfacet
  facet normal 0.85663116625194402 -0.49371355978864218 -0.14976637101385973
    outer loop
      vertex 0.044096063217417755 -0.023116949035452698 -0.0045982470592368001
      vertex 0.041573480615127265 -0.025663998357966837 -0.010630376184590703
      vertex 0.044096063217417755 -0.021775689842307443 -0.0090197860627137822
    endloop
  endfacet
  facet normal 0.85663116625194413 -0.45500902262789966 -0.24320738955269783
    outer loop
      vertex 0.044096063217417755 -0.021775689842307443 -0.0090197860627137822
      vertex 0.041573480615127265 -0.025663998357966837 -0.010630376184590703
      vertex 0.041573480615127265 -0.023096988312782174 -0.015432914190872747
    endloop
  endfacet
  facet normal 0.85663116625194424 -0.45500902262789938 -0.24320738955269788
    outer loop
      vertex 0.044096063217417755 -0.021775689842307443 -0.0090197860627137822
      vertex 0.041573480615127265 -0.023096988312782174 -0.015432914190872747
      vertex 0.044096063217417755 -0.019597603100469867 -0.013094699746154976
    endloop
  endfacet
  facet normal 0.85663116625194413 -0.39881874389956651 -0.32730208450330117
    outer loop
      vertex 0.044096063217417755 -0.019597603100469867 -0.013094699746154976
      vertex 0.041573480615127265 -0.023096988312782174 -0.015432914190872747
      vertex 0.041573480615127265 -0.019642373959677557 -0.01964237395967755
    endloop
  endfacet
  facet normal 0.85663116625194413 -0.39881874389956656 -0.32730208450330117
    outer loop
      vertex 0.044096063217417755 -0.019597603100469867 -0.013094699746154976
      vertex 0.041573480615127265 -0.019642373959677557 -0.01964237395967755
      vertex 0.044096063217417755 -0.016666391461943666 -0.016666391461943663
    endloop
  endfacet
  facet normal 0.85663116625194402 -0.32730208450330117 -0.39881874389956651
    outer loop
      vertex 0.044096063217417755 -0.016666391461943666 -0.016666391461943663
      vertex 0.041573480615127265 -0.019642373959677557 -0.01964237395967755
      vertex 0.041573480615127265 -0.015432914190872752 -0.023096988312782167
    endloop
  endfacet
  facet normal 0.85663116625194391 -0.32730208450330128 -0.39881874389956662
    outer loop
      vertex 0.044096063217417755 -0.016666391461943666 -0.016666391461943663
      vertex 0.041573480615127265 -0.015432914190872752 -0.023096988312782167
      vertex 0.044096063217417755 -0.013094699746154981 -0.019597603100469863
    endloop
  endfacet
  facet normal 0.85663116625194402 -0.2432073895526983 -0.45500902262789938
    outer loop
      vertex 0.044096063217417755 -0.013094699746154981 -0.019597603100469863
      vertex 0.041573480615127265 -0.015432914190872752 -0.023096988312782167
      vertex 0.041573480615127265 -0.01063037618459072 -0.02566399835796683
    endloop
  endfacet
  facet normal 0.85663116625194402 -0.24320738955269824 -0.45500902262789938
    outer loop
      vertex 0.044096063217417755 -0.013094699746154981 -0.019597603100469863
      vertex 0.041573480615127265 -0.01063037618459072 -0.02566399835796683
      vertex 0.044096063217417755 -0.0090197860627137996 -0.021775689842307436
    endloop
  endfacet
  facet normal 0.85663116625194413 -0.14976637101385981 -0.49371355978864206
    outer loop
      vertex 0.044096063217417755 -0.0090197860627137996 -0.021775689842307436
      vertex 0.041573480615127265 -0.01063037618459072 -0.02566399835796683
      vertex 0.041573480615127265 -0.0054193187831184913 -0.027244755338790925
    endloop
  endfacet
  facet normal 0.85663116625194413 -0.14976637101385976 -0.49371355978864218
    outer loop
      vertex 0.044096063217417755 -0.0090197860627137996 -0.021775689842307436
      vertex 0.041573480615127265 -0.0054193187831184913 -0.027244755338790925
      vertex 0.044096063217417755 -0.0045982470592368071 -0.023116949035452694
    endloop
  endfacet
  facet normal 0.85663116625194413 -0.050569914826908126 -0.51344496172446119
    outer loop
      vertex 0.044096063217417755 -0.0045982470592368071 -0.023116949035452694
      vertex 0.041573480615127265 -0.0054193187831184913 -0.027244755338790925
      vertex 0.041573480615127265 -5.102829806767537e-18 -0.027778511650980109
    endloop
  endfacet
  facet normal 0.85663116625194413 -0.050569914826908091 -0.51344496172446119
    outer loop
      vertex 0.044096063217417755 -0.0045982470592368071 -0.023116949035452694
      vertex 0.041573480615127265 -5.102829806767537e-18 -0.027778511650980109
      vertex 0.044096063217417755 -4.3297087866184896e-18 -0.023569836841299884
    endloop
  endfacet
  facet normal 0.85663116625194402 0.0505699148269078 -0.51344496172446119
    outer loop
      vertex 0.044096063217417755 -4.3297087866184896e-18 -0.023569836841299884
      vertex 0.041573480615127265 -5.102829806767537e-18 -0.027778511650980109
      vertex 0.041573480615127265 0.0054193187831184817 -0.027244755338790928
    endloop
  endfacet
  facet normal 0.85663116625194402 0.050569914826907723 -0.51344496172446141
    outer loop
      vertex 0.044096063217417755 -4.3297087866184896e-18 -0.023569836841299884
      vertex 0.041573480615127265 0.0054193187831184817 -0.027244755338790928
      vertex 0.044096063217417755 0.0045982470592367984 -0.023116949035452698
    endloop
  endfacet
  facet normal 0.85663116625194402 0.14976637101386012 -0.49371355978864201
    outer loop
      vertex 0.044096063217417755 0.0045982470592367984 -0.023116949035452698
      vertex 0.041573480615127265 0.0054193187831184817 -0.027244755338790928
      vertex 0.041573480615127265 0.010630376184590711 -0.02566399835796683
    endloop
  endfacet
  facet normal 0.85663116625194413 0.14976637101386014 -0.49371355978864206
    outer loop
      vertex 0.044096063217417755 0.0045982470592367984 -0.023116949035452698
      vertex 0.041573480615127265 0.010630376184590711 -0.02566399835796683
      vertex 0.044096063217417755 0.0090197860627137909 -0.021775689842307436
    endloop
  endfacet
  facet normal 0.85663116625194413 0.24320738955269774 -0.45500902262789961
    outer loop
      vertex 0.044096063217417755 0.0090197860627137909 -0.021775689842307436
      vertex 0.041573480615127265 0.010630376184590711 -0.02566399835796683
      vertex 0.041573480615127265 0.015432914190872744 -0.023096988312782174
    endloop
  endfacet
  facet normal 0.85663116625194402 0.24320738955269788 -0.45500902262789938
    outer loop
      vertex 0.044096063217417755 0.0090197860627137909 -0.021775689842307436
      vertex 0.041573480615127265 0.015432914190872744 -0.023096988312782174
      vertex 0.044096063217417755 0.013094699746154972 -0.019597603100469867
    endloop
  endfacet
  facet normal 0.85663116625194413 0.32730208450330117 -0.39881874389956651
    outer loop
      vertex 0.044096063217417755 0.013094699746154972 -0.019597603100469867
      vertex 0.041573480615127265 0.015432914190872744 -0.023096988312782174
      vertex 0.041573480615127265 0.019642373959677547 -0.019642373959677557
    endloop
  endfacet
  facet normal 0.85663116625194413 0.32730208450330117 -0.39881874389956656
    outer loop
      vertex 0.044096063217417755 0.013094699746154972 -0.019597603100469867
      vertex 0.041573480615127265 0.019642373959677547 -0.019642373959677557
      vertex 0.044096063217417755 0.01666639146194366 -0.016666391461943666
    endloop
  endfacet
  facet normal 0.85663116625194424 0.3988187438995664 -0.32730208450330134
    outer loop
      vertex 0.044096063217417755 0.01666639146194366 -0.016666391461943666
      vertex 0.041573480615127265 0.019642373959677547 -0.019642373959677557
      vertex 0.041573480615127265 0.023096988312782167 -0.015432914190872752
    endloop
  endfacet
  facet normal 0.85663116625194391 0.39881874389956645 -0.3273020845033015
    outer loop
      vertex 0.044096063217417755 0.01666639146194366 -0.016666391461943666
      vertex 0.041573480615127265 0.023096988312782167 -0.015432914190872752
      vertex 0.044096063217417755 0.019597603100469863 -0.013094699746154981
    endloop
  endfacet
  facet normal 0.85663116625194402 0.45500902262789938 -0.24320738955269836
    outer loop
      vertex 0.044096063217417755 0.019597603100469863 -0.013094699746154981
      vertex 0.041573480615127265 0.023096988312782167 -0.015432914190872752
      vertex 0.041573480615127265 0.02566399835796683 -0.010630376184590722
    endloop
  endfacet
  facet normal 0.85663116625194424 0.45500902262789938 -0.24320738955269824
    outer loop
      vertex 0.044096063217417755 0.019597603100469863 -0.013094699746154981
      vertex 0.041573480615127265 0.02566399835796683 -0.010630376184590722
      vertex 0.044096063217417755 0.021775689842307436 -0.0090197860627137996
    endloop
  endfacet
  facet normal 0.85663116625194424 0.49371355978864212 -0.14976637101385981
    outer loop
      vertex 0.044096063217417755 0.021775689842307436 -0.0090197860627137996
      vertex 0.041573480615127265 0.02566399835796683 -0.010630376184590722
      vertex 0.041573480615127265 0.027244755338790925 -0.005419318783118493
    endloop
  endfacet
  facet normal 0.85663116625194424 0.49371355978864206 -0.14976637101385981
    outer loop
      vertex 0.044096063217417755 0.021775689842307436 -0.0090197860627137996
      vertex 0.041573480615127265 0.027244755338790925 -0.005419318783118493
      vertex 0.044096063217417755 0.023116949035452694 -0.0045982470592368088
    endloop
  endfacet
  facet normal 0.85663116625194402 0.5134449617244613 -0.050569914826908063
    outer loop
      vertex 0.044096063217417755 0.023116949035452694 -0.0045982470592368088
      vertex 0.041573480615127265 0.027244755338790925 -0.005419318783118493
      vertex 0.041573480615127265 0.027778511650980109 0
    endloop
  endfacet
  facet normal 0.85663116625194402 0.51344496172446108 -0.050569914826908022
    outer loop
      vertex 0.044096063217417755 0.023116949035452694 -0.0045982470592368088
      vertex 0.041573480615127265 0.027778511650980109 0
      vertex 0.044096063217417755 0.023569836841299884 0
    endloop
  endfacet
  facet normal 0.8018286429972411 0.59467665109546775 0.05857053791013133
    outer loop
      vertex 0.041573480615127265 0.027778511650980109 0
      vertex 0.038650522668136851 0.031719664208182279 0
      vertex 0.038650522668136851 0.031110179754718369 0.0061881995046177384
    endloop
  endfacet
  facet normal 0.80182864299724133 0.59467665109546752 0.058570537910131532
    outer loop
      vertex 0.041573480615127265 0.027778511650980109 0
      vertex 0.038650522668136851 0.031110179754718369 0.0061881995046177384
      vertex 0.041573480615127265 0.027244755338790928 0.00541931878311848
    endloop
  endfacet
  facet normal 0.80182864299724133 0.57182356089237685 0.17346078080524363
    outer loop
      vertex 0.041573480615127265 0.027244755338790928 0.00541931878311848
      vertex 0.038650522668136851 0.031110179754718369 0.0061881995046177384
      vertex 0.038650522668136851 0.029305148540070439 0.012138589972655283
    endloop
  endfacet
  facet normal 0.80182864299724144 0.57182356089237674 0.17346078080524369
    outer loop
      vertex 0.041573480615127265 0.027244755338790928 0.00541931878311848
      vertex 0.038650522668136851 0.029305148540070439 0.012138589972655283
      vertex 0.041573480615127265 0.025663998357966834 0.010630376184590704
    endloop
  endfacet
  facet normal 0.80182864299724133 0.52699561192653932 0.28168502317193728
    outer loop
      vertex 0.041573480615127265 0.025663998357966834 0.010630376184590704
      vertex 0.038650522668136851 0.029305148540070439 0.012138589972655283
      vertex 0.038650522668136851 0.026373936901544239 0.017622501235443365
    endloop
  endfacet
  facet normal 0.8018286429972411 0.52699561192653965 0.28168502317193717
    outer loop
      vertex 0.041573480615127265 0.025663998357966834 0.010630376184590704
      vertex 0.038650522668136851 0.026373936901544239 0.017622501235443365
      vertex 0.041573480615127265 0.023096988312782167 0.015432914190872752
    endloop
  endfacet
  facet normal 0.80182864299724121 0.46191551713690943 0.37908426806891393
    outer loop
      vertex 0.041573480615127265 0.023096988312782167 0.015432914190872752
      vertex 0.038650522668136851 0.026373936901544239 0.017622501235443365
      vertex 0.038650522668136851 0.022429189658565912 0.022429189658565909
    endloop
  endfacet
  facet normal 0.80182864299724121 0.46191551713690926 0.37908426806891393
    outer loop
      vertex 0.041573480615127265 0.023096988312782167 0.015432914190872752
      vertex 0.038650522668136851 0.022429189658565912 0.022429189658565909
      vertex 0.041573480615127265 0.019642373959677554 0.01964237395967755
    endloop
  endfacet
  facet normal 0.80182864299724133 0.37908426806891415 0.4619155171369092
    outer loop
      vertex 0.041573480615127265 0.019642373959677554 0.01964237395967755
      vertex 0.038650522668136851 0.022429189658565912 0.022429189658565909
      vertex 0.038650522668136851 0.017622501235443368 0.026373936901544239
    endloop
  endfacet
  facet normal 0.8018286429972411 0.37908426806891427 0.4619155171369092
    outer loop
      vertex 0.041573480615127265 0.019642373959677554 0.01964237395967755
      vertex 0.038650522668136851 0.017622501235443368 0.026373936901544239
      vertex 0.041573480615127265 0.015432914190872756 0.023096988312782167
    endloop
  endfacet
  facet normal 0.8018286429972411 0.28168502317193733 0.52699561192653943
    outer loop
      vertex 0.041573480615127265 0.015432914190872756 0.023096988312782167
      vertex 0.038650522668136851 0.017622501235443368 0.026373936901544239
      vertex 0.038650522668136851 0.012138589972655284 0.029305148540070439
    endloop
  endfacet
  facet normal 0.80182864299724133 0.28168502317193694 0.52699561192653954
    outer loop
      vertex 0.041573480615127265 0.015432914190872756 0.023096988312782167
      vertex 0.038650522668136851 0.012138589972655284 0.029305148540070439
      vertex 0.041573480615127265 0.010630376184590706 0.025663998357966834
    endloop
  endfacet
  facet normal 0.80182864299724133 0.17346078080524358 0.57182356089237663
    outer loop
      vertex 0.041573480615127265 0.010630376184590706 0.025663998357966834
      vertex 0.038650522668136851 0.012138589972655284 0.029305148540070439
      vertex 0.038650522668136851 0.006188199504617741 0.031110179754718369
    endloop
  endfacet
  facet normal 0.80182864299724133 0.17346078080524369 0.57182356089237674
    outer loop
      vertex 0.041573480615127265 0.010630376184590706 0.025663998357966834
      vertex 0.038650522668136851 0.006188199504617741 0.031110179754718369
      vertex 0.041573480615127265 0.0054193187831184817 0.027244755338790928
    endloop
  endfacet
  facet normal 0.80182864299724121 0.05857053791013124 0.59467665109546752
    outer loop
      vertex 0.041573480615127265 0.0054193187831184817 0.027244755338790928
      vertex 0.038650522668136851 0.006188199504617741 0.031110179754718369
      vertex 0.038650522668136851 1.9422692621289645e-18 0.031719664208182279
    endloop
  endfacet
  facet normal 0.80182864299724121 0.058570537910131552 0.59467665109546775
    outer loop
      vertex 0.041573480615127265 0.0054193187831184817 0.027244755338790928
      vertex 0.038650522668136851 1.9422692621289645e-18 0.031719664208182279
      vertex 0.041573480615127265 1.7009432689225125e-18 0.027778511650980109
    endloop
  endfacet
  facet normal 0.8018286429972411 -0.05857053791013133 0.59467665109546775
    outer loop
      vertex 0.041573480615127265 1.7009432689225125e-18 0.027778511650980109
      vertex 0.038650522668136851 1.9422692621289645e-18 0.031719664208182279
      vertex 0.038650522668136851 -0.0061881995046177366 0.031110179754718369
    endloop
  endfacet
  facet normal 0.80182864299724133 -0.058570537910131532 0.59467665109546752
    outer loop
      vertex 0.041573480615127265 1.7009432689225125e-18 0.027778511650980109
      vertex 0.038650522668136851 -0.0061881995046177366 0.031110179754718369
      vertex 0.041573480615127265 -0.0054193187831184783 0.027244755338790928
    endloop
  endfacet
  facet normal 0.80182864299724133 -0.17346078080524363 0.57182356089237685
    outer loop
      vertex 0.041573480615127265 -0.0054193187831184783 0.027244755338790928
      vertex 0.038650522668136851 -0.0061881995046177366 0.031110179754718369
      vertex 0.038650522668136851 -0.012138589972655281 0.029305148540070439
    endloop
  endfacet
  facet normal 0.80182864299724133 -0.17346078080524366 0.57182356089237685
    outer loop
      vertex 0.041573480615127265 -0.0054193187831184783 0.027244755338790928
      vertex 0.038650522668136851 -0.012138589972655281 0.029305148540070439
      vertex 0.041573480615127265 -0.010630376184590704 0.025663998357966834
    endloop
  endfacet
  facet normal 0.80182864299724133 -0.28168502317193694 0.52699561192653943
    outer loop
      vertex 0.041573480615127265 -0.010630376184590704 0.025663998357966834
      vertex 0.038650522668136851 -0.012138589972655281 0.029305148540070439
      vertex 0.038650522668136851 -0.017622501235443358 0.026373936901544246
    endloop
  endfacet
  facet normal 0.8018286429972411 -0.28168502317193689 0.5269956119265401
    outer loop
      vertex 0.041573480615127265 -0.010630376184590704 0.025663998357966834
      vertex 0.038650522668136851 -0.017622501235443358 0.026373936901544246
      vertex 0.041573480615127265 -0.015432914190872747 0.023096988312782174
    endloop
  endfacet
  facet normal 0.8018286429972411 -0.37908426806891404 0.46191551713690954
    outer loop
      vertex 0.041573480615127265 -0.015432914190872747 0.023096988312782174
      vertex 0.038650522668136851 -0.017622501235443358 0.026373936901544246
      vertex 0.038650522668136851 -0.022429189658565909 0.022429189658565912
    endloop
  endfacet
  facet normal 0.80182864299724133 -0.37908426806891415 0.46191551713690909
    outer loop
      vertex 0.041573480615127265 -0.015432914190872747 0.023096988312782174
      vertex 0.038650522668136851 -0.022429189658565909 0.022429189658565912
      vertex 0.041573480615127265 -0.01964237395967755 0.019642373959677554
    endloop
  endfacet
  facet normal 0.80182864299724133 -0.46191551713690915 0.37908426806891415
    outer loop
      vertex 0.041573480615127265 -0.01964237395967755 0.019642373959677554
      vertex 0.038650522668136851 -0.022429189658565909 0.022429189658565912
      vertex 0.038650522668136851 -0.026373936901544243 0.017622501235443365
    endloop
  endfacet
  facet normal 0.80182864299724121 -0.46191551713690915 0.37908426806891432
    outer loop
      vertex 0.041573480615127265 -0.01964237395967755 0.019642373959677554
      vertex 0.038650522668136851 -0.026373936901544243 0.017622501235443365
      vertex 0.041573480615127265 -0.023096988312782171 0.015432914190872752
    endloop
  endfacet
  facet normal 0.8018286429972411 -0.52699561192653965 0.28168502317193733
    outer loop
      vertex 0.041573480615127265 -0.023096988312782171 0.015432914190872752
      vertex 0.038650522668136851 -0.026373936901544243 0.017622501235443365
      vertex 0.038650522668136851 -0.029305148540070439 0.012138589972655286
    endloop
  endfacet
  facet normal 0.80182864299724144 -0.52699561192653954 0.28168502317193689
    outer loop
      vertex 0.041573480615127265 -0.023096988312782171 0.015432914190872752
      vertex 0.038650522668136851 -0.029305148540070439 0.012138589972655286
      vertex 0.041573480615127265 -0.025663998357966834 0.010630376184590708
    endloop
  endfacet
  facet normal 0.80182864299724144 -0.57182356089237663 0.1734607808052438
    outer loop
      vertex 0.041573480615127265 -0.025663998357966834 0.010630376184590708
      vertex 0.038650522668136851 -0.029305148540070439 0.012138589972655286
      vertex 0.038650522668136851 -0.031110179754718369 0.0061881995046177496
    endloop
  endfacet
  facet normal 0.80182864299724133 -0.57182356089237674 0.17346078080524388
    outer loop
      vertex 0.041573480615127265 -0.025663998357966834 0.010630376184590708
      vertex 0.038650522668136851 -0.031110179754718369 0.0061881995046177496
      vertex 0.041573480615127265 -0.027244755338790928 0.0054193187831184896
    endloop
  endfacet
  facet normal 0.80182864299724121 -0.59467665109546752 0.058570537910131171
    outer loop
      vertex 0.041573480615127265 -0.027244755338790928 0.0054193187831184896
      vertex 0.038650522668136851 -0.031110179754718369 0.0061881995046177496
      vertex 0.038650522668136851 -0.031719664208182279 3.884538524257929e-18
    endloop
  endfacet
  facet normal 0.8018286429972411 -0.59467665109546786 0.058570537910131483
    outer loop
      vertex 0.041573480615127265 -0.027244755338790928 0.0054193187831184896
      vertex 0.038650522668136851 -0.031719664208182279 3.884538524257929e-18
      vertex 0.041573480615127265 -0.027778511650980109 3.4018865378450249e-18
    endloop
  endfacet
  facet normal 0.8018286429972411 -0.59467665109546775 -0.058570537910131261
    outer loop
      vertex 0.041573480615127265 -0.027778511650980109 3.4018865378450249e-18
      vertex 0.038650522668136851 -0.031719664208182279 3.884538524257929e-18
      vertex 0.038650522668136851 -0.031110179754718369 -0.0061881995046177418
    endloop
  endfacet
  facet normal 0.80182864299724121 -0.59467665109546752 -0.058570537910131455
    outer loop
      vertex 0.041573480615127265 -0.027778511650980109 3.4018865378450249e-18
      vertex 0.038650522668136851 -0.031110179754718369 -0.0061881995046177418
      vertex 0.041573480615127265 -0.027244755338790928 -0.0054193187831184826
    endloop
  endfacet
  facet normal 0.80182864299724133 -0.57182356089237685 -0.17346078080524349
    outer loop
      vertex 0.041573480615127265 -0.027244755338790928 -0.0054193187831184826
      vertex 0.038650522668136851 -0.031110179754718369 -0.0061881995046177418
      vertex 0.038650522668136851 -0.029305148540070443 -0.012138589972655279
    endloop
  endfacet
  facet normal 0.80182864299724133 -0.57182356089237685 -0.17346078080524349
    outer loop
      vertex 0.041573480615127265 -0.027244755338790928 -0.0054193187831184826
      vertex 0.038650522668136851 -0.029305148540070443 -0.012138589972655279
      vertex 0.041573480615127265 -0.025663998357966837 -0.010630376184590703
    endloop
  endfacet
  facet normal 0.80182864299724133 -0.52699561192653943 -0.28168502317193717
    outer loop
      vertex 0.041573480615127265 -0.025663998357966837 -0.010630376184590703
      vertex 0.038650522668136851 -0.029305148540070443 -0.012138589972655279
      vertex 0.038650522668136851 -0.026373936901544246 -0.017622501235443358
    endloop
  endfacet
  facet normal 0.80182864299724099 -0.52699561192653988 -0.28168502317193705
    outer loop
      vertex 0.041573480615127265 -0.025663998357966837 -0.010630376184590703
      vertex 0.038650522668136851 -0.026373936901544246 -0.017622501235443358
      vertex 0.041573480615127265 -0.023096988312782174 -0.015432914190872747
    endloop
  endfacet
  facet normal 0.8018286429972411 -0.4619155171369097 -0.37908426806891388
    outer loop
      vertex 0.041573480615127265 -0.023096988312782174 -0.015432914190872747
      vertex 0.038650522668136851 -0.026373936901544246 -0.017622501235443358
      vertex 0.038650522668136851 -0.022429189658565916 -0.022429189658565909
    endloop
  endfacet
  facet normal 0.80182864299724133 -0.46191551713690931 -0.37908426806891393
    outer loop
      vertex 0.041573480615127265 -0.023096988312782174 -0.015432914190872747
      vertex 0.038650522668136851 -0.022429189658565916 -0.022429189658565909
      vertex 0.041573480615127265 -0.019642373959677557 -0.01964237395967755
    endloop
  endfacet
  facet normal 0.80182864299724133 -0.37908426806891382 -0.46191551713690948
    outer loop
      vertex 0.041573480615127265 -0.019642373959677557 -0.01964237395967755
      vertex 0.038650522668136851 -0.022429189658565916 -0.022429189658565909
      vertex 0.038650522668136851 -0.017622501235443365 -0.026373936901544239
    endloop
  endfacet
  facet normal 0.80182864299724121 -0.37908426806891393 -0.46191551713690954
    outer loop
      vertex 0.041573480615127265 -0.019642373959677557 -0.01964237395967755
      vertex 0.038650522668136851 -0.017622501235443365 -0.026373936901544239
      vertex 0.041573480615127265 -0.015432914190872752 -0.023096988312782167
    endloop
  endfacet
  facet normal 0.8018286429972411 -0.28168502317193733 -0.52699561192653954
    outer loop
      vertex 0.041573480615127265 -0.015432914190872752 -0.023096988312782167
      vertex 0.038650522668136851 -0.017622501235443365 -0.026373936901544239
      vertex 0.038650522668136851 -0.0121385899726553 -0.029305148540070429
    endloop
  endfacet
  facet normal 0.80182864299724099 -0.28168502317193767 -0.52699561192653965
    outer loop
      vertex 0.041573480615127265 -0.015432914190872752 -0.023096988312782167
      vertex 0.038650522668136851 -0.0121385899726553 -0.029305148540070429
      vertex 0.041573480615127265 -0.01063037618459072 -0.02566399835796683
    endloop
  endfacet
  facet normal 0.80182864299724088 -0.17346078080524421 -0.57182356089237718
    outer loop
      vertex 0.041573480615127265 -0.01063037618459072 -0.02566399835796683
      vertex 0.038650522668136851 -0.0121385899726553 -0.029305148540070429
      vertex 0.038650522668136851 -0.0061881995046177514 -0.031110179754718366
    endloop
  endfacet
  facet normal 0.80182864299724133 -0.17346078080524355 -0.57182356089237674
    outer loop
      vertex 0.041573480615127265 -0.01063037618459072 -0.02566399835796683
      vertex 0.038650522668136851 -0.0061881995046177514 -0.031110179754718366
      vertex 0.041573480615127265 -0.0054193187831184913 -0.027244755338790925
    endloop
  endfacet
  facet normal 0.80182864299724133 -0.058570537910131518 -0.59467665109546752
    outer loop
      vertex 0.041573480615127265 -0.0054193187831184913 -0.027244755338790925
      vertex 0.038650522668136851 -0.0061881995046177514 -0.031110179754718366
      vertex 0.038650522668136851 -5.8268077863868935e-18 -0.031719664208182279
    endloop
  endfacet
  facet normal 0.80182864299724121 -0.058570537910131851 -0.59467665109546775
    outer loop
      vertex 0.041573480615127265 -0.0054193187831184913 -0.027244755338790925
      vertex 0.038650522668136851 -5.8268077863868935e-18 -0.031719664208182279
      vertex 0.041573480615127265 -5.102829806767537e-18 -0.027778511650980109
    endloop
  endfacet
  facet normal 0.8018286429972411 0.058570537910131247 -0.59467665109546775
    outer loop
      vertex 0.041573480615127265 -5.102829806767537e-18 -0.027778511650980109
      vertex 0.038650522668136851 -5.8268077863868935e-18 -0.031719664208182279
      vertex 0.038650522668136851 0.0061881995046177401 -0.031110179754718369
    endloop
  endfacet
  facet normal 0.80182864299724121 0.058570537910131448 -0.59467665109546741
    outer loop
      vertex 0.041573480615127265 -5.102829806767537e-18 -0.027778511650980109
      vertex 0.038650522668136851 0.0061881995046177401 -0.031110179754718369
      vertex 0.041573480615127265 0.0054193187831184817 -0.027244755338790928
    endloop
  endfacet
  facet normal 0.80182864299724121 0.1734607808052438 -0.57182356089237674
    outer loop
      vertex 0.041573480615127265 0.0054193187831184817 -0.027244755338790928
      vertex 0.038650522668136851 0.0061881995046177401 -0.031110179754718369
      vertex 0.038650522668136851 0.01213858997265529 -0.029305148540070436
    endloop
  endfacet
  facet normal 0.80182864299724133 0.17346078080524388 -0.57182356089237663
    outer loop
      vertex 0.041573480615127265 0.0054193187831184817 -0.027244755338790928
      vertex 0.038650522668136851 0.01213858997265529 -0.029305148540070436
      vertex 0.041573480615127265 0.010630376184590711 -0.02566399835796683
    endloop
  endfacet
  facet normal 0.80182864299724144 0.28168502317193717 -0.52699561192653932
    outer loop
      vertex 0.041573480615127265 0.010630376184590711 -0.02566399835796683
      vertex 0.038650522668136851 0.01213858997265529 -0.029305148540070436
      vertex 0.038650522668136851 0.017622501235443355 -0.026373936901544246
    endloop
  endfacet
  facet normal 0.8018286429972411 0.281685023171937 -0.52699561192653988
    outer loop
      vertex 0.041573480615127265 0.010630376184590711 -0.02566399835796683
      vertex 0.038650522668136851 0.017622501235443355 -0.026373936901544246
      vertex 0.041573480615127265 0.015432914190872744 -0.023096988312782174
    endloop
  endfacet
  facet normal 0.8018286429972411 0.37908426806891388 -0.4619155171369097
    outer loop
      vertex 0.041573480615127265 0.015432914190872744 -0.023096988312782174
      vertex 0.038650522668136851 0.017622501235443355 -0.026373936901544246
      vertex 0.038650522668136851 0.022429189658565905 -0.022429189658565916
    endloop
  endfacet
  facet normal 0.80182864299724133 0.37908426806891393 -0.46191551713690931
    outer loop
      vertex 0.041573480615127265 0.015432914190872744 -0.023096988312782174
      vertex 0.038650522668136851 0.022429189658565905 -0.022429189658565916
      vertex 0.041573480615127265 0.019642373959677547 -0.019642373959677557
    endloop
  endfacet
  facet normal 0.80182864299724121 0.46191551713690926 -0.37908426806891399
    outer loop
      vertex 0.041573480615127265 0.019642373959677547 -0.019642373959677557
      vertex 0.038650522668136851 0.022429189658565905 -0.022429189658565916
      vertex 0.038650522668136851 0.026373936901544239 -0.017622501235443365
    endloop
  endfacet
  facet normal 0.80182864299724121 0.46191551713690931 -0.37908426806891415
    outer loop
      vertex 0.041573480615127265 0.019642373959677547 -0.019642373959677557
      vertex 0.038650522668136851 0.026373936901544239 -0.017622501235443365
      vertex 0.041573480615127265 0.023096988312782167 -0.015432914190872752
    endloop
  endfacet
  facet normal 0.8018286429972411 0.52699561192653943 -0.28168502317193739
    outer loop
      vertex 0.041573480615127265 0.023096988312782167 -0.015432914190872752
      vertex 0.038650522668136851 0.026373936901544239 -0.017622501235443365
      vertex 0.038650522668136851 0.029305148540070429 -0.012138589972655302
    endloop
  endfacet
  facet normal 0.80182864299724088 0.52699561192653965 -0.28168502317193778
    outer loop
      vertex 0.041573480615127265 0.023096988312782167 -0.015432914190872752
      vertex 0.038650522668136851 0.029305148540070429 -0.012138589972655302
      vertex 0.041573480615127265 0.02566399835796683 -0.010630376184590722
    endloop
  endfacet
  facet normal 0.80182864299724088 0.57182356089237718 -0.17346078080524421
    outer loop
      vertex 0.041573480615127265 0.02566399835796683 -0.010630376184590722
      vertex 0.038650522668136851 0.029305148540070429 -0.012138589972655302
      vertex 0.038650522668136851 0.031110179754718366 -0.0061881995046177531
    endloop
  endfacet
  facet normal 0.80182864299724133 0.57182356089237674 -0.17346078080524355
    outer loop
      vertex 0.041573480615127265 0.02566399835796683 -0.010630376184590722
      vertex 0.038650522668136851 0.031110179754718366 -0.0061881995046177531
      vertex 0.041573480615127265 0.027244755338790925 -0.005419318783118493
    endloop
  endfacet
  facet normal 0.80182864299724133 0.59467665109546763 -0.058570537910131434
    outer loop
      vertex 0.041573480615127265 0.027244755338790925 -0.005419318783118493
      vertex 0.038650522668136851 0.031110179754718366 -0.0061881995046177531
      vertex 0.038650522668136851 0.031719664208182279 0
    endloop
  endfacet
  facet normal 0.80182864299724099 0.59467665109546775 -0.058570537910131774
    outer loop
      vertex 0.041573480615127265 0.027244755338790925 -0.005419318783118493
      vertex 0.038650522668136851 0.031719664208182279 0
      vertex 0.041573480615127265 0.027778511650980109 0
    endloop
  endfacet
  facet normal 0.7393356424371037 0.6700947664778214 0.065998573932691859
    outer loop
      vertex 0.038650522668136851 0.031719664208182279 0
      vertex 0.035355339059327383 0.035355339059327376 0
      vertex 0.035355339059327383 0.034675996133053687 0.0068974844820735744
    endloop
  endfacet
  facet normal 0.73933564243710381 0.6700947664778214 0.065998573932691845
    outer loop
      vertex 0.038650522668136851 0.031719664208182279 0
      vertex 0.035355339059327383 0.034675996133053687 0.0068974844820735744
      vertex 0.038650522668136851 0.031110179754718369 0.0061881995046177384
    endloop
  endfacet
  facet normal 0.73933564243710381 0.64434340039555327 0.19545943361426887
    outer loop
      vertex 0.038650522668136851 0.031110179754718369 0.0061881995046177384
      vertex 0.035355339059327383 0.034675996133053687 0.0068974844820735744
      vertex 0.035355339059327383 0.032664074121909414 0.013529902503654925
    endloop
  endfacet
  facet normal 0.73933564243710381 0.64434340039555327 0.19545943361426893
    outer loop
      vertex 0.038650522668136851 0.031110179754718369 0.0061881995046177384
      vertex 0.035355339059327383 0.032664074121909414 0.013529902503654925
      vertex 0.038650522668136851 0.029305148540070439 0.012138589972655283
    endloop
  endfacet
  facet normal 0.73933564243710381 0.59383027878802586 0.31740889687696322
    outer loop
      vertex 0.038650522668136851 0.029305148540070439 0.012138589972655283
      vertex 0.035355339059327383 0.032664074121909414 0.013529902503654925
      vertex 0.035355339059327383 0.029396890060483967 0.019642373959677554
    endloop
  endfacet
  facet normal 0.73933564243710381 0.59383027878802574 0.31740889687696316
    outer loop
      vertex 0.038650522668136851 0.029305148540070439 0.012138589972655283
      vertex 0.035355339059327383 0.029396890060483967 0.019642373959677554
      vertex 0.038650522668136851 0.026373936901544239 0.017622501235443365
    endloop
  endfacet
  facet normal 0.73933564243710381 0.52049659259053171 0.42716051423763535
    outer loop
      vertex 0.038650522668136851 0.026373936901544239 0.017622501235443365
      vertex 0.035355339059327383 0.029396890060483967 0.019642373959677554
      vertex 0.035355339059327383 0.025000000000000001 0.024999999999999998
    endloop
  endfacet
  facet normal 0.7393356424371037 0.52049659259053194 0.42716051423763529
    outer loop
      vertex 0.038650522668136851 0.026373936901544239 0.017622501235443365
      vertex 0.035355339059327383 0.025000000000000001 0.024999999999999998
      vertex 0.038650522668136851 0.022429189658565912 0.022429189658565909
    endloop
  endfacet
  facet normal 0.73933564243710359 0.42716051423763562 0.5204965925905316
    outer loop
      vertex 0.038650522668136851 0.022429189658565912 0.022429189658565909
      vertex 0.035355339059327383 0.025000000000000001 0.024999999999999998
      vertex 0.035355339059327383 0.019642373959677557 0.029396890060483967
    endloop
  endfacet
  facet normal 0.7393356424371037 0.42716051423763546 0.5204965925905316
    outer loop
      vertex 0.038650522668136851 0.022429189658565912 0.022429189658565909
      vertex 0.035355339059327383 0.019642373959677557 0.029396890060483967
      vertex 0.038650522668136851 0.017622501235443368 0.026373936901544239
    endloop
  endfacet
  facet normal 0.73933564243710381 0.31740889687696316 0.59383027878802574
    outer loop
      vertex 0.038650522668136851 0.017622501235443368 0.026373936901544239
      vertex 0.035355339059327383 0.019642373959677557 0.029396890060483967
      vertex 0.035355339059327383 0.013529902503654927 0.032664074121909414
    endloop
  endfacet
  facet normal 0.73933564243710381 0.31740889687696305 0.59383027878802586
    outer loop
      vertex 0.038650522668136851 0.017622501235443368 0.026373936901544239
      vertex 0.035355339059327383 0.013529902503654927 0.032664074121909414
      vertex 0.038650522668136851 0.012138589972655284 0.029305148540070439
    endloop
  endfacet
  facet normal 0.73933564243710381 0.19545943361426893 0.64434340039555316
    outer loop
      vertex 0.038650522668136851 0.012138589972655284 0.029305148540070439
      vertex 0.035355339059327383 0.013529902503654927 0.032664074121909414
      vertex 0.035355339059327383 0.0068974844820735778 0.034675996133053687
    endloop
  endfacet
  facet normal 0.7393356424371037 0.19545943361426896 0.64434340039555327
    outer loop
      vertex 0.038650522668136851 0.012138589972655284 0.029305148540070439
      vertex 0.035355339059327383 0.0068974844820735778 0.034675996133053687
      vertex 0.038650522668136851 0.006188199504617741 0.031110179754718369
    endloop
  endfacet
  facet normal 0.73933564243710381 0.065998573932691845 0.6700947664778214
    outer loop
      vertex 0.038650522668136851 0.006188199504617741 0.031110179754718369
      vertex 0.035355339059327383 0.0068974844820735778 0.034675996133053687
      vertex 0.035355339059327383 2.1648901405887331e-18 0.035355339059327376
    endloop
  endfacet
  facet normal 0.73933564243710381 0.065998573932691831 0.67009476647782151
    outer loop
      vertex 0.038650522668136851 0.006188199504617741 0.031110179754718369
      vertex 0.035355339059327383 2.1648901405887331e-18 0.035355339059327376
      vertex 0.038650522668136851 1.9422692621289645e-18 0.031719664208182279
    endloop
  endfacet
  facet normal 0.7393356424371037 -0.065998573932691859 0.6700947664778214
    outer loop
      vertex 0.038650522668136851 1.9422692621289645e-18 0.031719664208182279
      vertex 0.035355339059327383 2.1648901405887331e-18 0.035355339059327376
      vertex 0.035355339059327383 -0.0068974844820735726 0.034675996133053687
    endloop
  endfacet
  facet normal 0.73933564243710381 -0.065998573932691845 0.6700947664778214
    outer loop
      vertex 0.038650522668136851 1.9422692621289645e-18 0.031719664208182279
      vertex 0.035355339059327383 -0.0068974844820735726 0.034675996133053687
      vertex 0.038650522668136851 -0.0061881995046177366 0.031110179754718369
    endloop
  endfacet
  facet normal 0.73933564243710381 -0.19545943361426887 0.64434340039555327
    outer loop
      vertex 0.038650522668136851 -0.0061881995046177366 0.031110179754718369
      vertex 0.035355339059327383 -0.0068974844820735726 0.034675996133053687
      vertex 0.035355339059327383 -0.013529902503654923 0.032664074121909414
    endloop
  endfacet
  facet normal 0.73933564243710381 -0.19545943361426893 0.64434340039555327
    outer loop
      vertex 0.038650522668136851 -0.0061881995046177366 0.031110179754718369
      vertex 0.035355339059327383 -0.013529902503654923 0.032664074121909414
      vertex 0.038650522668136851 -0.012138589972655281 0.029305148540070439
    endloop
  endfacet
  facet normal 0.7393356424371037 -0.31740889687696294 0.59383027878802586
    outer loop
      vertex 0.038650522668136851 -0.012138589972655281 0.029305148540070439
      vertex 0.035355339059327383 -0.013529902503654923 0.032664074121909414
      vertex 0.035355339059327383 -0.019642373959677543 0.029396890060483974
    endloop
  endfacet
  facet normal 0.7393356424371037 -0.31740889687696294 0.59383027878802619
    outer loop
      vertex 0.038650522668136851 -0.012138589972655281 0.029305148540070439
      vertex 0.035355339059327383 -0.019642373959677543 0.029396890060483974
      vertex 0.038650522668136851 -0.017622501235443358 0.026373936901544246
    endloop
  endfacet
  facet normal 0.73933564243710359 -0.4271605142376354 0.52049659259053216
    outer loop
      vertex 0.038650522668136851 -0.017622501235443358 0.026373936901544246
      vertex 0.035355339059327383 -0.019642373959677543 0.029396890060483974
      vertex 0.035355339059327383 -0.024999999999999998 0.025000000000000001
    endloop
  endfacet
  facet normal 0.7393356424371037 -0.42716051423763546 0.52049659259053194
    outer loop
      vertex 0.038650522668136851 -0.017622501235443358 0.026373936901544246
      vertex 0.035355339059327383 -0.024999999999999998 0.025000000000000001
      vertex 0.038650522668136851 -0.022429189658565909 0.022429189658565912
    endloop
  endfacet
  facet normal 0.7393356424371037 -0.5204965925905316 0.42716051423763568
    outer loop
      vertex 0.038650522668136851 -0.022429189658565909 0.022429189658565912
      vertex 0.035355339059327383 -0.024999999999999998 0.025000000000000001
      vertex 0.035355339059327383 -0.02939689006048397 0.019642373959677554
    endloop
  endfacet
  facet normal 0.7393356424371037 -0.52049659259053171 0.42716051423763551
    outer loop
      vertex 0.038650522668136851 -0.022429189658565909 0.022429189658565912
      vertex 0.035355339059327383 -0.02939689006048397 0.019642373959677554
      vertex 0.038650522668136851 -0.026373936901544243 0.017622501235443365
    endloop
  endfacet
  facet normal 0.7393356424371037 -0.59383027878802586 0.31740889687696311
    outer loop
      vertex 0.038650522668136851 -0.026373936901544243 0.017622501235443365
      vertex 0.035355339059327383 -0.02939689006048397 0.019642373959677554
      vertex 0.035355339059327383 -0.032664074121909414 0.013529902503654928
    endloop
  endfacet
  facet normal 0.7393356424371037 -0.59383027878802597 0.31740889687696305
    outer loop
      vertex 0.038650522668136851 -0.026373936901544243 0.017622501235443365
      vertex 0.035355339059327383 -0.032664074121909414 0.013529902503654928
      vertex 0.038650522668136851 -0.029305148540070439 0.012138589972655286
    endloop
  endfacet
  facet normal 0.7393356424371037 -0.64434340039555305 0.19545943361426912
    outer loop
      vertex 0.038650522668136851 -0.029305148540070439 0.012138589972655286
      vertex 0.035355339059327383 -0.032664074121909414 0.013529902503654928
      vertex 0.035355339059327383 -0.034675996133053687 0.0068974844820735874
    endloop
  endfacet
  facet normal 0.73933564243710381 -0.64434340039555316 0.19545943361426915
    outer loop
      vertex 0.038650522668136851 -0.029305148540070439 0.012138589972655286
      vertex 0.035355339059327383 -0.034675996133053687 0.0068974844820735874
      vertex 0.038650522668136851 -0.031110179754718369 0.0061881995046177496
    endloop
  endfacet
  facet normal 0.73933564243710392 -0.67009476647782151 0.06599857393269179
    outer loop
      vertex 0.038650522668136851 -0.031110179754718369 0.0061881995046177496
      vertex 0.035355339059327383 -0.034675996133053687 0.0068974844820735874
      vertex 0.035355339059327383 -0.035355339059327376 4.3297802811774661e-18
    endloop
  endfacet
  facet normal 0.73933564243710381 -0.67009476647782151 0.065998573932691762
    outer loop
      vertex 0.038650522668136851 -0.031110179754718369 0.0061881995046177496
      vertex 0.035355339059327383 -0.035355339059327376 4.3297802811774661e-18
      vertex 0.038650522668136851 -0.031719664208182279 3.884538524257929e-18
    endloop
  endfacet
  facet normal 0.73933564243710392 -0.67009476647782151 -0.065998573932691804
    outer loop
      vertex 0.038650522668136851 -0.031719664208182279 3.884538524257929e-18
      vertex 0.035355339059327383 -0.035355339059327376 4.3297802811774661e-18
      vertex 0.035355339059327383 -0.034675996133053687 -0.0068974844820735787
    endloop
  endfacet
  facet normal 0.73933564243710381 -0.67009476647782151 -0.065998573932691776
    outer loop
      vertex 0.038650522668136851 -0.031719664208182279 3.884538524257929e-18
      vertex 0.035355339059327383 -0.034675996133053687 -0.0068974844820735787
      vertex 0.038650522668136851 -0.031110179754718369 -0.0061881995046177418
    endloop
  endfacet
  facet normal 0.7393356424371037 -0.64434340039555316 -0.19545943361426907
    outer loop
      vertex 0.038650522668136851 -0.031110179754718369 -0.0061881995046177418
      vertex 0.035355339059327383 -0.034675996133053687 -0.0068974844820735787
      vertex 0.035355339059327383 -0.032664074121909414 -0.013529902503654921
    endloop
  endfacet
  facet normal 0.73933564243710348 -0.6443434003955536 -0.19545943361426887
    outer loop
      vertex 0.038650522668136851 -0.031110179754718369 -0.0061881995046177418
      vertex 0.035355339059327383 -0.032664074121909414 -0.013529902503654921
      vertex 0.038650522668136851 -0.029305148540070443 -0.012138589972655279
    endloop
  endfacet
  facet normal 0.73933564243710359 -0.59383027878802619 -0.31740889687696311
    outer loop
      vertex 0.038650522668136851 -0.029305148540070443 -0.012138589972655279
      vertex 0.035355339059327383 -0.032664074121909414 -0.013529902503654921
      vertex 0.035355339059327383 -0.029396890060483974 -0.019642373959677543
    endloop
  endfacet
  facet normal 0.73933564243710359 -0.59383027878802608 -0.31740889687696311
    outer loop
      vertex 0.038650522668136851 -0.029305148540070443 -0.012138589972655279
      vertex 0.035355339059327383 -0.029396890060483974 -0.019642373959677543
      vertex 0.038650522668136851 -0.026373936901544246 -0.017622501235443358
    endloop
  endfacet
  facet normal 0.73933564243710348 -0.52049659259053227 -0.42716051423763518
    outer loop
      vertex 0.038650522668136851 -0.026373936901544246 -0.017622501235443358
      vertex 0.035355339059327383 -0.029396890060483974 -0.019642373959677543
      vertex 0.035355339059327383 -0.025000000000000005 -0.024999999999999998
    endloop
  endfacet
  facet normal 0.7393356424371037 -0.52049659259053216 -0.42716051423763524
    outer loop
      vertex 0.038650522668136851 -0.026373936901544246 -0.017622501235443358
      vertex 0.035355339059327383 -0.025000000000000005 -0.024999999999999998
      vertex 0.038650522668136851 -0.022429189658565916 -0.022429189658565909
    endloop
  endfacet
  facet normal 0.73933564243710359 -0.42716051423763529 -0.52049659259053194
    outer loop
      vertex 0.038650522668136851 -0.022429189658565916 -0.022429189658565909
      vertex 0.035355339059327383 -0.025000000000000005 -0.024999999999999998
      vertex 0.035355339059327383 -0.019642373959677554 -0.029396890060483967
    endloop
  endfacet
  facet normal 0.7393356424371037 -0.42716051423763507 -0.52049659259053194
    outer loop
      vertex 0.038650522668136851 -0.022429189658565916 -0.022429189658565909
      vertex 0.035355339059327383 -0.019642373959677554 -0.029396890060483967
      vertex 0.038650522668136851 -0.017622501235443365 -0.026373936901544239
    endloop
  endfacet
  facet normal 0.7393356424371037 -0.3174088968769635 -0.59383027878802552
    outer loop
      vertex 0.038650522668136851 -0.017622501235443365 -0.026373936901544239
      vertex 0.035355339059327383 -0.019642373959677554 -0.029396890060483967
      vertex 0.035355339059327383 -0.013529902503654944 -0.032664074121909407
    endloop
  endfacet
  facet normal 0.73933564243710415 -0.31740889687696289 -0.59383027878802541
    outer loop
      vertex 0.038650522668136851 -0.017622501235443365 -0.026373936901544239
      vertex 0.035355339059327383 -0.013529902503654944 -0.032664074121909407
      vertex 0.038650522668136851 -0.0121385899726553 -0.029305148540070429
    endloop
  endfacet
  facet normal 0.73933564243710415 -0.19545943361426871 -0.64434340039555293
    outer loop
      vertex 0.038650522668136851 -0.0121385899726553 -0.029305148540070429
      vertex 0.035355339059327383 -0.013529902503654944 -0.032664074121909407
      vertex 0.035355339059327383 -0.0068974844820735891 -0.03467599613305368
    endloop
  endfacet
  facet normal 0.73933564243710348 -0.1954594336142696 -0.64434340039555349
    outer loop
      vertex 0.038650522668136851 -0.0121385899726553 -0.029305148540070429
      vertex 0.035355339059327383 -0.0068974844820735891 -0.03467599613305368
      vertex 0.038650522668136851 -0.0061881995046177514 -0.031110179754718366
    endloop
  endfacet
  facet normal 0.73933564243710348 -0.065998573932692456 -0.67009476647782162
    outer loop
      vertex 0.038650522668136851 -0.0061881995046177514 -0.031110179754718366
      vertex 0.035355339059327383 -0.0068974844820735891 -0.03467599613305368
      vertex 0.035355339059327383 -6.4946704217661992e-18 -0.035355339059327376
    endloop
  endfacet
  facet normal 0.73933564243710381 -0.065998573932692151 -0.67009476647782151
    outer loop
      vertex 0.038650522668136851 -0.0061881995046177514 -0.031110179754718366
      vertex 0.035355339059327383 -6.4946704217661992e-18 -0.035355339059327376
      vertex 0.038650522668136851 -5.8268077863868935e-18 -0.031719664208182279
    endloop
  endfacet
  facet normal 0.73933564243710392 0.06599857393269179 -0.67009476647782151
    outer loop
      vertex 0.038650522668136851 -5.8268077863868935e-18 -0.031719664208182279
      vertex 0.035355339059327383 -6.4946704217661992e-18 -0.035355339059327376
      vertex 0.035355339059327383 0.0068974844820735761 -0.034675996133053687
    endloop
  endfacet
  facet normal 0.7393356424371037 0.065998573932691762 -0.67009476647782151
    outer loop
      vertex 0.038650522668136851 -5.8268077863868935e-18 -0.031719664208182279
      vertex 0.035355339059327383 0.0068974844820735761 -0.034675996133053687
      vertex 0.038650522668136851 0.0061881995046177401 -0.031110179754718369
    endloop
  endfacet
  facet normal 0.7393356424371037 0.19545943361426935 -0.64434340039555316
    outer loop
      vertex 0.038650522668136851 0.0061881995046177401 -0.031110179754718369
      vertex 0.035355339059327383 0.0068974844820735761 -0.034675996133053687
      vertex 0.035355339059327383 0.013529902503654932 -0.032664074121909407
    endloop
  endfacet
  facet normal 0.73933564243710348 0.19545943361426918 -0.64434340039555349
    outer loop
      vertex 0.038650522668136851 0.0061881995046177401 -0.031110179754718369
      vertex 0.035355339059327383 0.013529902503654932 -0.032664074121909407
      vertex 0.038650522668136851 0.01213858997265529 -0.029305148540070436
    endloop
  endfacet
  facet normal 0.73933564243710359 0.31740889687696316 -0.59383027878802619
    outer loop
      vertex 0.038650522668136851 0.01213858997265529 -0.029305148540070436
      vertex 0.035355339059327383 0.013529902503654932 -0.032664074121909407
      vertex 0.035355339059327383 0.01964237395967754 -0.029396890060483974
    endloop
  endfacet
  facet normal 0.73933564243710359 0.31740889687696322 -0.59383027878802597
    outer loop
      vertex 0.038650522668136851 0.01213858997265529 -0.029305148540070436
      vertex 0.035355339059327383 0.01964237395967754 -0.029396890060483974
      vertex 0.038650522668136851 0.017622501235443355 -0.026373936901544246
    endloop
  endfacet
  facet normal 0.73933564243710348 0.42716051423763518 -0.52049659259053227
    outer loop
      vertex 0.038650522668136851 0.017622501235443355 -0.026373936901544246
      vertex 0.035355339059327383 0.01964237395967754 -0.029396890060483974
      vertex 0.035355339059327383 0.024999999999999994 -0.025000000000000005
    endloop
  endfacet
  facet normal 0.7393356424371037 0.42716051423763524 -0.52049659259053216
    outer loop
      vertex 0.038650522668136851 0.017622501235443355 -0.026373936901544246
      vertex 0.035355339059327383 0.024999999999999994 -0.025000000000000005
      vertex 0.038650522668136851 0.022429189658565905 -0.022429189658565916
    endloop
  endfacet
  facet normal 0.7393356424371037 0.52049659259053183 -0.42716051423763551
    outer loop
      vertex 0.038650522668136851 0.022429189658565905 -0.022429189658565916
      vertex 0.035355339059327383 0.024999999999999994 -0.025000000000000005
      vertex 0.035355339059327383 0.029396890060483967 -0.019642373959677554
    endloop
  endfacet
  facet normal 0.7393356424371037 0.52049659259053183 -0.4271605142376354
    outer loop
      vertex 0.038650522668136851 0.022429189658565905 -0.022429189658565916
      vertex 0.035355339059327383 0.029396890060483967 -0.019642373959677554
      vertex 0.038650522668136851 0.026373936901544239 -0.017622501235443365
    endloop
  endfacet
  facet normal 0.73933564243710359 0.59383027878802563 -0.31740889687696355
    outer loop
      vertex 0.038650522668136851 0.026373936901544239 -0.017622501235443365
      vertex 0.035355339059327383 0.029396890060483967 -0.019642373959677554
      vertex 0.035355339059327383 0.032664074121909407 -0.013529902503654946
    endloop
  endfacet
  facet normal 0.73933564243710415 0.59383027878802541 -0.31740889687696294
    outer loop
      vertex 0.038650522668136851 0.026373936901544239 -0.017622501235443365
      vertex 0.035355339059327383 0.032664074121909407 -0.013529902503654946
      vertex 0.038650522668136851 0.029305148540070429 -0.012138589972655302
    endloop
  endfacet
  facet normal 0.73933564243710403 0.64434340039555282 -0.19545943361426868
    outer loop
      vertex 0.038650522668136851 0.029305148540070429 -0.012138589972655302
      vertex 0.035355339059327383 0.032664074121909407 -0.013529902503654946
      vertex 0.035355339059327383 0.03467599613305368 -0.0068974844820735908
    endloop
  endfacet
  facet normal 0.73933564243710337 0.64434340039555338 -0.19545943361426957
    outer loop
      vertex 0.038650522668136851 0.029305148540070429 -0.012138589972655302
      vertex 0.035355339059327383 0.03467599613305368 -0.0068974844820735908
      vertex 0.038650522668136851 0.031110179754718366 -0.0061881995046177531
    endloop
  endfacet
  facet normal 0.73933564243710348 0.67009476647782162 -0.065998573932692373
    outer loop
      vertex 0.038650522668136851 0.031110179754718366 -0.0061881995046177531
      vertex 0.035355339059327383 0.03467599613305368 -0.0068974844820735908
      vertex 0.035355339059327383 0.035355339059327376 0
    endloop
  endfacet
  facet normal 0.73933564243710381 0.67009476647782151 -0.065998573932692053
    outer loop
      vertex 0.038650522668136851 0.031110179754718366 -0.0061881995046177531
      vertex 0.035355339059327383 0.035355339059327376 0
      vertex 0.038650522668136851 0.031719664208182279 0
    endloop
  endfacet
  facet normal 0.66977780910913254 0.73898593387119949 0.072783761688179294
    outer loop
      vertex 0.035355339059327383 0.035355339059327376 0
      vertex 0.031719664208182279 0.038650522668136851 0
      vertex 0.031719664208182279 0.037907863712800013 0.0075403429134184826
    endloop
  endfacet
  facet normal 0.66977780910913221 0.73898593387119982 0.072783761688179002
    outer loop
      vertex 0.035355339059327383 0.035355339059327376 0
      vertex 0.031719664208182279 0.037907863712800013 0.0075403429134184826
      vertex 0.035355339059327383 0.034675996133053687 0.0068974844820735744
    endloop
  endfacet
  facet normal 0.66977780910913221 0.71058711886061587 0.21555424592046432
    outer loop
      vertex 0.035355339059327383 0.034675996133053687 0.0068974844820735744
      vertex 0.031719664208182279 0.037907863712800013 0.0075403429134184826
      vertex 0.031719664208182279 0.035708426813955162 0.014790914677347318
    endloop
  endfacet
  facet normal 0.66977780910913187 0.7105871188606161 0.21555424592046415
    outer loop
      vertex 0.035355339059327383 0.034675996133053687 0.0068974844820735744
      vertex 0.031719664208182279 0.035708426813955162 0.014790914677347318
      vertex 0.035355339059327383 0.032664074121909414 0.013529902503654925
    endloop
  endfacet
  facet normal 0.66977780910913187 0.65488083937406583 0.35004110136623973
    outer loop
      vertex 0.035355339059327383 0.032664074121909414 0.013529902503654925
      vertex 0.031719664208182279 0.035708426813955162 0.014790914677347318
      vertex 0.031719664208182279 0.032136735098166481 0.021473079885066207
    endloop
  endfacet
  facet normal 0.66977780910913221 0.65488083937406538 0.35004110136623989
    outer loop
      vertex 0.035355339059327383 0.032664074121909414 0.013529902503654925
      vertex 0.031719664208182279 0.032136735098166481 0.021473079885066207
      vertex 0.035355339059327383 0.029396890060483967 0.019642373959677554
    endloop
  endfacet
  facet normal 0.66977780910913221 0.57400785649177599 0.47107607359182146
    outer loop
      vertex 0.035355339059327383 0.029396890060483967 0.019642373959677554
      vertex 0.031719664208182279 0.032136735098166481 0.021473079885066207
      vertex 0.031719664208182279 0.027330046675043941 0.027330046675043938
    endloop
  endfacet
  facet normal 0.66977780910913254 0.57400785649177588 0.47107607359182158
    outer loop
      vertex 0.035355339059327383 0.029396890060483967 0.019642373959677554
      vertex 0.031719664208182279 0.027330046675043941 0.027330046675043938
      vertex 0.035355339059327383 0.025000000000000001 0.024999999999999998
    endloop
  endfacet
  facet normal 0.66977780910913254 0.47107607359182169 0.57400785649177588
    outer loop
      vertex 0.035355339059327383 0.025000000000000001 0.024999999999999998
      vertex 0.031719664208182279 0.027330046675043941 0.027330046675043938
      vertex 0.031719664208182279 0.02147307988506621 0.032136735098166481
    endloop
  endfacet
  facet normal 0.66977780910913221 0.47107607359182191 0.57400785649177577
    outer loop
      vertex 0.035355339059327383 0.025000000000000001 0.024999999999999998
      vertex 0.031719664208182279 0.02147307988506621 0.032136735098166481
      vertex 0.035355339059327383 0.019642373959677557 0.029396890060483967
    endloop
  endfacet
  facet normal 0.66977780910913221 0.35004110136623967 0.6548808393740656
    outer loop
      vertex 0.035355339059327383 0.019642373959677557 0.029396890060483967
      vertex 0.031719664208182279 0.02147307988506621 0.032136735098166481
      vertex 0.031719664208182279 0.014790914677347321 0.035708426813955162
    endloop
  endfacet
  facet normal 0.66977780910913198 0.35004110136623989 0.6548808393740656
    outer loop
      vertex 0.035355339059327383 0.019642373959677557 0.029396890060483967
      vertex 0.031719664208182279 0.014790914677347321 0.035708426813955162
      vertex 0.035355339059327383 0.013529902503654927 0.032664074121909414
    endloop
  endfacet
  facet normal 0.66977780910913187 0.2155542459204644 0.71058711886061587
    outer loop
      vertex 0.035355339059327383 0.013529902503654927 0.032664074121909414
      vertex 0.031719664208182279 0.014790914677347321 0.035708426813955162
      vertex 0.031719664208182279 0.007540342913418486 0.037907863712800013
    endloop
  endfacet
  facet normal 0.66977780910913209 0.21555424592046413 0.71058711886061576
    outer loop
      vertex 0.035355339059327383 0.013529902503654927 0.032664074121909414
      vertex 0.031719664208182279 0.007540342913418486 0.037907863712800013
      vertex 0.035355339059327383 0.0068974844820735778 0.034675996133053687
    endloop
  endfacet
  facet normal 0.66977780910913209 0.072783761688179321 0.73898593387119982
    outer loop
      vertex 0.035355339059327383 0.0068974844820735778 0.034675996133053687
      vertex 0.031719664208182279 0.007540342913418486 0.037907863712800013
      vertex 0.031719664208182279 2.3666619435453006e-18 0.038650522668136851
    endloop
  endfacet
  facet normal 0.66977780910913254 0.072783761688178961 0.7389859338711996
    outer loop
      vertex 0.035355339059327383 0.0068974844820735778 0.034675996133053687
      vertex 0.031719664208182279 2.3666619435453006e-18 0.038650522668136851
      vertex 0.035355339059327383 2.1648901405887331e-18 0.035355339059327376
    endloop
  endfacet
  facet normal 0.66977780910913254 -0.072783761688179294 0.73898593387119949
    outer loop
      vertex 0.035355339059327383 2.1648901405887331e-18 0.035355339059327376
      vertex 0.031719664208182279 2.3666619435453006e-18 0.038650522668136851
      vertex 0.031719664208182279 -0.0075403429134184808 0.037907863712800013
    endloop
  endfacet
  facet normal 0.66977780910913221 -0.072783761688179002 0.73898593387119982
    outer loop
      vertex 0.035355339059327383 2.1648901405887331e-18 0.035355339059327376
      vertex 0.031719664208182279 -0.0075403429134184808 0.037907863712800013
      vertex 0.035355339059327383 -0.0068974844820735726 0.034675996133053687
    endloop
  endfacet
  facet normal 0.66977780910913221 -0.21555424592046432 0.71058711886061587
    outer loop
      vertex 0.035355339059327383 -0.0068974844820735726 0.034675996133053687
      vertex 0.031719664208182279 -0.0075403429134184808 0.037907863712800013
      vertex 0.031719664208182279 -0.014790914677347316 0.035708426813955162
    endloop
  endfacet
  facet normal 0.66977780910913187 -0.21555424592046415 0.7105871188606161
    outer loop
      vertex 0.035355339059327383 -0.0068974844820735726 0.034675996133053687
      vertex 0.031719664208182279 -0.014790914677347316 0.035708426813955162
      vertex 0.035355339059327383 -0.013529902503654923 0.032664074121909414
    endloop
  endfacet
  facet normal 0.66977780910913198 -0.350041101366239 0.65488083937406616
    outer loop
      vertex 0.035355339059327383 -0.013529902503654923 0.032664074121909414
      vertex 0.031719664208182279 -0.014790914677347316 0.035708426813955162
      vertex 0.031719664208182279 -0.021473079885066196 0.032136735098166495
    endloop
  endfacet
  facet normal 0.66977780910913287 -0.35004110136623945 0.65488083937406505
    outer loop
      vertex 0.035355339059327383 -0.013529902503654923 0.032664074121909414
      vertex 0.031719664208182279 -0.021473079885066196 0.032136735098166495
      vertex 0.035355339059327383 -0.019642373959677543 0.029396890060483974
    endloop
  endfacet
  facet normal 0.66977780910913298 -0.47107607359182158 0.57400785649177544
    outer loop
      vertex 0.035355339059327383 -0.019642373959677543 0.029396890060483974
      vertex 0.031719664208182279 -0.021473079885066196 0.032136735098166495
      vertex 0.031719664208182279 -0.027330046675043938 0.027330046675043941
    endloop
  endfacet
  facet normal 0.66977780910913254 -0.47107607359182146 0.57400785649177577
    outer loop
      vertex 0.035355339059327383 -0.019642373959677543 0.029396890060483974
      vertex 0.031719664208182279 -0.027330046675043938 0.027330046675043941
      vertex 0.035355339059327383 -0.024999999999999998 0.025000000000000001
    endloop
  endfacet
  facet normal 0.66977780910913254 -0.57400785649177544 0.47107607359182191
    outer loop
      vertex 0.035355339059327383 -0.024999999999999998 0.025000000000000001
      vertex 0.031719664208182279 -0.027330046675043938 0.027330046675043941
      vertex 0.031719664208182279 -0.032136735098166488 0.021473079885066207
    endloop
  endfacet
  facet normal 0.66977780910913254 -0.57400785649177544 0.4710760735918218
    outer loop
      vertex 0.035355339059327383 -0.024999999999999998 0.025000000000000001
      vertex 0.031719664208182279 -0.032136735098166488 0.021473079885066207
      vertex 0.035355339059327383 -0.02939689006048397 0.019642373959677554
    endloop
  endfacet
  facet normal 0.66977780910913265 -0.65488083937406549 0.35004110136623917
    outer loop
      vertex 0.035355339059327383 -0.02939689006048397 0.019642373959677554
      vertex 0.031719664208182279 -0.032136735098166488 0.021473079885066207
      vertex 0.031719664208182279 -0.035708426813955162 0.014790914677347323
    endloop
  endfacet
  facet normal 0.66977780910913209 -0.6548808393740656 0.35004110136623989
    outer loop
      vertex 0.035355339059327383 -0.02939689006048397 0.019642373959677554
      vertex 0.031719664208182279 -0.035708426813955162 0.014790914677347323
      vertex 0.035355339059327383 -0.032664074121909414 0.013529902503654928
    endloop
  endfacet
  facet normal 0.66977780910913198 -0.71058711886061598 0.21555424592046468
    outer loop
      vertex 0.035355339059327383 -0.032664074121909414 0.013529902503654928
      vertex 0.031719664208182279 -0.035708426813955162 0.014790914677347323
      vertex 0.031719664208182279 -0.037907863712800013 0.0075403429134184964
    endloop
  endfacet
  facet normal 0.66977780910913221 -0.71058711886061565 0.21555424592046438
    outer loop
      vertex 0.035355339059327383 -0.032664074121909414 0.013529902503654928
      vertex 0.031719664208182279 -0.037907863712800013 0.0075403429134184964
      vertex 0.035355339059327383 -0.034675996133053687 0.0068974844820735874
    endloop
  endfacet
  facet normal 0.66977780910913221 -0.73898593387119982 0.072783761688179252
    outer loop
      vertex 0.035355339059327383 -0.034675996133053687 0.0068974844820735874
      vertex 0.031719664208182279 -0.037907863712800013 0.0075403429134184964
      vertex 0.031719664208182279 -0.038650522668136851 4.7333238870906012e-18
    endloop
  endfacet
  facet normal 0.66977780910913254 -0.73898593387119949 0.072783761688178891
    outer loop
      vertex 0.035355339059327383 -0.034675996133053687 0.0068974844820735874
      vertex 0.031719664208182279 -0.038650522668136851 4.7333238870906012e-18
      vertex 0.035355339059327383 -0.035355339059327376 4.3297802811774661e-18
    endloop
  endfacet
  facet normal 0.66977780910913243 -0.73898593387119937 -0.07278376168817921
    outer loop
      vertex 0.035355339059327383 -0.035355339059327376 4.3297802811774661e-18
      vertex 0.031719664208182279 -0.038650522668136851 4.7333238870906012e-18
      vertex 0.031719664208182279 -0.037907863712800013 -0.0075403429134184869
    endloop
  endfacet
  facet normal 0.66977780910913221 -0.73898593387119982 -0.072783761688178919
    outer loop
      vertex 0.035355339059327383 -0.035355339059327376 4.3297802811774661e-18
      vertex 0.031719664208182279 -0.037907863712800013 -0.0075403429134184869
      vertex 0.035355339059327383 -0.034675996133053687 -0.0068974844820735787
    endloop
  endfacet
  facet normal 0.66977780910913209 -0.71058711886061598 -0.2155542459204639
    outer loop
      vertex 0.035355339059327383 -0.034675996133053687 -0.0068974844820735787
      vertex 0.031719664208182279 -0.037907863712800013 -0.0075403429134184869
      vertex 0.031719664208182279 -0.035708426813955169 -0.014790914677347314
    endloop
  endfacet
  facet normal 0.66977780910913254 -0.71058711886061532 -0.21555424592046421
    outer loop
      vertex 0.035355339059327383 -0.034675996133053687 -0.0068974844820735787
      vertex 0.031719664208182279 -0.035708426813955169 -0.014790914677347314
      vertex 0.035355339059327383 -0.032664074121909414 -0.013529902503654921
    endloop
  endfacet
  facet normal 0.66977780910913265 -0.6548808393740656 -0.35004110136623923
    outer loop
      vertex 0.035355339059327383 -0.032664074121909414 -0.013529902503654921
      vertex 0.031719664208182279 -0.035708426813955169 -0.014790914677347314
      vertex 0.031719664208182279 -0.032136735098166495 -0.021473079885066196
    endloop
  endfacet
  facet normal 0.66977780910913287 -0.65488083937406505 -0.35004110136623939
    outer loop
      vertex 0.035355339059327383 -0.032664074121909414 -0.013529902503654921
      vertex 0.031719664208182279 -0.032136735098166495 -0.021473079885066196
      vertex 0.035355339059327383 -0.029396890060483974 -0.019642373959677543
    endloop
  endfacet
  facet normal 0.66977780910913287 -0.57400785649177555 -0.4710760735918213
    outer loop
      vertex 0.035355339059327383 -0.029396890060483974 -0.019642373959677543
      vertex 0.031719664208182279 -0.032136735098166495 -0.021473079885066196
      vertex 0.031719664208182279 -0.027330046675043945 -0.027330046675043938
    endloop
  endfacet
  facet normal 0.66977780910913243 -0.57400785649177599 -0.47107607359182124
    outer loop
      vertex 0.035355339059327383 -0.029396890060483974 -0.019642373959677543
      vertex 0.031719664208182279 -0.027330046675043945 -0.027330046675043938
      vertex 0.035355339059327383 -0.025000000000000005 -0.024999999999999998
    endloop
  endfacet
  facet normal 0.66977780910913254 -0.47107607359182141 -0.5740078564917761
    outer loop
      vertex 0.035355339059327383 -0.025000000000000005 -0.024999999999999998
      vertex 0.031719664208182279 -0.027330046675043945 -0.027330046675043938
      vertex 0.031719664208182279 -0.021473079885066207 -0.032136735098166481
    endloop
  endfacet
  facet normal 0.66977780910913232 -0.47107607359182163 -0.5740078564917761
    outer loop
      vertex 0.035355339059327383 -0.025000000000000005 -0.024999999999999998
      vertex 0.031719664208182279 -0.021473079885066207 -0.032136735098166481
      vertex 0.035355339059327383 -0.019642373959677554 -0.029396890060483967
    endloop
  endfacet
  facet normal 0.66977780910913232 -0.35004110136624 -0.65488083937406538
    outer loop
      vertex 0.035355339059327383 -0.019642373959677554 -0.029396890060483967
      vertex 0.031719664208182279 -0.021473079885066207 -0.032136735098166481
      vertex 0.031719664208182279 -0.01479091467734734 -0.035708426813955155
    endloop
  endfacet
  facet normal 0.66977780910913221 -0.35004110136624034 -0.65488083937406549
    outer loop
      vertex 0.035355339059327383 -0.019642373959677554 -0.029396890060483967
      vertex 0.031719664208182279 -0.01479091467734734 -0.035708426813955155
      vertex 0.035355339059327383 -0.013529902503654944 -0.032664074121909407
    endloop
  endfacet
  facet normal 0.66977780910913209 -0.21555424592046479 -0.71058711886061576
    outer loop
      vertex 0.035355339059327383 -0.013529902503654944 -0.032664074121909407
      vertex 0.031719664208182279 -0.01479091467734734 -0.035708426813955155
      vertex 0.031719664208182279 -0.007540342913418499 -0.037907863712800013
    endloop
  endfacet
  facet normal 0.66977780910913298 -0.21555424592046377 -0.71058711886061521
    outer loop
      vertex 0.035355339059327383 -0.013529902503654944 -0.032664074121909407
      vertex 0.031719664208182279 -0.007540342913418499 -0.037907863712800013
      vertex 0.035355339059327383 -0.0068974844820735891 -0.03467599613305368
    endloop
  endfacet
  facet normal 0.66977780910913298 -0.072783761688179169 -0.73898593387119904
    outer loop
      vertex 0.035355339059327383 -0.0068974844820735891 -0.03467599613305368
      vertex 0.031719664208182279 -0.007540342913418499 -0.037907863712800013
      vertex 0.031719664208182279 -7.0999858306359007e-18 -0.038650522668136851
    endloop
  endfacet
  facet normal 0.66977780910913254 -0.072783761688179627 -0.73898593387119949
    outer loop
      vertex 0.035355339059327383 -0.0068974844820735891 -0.03467599613305368
      vertex 0.031719664208182279 -7.0999858306359007e-18 -0.038650522668136851
      vertex 0.035355339059327383 -6.4946704217661992e-18 -0.035355339059327376
    endloop
  endfacet
  facet normal 0.66977780910913243 0.07278376168817921 -0.73898593387119949
    outer loop
      vertex 0.035355339059327383 -6.4946704217661992e-18 -0.035355339059327376
      vertex 0.031719664208182279 -7.0999858306359007e-18 -0.038650522668136851
      vertex 0.031719664208182279 0.0075403429134184852 -0.037907863712800013
    endloop
  endfacet
  facet normal 0.66977780910913209 0.072783761688178933 -0.73898593387119982
    outer loop
      vertex 0.035355339059327383 -6.4946704217661992e-18 -0.035355339059327376
      vertex 0.031719664208182279 0.0075403429134184852 -0.037907863712800013
      vertex 0.035355339059327383 0.0068974844820735761 -0.034675996133053687
    endloop
  endfacet
  facet normal 0.66977780910913232 0.21555424592046415 -0.71058711886061587
    outer loop
      vertex 0.035355339059327383 0.0068974844820735761 -0.034675996133053687
      vertex 0.031719664208182279 0.0075403429134184852 -0.037907863712800013
      vertex 0.031719664208182279 0.014790914677347326 -0.035708426813955162
    endloop
  endfacet
  facet normal 0.66977780910913265 0.21555424592046446 -0.71058711886061521
    outer loop
      vertex 0.035355339059327383 0.0068974844820735761 -0.034675996133053687
      vertex 0.031719664208182279 0.014790914677347326 -0.035708426813955162
      vertex 0.035355339059327383 0.013529902503654932 -0.032664074121909407
    endloop
  endfacet
  facet normal 0.66977780910913276 0.35004110136623934 -0.65488083937406549
    outer loop
      vertex 0.035355339059327383 0.013529902503654932 -0.032664074121909407
      vertex 0.031719664208182279 0.014790914677347326 -0.035708426813955162
      vertex 0.031719664208182279 0.021473079885066193 -0.032136735098166495
    endloop
  endfacet
  facet normal 0.66977780910913298 0.35004110136623939 -0.65488083937406494
    outer loop
      vertex 0.035355339059327383 0.013529902503654932 -0.032664074121909407
      vertex 0.031719664208182279 0.021473079885066193 -0.032136735098166495
      vertex 0.035355339059327383 0.01964237395967754 -0.029396890060483974
    endloop
  endfacet
  facet normal 0.66977780910913287 0.4710760735918213 -0.57400785649177555
    outer loop
      vertex 0.035355339059327383 0.01964237395967754 -0.029396890060483974
      vertex 0.031719664208182279 0.021473079885066193 -0.032136735098166495
      vertex 0.031719664208182279 0.027330046675043934 -0.027330046675043945
    endloop
  endfacet
  facet normal 0.66977780910913243 0.47107607359182124 -0.57400785649177599
    outer loop
      vertex 0.035355339059327383 0.01964237395967754 -0.029396890060483974
      vertex 0.031719664208182279 0.027330046675043934 -0.027330046675043945
      vertex 0.035355339059327383 0.024999999999999994 -0.025000000000000005
    endloop
  endfacet
  facet normal 0.66977780910913243 0.57400785649177588 -0.47107607359182163
    outer loop
      vertex 0.035355339059327383 0.024999999999999994 -0.025000000000000005
      vertex 0.031719664208182279 0.027330046675043934 -0.027330046675043945
      vertex 0.031719664208182279 0.032136735098166481 -0.021473079885066207
    endloop
  endfacet
  facet normal 0.66977780910913232 0.57400785649177588 -0.4710760735918218
    outer loop
      vertex 0.035355339059327383 0.024999999999999994 -0.025000000000000005
      vertex 0.031719664208182279 0.032136735098166481 -0.021473079885066207
      vertex 0.035355339059327383 0.029396890060483967 -0.019642373959677554
    endloop
  endfacet
  facet normal 0.66977780910913232 0.65488083937406527 -0.35004110136624006
    outer loop
      vertex 0.035355339059327383 0.029396890060483967 -0.019642373959677554
      vertex 0.031719664208182279 0.032136735098166481 -0.021473079885066207
      vertex 0.031719664208182279 0.035708426813955155 -0.014790914677347342
    endloop
  endfacet
  facet normal 0.66977780910913198 0.65488083937406538 -0.35004110136624034
    outer loop
      vertex 0.035355339059327383 0.029396890060483967 -0.019642373959677554
      vertex 0.031719664208182279 0.035708426813955155 -0.014790914677347342
      vertex 0.035355339059327383 0.032664074121909407 -0.013529902503654946
    endloop
  endfacet
  facet normal 0.66977780910913209 0.71058711886061576 -0.21555424592046479
    outer loop
      vertex 0.035355339059327383 0.032664074121909407 -0.013529902503654946
      vertex 0.031719664208182279 0.035708426813955155 -0.014790914677347342
      vertex 0.031719664208182279 0.037907863712800013 -0.0075403429134185008
    endloop
  endfacet
  facet normal 0.66977780910913298 0.71058711886061521 -0.21555424592046377
    outer loop
      vertex 0.035355339059327383 0.032664074121909407 -0.013529902503654946
      vertex 0.031719664208182279 0.037907863712800013 -0.0075403429134185008
      vertex 0.035355339059327383 0.03467599613305368 -0.0068974844820735908
    endloop
  endfacet
  facet normal 0.66977780910913298 0.73898593387119915 -0.072783761688179086
    outer loop
      vertex 0.035355339059327383 0.03467599613305368 -0.0068974844820735908
      vertex 0.031719664208182279 0.037907863712800013 -0.0075403429134185008
      vertex 0.031719664208182279 0.038650522668136851 0
    endloop
  endfacet
  facet normal 0.66977780910913243 0.73898593387119937 -0.07278376168817953
    outer loop
      vertex 0.035355339059327383 0.03467599613305368 -0.0068974844820735908
      vertex 0.031719664208182279 0.038650522668136851 0
      vertex 0.035355339059327383 0.035355339059327376 0
    endloop
  endfacet
  facet normal 0.59384399367298124 0.80070593442961047 0.078862651158381661
    outer loop
      vertex 0.031719664208182279 0.038650522668136851 0
      vertex 0.027778511650980116 0.041573480615127265 0
      vertex 0.027778511650980116 0.040774657842445862 0.0081105837205364441
    endloop
  endfacet
  facet normal 0.59384399367298191 0.80070593442960991 0.078862651158382119
    outer loop
      vertex 0.031719664208182279 0.038650522668136851 0
      vertex 0.027778511650980116 0.040774657842445862 0.0081105837205364441
      vertex 0.031719664208182279 0.037907863712800013 0.0075403429134184826
    endloop
  endfacet
  facet normal 0.59384399367298191 0.76993525441054134 0.23355730601781366
    outer loop
      vertex 0.031719664208182279 0.037907863712800013 0.0075403429134184826
      vertex 0.027778511650980116 0.040774657842445862 0.0081105837205364441
      vertex 0.027778511650980116 0.038408887835570817 0.015909482257160424
    endloop
  endfacet
  facet normal 0.59384399367298135 0.76993525441054178 0.23355730601781335
    outer loop
      vertex 0.031719664208182279 0.037907863712800013 0.0075403429134184826
      vertex 0.027778511650980116 0.038408887835570817 0.015909482257160424
      vertex 0.031719664208182279 0.035708426813955162 0.014790914677347318
    endloop
  endfacet
  facet normal 0.59384399367298135 0.70957639434914144 0.37927648458742602
    outer loop
      vertex 0.031719664208182279 0.035708426813955162 0.014790914677347318
      vertex 0.027778511650980116 0.038408887835570817 0.015909482257160424
      vertex 0.027778511650980116 0.034567085809127249 0.023096988312782167
    endloop
  endfacet
  facet normal 0.59384399367298168 0.7095763943491411 0.37927648458742619
    outer loop
      vertex 0.031719664208182279 0.035708426813955162 0.014790914677347318
      vertex 0.027778511650980116 0.034567085809127249 0.023096988312782167
      vertex 0.031719664208182279 0.032136735098166481 0.021473079885066207
    endloop
  endfacet
  facet normal 0.59384399367298157 0.62194891138792929 0.51042028055504762
    outer loop
      vertex 0.031719664208182279 0.032136735098166481 0.021473079885066207
      vertex 0.027778511650980116 0.034567085809127249 0.023096988312782167
      vertex 0.027778511650980116 0.02939689006048397 0.029396890060483967
    endloop
  endfacet
  facet normal 0.59384399367298102 0.62194891138792996 0.51042028055504751
    outer loop
      vertex 0.031719664208182279 0.032136735098166481 0.021473079885066207
      vertex 0.027778511650980116 0.02939689006048397 0.029396890060483967
      vertex 0.031719664208182279 0.027330046675043941 0.027330046675043938
    endloop
  endfacet
  facet normal 0.59384399367298102 0.51042028055504829 0.6219489113879294
    outer loop
      vertex 0.031719664208182279 0.027330046675043941 0.027330046675043938
      vertex 0.027778511650980116 0.02939689006048397 0.029396890060483967
      vertex 0.027778511650980116 0.023096988312782174 0.034567085809127249
    endloop
  endfacet
  facet normal 0.5938439936729818 0.5104202805550474 0.62194891138792929
    outer loop
      vertex 0.031719664208182279 0.027330046675043941 0.027330046675043938
      vertex 0.027778511650980116 0.023096988312782174 0.034567085809127249
      vertex 0.031719664208182279 0.02147307988506621 0.032136735098166481
    endloop
  endfacet
  facet normal 0.5938439936729818 0.37927648458742574 0.7095763943491411
    outer loop
      vertex 0.031719664208182279 0.02147307988506621 0.032136735098166481
      vertex 0.027778511650980116 0.023096988312782174 0.034567085809127249
      vertex 0.027778511650980116 0.015909482257160427 0.038408887835570817
    endloop
  endfacet
  facet normal 0.59384399367298124 0.3792764845874263 0.70957639434914122
    outer loop
      vertex 0.031719664208182279 0.02147307988506621 0.032136735098166481
      vertex 0.027778511650980116 0.015909482257160427 0.038408887835570817
      vertex 0.031719664208182279 0.014790914677347321 0.035708426813955162
    endloop
  endfacet
  facet normal 0.59384399367298135 0.23355730601781377 0.76993525441054156
    outer loop
      vertex 0.031719664208182279 0.014790914677347321 0.035708426813955162
      vertex 0.027778511650980116 0.015909482257160427 0.038408887835570817
      vertex 0.027778511650980116 0.0081105837205364475 0.040774657842445862
    endloop
  endfacet
  facet normal 0.59384399367298191 0.23355730601781324 0.76993525441054134
    outer loop
      vertex 0.031719664208182279 0.014790914677347321 0.035708426813955162
      vertex 0.027778511650980116 0.0081105837205364475 0.040774657842445862
      vertex 0.031719664208182279 0.007540342913418486 0.037907863712800013
    endloop
  endfacet
  facet normal 0.59384399367298191 0.078862651158381591 0.80070593442960991
    outer loop
      vertex 0.031719664208182279 0.007540342913418486 0.037907863712800013
      vertex 0.027778511650980116 0.0081105837205364475 0.040774657842445862
      vertex 0.027778511650980116 2.5456414982365071e-18 0.041573480615127265
    endloop
  endfacet
  facet normal 0.59384399367298113 0.07886265115838216 0.80070593442961047
    outer loop
      vertex 0.031719664208182279 0.007540342913418486 0.037907863712800013
      vertex 0.027778511650980116 2.5456414982365071e-18 0.041573480615127265
      vertex 0.031719664208182279 2.3666619435453006e-18 0.038650522668136851
    endloop
  endfacet
  facet normal 0.59384399367298124 -0.078862651158381661 0.80070593442961047
    outer loop
      vertex 0.031719664208182279 2.3666619435453006e-18 0.038650522668136851
      vertex 0.027778511650980116 2.5456414982365071e-18 0.041573480615127265
      vertex 0.027778511650980116 -0.0081105837205364406 0.040774657842445862
    endloop
  endfacet
  facet normal 0.59384399367298191 -0.078862651158382119 0.80070593442961002
    outer loop
      vertex 0.031719664208182279 2.3666619435453006e-18 0.038650522668136851
      vertex 0.027778511650980116 -0.0081105837205364406 0.040774657842445862
      vertex 0.031719664208182279 -0.0075403429134184808 0.037907863712800013
    endloop
  endfacet
  facet normal 0.5938439936729818 -0.23355730601781363 0.76993525441054134
    outer loop
      vertex 0.031719664208182279 -0.0075403429134184808 0.037907863712800013
      vertex 0.027778511650980116 -0.0081105837205364406 0.040774657842445862
      vertex 0.027778511650980116 -0.015909482257160424 0.038408887835570817
    endloop
  endfacet
  facet normal 0.59384399367298135 -0.23355730601781335 0.76993525441054178
    outer loop
      vertex 0.031719664208182279 -0.0075403429134184808 0.037907863712800013
      vertex 0.027778511650980116 -0.015909482257160424 0.038408887835570817
      vertex 0.031719664208182279 -0.014790914677347316 0.035708426813955162
    endloop
  endfacet
  facet normal 0.59384399367298135 -0.37927648458742574 0.70957639434914122
    outer loop
      vertex 0.031719664208182279 -0.014790914677347316 0.035708426813955162
      vertex 0.027778511650980116 -0.015909482257160424 0.038408887835570817
      vertex 0.027778511650980116 -0.02309698831278216 0.034567085809127256
    endloop
  endfacet
  facet normal 0.59384399367298091 -0.37927648458742558 0.70957639434914188
    outer loop
      vertex 0.031719664208182279 -0.014790914677347316 0.035708426813955162
      vertex 0.027778511650980116 -0.02309698831278216 0.034567085809127256
      vertex 0.031719664208182279 -0.021473079885066196 0.032136735098166495
    endloop
  endfacet
  facet normal 0.59384399367298102 -0.51042028055504785 0.6219489113879294
    outer loop
      vertex 0.031719664208182279 -0.021473079885066196 0.032136735098166495
      vertex 0.027778511650980116 -0.02309698831278216 0.034567085809127256
      vertex 0.027778511650980116 -0.029396890060483967 0.02939689006048397
    endloop
  endfacet
  facet normal 0.59384399367298102 -0.51042028055504785 0.62194891138792952
    outer loop
      vertex 0.031719664208182279 -0.021473079885066196 0.032136735098166495
      vertex 0.027778511650980116 -0.029396890060483967 0.02939689006048397
      vertex 0.031719664208182279 -0.027330046675043938 0.027330046675043941
    endloop
  endfacet
  facet normal 0.59384399367298091 -0.62194891138792963 0.51042028055504785
    outer loop
      vertex 0.031719664208182279 -0.027330046675043938 0.027330046675043941
      vertex 0.027778511650980116 -0.029396890060483967 0.02939689006048397
      vertex 0.027778511650980116 -0.034567085809127249 0.023096988312782167
    endloop
  endfacet
  facet normal 0.5938439936729808 -0.62194891138792963 0.51042028055504807
    outer loop
      vertex 0.031719664208182279 -0.027330046675043938 0.027330046675043941
      vertex 0.027778511650980116 -0.034567085809127249 0.023096988312782167
      vertex 0.031719664208182279 -0.032136735098166488 0.021473079885066207
    endloop
  endfacet
  facet normal 0.5938439936729808 -0.70957639434914155 0.37927648458742652
    outer loop
      vertex 0.031719664208182279 -0.032136735098166488 0.021473079885066207
      vertex 0.027778511650980116 -0.034567085809127249 0.023096988312782167
      vertex 0.027778511650980116 -0.038408887835570817 0.015909482257160431
    endloop
  endfacet
  facet normal 0.59384399367298135 -0.70957639434914133 0.37927648458742586
    outer loop
      vertex 0.031719664208182279 -0.032136735098166488 0.021473079885066207
      vertex 0.027778511650980116 -0.038408887835570817 0.015909482257160431
      vertex 0.031719664208182279 -0.035708426813955162 0.014790914677347323
    endloop
  endfacet
  facet normal 0.59384399367298146 -0.76993525441054145 0.23355730601781396
    outer loop
      vertex 0.031719664208182279 -0.035708426813955162 0.014790914677347323
      vertex 0.027778511650980116 -0.038408887835570817 0.015909482257160431
      vertex 0.027778511650980116 -0.040774657842445862 0.008110583720536458
    endloop
  endfacet
  facet normal 0.5938439936729818 -0.76993525441054123 0.23355730601781349
    outer loop
      vertex 0.031719664208182279 -0.035708426813955162 0.014790914677347323
      vertex 0.027778511650980116 -0.040774657842445862 0.008110583720536458
      vertex 0.031719664208182279 -0.037907863712800013 0.0075403429134184964
    endloop
  endfacet
  facet normal 0.59384399367298191 -0.80070593442960991 0.078862651158381522
    outer loop
      vertex 0.031719664208182279 -0.037907863712800013 0.0075403429134184964
      vertex 0.027778511650980116 -0.040774657842445862 0.008110583720536458
      vertex 0.027778511650980116 -0.041573480615127265 5.0912829964730143e-18
    endloop
  endfacet
  facet normal 0.59384399367298113 -0.80070593442961036 0.078862651158382063
    outer loop
      vertex 0.031719664208182279 -0.037907863712800013 0.0075403429134184964
      vertex 0.027778511650980116 -0.041573480615127265 5.0912829964730143e-18
      vertex 0.031719664208182279 -0.038650522668136851 4.7333238870906012e-18
    endloop
  endfacet
  facet normal 0.59384399367298113 -0.80070593442961036 -0.078862651158381564
    outer loop
      vertex 0.031719664208182279 -0.038650522668136851 4.7333238870906012e-18
      vertex 0.027778511650980116 -0.041573480615127265 5.0912829964730143e-18
      vertex 0.027778511650980116 -0.040774657842445862 -0.0081105837205364475
    endloop
  endfacet
  facet normal 0.5938439936729818 -0.80070593442960991 -0.078862651158382036
    outer loop
      vertex 0.031719664208182279 -0.038650522668136851 4.7333238870906012e-18
      vertex 0.027778511650980116 -0.040774657842445862 -0.0081105837205364475
      vertex 0.031719664208182279 -0.037907863712800013 -0.0075403429134184869
    endloop
  endfacet
  facet normal 0.5938439936729818 -0.76993525441054134 -0.23355730601781322
    outer loop
      vertex 0.031719664208182279 -0.037907863712800013 -0.0075403429134184869
      vertex 0.027778511650980116 -0.040774657842445862 -0.0081105837205364475
      vertex 0.027778511650980116 -0.038408887835570824 -0.015909482257160421
    endloop
  endfacet
  facet normal 0.59384399367298135 -0.76993525441054189 -0.23355730601781294
    outer loop
      vertex 0.031719664208182279 -0.037907863712800013 -0.0075403429134184869
      vertex 0.027778511650980116 -0.038408887835570824 -0.015909482257160421
      vertex 0.031719664208182279 -0.035708426813955169 -0.014790914677347314
    endloop
  endfacet
  facet normal 0.59384399367298135 -0.70957639434914122 -0.37927648458742624
    outer loop
      vertex 0.031719664208182279 -0.035708426813955169 -0.014790914677347314
      vertex 0.027778511650980116 -0.038408887835570824 -0.015909482257160421
      vertex 0.027778511650980116 -0.034567085809127256 -0.02309698831278216
    endloop
  endfacet
  facet normal 0.59384399367298102 -0.70957639434914155 -0.37927648458742608
    outer loop
      vertex 0.031719664208182279 -0.035708426813955169 -0.014790914677347314
      vertex 0.027778511650980116 -0.034567085809127256 -0.02309698831278216
      vertex 0.031719664208182279 -0.032136735098166495 -0.021473079885066196
    endloop
  endfacet
  facet normal 0.59384399367298113 -0.62194891138792974 -0.51042028055504751
    outer loop
      vertex 0.031719664208182279 -0.032136735098166495 -0.021473079885066196
      vertex 0.027778511650980116 -0.034567085809127256 -0.02309698831278216
      vertex 0.027778511650980116 -0.029396890060483977 -0.029396890060483967
    endloop
  endfacet
  facet normal 0.59384399367298135 -0.62194891138792952 -0.5104202805550474
    outer loop
      vertex 0.031719664208182279 -0.032136735098166495 -0.021473079885066196
      vertex 0.027778511650980116 -0.029396890060483977 -0.029396890060483967
      vertex 0.031719664208182279 -0.027330046675043945 -0.027330046675043938
    endloop
  endfacet
  facet normal 0.59384399367298124 -0.5104202805550474 -0.62194891138792974
    outer loop
      vertex 0.031719664208182279 -0.027330046675043945 -0.027330046675043938
      vertex 0.027778511650980116 -0.029396890060483977 -0.029396890060483967
      vertex 0.027778511650980116 -0.023096988312782167 -0.034567085809127249
    endloop
  endfacet
  facet normal 0.59384399367298157 -0.51042028055504707 -0.62194891138792963
    outer loop
      vertex 0.031719664208182279 -0.027330046675043945 -0.027330046675043938
      vertex 0.027778511650980116 -0.023096988312782167 -0.034567085809127249
      vertex 0.031719664208182279 -0.021473079885066207 -0.032136735098166481
    endloop
  endfacet
  facet normal 0.59384399367298168 -0.37927648458742641 -0.70957639434914099
    outer loop
      vertex 0.031719664208182279 -0.021473079885066207 -0.032136735098166481
      vertex 0.027778511650980116 -0.023096988312782167 -0.034567085809127249
      vertex 0.027778511650980116 -0.015909482257160448 -0.03840888783557081
    endloop
  endfacet
  facet normal 0.59384399367298146 -0.37927648458742669 -0.70957639434914099
    outer loop
      vertex 0.031719664208182279 -0.021473079885066207 -0.032136735098166481
      vertex 0.027778511650980116 -0.015909482257160448 -0.03840888783557081
      vertex 0.031719664208182279 -0.01479091467734734 -0.035708426813955155
    endloop
  endfacet
  facet normal 0.59384399367298146 -0.23355730601781358 -0.76993525441054156
    outer loop
      vertex 0.031719664208182279 -0.01479091467734734 -0.035708426813955155
      vertex 0.027778511650980116 -0.015909482257160448 -0.03840888783557081
      vertex 0.027778511650980116 -0.0081105837205364614 -0.040774657842445855
    endloop
  endfacet
  facet normal 0.59384399367298091 -0.23355730601781396 -0.76993525441054178
    outer loop
      vertex 0.031719664208182279 -0.01479091467734734 -0.035708426813955155
      vertex 0.027778511650980116 -0.0081105837205364614 -0.040774657842445855
      vertex 0.031719664208182279 -0.007540342913418499 -0.037907863712800013
    endloop
  endfacet
  facet normal 0.59384399367298102 -0.078862651158382244 -0.80070593442961058
    outer loop
      vertex 0.031719664208182279 -0.007540342913418499 -0.037907863712800013
      vertex 0.027778511650980116 -0.0081105837205364614 -0.040774657842445855
      vertex 0.027778511650980116 -7.6369244947095207e-18 -0.041573480615127265
    endloop
  endfacet
  facet normal 0.59384399367298124 -0.078862651158382077 -0.80070593442961047
    outer loop
      vertex 0.031719664208182279 -0.007540342913418499 -0.037907863712800013
      vertex 0.027778511650980116 -7.6369244947095207e-18 -0.041573480615127265
      vertex 0.031719664208182279 -7.0999858306359007e-18 -0.038650522668136851
    endloop
  endfacet
  facet normal 0.59384399367298113 0.078862651158381564 -0.80070593442961036
    outer loop
      vertex 0.031719664208182279 -7.0999858306359007e-18 -0.038650522668136851
      vertex 0.027778511650980116 -7.6369244947095207e-18 -0.041573480615127265
      vertex 0.027778511650980116 0.0081105837205364458 -0.040774657842445862
    endloop
  endfacet
  facet normal 0.5938439936729818 0.078862651158382022 -0.80070593442960991
    outer loop
      vertex 0.031719664208182279 -7.0999858306359007e-18 -0.038650522668136851
      vertex 0.027778511650980116 0.0081105837205364458 -0.040774657842445862
      vertex 0.031719664208182279 0.0075403429134184852 -0.037907863712800013
    endloop
  endfacet
  facet normal 0.5938439936729818 0.23355730601781341 -0.76993525441054134
    outer loop
      vertex 0.031719664208182279 0.0075403429134184852 -0.037907863712800013
      vertex 0.027778511650980116 0.0081105837205364458 -0.040774657842445862
      vertex 0.027778511650980116 0.015909482257160434 -0.038408887835570817
    endloop
  endfacet
  facet normal 0.59384399367298146 0.23355730601781319 -0.76993525441054178
    outer loop
      vertex 0.031719664208182279 0.0075403429134184852 -0.037907863712800013
      vertex 0.027778511650980116 0.015909482257160434 -0.038408887835570817
      vertex 0.031719664208182279 0.014790914677347326 -0.035708426813955162
    endloop
  endfacet
  facet normal 0.59384399367298135 0.37927648458742647 -0.70957639434914088
    outer loop
      vertex 0.031719664208182279 0.014790914677347326 -0.035708426813955162
      vertex 0.027778511650980116 0.015909482257160434 -0.038408887835570817
      vertex 0.027778511650980116 0.023096988312782153 -0.034567085809127256
    endloop
  endfacet
  facet normal 0.5938439936729808 0.3792764845874263 -0.70957639434914166
    outer loop
      vertex 0.031719664208182279 0.014790914677347326 -0.035708426813955162
      vertex 0.027778511650980116 0.023096988312782153 -0.034567085809127256
      vertex 0.031719664208182279 0.021473079885066193 -0.032136735098166495
    endloop
  endfacet
  facet normal 0.59384399367298091 0.51042028055504751 -0.62194891138793007
    outer loop
      vertex 0.031719664208182279 0.021473079885066193 -0.032136735098166495
      vertex 0.027778511650980116 0.023096988312782153 -0.034567085809127256
      vertex 0.027778511650980116 0.029396890060483963 -0.029396890060483977
    endloop
  endfacet
  facet normal 0.59384399367298135 0.5104202805550474 -0.62194891138792952
    outer loop
      vertex 0.031719664208182279 0.021473079885066193 -0.032136735098166495
      vertex 0.027778511650980116 0.029396890060483963 -0.029396890060483977
      vertex 0.031719664208182279 0.027330046675043934 -0.027330046675043945
    endloop
  endfacet
  facet normal 0.59384399367298124 0.62194891138792963 -0.51042028055504762
    outer loop
      vertex 0.031719664208182279 0.027330046675043934 -0.027330046675043945
      vertex 0.027778511650980116 0.029396890060483963 -0.029396890060483977
      vertex 0.027778511650980116 0.034567085809127249 -0.023096988312782167
    endloop
  endfacet
  facet normal 0.59384399367298157 0.62194891138792952 -0.5104202805550474
    outer loop
      vertex 0.031719664208182279 0.027330046675043934 -0.027330046675043945
      vertex 0.027778511650980116 0.034567085809127249 -0.023096988312782167
      vertex 0.031719664208182279 0.032136735098166481 -0.021473079885066207
    endloop
  endfacet
  facet normal 0.59384399367298168 0.70957639434914088 -0.37927648458742652
    outer loop
      vertex 0.031719664208182279 0.032136735098166481 -0.021473079885066207
      vertex 0.027778511650980116 0.034567085809127249 -0.023096988312782167
      vertex 0.027778511650980116 0.03840888783557081 -0.015909482257160452
    endloop
  endfacet
  facet normal 0.59384399367298135 0.70957639434914077 -0.37927648458742669
    outer loop
      vertex 0.031719664208182279 0.032136735098166481 -0.021473079885066207
      vertex 0.027778511650980116 0.03840888783557081 -0.015909482257160452
      vertex 0.031719664208182279 0.035708426813955155 -0.014790914677347342
    endloop
  endfacet
  facet normal 0.59384399367298157 0.76993525441054156 -0.23355730601781355
    outer loop
      vertex 0.031719664208182279 0.035708426813955155 -0.014790914677347342
      vertex 0.027778511650980116 0.03840888783557081 -0.015909482257160452
      vertex 0.027778511650980116 0.040774657842445855 -0.0081105837205364632
    endloop
  endfacet
  facet normal 0.59384399367298091 0.76993525441054178 -0.23355730601781396
    outer loop
      vertex 0.031719664208182279 0.035708426813955155 -0.014790914677347342
      vertex 0.027778511650980116 0.040774657842445855 -0.0081105837205364632
      vertex 0.031719664208182279 0.037907863712800013 -0.0075403429134185008
    endloop
  endfacet
  facet normal 0.59384399367298102 0.80070593442961058 -0.07886265115838216
    outer loop
      vertex 0.031719664208182279 0.037907863712800013 -0.0075403429134185008
      vertex 0.027778511650980116 0.040774657842445855 -0.0081105837205364632
      vertex 0.027778511650980116 0.041573480615127265 0
    endloop
  endfacet
  facet normal 0.59384399367298113 0.80070593442961036 -0.07886265115838198
    outer loop
      vertex 0.031719664208182279 0.037907863712800013 -0.0075403429134185008
      vertex 0.027778511650980116 0.041573480615127265 0
      vertex 0.031719664208182279 0.038650522668136851 0
    endloop
  endfacet
  facet normal 0.51227801099723957 0.85468422658569498 0.084179048903657905
    outer loop
      vertex 0.027778511650980116 0.041573480615127265 0
      vertex 0.023569836841299891 0.044096063217417748 0
      vertex 0.023569836841299891 0.04324876972737364 0.0086027151727295775
    endloop
  endfacet
  facet normal 0.51227801099723902 0.85468422658569554 0.084179048903657461
    outer loop
      vertex 0.027778511650980116 0.041573480615127265 0
      vertex 0.023569836841299891 0.04324876972737364 0.0086027151727295775
      vertex 0.027778511650980116 0.040774657842445862 0.0081105837205364441
    endloop
  endfacet
  facet normal 0.51227801099723902 0.82183919107044356 0.24930219306975956
    outer loop
      vertex 0.027778511650980116 0.040774657842445862 0.0081105837205364441
      vertex 0.023569836841299891 0.04324876972737364 0.0086027151727295775
      vertex 0.023569836841299891 0.040739450270896059 0.016874832825829408
    endloop
  endfacet
  facet normal 0.51227801099724057 0.82183919107044245 0.24930219306976026
    outer loop
      vertex 0.027778511650980116 0.040774657842445862 0.0081105837205364441
      vertex 0.023569836841299891 0.040739450270896059 0.016874832825829408
      vertex 0.027778511650980116 0.038408887835570817 0.015909482257160424
    endloop
  endfacet
  facet normal 0.51227801099724046 0.75741133633508162 0.40484479376647187
    outer loop
      vertex 0.027778511650980116 0.038408887835570817 0.015909482257160424
      vertex 0.023569836841299891 0.040739450270896059 0.016874832825829408
      vertex 0.023569836841299891 0.03666453658745486 0.024498460116947889
    endloop
  endfacet
  facet normal 0.51227801099723946 0.7574113363350824 0.40484479376647159
    outer loop
      vertex 0.027778511650980116 0.038408887835570817 0.015909482257160424
      vertex 0.023569836841299891 0.03666453658745486 0.024498460116947889
      vertex 0.027778511650980116 0.034567085809127249 0.023096988312782167
    endloop
  endfacet
  facet normal 0.51227801099723957 0.6638765887055349 0.54482943607831424
    outer loop
      vertex 0.027778511650980116 0.034567085809127249 0.023096988312782167
      vertex 0.023569836841299891 0.03666453658745486 0.024498460116947889
      vertex 0.023569836841299891 0.03118062532466678 0.031180625324666776
    endloop
  endfacet
  facet normal 0.51227801099723969 0.6638765887055349 0.54482943607831436
    outer loop
      vertex 0.027778511650980116 0.034567085809127249 0.023096988312782167
      vertex 0.023569836841299891 0.03118062532466678 0.031180625324666776
      vertex 0.027778511650980116 0.02939689006048397 0.029396890060483967
    endloop
  endfacet
  facet normal 0.5122780109972398 0.54482943607831447 0.66387658870553479
    outer loop
      vertex 0.027778511650980116 0.02939689006048397 0.029396890060483967
      vertex 0.023569836841299891 0.03118062532466678 0.031180625324666776
      vertex 0.023569836841299891 0.024498460116947892 0.03666453658745486
    endloop
  endfacet
  facet normal 0.51227801099723935 0.54482943607831502 0.66387658870553479
    outer loop
      vertex 0.027778511650980116 0.02939689006048397 0.029396890060483967
      vertex 0.023569836841299891 0.024498460116947892 0.03666453658745486
      vertex 0.027778511650980116 0.023096988312782174 0.034567085809127249
    endloop
  endfacet
  facet normal 0.51227801099723935 0.4048447937664722 0.75741133633508217
    outer loop
      vertex 0.027778511650980116 0.023096988312782174 0.034567085809127249
      vertex 0.023569836841299891 0.024498460116947892 0.03666453658745486
      vertex 0.023569836841299891 0.016874832825829411 0.040739450270896059
    endloop
  endfacet
  facet normal 0.51227801099724046 0.4048447937664712 0.75741133633508195
    outer loop
      vertex 0.027778511650980116 0.023096988312782174 0.034567085809127249
      vertex 0.023569836841299891 0.016874832825829411 0.040739450270896059
      vertex 0.027778511650980116 0.015909482257160427 0.038408887835570817
    endloop
  endfacet
  facet normal 0.51227801099724046 0.24930219306975923 0.82183919107044268
    outer loop
      vertex 0.027778511650980116 0.015909482257160427 0.038408887835570817
      vertex 0.023569836841299891 0.016874832825829411 0.040739450270896059
      vertex 0.023569836841299891 0.008602715172729581 0.04324876972737364
    endloop
  endfacet
  facet normal 0.51227801099723902 0.24930219306976051 0.82183919107044334
    outer loop
      vertex 0.027778511650980116 0.015909482257160427 0.038408887835570817
      vertex 0.023569836841299891 0.008602715172729581 0.04324876972737364
      vertex 0.027778511650980116 0.0081105837205364475 0.040774657842445862
    endloop
  endfacet
  facet normal 0.51227801099723902 0.084179048903657946 0.85468422658569532
    outer loop
      vertex 0.027778511650980116 0.0081105837205364475 0.040774657842445862
      vertex 0.023569836841299891 0.008602715172729581 0.04324876972737364
      vertex 0.023569836841299891 2.7001051337104993e-18 0.044096063217417748
    endloop
  endfacet
  facet normal 0.51227801099723969 0.084179048903657391 0.85468422658569498
    outer loop
      vertex 0.027778511650980116 0.0081105837205364475 0.040774657842445862
      vertex 0.023569836841299891 2.7001051337104993e-18 0.044096063217417748
      vertex 0.027778511650980116 2.5456414982365071e-18 0.041573480615127265
    endloop
  endfacet
  facet normal 0.51227801099723969 -0.084179048903657933 0.85468422658569487
    outer loop
      vertex 0.027778511650980116 2.5456414982365071e-18 0.041573480615127265
      vertex 0.023569836841299891 2.7001051337104993e-18 0.044096063217417748
      vertex 0.023569836841299891 -0.0086027151727295741 0.04324876972737364
    endloop
  endfacet
  facet normal 0.51227801099723902 -0.084179048903657488 0.85468422658569554
    outer loop
      vertex 0.027778511650980116 2.5456414982365071e-18 0.041573480615127265
      vertex 0.023569836841299891 -0.0086027151727295741 0.04324876972737364
      vertex 0.027778511650980116 -0.0081105837205364406 0.040774657842445862
    endloop
  endfacet
  facet normal 0.51227801099723902 -0.24930219306975956 0.82183919107044356
    outer loop
      vertex 0.027778511650980116 -0.0081105837205364406 0.040774657842445862
      vertex 0.023569836841299891 -0.0086027151727295741 0.04324876972737364
      vertex 0.023569836841299891 -0.016874832825829404 0.040739450270896059
    endloop
  endfacet
  facet normal 0.51227801099724035 -0.24930219306976018 0.82183919107044257
    outer loop
      vertex 0.027778511650980116 -0.0081105837205364406 0.040774657842445862
      vertex 0.023569836841299891 -0.016874832825829404 0.040739450270896059
      vertex 0.027778511650980116 -0.015909482257160424 0.038408887835570817
    endloop
  endfacet
  facet normal 0.51227801099724024 -0.40484479376647176 0.75741133633508173
    outer loop
      vertex 0.027778511650980116 -0.015909482257160424 0.038408887835570817
      vertex 0.023569836841299891 -0.016874832825829404 0.040739450270896059
      vertex 0.023569836841299891 -0.024498460116947878 0.036664536587454867
    endloop
  endfacet
  facet normal 0.51227801099723935 -0.40484479376647142 0.75741133633508262
    outer loop
      vertex 0.027778511650980116 -0.015909482257160424 0.038408887835570817
      vertex 0.023569836841299891 -0.024498460116947878 0.036664536587454867
      vertex 0.027778511650980116 -0.02309698831278216 0.034567085809127256
    endloop
  endfacet
  facet normal 0.51227801099723924 -0.54482943607831436 0.66387658870553512
    outer loop
      vertex 0.027778511650980116 -0.02309698831278216 0.034567085809127256
      vertex 0.023569836841299891 -0.024498460116947878 0.036664536587454867
      vertex 0.023569836841299891 -0.031180625324666776 0.03118062532466678
    endloop
  endfacet
  facet normal 0.51227801099723991 -0.54482943607831436 0.66387658870553479
    outer loop
      vertex 0.027778511650980116 -0.02309698831278216 0.034567085809127256
      vertex 0.023569836841299891 -0.031180625324666776 0.03118062532466678
      vertex 0.027778511650980116 -0.029396890060483967 0.02939689006048397
    endloop
  endfacet
  facet normal 0.5122780109972398 -0.66387658870553468 0.54482943607831469
    outer loop
      vertex 0.027778511650980116 -0.029396890060483967 0.02939689006048397
      vertex 0.023569836841299891 -0.031180625324666776 0.03118062532466678
      vertex 0.023569836841299891 -0.036664536587454867 0.024498460116947889
    endloop
  endfacet
  facet normal 0.51227801099724035 -0.66387658870553445 0.54482943607831402
    outer loop
      vertex 0.027778511650980116 -0.029396890060483967 0.02939689006048397
      vertex 0.023569836841299891 -0.036664536587454867 0.024498460116947889
      vertex 0.027778511650980116 -0.034567085809127249 0.023096988312782167
    endloop
  endfacet
  facet normal 0.51227801099724046 -0.75741133633508173 0.40484479376647164
    outer loop
      vertex 0.027778511650980116 -0.034567085809127249 0.023096988312782167
      vertex 0.023569836841299891 -0.036664536587454867 0.024498460116947889
      vertex 0.023569836841299891 -0.040739450270896059 0.016874832825829415
    endloop
  endfacet
  facet normal 0.51227801099724046 -0.75741133633508162 0.40484479376647159
    outer loop
      vertex 0.027778511650980116 -0.034567085809127249 0.023096988312782167
      vertex 0.023569836841299891 -0.040739450270896059 0.016874832825829415
      vertex 0.027778511650980116 -0.038408887835570817 0.015909482257160431
    endloop
  endfacet
  facet normal 0.51227801099724046 -0.82183919107044268 0.24930219306975948
    outer loop
      vertex 0.027778511650980116 -0.038408887835570817 0.015909482257160431
      vertex 0.023569836841299891 -0.040739450270896059 0.016874832825829415
      vertex 0.023569836841299891 -0.04324876972737364 0.0086027151727295931
    endloop
  endfacet
  facet normal 0.51227801099723902 -0.82183919107044323 0.24930219306976067
    outer loop
      vertex 0.027778511650980116 -0.038408887835570817 0.015909482257160431
      vertex 0.023569836841299891 -0.04324876972737364 0.0086027151727295931
      vertex 0.027778511650980116 -0.040774657842445862 0.008110583720536458
    endloop
  endfacet
  facet normal 0.51227801099723902 -0.85468422658569532 0.084179048903657849
    outer loop
      vertex 0.027778511650980116 -0.040774657842445862 0.008110583720536458
      vertex 0.023569836841299891 -0.04324876972737364 0.0086027151727295931
      vertex 0.023569836841299891 -0.044096063217417748 5.4002102674209985e-18
    endloop
  endfacet
  facet normal 0.51227801099723969 -0.85468422658569487 0.084179048903657322
    outer loop
      vertex 0.027778511650980116 -0.040774657842445862 0.008110583720536458
      vertex 0.023569836841299891 -0.044096063217417748 5.4002102674209985e-18
      vertex 0.027778511650980116 -0.041573480615127265 5.0912829964730143e-18
    endloop
  endfacet
  facet normal 0.51227801099723969 -0.85468422658569487 -0.084179048903657835
    outer loop
      vertex 0.027778511650980116 -0.041573480615127265 5.0912829964730143e-18
      vertex 0.023569836841299891 -0.044096063217417748 5.4002102674209985e-18
      vertex 0.023569836841299891 -0.04324876972737364 -0.008602715172729581
    endloop
  endfacet
  facet normal 0.51227801099723902 -0.85468422658569532 -0.084179048903657364
    outer loop
      vertex 0.027778511650980116 -0.041573480615127265 5.0912829964730143e-18
      vertex 0.023569836841299891 -0.04324876972737364 -0.008602715172729581
      vertex 0.027778511650980116 -0.040774657842445862 -0.0081105837205364475
    endloop
  endfacet
  facet normal 0.51227801099723902 -0.82183919107044345 -0.24930219306975976
    outer loop
      vertex 0.027778511650980116 -0.040774657842445862 -0.0081105837205364475
      vertex 0.023569836841299891 -0.04324876972737364 -0.008602715172729581
      vertex 0.023569836841299891 -0.040739450270896059 -0.016874832825829404
    endloop
  endfacet
  facet normal 0.51227801099723946 -0.82183919107044323 -0.24930219306975995
    outer loop
      vertex 0.027778511650980116 -0.040774657842445862 -0.0081105837205364475
      vertex 0.023569836841299891 -0.040739450270896059 -0.016874832825829404
      vertex 0.027778511650980116 -0.038408887835570824 -0.015909482257160421
    endloop
  endfacet
  facet normal 0.51227801099723957 -0.75741133633508217 -0.40484479376647187
    outer loop
      vertex 0.027778511650980116 -0.038408887835570824 -0.015909482257160421
      vertex 0.023569836841299891 -0.040739450270896059 -0.016874832825829404
      vertex 0.023569836841299891 -0.036664536587454867 -0.024498460116947878
    endloop
  endfacet
  facet normal 0.51227801099723924 -0.7574113363350824 -0.40484479376647181
    outer loop
      vertex 0.027778511650980116 -0.038408887835570824 -0.015909482257160421
      vertex 0.023569836841299891 -0.036664536587454867 -0.024498460116947878
      vertex 0.027778511650980116 -0.034567085809127256 -0.02309698831278216
    endloop
  endfacet
  facet normal 0.51227801099723935 -0.66387658870553545 -0.5448294360783138
    outer loop
      vertex 0.027778511650980116 -0.034567085809127256 -0.02309698831278216
      vertex 0.023569836841299891 -0.036664536587454867 -0.024498460116947878
      vertex 0.023569836841299891 -0.031180625324666787 -0.031180625324666776
    endloop
  endfacet
  facet normal 0.5122780109972398 -0.66387658870553512 -0.54482943607831402
    outer loop
      vertex 0.027778511650980116 -0.034567085809127256 -0.02309698831278216
      vertex 0.023569836841299891 -0.031180625324666787 -0.031180625324666776
      vertex 0.027778511650980116 -0.029396890060483977 -0.029396890060483967
    endloop
  endfacet
  facet normal 0.5122780109972398 -0.54482943607831402 -0.66387658870553512
    outer loop
      vertex 0.027778511650980116 -0.029396890060483977 -0.029396890060483967
      vertex 0.023569836841299891 -0.031180625324666787 -0.031180625324666776
      vertex 0.023569836841299891 -0.024498460116947889 -0.03666453658745486
    endloop
  endfacet
  facet normal 0.51227801099723969 -0.54482943607831402 -0.66387658870553523
    outer loop
      vertex 0.027778511650980116 -0.029396890060483977 -0.029396890060483967
      vertex 0.023569836841299891 -0.024498460116947889 -0.03666453658745486
      vertex 0.027778511650980116 -0.023096988312782167 -0.034567085809127249
    endloop
  endfacet
  facet normal 0.51227801099723946 -0.40484479376647209 -0.75741133633508195
    outer loop
      vertex 0.027778511650980116 -0.023096988312782167 -0.034567085809127249
      vertex 0.023569836841299891 -0.024498460116947889 -0.03666453658745486
      vertex 0.023569836841299891 -0.016874832825829432 -0.040739450270896045
    endloop
  endfacet
  facet normal 0.51227801099723957 -0.40484479376647209 -0.75741133633508206
    outer loop
      vertex 0.027778511650980116 -0.023096988312782167 -0.034567085809127249
      vertex 0.023569836841299891 -0.016874832825829432 -0.040739450270896045
      vertex 0.027778511650980116 -0.015909482257160448 -0.03840888783557081
    endloop
  endfacet
  facet normal 0.51227801099723957 -0.24930219306976056 -0.82183919107044301
    outer loop
      vertex 0.027778511650980116 -0.015909482257160448 -0.03840888783557081
      vertex 0.023569836841299891 -0.016874832825829432 -0.040739450270896045
      vertex 0.023569836841299891 -0.0086027151727295949 -0.04324876972737364
    endloop
  endfacet
  facet normal 0.51227801099724002 -0.24930219306976015 -0.82183919107044268
    outer loop
      vertex 0.027778511650980116 -0.015909482257160448 -0.03840888783557081
      vertex 0.023569836841299891 -0.0086027151727295949 -0.04324876972737364
      vertex 0.027778511650980116 -0.0081105837205364614 -0.040774657842445855
    endloop
  endfacet
  facet normal 0.51227801099724013 -0.084179048903657822 -0.85468422658569476
    outer loop
      vertex 0.027778511650980116 -0.0081105837205364614 -0.040774657842445855
      vertex 0.023569836841299891 -0.0086027151727295949 -0.04324876972737364
      vertex 0.023569836841299891 -8.1003154011314966e-18 -0.044096063217417748
    endloop
  endfacet
  facet normal 0.51227801099723969 -0.08417904890365803 -0.85468422658569476
    outer loop
      vertex 0.027778511650980116 -0.0081105837205364614 -0.040774657842445855
      vertex 0.023569836841299891 -8.1003154011314966e-18 -0.044096063217417748
      vertex 0.027778511650980116 -7.6369244947095207e-18 -0.041573480615127265
    endloop
  endfacet
  facet normal 0.51227801099723969 0.084179048903657835 -0.85468422658569487
    outer loop
      vertex 0.027778511650980116 -7.6369244947095207e-18 -0.041573480615127265
      vertex 0.023569836841299891 -8.1003154011314966e-18 -0.044096063217417748
      vertex 0.023569836841299891 0.0086027151727295793 -0.04324876972737364
    endloop
  endfacet
  facet normal 0.51227801099723902 0.084179048903657364 -0.85468422658569532
    outer loop
      vertex 0.027778511650980116 -7.6369244947095207e-18 -0.041573480615127265
      vertex 0.023569836841299891 0.0086027151727295793 -0.04324876972737364
      vertex 0.027778511650980116 0.0081105837205364458 -0.040774657842445862
    endloop
  endfacet
  facet normal 0.51227801099723902 0.24930219306975995 -0.82183919107044345
    outer loop
      vertex 0.027778511650980116 0.0081105837205364458 -0.040774657842445862
      vertex 0.023569836841299891 0.0086027151727295793 -0.04324876972737364
      vertex 0.023569836841299891 0.016874832825829418 -0.040739450270896052
    endloop
  endfacet
  facet normal 0.51227801099723957 0.24930219306976018 -0.82183919107044301
    outer loop
      vertex 0.027778511650980116 0.0081105837205364458 -0.040774657842445862
      vertex 0.023569836841299891 0.016874832825829418 -0.040739450270896052
      vertex 0.027778511650980116 0.015909482257160434 -0.038408887835570817
    endloop
  endfacet
  facet normal 0.51227801099723946 0.4048447937664722 -0.75741133633508206
    outer loop
      vertex 0.027778511650980116 0.015909482257160434 -0.038408887835570817
      vertex 0.023569836841299891 0.016874832825829418 -0.040739450270896052
      vertex 0.023569836841299891 0.024498460116947871 -0.036664536587454867
    endloop
  endfacet
  facet normal 0.51227801099723935 0.40484479376647214 -0.75741133633508217
    outer loop
      vertex 0.027778511650980116 0.015909482257160434 -0.038408887835570817
      vertex 0.023569836841299891 0.024498460116947871 -0.036664536587454867
      vertex 0.027778511650980116 0.023096988312782153 -0.034567085809127256
    endloop
  endfacet
  facet normal 0.51227801099723935 0.54482943607831369 -0.66387658870553556
    outer loop
      vertex 0.027778511650980116 0.023096988312782153 -0.034567085809127256
      vertex 0.023569836841299891 0.024498460116947871 -0.036664536587454867
      vertex 0.023569836841299891 0.031180625324666773 -0.031180625324666787
    endloop
  endfacet
  facet normal 0.51227801099723969 0.5448294360783138 -0.66387658870553534
    outer loop
      vertex 0.027778511650980116 0.023096988312782153 -0.034567085809127256
      vertex 0.023569836841299891 0.031180625324666773 -0.031180625324666787
      vertex 0.027778511650980116 0.029396890060483963 -0.029396890060483977
    endloop
  endfacet
  facet normal 0.5122780109972398 0.66387658870553501 -0.54482943607831413
    outer loop
      vertex 0.027778511650980116 0.029396890060483963 -0.029396890060483977
      vertex 0.023569836841299891 0.031180625324666773 -0.031180625324666787
      vertex 0.023569836841299891 0.03666453658745486 -0.024498460116947889
    endloop
  endfacet
  facet normal 0.51227801099723969 0.66387658870553512 -0.54482943607831424
    outer loop
      vertex 0.027778511650980116 0.029396890060483963 -0.029396890060483977
      vertex 0.023569836841299891 0.03666453658745486 -0.024498460116947889
      vertex 0.027778511650980116 0.034567085809127249 -0.023096988312782167
    endloop
  endfacet
  facet normal 0.51227801099723946 0.75741133633508206 -0.40484479376647226
    outer loop
      vertex 0.027778511650980116 0.034567085809127249 -0.023096988312782167
      vertex 0.023569836841299891 0.03666453658745486 -0.024498460116947889
      vertex 0.023569836841299891 0.040739450270896045 -0.016874832825829435
    endloop
  endfacet
  facet normal 0.51227801099723957 0.75741133633508195 -0.4048447937664722
    outer loop
      vertex 0.027778511650980116 0.034567085809127249 -0.023096988312782167
      vertex 0.023569836841299891 0.040739450270896045 -0.016874832825829435
      vertex 0.027778511650980116 0.03840888783557081 -0.015909482257160452
    endloop
  endfacet
  facet normal 0.51227801099723957 0.82183919107044301 -0.24930219306976056
    outer loop
      vertex 0.027778511650980116 0.03840888783557081 -0.015909482257160452
      vertex 0.023569836841299891 0.040739450270896045 -0.016874832825829435
      vertex 0.023569836841299891 0.04324876972737364 -0.0086027151727295983
    endloop
  endfacet
  facet normal 0.51227801099724002 0.82183919107044279 -0.24930219306976009
    outer loop
      vertex 0.027778511650980116 0.03840888783557081 -0.015909482257160452
      vertex 0.023569836841299891 0.04324876972737364 -0.0086027151727295983
      vertex 0.027778511650980116 0.040774657842445855 -0.0081105837205364632
    endloop
  endfacet
  facet normal 0.51227801099723991 0.85468422658569465 -0.084179048903657683
    outer loop
      vertex 0.027778511650980116 0.040774657842445855 -0.0081105837205364632
      vertex 0.023569836841299891 0.04324876972737364 -0.0086027151727295983
      vertex 0.023569836841299891 0.044096063217417748 0
    endloop
  endfacet
  facet normal 0.51227801099723957 0.85468422658569498 -0.084179048903657946
    outer loop
      vertex 0.027778511650980116 0.040774657842445855 -0.0081105837205364632
      vertex 0.023569836841299891 0.044096063217417748 0
      vertex 0.027778511650980116 0.041573480615127265 0
    endloop
  endfacet
  facet normal 0.4258704322319849 0.90042737628698677 0.088684355911714807
    outer loop
      vertex 0.023569836841299891 0.044096063217417748 0
      vertex 0.019134171618254495 0.046193976625564341 0
      vertex 0.019134171618254495 0.045306372317644394 0.0090119977750868479
    endloop
  endfacet
  facet normal 0.42587043223198512 0.90042737628698644 0.088684355911714974
    outer loop
      vertex 0.023569836841299891 0.044096063217417748 0
      vertex 0.019134171618254495 0.045306372317644394 0.0090119977750868479
      vertex 0.023569836841299891 0.04324876972737364 0.0086027151727295775
    endloop
  endfacet
  facet normal 0.42587043223198506 0.86582445718176781 0.26264497767221662
    outer loop
      vertex 0.023569836841299891 0.04324876972737364 0.0086027151727295775
      vertex 0.019134171618254495 0.045306372317644394 0.0090119977750868479
      vertex 0.019134171618254495 0.042677669529663689 0.017677669529663691
    endloop
  endfacet
  facet normal 0.42587043223198434 0.86582445718176837 0.26264497767221634
    outer loop
      vertex 0.023569836841299891 0.04324876972737364 0.0086027151727295775
      vertex 0.019134171618254495 0.042677669529663689 0.017677669529663691
      vertex 0.023569836841299891 0.040739450270896059 0.016874832825829408
    endloop
  endfacet
  facet normal 0.42587043223198445 0.79794838974700355 0.42651230023377629
    outer loop
      vertex 0.023569836841299891 0.040739450270896059 0.016874832825829408
      vertex 0.019134171618254495 0.042677669529663689 0.017677669529663691
      vertex 0.019134171618254495 0.038408887835570817 0.025663998357966837
    endloop
  endfacet
  facet normal 0.4258704322319844 0.79794838974700355 0.42651230023377618
    outer loop
      vertex 0.023569836841299891 0.040739450270896059 0.016874832825829408
      vertex 0.019134171618254495 0.038408887835570817 0.025663998357966837
      vertex 0.023569836841299891 0.03666453658745486 0.024498460116947889
    endloop
  endfacet
  facet normal 0.4258704322319844 0.69940761318887446 0.5739889942882046
    outer loop
      vertex 0.023569836841299891 0.03666453658745486 0.024498460116947889
      vertex 0.019134171618254495 0.038408887835570817 0.025663998357966837
      vertex 0.019134171618254495 0.032664074121909414 0.032664074121909414
    endloop
  endfacet
  facet normal 0.42587043223198467 0.69940761318887412 0.5739889942882046
    outer loop
      vertex 0.023569836841299891 0.03666453658745486 0.024498460116947889
      vertex 0.019134171618254495 0.032664074121909414 0.032664074121909414
      vertex 0.023569836841299891 0.03118062532466678 0.031180625324666776
    endloop
  endfacet
  facet normal 0.42587043223198484 0.57398899428820482 0.6994076131888739
    outer loop
      vertex 0.023569836841299891 0.03118062532466678 0.031180625324666776
      vertex 0.019134171618254495 0.032664074121909414 0.032664074121909414
      vertex 0.019134171618254495 0.025663998357966844 0.038408887835570817
    endloop
  endfacet
  facet normal 0.42587043223198479 0.57398899428820482 0.69940761318887401
    outer loop
      vertex 0.023569836841299891 0.03118062532466678 0.031180625324666776
      vertex 0.019134171618254495 0.025663998357966844 0.038408887835570817
      vertex 0.023569836841299891 0.024498460116947892 0.03666453658745486
    endloop
  endfacet
  facet normal 0.42587043223198467 0.4265123002337759 0.79794838974700355
    outer loop
      vertex 0.023569836841299891 0.024498460116947892 0.03666453658745486
      vertex 0.019134171618254495 0.025663998357966844 0.038408887835570817
      vertex 0.019134171618254495 0.017677669529663691 0.042677669529663689
    endloop
  endfacet
  facet normal 0.42587043223198423 0.42651230023377629 0.79794838974700377
    outer loop
      vertex 0.023569836841299891 0.024498460116947892 0.03666453658745486
      vertex 0.019134171618254495 0.017677669529663691 0.042677669529663689
      vertex 0.023569836841299891 0.016874832825829411 0.040739450270896059
    endloop
  endfacet
  facet normal 0.42587043223198418 0.26264497767221695 0.86582445718176826
    outer loop
      vertex 0.023569836841299891 0.016874832825829411 0.040739450270896059
      vertex 0.019134171618254495 0.017677669529663691 0.042677669529663689
      vertex 0.019134171618254495 0.0090119977750868531 0.045306372317644394
    endloop
  endfacet
  facet normal 0.42587043223198517 0.26264497767221623 0.86582445718176804
    outer loop
      vertex 0.023569836841299891 0.016874832825829411 0.040739450270896059
      vertex 0.019134171618254495 0.0090119977750868531 0.045306372317644394
      vertex 0.023569836841299891 0.008602715172729581 0.04324876972737364
    endloop
  endfacet
  facet normal 0.42587043223198517 0.088684355911714821 0.90042737628698655
    outer loop
      vertex 0.023569836841299891 0.008602715172729581 0.04324876972737364
      vertex 0.019134171618254495 0.0090119977750868531 0.045306372317644394
      vertex 0.019134171618254495 2.828565280719251e-18 0.046193976625564341
    endloop
  endfacet
  facet normal 0.4258704322319849 0.088684355911714988 0.90042737628698655
    outer loop
      vertex 0.023569836841299891 0.008602715172729581 0.04324876972737364
      vertex 0.019134171618254495 2.828565280719251e-18 0.046193976625564341
      vertex 0.023569836841299891 2.7001051337104993e-18 0.044096063217417748
    endloop
  endfacet
  facet normal 0.42587043223198484 -0.088684355911714779 0.90042737628698666
    outer loop
      vertex 0.023569836841299891 2.7001051337104993e-18 0.044096063217417748
      vertex 0.019134171618254495 2.828565280719251e-18 0.046193976625564341
      vertex 0.019134171618254495 -0.0090119977750868462 0.045306372317644394
    endloop
  endfacet
  facet normal 0.42587043223198512 -0.088684355911714974 0.90042737628698644
    outer loop
      vertex 0.023569836841299891 2.7001051337104993e-18 0.044096063217417748
      vertex 0.019134171618254495 -0.0090119977750868462 0.045306372317644394
      vertex 0.023569836841299891 -0.0086027151727295741 0.04324876972737364
    endloop
  endfacet
  facet normal 0.42587043223198517 -0.26264497767221673 0.86582445718176781
    outer loop
      vertex 0.023569836841299891 -0.0086027151727295741 0.04324876972737364
      vertex 0.019134171618254495 -0.0090119977750868462 0.045306372317644394
      vertex 0.019134171618254495 -0.017677669529663688 0.042677669529663689
    endloop
  endfacet
  facet normal 0.42587043223198434 -0.26264497767221634 0.86582445718176837
    outer loop
      vertex 0.023569836841299891 -0.0086027151727295741 0.04324876972737364
      vertex 0.019134171618254495 -0.017677669529663688 0.042677669529663689
      vertex 0.023569836841299891 -0.016874832825829404 0.040739450270896059
    endloop
  endfacet
  facet normal 0.42587043223198451 -0.42651230023377551 0.79794838974700399
    outer loop
      vertex 0.023569836841299891 -0.016874832825829404 0.040739450270896059
      vertex 0.019134171618254495 -0.017677669529663688 0.042677669529663689
      vertex 0.019134171618254495 -0.025663998357966827 0.03840888783557083
    endloop
  endfacet
  facet normal 0.42587043223198545 -0.42651230023377573 0.79794838974700333
    outer loop
      vertex 0.023569836841299891 -0.016874832825829404 0.040739450270896059
      vertex 0.019134171618254495 -0.025663998357966827 0.03840888783557083
      vertex 0.023569836841299891 -0.024498460116947878 0.036664536587454867
    endloop
  endfacet
  facet normal 0.42587043223198529 -0.5739889942882046 0.6994076131888739
    outer loop
      vertex 0.023569836841299891 -0.024498460116947878 0.036664536587454867
      vertex 0.019134171618254495 -0.025663998357966827 0.03840888783557083
      vertex 0.019134171618254495 -0.032664074121909414 0.032664074121909414
    endloop
  endfacet
  facet normal 0.42587043223198479 -0.57398899428820449 0.69940761318887423
    outer loop
      vertex 0.023569836841299891 -0.024498460116947878 0.036664536587454867
      vertex 0.019134171618254495 -0.032664074121909414 0.032664074121909414
      vertex 0.023569836841299891 -0.031180625324666776 0.03118062532466678
    endloop
  endfacet
  facet normal 0.42587043223198484 -0.69940761318887401 0.57398899428820482
    outer loop
      vertex 0.023569836841299891 -0.031180625324666776 0.03118062532466678
      vertex 0.019134171618254495 -0.032664074121909414 0.032664074121909414
      vertex 0.019134171618254495 -0.038408887835570824 0.025663998357966837
    endloop
  endfacet
  facet normal 0.42587043223198434 -0.6994076131888739 0.57398899428820527
    outer loop
      vertex 0.023569836841299891 -0.031180625324666776 0.03118062532466678
      vertex 0.019134171618254495 -0.038408887835570824 0.025663998357966837
      vertex 0.023569836841299891 -0.036664536587454867 0.024498460116947889
    endloop
  endfacet
  facet normal 0.42587043223198445 -0.79794838974700366 0.42651230023377579
    outer loop
      vertex 0.023569836841299891 -0.036664536587454867 0.024498460116947889
      vertex 0.019134171618254495 -0.038408887835570824 0.025663998357966837
      vertex 0.019134171618254495 -0.042677669529663689 0.017677669529663695
    endloop
  endfacet
  facet normal 0.42587043223198423 -0.79794838974700377 0.42651230023377601
    outer loop
      vertex 0.023569836841299891 -0.036664536587454867 0.024498460116947889
      vertex 0.019134171618254495 -0.042677669529663689 0.017677669529663695
      vertex 0.023569836841299891 -0.040739450270896059 0.016874832825829415
    endloop
  endfacet
  facet normal 0.42587043223198418 -0.86582445718176815 0.26264497767221717
    outer loop
      vertex 0.023569836841299891 -0.040739450270896059 0.016874832825829415
      vertex 0.019134171618254495 -0.042677669529663689 0.017677669529663695
      vertex 0.019134171618254495 -0.045306372317644394 0.0090119977750868652
    endloop
  endfacet
  facet normal 0.42587043223198512 -0.86582445718176793 0.26264497767221645
    outer loop
      vertex 0.023569836841299891 -0.040739450270896059 0.016874832825829415
      vertex 0.019134171618254495 -0.045306372317644394 0.0090119977750868652
      vertex 0.023569836841299891 -0.04324876972737364 0.0086027151727295931
    endloop
  endfacet
  facet normal 0.42587043223198517 -0.90042737628698666 0.088684355911714724
    outer loop
      vertex 0.023569836841299891 -0.04324876972737364 0.0086027151727295931
      vertex 0.019134171618254495 -0.045306372317644394 0.0090119977750868652
      vertex 0.019134171618254495 -0.046193976625564341 5.6571305614385021e-18
    endloop
  endfacet
  facet normal 0.42587043223198495 -0.90042737628698666 0.088684355911714891
    outer loop
      vertex 0.023569836841299891 -0.04324876972737364 0.0086027151727295931
      vertex 0.019134171618254495 -0.046193976625564341 5.6571305614385021e-18
      vertex 0.023569836841299891 -0.044096063217417748 5.4002102674209985e-18
    endloop
  endfacet
  facet normal 0.4258704322319849 -0.90042737628698655 -0.088684355911714696
    outer loop
      vertex 0.023569836841299891 -0.044096063217417748 5.4002102674209985e-18
      vertex 0.019134171618254495 -0.046193976625564341 5.6571305614385021e-18
      vertex 0.019134171618254495 -0.045306372317644394 -0.0090119977750868531
    endloop
  endfacet
  facet normal 0.42587043223198523 -0.90042737628698655 -0.088684355911714891
    outer loop
      vertex 0.023569836841299891 -0.044096063217417748 5.4002102674209985e-18
      vertex 0.019134171618254495 -0.045306372317644394 -0.0090119977750868531
      vertex 0.023569836841299891 -0.04324876972737364 -0.008602715172729581
    endloop
  endfacet
  facet normal 0.42587043223198523 -0.86582445718176793 -0.2626449776722164
    outer loop
      vertex 0.023569836841299891 -0.04324876972737364 -0.008602715172729581
      vertex 0.019134171618254495 -0.045306372317644394 -0.0090119977750868531
      vertex 0.019134171618254495 -0.042677669529663696 -0.017677669529663684
    endloop
  endfacet
  facet normal 0.42587043223198529 -0.86582445718176793 -0.2626449776722164
    outer loop
      vertex 0.023569836841299891 -0.04324876972737364 -0.008602715172729581
      vertex 0.019134171618254495 -0.042677669529663696 -0.017677669529663684
      vertex 0.023569836841299891 -0.040739450270896059 -0.016874832825829404
    endloop
  endfacet
  facet normal 0.42587043223198529 -0.79794838974700344 -0.42651230023377568
    outer loop
      vertex 0.023569836841299891 -0.040739450270896059 -0.016874832825829404
      vertex 0.019134171618254495 -0.042677669529663696 -0.017677669529663684
      vertex 0.019134171618254495 -0.03840888783557083 -0.025663998357966827
    endloop
  endfacet
  facet normal 0.42587043223198545 -0.79794838974700333 -0.42651230023377573
    outer loop
      vertex 0.023569836841299891 -0.040739450270896059 -0.016874832825829404
      vertex 0.019134171618254495 -0.03840888783557083 -0.025663998357966827
      vertex 0.023569836841299891 -0.036664536587454867 -0.024498460116947878
    endloop
  endfacet
  facet normal 0.42587043223198523 -0.69940761318887423 -0.57398899428820427
    outer loop
      vertex 0.023569836841299891 -0.036664536587454867 -0.024498460116947878
      vertex 0.019134171618254495 -0.03840888783557083 -0.025663998357966827
      vertex 0.019134171618254495 -0.032664074121909421 -0.032664074121909414
    endloop
  endfacet
  facet normal 0.42587043223198467 -0.69940761318887457 -0.57398899428820405
    outer loop
      vertex 0.023569836841299891 -0.036664536587454867 -0.024498460116947878
      vertex 0.019134171618254495 -0.032664074121909421 -0.032664074121909414
      vertex 0.023569836841299891 -0.031180625324666787 -0.031180625324666776
    endloop
  endfacet
  facet normal 0.42587043223198479 -0.57398899428820416 -0.69940761318887468
    outer loop
      vertex 0.023569836841299891 -0.031180625324666787 -0.031180625324666776
      vertex 0.019134171618254495 -0.032664074121909421 -0.032664074121909414
      vertex 0.019134171618254495 -0.025663998357966837 -0.038408887835570817
    endloop
  endfacet
  facet normal 0.42587043223198445 -0.57398899428820438 -0.69940761318887446
    outer loop
      vertex 0.023569836841299891 -0.031180625324666787 -0.031180625324666776
      vertex 0.019134171618254495 -0.025663998357966837 -0.038408887835570817
      vertex 0.023569836841299891 -0.024498460116947889 -0.03666453658745486
    endloop
  endfacet
  facet normal 0.42587043223198451 -0.42651230023377673 -0.79794838974700333
    outer loop
      vertex 0.023569836841299891 -0.024498460116947889 -0.03666453658745486
      vertex 0.019134171618254495 -0.025663998357966837 -0.038408887835570817
      vertex 0.019134171618254495 -0.017677669529663716 -0.042677669529663682
    endloop
  endfacet
  facet normal 0.42587043223198551 -0.42651230023377584 -0.79794838974700311
    outer loop
      vertex 0.023569836841299891 -0.024498460116947889 -0.03666453658745486
      vertex 0.019134171618254495 -0.017677669529663716 -0.042677669529663682
      vertex 0.023569836841299891 -0.016874832825829432 -0.040739450270896045
    endloop
  endfacet
  facet normal 0.42587043223198545 -0.26264497767221651 -0.8658244571817677
    outer loop
      vertex 0.023569836841299891 -0.016874832825829432 -0.040739450270896045
      vertex 0.019134171618254495 -0.017677669529663716 -0.042677669529663682
      vertex 0.019134171618254495 -0.0090119977750868687 -0.045306372317644387
    endloop
  endfacet
  facet normal 0.42587043223198406 -0.26264497767221751 -0.86582445718176815
    outer loop
      vertex 0.023569836841299891 -0.016874832825829432 -0.040739450270896045
      vertex 0.019134171618254495 -0.0090119977750868687 -0.045306372317644387
      vertex 0.023569836841299891 -0.0086027151727295949 -0.04324876972737364
    endloop
  endfacet
  facet normal 0.42587043223198406 -0.08868435591171546 -0.90042737628698699
    outer loop
      vertex 0.023569836841299891 -0.0086027151727295949 -0.04324876972737364
      vertex 0.019134171618254495 -0.0090119977750868687 -0.045306372317644387
      vertex 0.019134171618254495 -8.4856958421577535e-18 -0.046193976625564341
    endloop
  endfacet
  facet normal 0.4258704322319849 -0.088684355911714904 -0.90042737628698666
    outer loop
      vertex 0.023569836841299891 -0.0086027151727295949 -0.04324876972737364
      vertex 0.019134171618254495 -8.4856958421577535e-18 -0.046193976625564341
      vertex 0.023569836841299891 -8.1003154011314966e-18 -0.044096063217417748
    endloop
  endfacet
  facet normal 0.42587043223198501 0.088684355911714696 -0.90042737628698677
    outer loop
      vertex 0.023569836841299891 -8.1003154011314966e-18 -0.044096063217417748
      vertex 0.019134171618254495 -8.4856958421577535e-18 -0.046193976625564341
      vertex 0.019134171618254495 0.0090119977750868514 -0.045306372317644394
    endloop
  endfacet
  facet normal 0.42587043223198523 0.088684355911714877 -0.90042737628698655
    outer loop
      vertex 0.023569836841299891 -8.1003154011314966e-18 -0.044096063217417748
      vertex 0.019134171618254495 0.0090119977750868514 -0.045306372317644394
      vertex 0.023569836841299891 0.0086027151727295793 -0.04324876972737364
    endloop
  endfacet
  facet normal 0.42587043223198523 0.26264497767221717 -0.8658244571817677
    outer loop
      vertex 0.023569836841299891 0.0086027151727295793 -0.04324876972737364
      vertex 0.019134171618254495 0.0090119977750868514 -0.045306372317644394
      vertex 0.019134171618254495 0.017677669529663702 -0.042677669529663682
    endloop
  endfacet
  facet normal 0.42587043223198429 0.26264497767221673 -0.86582445718176826
    outer loop
      vertex 0.023569836841299891 0.0086027151727295793 -0.04324876972737364
      vertex 0.019134171618254495 0.017677669529663702 -0.042677669529663682
      vertex 0.023569836841299891 0.016874832825829418 -0.040739450270896052
    endloop
  endfacet
  facet normal 0.42587043223198445 0.42651230023377562 -0.79794838974700377
    outer loop
      vertex 0.023569836841299891 0.016874832825829418 -0.040739450270896052
      vertex 0.019134171618254495 0.017677669529663702 -0.042677669529663682
      vertex 0.019134171618254495 0.025663998357966823 -0.03840888783557083
    endloop
  endfacet
  facet normal 0.42587043223198567 0.42651230023377606 -0.797948389747003
    outer loop
      vertex 0.023569836841299891 0.016874832825829418 -0.040739450270896052
      vertex 0.019134171618254495 0.025663998357966823 -0.03840888783557083
      vertex 0.023569836841299891 0.024498460116947871 -0.036664536587454867
    endloop
  endfacet
  facet normal 0.42587043223198567 0.57398899428820438 -0.6994076131888739
    outer loop
      vertex 0.023569836841299891 0.024498460116947871 -0.036664536587454867
      vertex 0.019134171618254495 0.025663998357966823 -0.03840888783557083
      vertex 0.019134171618254495 0.032664074121909407 -0.032664074121909421
    endloop
  endfacet
  facet normal 0.42587043223198434 0.57398899428820405 -0.69940761318887501
    outer loop
      vertex 0.023569836841299891 0.024498460116947871 -0.036664536587454867
      vertex 0.019134171618254495 0.032664074121909407 -0.032664074121909421
      vertex 0.023569836841299891 0.031180625324666773 -0.031180625324666787
    endloop
  endfacet
  facet normal 0.42587043223198445 0.69940761318887457 -0.57398899428820471
    outer loop
      vertex 0.023569836841299891 0.031180625324666773 -0.031180625324666787
      vertex 0.019134171618254495 0.032664074121909407 -0.032664074121909421
      vertex 0.019134171618254495 0.038408887835570817 -0.025663998357966837
    endloop
  endfacet
  facet normal 0.4258704322319844 0.69940761318887434 -0.5739889942882046
    outer loop
      vertex 0.023569836841299891 0.031180625324666773 -0.031180625324666787
      vertex 0.019134171618254495 0.038408887835570817 -0.025663998357966837
      vertex 0.023569836841299891 0.03666453658745486 -0.024498460116947889
    endloop
  endfacet
  facet normal 0.42587043223198445 0.79794838974700322 -0.42651230023377684
    outer loop
      vertex 0.023569836841299891 0.03666453658745486 -0.024498460116947889
      vertex 0.019134171618254495 0.038408887835570817 -0.025663998357966837
      vertex 0.019134171618254495 0.042677669529663682 -0.017677669529663719
    endloop
  endfacet
  facet normal 0.42587043223198545 0.79794838974700311 -0.42651230023377612
    outer loop
      vertex 0.023569836841299891 0.03666453658745486 -0.024498460116947889
      vertex 0.019134171618254495 0.042677669529663682 -0.017677669529663719
      vertex 0.023569836841299891 0.040739450270896045 -0.016874832825829435
    endloop
  endfacet
  facet normal 0.42587043223198545 0.8658244571817677 -0.26264497767221651
    outer loop
      vertex 0.023569836841299891 0.040739450270896045 -0.016874832825829435
      vertex 0.019134171618254495 0.042677669529663682 -0.017677669529663719
      vertex 0.019134171618254495 0.045306372317644387 -0.0090119977750868704
    endloop
  endfacet
  facet normal 0.42587043223198395 0.86582445718176815 -0.26264497767221751
    outer loop
      vertex 0.023569836841299891 0.040739450270896045 -0.016874832825829435
      vertex 0.019134171618254495 0.045306372317644387 -0.0090119977750868704
      vertex 0.023569836841299891 0.04324876972737364 -0.0086027151727295983
    endloop
  endfacet
  facet normal 0.42587043223198401 0.90042737628698699 -0.088684355911715348
    outer loop
      vertex 0.023569836841299891 0.04324876972737364 -0.0086027151727295983
      vertex 0.019134171618254495 0.045306372317644387 -0.0090119977750868704
      vertex 0.019134171618254495 0.046193976625564341 0
    endloop
  endfacet
  facet normal 0.4258704322319849 0.90042737628698666 -0.088684355911714779
    outer loop
      vertex 0.023569836841299891 0.04324876972737364 -0.0086027151727295983
      vertex 0.019134171618254495 0.046193976625564341 0
      vertex 0.023569836841299891 0.044096063217417748 0
    endloop
  endfacet
  facet normal 0.33545057170414638 0.9375215423379808 0.092337812382441153
    outer loop
      vertex 0.019134171618254495 0.046193976625564341 0
      vertex 0.014514233862723117 0.04784701678661045 0
      vertex 0.014514233862723117 0.046927649775513801 0.009334489912410926
    endloop
  endfacet
  facet normal 0.33545057170414599 0.93752154233798091 0.092337812382440945
    outer loop
      vertex 0.019134171618254495 0.046193976625564341 0
      vertex 0.014514233862723117 0.046927649775513801 0.009334489912410926
      vertex 0.019134171618254495 0.045306372317644394 0.0090119977750868479
    endloop
  endfacet
  facet normal 0.33545057170414605 0.90149311523407061 0.27346494680110678
    outer loop
      vertex 0.019134171618254495 0.045306372317644394 0.0090119977750868479
      vertex 0.014514233862723117 0.046927649775513801 0.009334489912410926
      vertex 0.014514233862723117 0.044204879500873352 0.018310260612330154
    endloop
  endfacet
  facet normal 0.33545057170414661 0.90149311523407039 0.27346494680110695
    outer loop
      vertex 0.019134171618254495 0.045306372317644394 0.0090119977750868479
      vertex 0.014514233862723117 0.044204879500873352 0.018310260612330154
      vertex 0.019134171618254495 0.042677669529663689 0.017677669529663691
    endloop
  endfacet
  facet normal 0.33545057170414644 0.83082081327487822 0.44408297667511543
    outer loop
      vertex 0.019134171618254495 0.042677669529663689 0.017677669529663691
      vertex 0.014514233862723117 0.044204879500873352 0.018310260612330154
      vertex 0.014514233862723117 0.039783340497396368 0.026582378265429984
    endloop
  endfacet
  facet normal 0.33545057170414738 0.83082081327487778 0.44408297667511576
    outer loop
      vertex 0.019134171618254495 0.042677669529663689 0.017677669529663691
      vertex 0.014514233862723117 0.039783340497396368 0.026582378265429984
      vertex 0.019134171618254495 0.038408887835570817 0.025663998357966837
    endloop
  endfacet
  facet normal 0.33545057170414727 0.72822053339121207 0.5976351468001021
    outer loop
      vertex 0.019134171618254495 0.038408887835570817 0.025663998357966837
      vertex 0.014514233862723117 0.039783340497396368 0.026582378265429984
      vertex 0.014514233862723117 0.033832950029358821 0.033832950029358821
    endloop
  endfacet
  facet normal 0.33545057170414677 0.7282205333912124 0.59763514680010188
    outer loop
      vertex 0.019134171618254495 0.038408887835570817 0.025663998357966837
      vertex 0.014514233862723117 0.033832950029358821 0.033832950029358821
      vertex 0.019134171618254495 0.032664074121909414 0.032664074121909414
    endloop
  endfacet
  facet normal 0.33545057170414677 0.59763514680010243 0.72822053339121184
    outer loop
      vertex 0.019134171618254495 0.032664074121909414 0.032664074121909414
      vertex 0.014514233862723117 0.033832950029358821 0.033832950029358821
      vertex 0.014514233862723117 0.026582378265429991 0.039783340497396368
    endloop
  endfacet
  facet normal 0.33545057170414716 0.5976351468001021 0.72822053339121184
    outer loop
      vertex 0.019134171618254495 0.032664074121909414 0.032664074121909414
      vertex 0.014514233862723117 0.026582378265429991 0.039783340497396368
      vertex 0.019134171618254495 0.025663998357966844 0.038408887835570817
    endloop
  endfacet
  facet normal 0.33545057170414738 0.44408297667511515 0.830820813274878
    outer loop
      vertex 0.019134171618254495 0.025663998357966844 0.038408887835570817
      vertex 0.014514233862723117 0.026582378265429991 0.039783340497396368
      vertex 0.014514233862723117 0.018310260612330157 0.044204879500873352
    endloop
  endfacet
  facet normal 0.33545057170414677 0.44408297667511565 0.83082081327487811
    outer loop
      vertex 0.019134171618254495 0.025663998357966844 0.038408887835570817
      vertex 0.014514233862723117 0.018310260612330157 0.044204879500873352
      vertex 0.019134171618254495 0.017677669529663691 0.042677669529663689
    endloop
  endfacet
  facet normal 0.33545057170414683 0.27346494680110672 0.9014931152340705
    outer loop
      vertex 0.019134171618254495 0.017677669529663691 0.042677669529663689
      vertex 0.014514233862723117 0.018310260612330157 0.044204879500873352
      vertex 0.014514233862723117 0.0093344899124109312 0.046927649775513801
    endloop
  endfacet
  facet normal 0.33545057170414599 0.27346494680110717 0.90149311523407061
    outer loop
      vertex 0.019134171618254495 0.017677669529663691 0.042677669529663689
      vertex 0.014514233862723117 0.0093344899124109312 0.046927649775513801
      vertex 0.019134171618254495 0.0090119977750868531 0.045306372317644394
    endloop
  endfacet
  facet normal 0.33545057170414599 0.09233781238244114 0.93752154233798102
    outer loop
      vertex 0.019134171618254495 0.0090119977750868531 0.045306372317644394
      vertex 0.014514233862723117 0.0093344899124109312 0.046927649775513801
      vertex 0.014514233862723117 2.9297847978236082e-18 0.04784701678661045
    endloop
  endfacet
  facet normal 0.33545057170414638 0.092337812382440917 0.9375215423379808
    outer loop
      vertex 0.019134171618254495 0.0090119977750868531 0.045306372317644394
      vertex 0.014514233862723117 2.9297847978236082e-18 0.04784701678661045
      vertex 0.019134171618254495 2.828565280719251e-18 0.046193976625564341
    endloop
  endfacet
  facet normal 0.33545057170414649 -0.092337812382441153 0.93752154233798091
    outer loop
      vertex 0.019134171618254495 2.828565280719251e-18 0.046193976625564341
      vertex 0.014514233862723117 2.9297847978236082e-18 0.04784701678661045
      vertex 0.014514233862723117 -0.0093344899124109242 0.046927649775513801
    endloop
  endfacet
  facet normal 0.33545057170414611 -0.092337812382440945 0.93752154233798102
    outer loop
      vertex 0.019134171618254495 2.828565280719251e-18 0.046193976625564341
      vertex 0.014514233862723117 -0.0093344899124109242 0.046927649775513801
      vertex 0.019134171618254495 -0.0090119977750868462 0.045306372317644394
    endloop
  endfacet
  facet normal 0.33545057170414605 -0.27346494680110672 0.90149311523407061
    outer loop
      vertex 0.019134171618254495 -0.0090119977750868462 0.045306372317644394
      vertex 0.014514233862723117 -0.0093344899124109242 0.046927649775513801
      vertex 0.014514233862723117 -0.018310260612330154 0.044204879500873352
    endloop
  endfacet
  facet normal 0.33545057170414677 -0.27346494680110695 0.90149311523407016
    outer loop
      vertex 0.019134171618254495 -0.0090119977750868462 0.045306372317644394
      vertex 0.014514233862723117 -0.018310260612330154 0.044204879500873352
      vertex 0.019134171618254495 -0.017677669529663688 0.042677669529663689
    endloop
  endfacet
  facet normal 0.33545057170414683 -0.44408297667511532 0.83082081327487811
    outer loop
      vertex 0.019134171618254495 -0.017677669529663688 0.042677669529663689
      vertex 0.014514233862723117 -0.018310260612330154 0.044204879500873352
      vertex 0.014514233862723117 -0.026582378265429973 0.039783340497396374
    endloop
  endfacet
  facet normal 0.33545057170414627 -0.4440829766751152 0.83082081327487867
    outer loop
      vertex 0.019134171618254495 -0.017677669529663688 0.042677669529663689
      vertex 0.014514233862723117 -0.026582378265429973 0.039783340497396374
      vertex 0.019134171618254495 -0.025663998357966827 0.03840888783557083
    endloop
  endfacet
  facet normal 0.33545057170414627 -0.5976351468001021 0.72822053339121229
    outer loop
      vertex 0.019134171618254495 -0.025663998357966827 0.03840888783557083
      vertex 0.014514233862723117 -0.026582378265429973 0.039783340497396374
      vertex 0.014514233862723117 -0.033832950029358821 0.033832950029358821
    endloop
  endfacet
  facet normal 0.33545057170414683 -0.59763514680010221 0.72822053339121207
    outer loop
      vertex 0.019134171618254495 -0.025663998357966827 0.03840888783557083
      vertex 0.014514233862723117 -0.033832950029358821 0.033832950029358821
      vertex 0.019134171618254495 -0.032664074121909414 0.032664074121909414
    endloop
  endfacet
  facet normal 0.33545057170414672 -0.72822053339121218 0.5976351468001021
    outer loop
      vertex 0.019134171618254495 -0.032664074121909414 0.032664074121909414
      vertex 0.014514233862723117 -0.033832950029358821 0.033832950029358821
      vertex 0.014514233862723117 -0.039783340497396368 0.026582378265429984
    endloop
  endfacet
  facet normal 0.33545057170414627 -0.72822053339121207 0.59763514680010243
    outer loop
      vertex 0.019134171618254495 -0.032664074121909414 0.032664074121909414
      vertex 0.014514233862723117 -0.039783340497396368 0.026582378265429984
      vertex 0.019134171618254495 -0.038408887835570824 0.025663998357966837
    endloop
  endfacet
  facet normal 0.33545057170414616 -0.83082081327487811 0.44408297667511576
    outer loop
      vertex 0.019134171618254495 -0.038408887835570824 0.025663998357966837
      vertex 0.014514233862723117 -0.039783340497396368 0.026582378265429984
      vertex 0.014514233862723117 -0.044204879500873352 0.018310260612330161
    endloop
  endfacet
  facet normal 0.33545057170414677 -0.830820813274878 0.44408297667511548
    outer loop
      vertex 0.019134171618254495 -0.038408887835570824 0.025663998357966837
      vertex 0.014514233862723117 -0.044204879500873352 0.018310260612330161
      vertex 0.019134171618254495 -0.042677669529663689 0.017677669529663695
    endloop
  endfacet
  facet normal 0.33545057170414683 -0.90149311523407039 0.27346494680110695
    outer loop
      vertex 0.019134171618254495 -0.042677669529663689 0.017677669529663695
      vertex 0.014514233862723117 -0.044204879500873352 0.018310260612330161
      vertex 0.014514233862723117 -0.046927649775513801 0.0093344899124109433
    endloop
  endfacet
  facet normal 0.33545057170414605 -0.90149311523407039 0.27346494680110739
    outer loop
      vertex 0.019134171618254495 -0.042677669529663689 0.017677669529663695
      vertex 0.014514233862723117 -0.046927649775513801 0.0093344899124109433
      vertex 0.019134171618254495 -0.045306372317644394 0.0090119977750868652
    endloop
  endfacet
  facet normal 0.33545057170414599 -0.93752154233798102 0.092337812382441029
    outer loop
      vertex 0.019134171618254495 -0.045306372317644394 0.0090119977750868652
      vertex 0.014514233862723117 -0.046927649775513801 0.0093344899124109433
      vertex 0.014514233862723117 -0.04784701678661045 5.8595695956472164e-18
    endloop
  endfacet
  facet normal 0.33545057170414644 -0.93752154233798091 0.09233781238244082
    outer loop
      vertex 0.019134171618254495 -0.045306372317644394 0.0090119977750868652
      vertex 0.014514233862723117 -0.04784701678661045 5.8595695956472164e-18
      vertex 0.019134171618254495 -0.046193976625564341 5.6571305614385021e-18
    endloop
  endfacet
  facet normal 0.33545057170414644 -0.9375215423379808 -0.092337812382441056
    outer loop
      vertex 0.019134171618254495 -0.046193976625564341 5.6571305614385021e-18
      vertex 0.014514233862723117 -0.04784701678661045 5.8595695956472164e-18
      vertex 0.014514233862723117 -0.046927649775513801 -0.0093344899124109312
    endloop
  endfacet
  facet normal 0.33545057170414605 -0.93752154233798102 -0.092337812382440848
    outer loop
      vertex 0.019134171618254495 -0.046193976625564341 5.6571305614385021e-18
      vertex 0.014514233862723117 -0.046927649775513801 -0.0093344899124109312
      vertex 0.019134171618254495 -0.045306372317644394 -0.0090119977750868531
    endloop
  endfacet
  facet normal 0.33545057170414611 -0.90149311523407083 -0.27346494680110633
    outer loop
      vertex 0.019134171618254495 -0.045306372317644394 -0.0090119977750868531
      vertex 0.014514233862723117 -0.046927649775513801 -0.0093344899124109312
      vertex 0.014514233862723117 -0.044204879500873359 -0.01831026061233015
    endloop
  endfacet
  facet normal 0.33545057170414677 -0.90149311523407039 -0.27346494680110667
    outer loop
      vertex 0.019134171618254495 -0.045306372317644394 -0.0090119977750868531
      vertex 0.014514233862723117 -0.044204879500873359 -0.01831026061233015
      vertex 0.019134171618254495 -0.042677669529663696 -0.017677669529663684
    endloop
  endfacet
  facet normal 0.33545057170414677 -0.830820813274878 -0.44408297667511576
    outer loop
      vertex 0.019134171618254495 -0.042677669529663696 -0.017677669529663684
      vertex 0.014514233862723117 -0.044204879500873359 -0.01831026061233015
      vertex 0.014514233862723117 -0.039783340497396374 -0.026582378265429973
    endloop
  endfacet
  facet normal 0.33545057170414633 -0.83082081327487833 -0.44408297667511565
    outer loop
      vertex 0.019134171618254495 -0.042677669529663696 -0.017677669529663684
      vertex 0.014514233862723117 -0.039783340497396374 -0.026582378265429973
      vertex 0.019134171618254495 -0.03840888783557083 -0.025663998357966827
    endloop
  endfacet
  facet normal 0.33545057170414627 -0.72822053339121273 -0.59763514680010166
    outer loop
      vertex 0.019134171618254495 -0.03840888783557083 -0.025663998357966827
      vertex 0.014514233862723117 -0.039783340497396374 -0.026582378265429973
      vertex 0.014514233862723117 -0.033832950029358828 -0.033832950029358821
    endloop
  endfacet
  facet normal 0.33545057170414672 -0.72822053339121251 -0.59763514680010188
    outer loop
      vertex 0.019134171618254495 -0.03840888783557083 -0.025663998357966827
      vertex 0.014514233862723117 -0.033832950029358828 -0.033832950029358821
      vertex 0.019134171618254495 -0.032664074121909421 -0.032664074121909414
    endloop
  endfacet
  facet normal 0.33545057170414666 -0.59763514680010166 -0.7282205333912124
    outer loop
      vertex 0.019134171618254495 -0.032664074121909421 -0.032664074121909414
      vertex 0.014514233862723117 -0.033832950029358828 -0.033832950029358821
      vertex 0.014514233862723117 -0.026582378265429984 -0.039783340497396368
    endloop
  endfacet
  facet normal 0.33545057170414727 -0.59763514680010144 -0.72822053339121251
    outer loop
      vertex 0.019134171618254495 -0.032664074121909421 -0.032664074121909414
      vertex 0.014514233862723117 -0.026582378265429984 -0.039783340497396368
      vertex 0.019134171618254495 -0.025663998357966837 -0.038408887835570817
    endloop
  endfacet
  facet normal 0.33545057170414738 -0.44408297667511548 -0.830820813274878
    outer loop
      vertex 0.019134171618254495 -0.025663998357966837 -0.038408887835570817
      vertex 0.014514233862723117 -0.026582378265429984 -0.039783340497396368
      vertex 0.014514233862723117 -0.018310260612330181 -0.044204879500873338
    endloop
  endfacet
  facet normal 0.33545057170414561 -0.44408297667511659 -0.83082081327487789
    outer loop
      vertex 0.019134171618254495 -0.025663998357966837 -0.038408887835570817
      vertex 0.014514233862723117 -0.018310260612330181 -0.044204879500873338
      vertex 0.019134171618254495 -0.017677669529663716 -0.042677669529663682
    endloop
  endfacet
  facet normal 0.33545057170414561 -0.27346494680110789 -0.90149311523407039
    outer loop
      vertex 0.019134171618254495 -0.017677669529663716 -0.042677669529663682
      vertex 0.014514233862723117 -0.018310260612330181 -0.044204879500873338
      vertex 0.014514233862723117 -0.0093344899124109468 -0.046927649775513801
    endloop
  endfacet
  facet normal 0.33545057170414722 -0.27346494680110678 -0.90149311523407016
    outer loop
      vertex 0.019134171618254495 -0.017677669529663716 -0.042677669529663682
      vertex 0.014514233862723117 -0.0093344899124109468 -0.046927649775513801
      vertex 0.019134171618254495 -0.0090119977750868687 -0.045306372317644387
    endloop
  endfacet
  facet normal 0.33545057170414733 -0.092337812382441015 -0.93752154233798057
    outer loop
      vertex 0.019134171618254495 -0.0090119977750868687 -0.045306372317644387
      vertex 0.014514233862723117 -0.0093344899124109468 -0.046927649775513801
      vertex 0.014514233862723117 -8.7893543934708246e-18 -0.04784701678661045
    endloop
  endfacet
  facet normal 0.33545057170414644 -0.092337812382441528 -0.93752154233798091
    outer loop
      vertex 0.019134171618254495 -0.0090119977750868687 -0.045306372317644387
      vertex 0.014514233862723117 -8.7893543934708246e-18 -0.04784701678661045
      vertex 0.019134171618254495 -8.4856958421577535e-18 -0.046193976625564341
    endloop
  endfacet
  facet normal 0.33545057170414644 0.092337812382441042 -0.9375215423379808
    outer loop
      vertex 0.019134171618254495 -8.4856958421577535e-18 -0.046193976625564341
      vertex 0.014514233862723117 -8.7893543934708246e-18 -0.04784701678661045
      vertex 0.014514233862723117 0.0093344899124109294 -0.046927649775513801
    endloop
  endfacet
  facet normal 0.33545057170414599 0.092337812382440834 -0.93752154233798102
    outer loop
      vertex 0.019134171618254495 -8.4856958421577535e-18 -0.046193976625564341
      vertex 0.014514233862723117 0.0093344899124109294 -0.046927649775513801
      vertex 0.019134171618254495 0.0090119977750868514 -0.045306372317644394
    endloop
  endfacet
  facet normal 0.33545057170414605 0.27346494680110711 -0.90149311523407061
    outer loop
      vertex 0.019134171618254495 0.0090119977750868514 -0.045306372317644394
      vertex 0.014514233862723117 0.0093344899124109294 -0.046927649775513801
      vertex 0.014514233862723117 0.018310260612330168 -0.044204879500873345
    endloop
  endfacet
  facet normal 0.33545057170414688 0.27346494680110744 -0.90149311523407027
    outer loop
      vertex 0.019134171618254495 0.0090119977750868514 -0.045306372317644394
      vertex 0.014514233862723117 0.018310260612330168 -0.044204879500873345
      vertex 0.019134171618254495 0.017677669529663702 -0.042677669529663682
    endloop
  endfacet
  facet normal 0.33545057170414677 0.44408297667511554 -0.83082081327487811
    outer loop
      vertex 0.019134171618254495 0.017677669529663702 -0.042677669529663682
      vertex 0.014514233862723117 0.018310260612330168 -0.044204879500873345
      vertex 0.014514233862723117 0.02658237826542997 -0.039783340497396374
    endloop
  endfacet
  facet normal 0.33545057170414627 0.44408297667511543 -0.83082081327487844
    outer loop
      vertex 0.019134171618254495 0.017677669529663702 -0.042677669529663682
      vertex 0.014514233862723117 0.02658237826542997 -0.039783340497396374
      vertex 0.019134171618254495 0.025663998357966823 -0.03840888783557083
    endloop
  endfacet
  facet normal 0.33545057170414633 0.59763514680010188 -0.72822053339121251
    outer loop
      vertex 0.019134171618254495 0.025663998357966823 -0.03840888783557083
      vertex 0.014514233862723117 0.02658237826542997 -0.039783340497396374
      vertex 0.014514233862723117 0.033832950029358815 -0.033832950029358828
    endloop
  endfacet
  facet normal 0.33545057170414672 0.59763514680010199 -0.72822053339121229
    outer loop
      vertex 0.019134171618254495 0.025663998357966823 -0.03840888783557083
      vertex 0.014514233862723117 0.033832950029358815 -0.033832950029358828
      vertex 0.019134171618254495 0.032664074121909407 -0.032664074121909421
    endloop
  endfacet
  facet normal 0.33545057170414672 0.72822053339121218 -0.59763514680010221
    outer loop
      vertex 0.019134171618254495 0.032664074121909407 -0.032664074121909421
      vertex 0.014514233862723117 0.033832950029358815 -0.033832950029358828
      vertex 0.014514233862723117 0.039783340497396368 -0.026582378265429984
    endloop
  endfacet
  facet normal 0.33545057170414722 0.72822053339121207 -0.59763514680010188
    outer loop
      vertex 0.019134171618254495 0.032664074121909407 -0.032664074121909421
      vertex 0.014514233862723117 0.039783340497396368 -0.026582378265429984
      vertex 0.019134171618254495 0.038408887835570817 -0.025663998357966837
    endloop
  endfacet
  facet normal 0.33545057170414738 0.83082081327487778 -0.44408297667511554
    outer loop
      vertex 0.019134171618254495 0.038408887835570817 -0.025663998357966837
      vertex 0.014514233862723117 0.039783340497396368 -0.026582378265429984
      vertex 0.014514233862723117 0.044204879500873338 -0.018310260612330185
    endloop
  endfacet
  facet normal 0.33545057170414555 0.83082081327487789 -0.4440829766751167
    outer loop
      vertex 0.019134171618254495 0.038408887835570817 -0.025663998357966837
      vertex 0.014514233862723117 0.044204879500873338 -0.018310260612330185
      vertex 0.019134171618254495 0.042677669529663682 -0.017677669529663719
    endloop
  endfacet
  facet normal 0.33545057170414561 0.9014931152340705 -0.27346494680110789
    outer loop
      vertex 0.019134171618254495 0.042677669529663682 -0.017677669529663719
      vertex 0.014514233862723117 0.044204879500873338 -0.018310260612330185
      vertex 0.014514233862723117 0.046927649775513801 -0.0093344899124109485
    endloop
  endfacet
  facet normal 0.33545057170414716 0.90149311523407027 -0.27346494680110678
    outer loop
      vertex 0.019134171618254495 0.042677669529663682 -0.017677669529663719
      vertex 0.014514233862723117 0.046927649775513801 -0.0093344899124109485
      vertex 0.019134171618254495 0.045306372317644387 -0.0090119977750868704
    endloop
  endfacet
  facet normal 0.33545057170414722 0.93752154233798046 -0.09233781238244089
    outer loop
      vertex 0.019134171618254495 0.045306372317644387 -0.0090119977750868704
      vertex 0.014514233862723117 0.046927649775513801 -0.0093344899124109485
      vertex 0.014514233862723117 0.04784701678661045 0
    endloop
  endfacet
  facet normal 0.33545057170414633 0.9375215423379808 -0.092337812382441403
    outer loop
      vertex 0.019134171618254495 0.045306372317644387 -0.0090119977750868704
      vertex 0.014514233862723117 0.04784701678661045 0
      vertex 0.019134171618254495 0.046193976625564341 0
    endloop
  endfacet
  facet normal 0.24187877197931038 0.9656341862849066 0.095106666136854062
    outer loop
      vertex 0.014514233862723117 0.04784701678661045 0
      vertex 0.0097545161008064166 0.049039264020161524 0
      vertex 0.0097545161008064166 0.048096988312782168 0.0095670858091272439
    endloop
  endfacet
  facet normal 0.2418787719793106 0.96563418628490649 0.095106666136854173
    outer loop
      vertex 0.014514233862723117 0.04784701678661045 0
      vertex 0.0097545161008064166 0.048096988312782168 0.0095670858091272439
      vertex 0.014514233862723117 0.046927649775513801 0.009334489912410926
    endloop
  endfacet
  facet normal 0.24187877197931063 0.92852540603986822 0.28166510256735477
    outer loop
      vertex 0.014514233862723117 0.046927649775513801 0.009334489912410926
      vertex 0.0097545161008064166 0.048096988312782168 0.0095670858091272439
      vertex 0.0097545161008064166 0.045306372317644394 0.018766513875893263
    endloop
  endfacet
  facet normal 0.24187877197931051 0.92852540603986833 0.28166510256735472
    outer loop
      vertex 0.014514233862723117 0.046927649775513801 0.009334489912410926
      vertex 0.0097545161008064166 0.045306372317644394 0.018766513875893263
      vertex 0.014514233862723117 0.044204879500873352 0.018310260612330154
    endloop
  endfacet
  facet normal 0.24187877197931057 0.85573391516376451 0.4573993070658019
    outer loop
      vertex 0.014514233862723117 0.044204879500873352 0.018310260612330154
      vertex 0.0097545161008064166 0.045306372317644394 0.018766513875893263
      vertex 0.0097545161008064166 0.040774657842445862 0.027244755338790932
    endloop
  endfacet
  facet normal 0.24187877197931051 0.85573391516376451 0.45739930706580195
    outer loop
      vertex 0.014514233862723117 0.044204879500873352 0.018310260612330154
      vertex 0.0097545161008064166 0.040774657842445862 0.027244755338790932
      vertex 0.014514233862723117 0.039783340497396368 0.026582378265429984
    endloop
  endfacet
  facet normal 0.2418787719793106 0.75005704982902577 0.61555591270619692
    outer loop
      vertex 0.014514233862723117 0.039783340497396368 0.026582378265429984
      vertex 0.0097545161008064166 0.040774657842445862 0.027244755338790932
      vertex 0.0097545161008064166 0.034675996133053694 0.034675996133053687
    endloop
  endfacet
  facet normal 0.24187877197931107 0.75005704982902555 0.61555591270619692
    outer loop
      vertex 0.014514233862723117 0.039783340497396368 0.026582378265429984
      vertex 0.0097545161008064166 0.034675996133053694 0.034675996133053687
      vertex 0.014514233862723117 0.033832950029358821 0.033832950029358821
    endloop
  endfacet
  facet normal 0.24187877197931093 0.61555591270619703 0.75005704982902544
    outer loop
      vertex 0.014514233862723117 0.033832950029358821 0.033832950029358821
      vertex 0.0097545161008064166 0.034675996133053694 0.034675996133053687
      vertex 0.0097545161008064166 0.027244755338790935 0.040774657842445862
    endloop
  endfacet
  facet normal 0.24187877197931013 0.61555591270619747 0.75005704982902544
    outer loop
      vertex 0.014514233862723117 0.033832950029358821 0.033832950029358821
      vertex 0.0097545161008064166 0.027244755338790935 0.040774657842445862
      vertex 0.014514233862723117 0.026582378265429991 0.039783340497396368
    endloop
  endfacet
  facet normal 0.24187877197931026 0.45739930706580195 0.85573391516376462
    outer loop
      vertex 0.014514233862723117 0.026582378265429991 0.039783340497396368
      vertex 0.0097545161008064166 0.027244755338790935 0.040774657842445862
      vertex 0.0097545161008064166 0.018766513875893266 0.045306372317644394
    endloop
  endfacet
  facet normal 0.24187877197931049 0.45739930706580173 0.85573391516376462
    outer loop
      vertex 0.014514233862723117 0.026582378265429991 0.039783340497396368
      vertex 0.0097545161008064166 0.018766513875893266 0.045306372317644394
      vertex 0.014514233862723117 0.018310260612330157 0.044204879500873352
    endloop
  endfacet
  facet normal 0.24187877197931051 0.28166510256735477 0.92852540603986833
    outer loop
      vertex 0.014514233862723117 0.018310260612330157 0.044204879500873352
      vertex 0.0097545161008064166 0.018766513875893266 0.045306372317644394
      vertex 0.0097545161008064166 0.0095670858091272473 0.048096988312782168
    endloop
  endfacet
  facet normal 0.24187877197931057 0.28166510256735472 0.92852540603986822
    outer loop
      vertex 0.014514233862723117 0.018310260612330157 0.044204879500873352
      vertex 0.0097545161008064166 0.0095670858091272473 0.048096988312782168
      vertex 0.014514233862723117 0.0093344899124109312 0.046927649775513801
    endloop
  endfacet
  facet normal 0.24187877197931057 0.095106666136854034 0.9656341862849066
    outer loop
      vertex 0.014514233862723117 0.0093344899124109312 0.046927649775513801
      vertex 0.0097545161008064166 0.0095670858091272473 0.048096988312782168
      vertex 0.0097545161008064166 3.0027888857416387e-18 0.049039264020161524
    endloop
  endfacet
  facet normal 0.2418787719793104 0.095106666136854159 0.9656341862849066
    outer loop
      vertex 0.014514233862723117 0.0093344899124109312 0.046927649775513801
      vertex 0.0097545161008064166 3.0027888857416387e-18 0.049039264020161524
      vertex 0.014514233862723117 2.9297847978236082e-18 0.04784701678661045
    endloop
  endfacet
  facet normal 0.24187877197931038 -0.095106666136854062 0.9656341862849066
    outer loop
      vertex 0.014514233862723117 2.9297847978236082e-18 0.04784701678661045
      vertex 0.0097545161008064166 3.0027888857416387e-18 0.049039264020161524
      vertex 0.0097545161008064166 -0.0095670858091272404 0.048096988312782168
    endloop
  endfacet
  facet normal 0.24187877197931057 -0.095106666136854159 0.9656341862849066
    outer loop
      vertex 0.014514233862723117 2.9297847978236082e-18 0.04784701678661045
      vertex 0.0097545161008064166 -0.0095670858091272404 0.048096988312782168
      vertex 0.014514233862723117 -0.0093344899124109242 0.046927649775513801
    endloop
  endfacet
  facet normal 0.24187877197931057 -0.28166510256735483 0.92852540603986833
    outer loop
      vertex 0.014514233862723117 -0.0093344899124109242 0.046927649775513801
      vertex 0.0097545161008064166 -0.0095670858091272404 0.048096988312782168
      vertex 0.0097545161008064166 -0.018766513875893259 0.045306372317644394
    endloop
  endfacet
  facet normal 0.24187877197931029 -0.28166510256735466 0.92852540603986833
    outer loop
      vertex 0.014514233862723117 -0.0093344899124109242 0.046927649775513801
      vertex 0.0097545161008064166 -0.018766513875893259 0.045306372317644394
      vertex 0.014514233862723117 -0.018310260612330154 0.044204879500873352
    endloop
  endfacet
  facet normal 0.24187877197931018 -0.45739930706580156 0.85573391516376474
    outer loop
      vertex 0.014514233862723117 -0.018310260612330154 0.044204879500873352
      vertex 0.0097545161008064166 -0.018766513875893259 0.045306372317644394
      vertex 0.0097545161008064166 -0.027244755338790921 0.040774657842445869
    endloop
  endfacet
  facet normal 0.24187877197931063 -0.45739930706580184 0.85573391516376462
    outer loop
      vertex 0.014514233862723117 -0.018310260612330154 0.044204879500873352
      vertex 0.0097545161008064166 -0.027244755338790921 0.040774657842445869
      vertex 0.014514233862723117 -0.026582378265429973 0.039783340497396374
    endloop
  endfacet
  facet normal 0.2418787719793106 -0.61555591270619681 0.75005704982902588
    outer loop
      vertex 0.014514233862723117 -0.026582378265429973 0.039783340497396374
      vertex 0.0097545161008064166 -0.027244755338790921 0.040774657842445869
      vertex 0.0097545161008064166 -0.034675996133053687 0.034675996133053694
    endloop
  endfacet
  facet normal 0.24187877197931121 -0.61555591270619681 0.75005704982902555
    outer loop
      vertex 0.014514233862723117 -0.026582378265429973 0.039783340497396374
      vertex 0.0097545161008064166 -0.034675996133053687 0.034675996133053694
      vertex 0.014514233862723117 -0.033832950029358821 0.033832950029358821
    endloop
  endfacet
  facet normal 0.24187877197931093 -0.75005704982902555 0.61555591270619692
    outer loop
      vertex 0.014514233862723117 -0.033832950029358821 0.033832950029358821
      vertex 0.0097545161008064166 -0.034675996133053687 0.034675996133053694
      vertex 0.0097545161008064166 -0.040774657842445862 0.027244755338790932
    endloop
  endfacet
  facet normal 0.24187877197931054 -0.75005704982902566 0.61555591270619703
    outer loop
      vertex 0.014514233862723117 -0.033832950029358821 0.033832950029358821
      vertex 0.0097545161008064166 -0.040774657842445862 0.027244755338790932
      vertex 0.014514233862723117 -0.039783340497396368 0.026582378265429984
    endloop
  endfacet
  facet normal 0.24187877197931051 -0.85573391516376429 0.45739930706580212
    outer loop
      vertex 0.014514233862723117 -0.039783340497396368 0.026582378265429984
      vertex 0.0097545161008064166 -0.040774657842445862 0.027244755338790932
      vertex 0.0097545161008064166 -0.045306372317644394 0.01876651387589327
    endloop
  endfacet
  facet normal 0.24187877197931063 -0.8557339151637644 0.45739930706580229
    outer loop
      vertex 0.014514233862723117 -0.039783340497396368 0.026582378265429984
      vertex 0.0097545161008064166 -0.045306372317644394 0.01876651387589327
      vertex 0.014514233862723117 -0.044204879500873352 0.018310260612330161
    endloop
  endfacet
  facet normal 0.24187877197931051 -0.92852540603986822 0.281665102567355
    outer loop
      vertex 0.014514233862723117 -0.044204879500873352 0.018310260612330161
      vertex 0.0097545161008064166 -0.045306372317644394 0.01876651387589327
      vertex 0.0097545161008064166 -0.048096988312782168 0.0095670858091272612
    endloop
  endfacet
  facet normal 0.24187877197931071 -0.92852540603986811 0.281665102567355
    outer loop
      vertex 0.014514233862723117 -0.044204879500873352 0.018310260612330161
      vertex 0.0097545161008064166 -0.048096988312782168 0.0095670858091272612
      vertex 0.014514233862723117 -0.046927649775513801 0.0093344899124109433
    endloop
  endfacet
  facet normal 0.2418787719793106 -0.9656341862849066 0.095106666136853937
    outer loop
      vertex 0.014514233862723117 -0.046927649775513801 0.0093344899124109433
      vertex 0.0097545161008064166 -0.048096988312782168 0.0095670858091272612
      vertex 0.0097545161008064166 -0.049039264020161524 6.0055777714832774e-18
    endloop
  endfacet
  facet normal 0.24187877197931035 -0.96563418628490649 0.095106666136854048
    outer loop
      vertex 0.014514233862723117 -0.046927649775513801 0.0093344899124109433
      vertex 0.0097545161008064166 -0.049039264020161524 6.0055777714832774e-18
      vertex 0.014514233862723117 -0.04784701678661045 5.8595695956472164e-18
    endloop
  endfacet
  facet normal 0.2418787719793104 -0.9656341862849066 -0.095106666136853965
    outer loop
      vertex 0.014514233862723117 -0.04784701678661045 5.8595695956472164e-18
      vertex 0.0097545161008064166 -0.049039264020161524 6.0055777714832774e-18
      vertex 0.0097545161008064166 -0.048096988312782168 -0.0095670858091272491
    endloop
  endfacet
  facet normal 0.2418787719793106 -0.96563418628490649 -0.095106666136854062
    outer loop
      vertex 0.014514233862723117 -0.04784701678661045 5.8595695956472164e-18
      vertex 0.0097545161008064166 -0.048096988312782168 -0.0095670858091272491
      vertex 0.014514233862723117 -0.046927649775513801 -0.0093344899124109312
    endloop
  endfacet
  facet normal 0.24187877197931063 -0.92852540603986833 -0.28166510256735433
    outer loop
      vertex 0.014514233862723117 -0.046927649775513801 -0.0093344899124109312
      vertex 0.0097545161008064166 -0.048096988312782168 -0.0095670858091272491
      vertex 0.0097545161008064166 -0.045306372317644401 -0.018766513875893259
    endloop
  endfacet
  facet normal 0.24187877197931043 -0.92852540603986844 -0.28166510256735428
    outer loop
      vertex 0.014514233862723117 -0.046927649775513801 -0.0093344899124109312
      vertex 0.0097545161008064166 -0.045306372317644401 -0.018766513875893259
      vertex 0.014514233862723117 -0.044204879500873359 -0.01831026061233015
    endloop
  endfacet
  facet normal 0.24187877197931057 -0.85573391516376429 -0.45739930706580217
    outer loop
      vertex 0.014514233862723117 -0.044204879500873359 -0.01831026061233015
      vertex 0.0097545161008064166 -0.045306372317644401 -0.018766513875893259
      vertex 0.0097545161008064166 -0.040774657842445869 -0.027244755338790921
    endloop
  endfacet
  facet normal 0.24187877197931063 -0.8557339151637644 -0.45739930706580229
    outer loop
      vertex 0.014514233862723117 -0.044204879500873359 -0.01831026061233015
      vertex 0.0097545161008064166 -0.040774657842445869 -0.027244755338790921
      vertex 0.014514233862723117 -0.039783340497396374 -0.026582378265429973
    endloop
  endfacet
  facet normal 0.2418787719793106 -0.75005704982902588 -0.61555591270619681
    outer loop
      vertex 0.014514233862723117 -0.039783340497396374 -0.026582378265429973
      vertex 0.0097545161008064166 -0.040774657842445869 -0.027244755338790921
      vertex 0.0097545161008064166 -0.034675996133053694 -0.034675996133053687
    endloop
  endfacet
  facet normal 0.24187877197931004 -0.7500570498290261 -0.61555591270619658
    outer loop
      vertex 0.014514233862723117 -0.039783340497396374 -0.026582378265429973
      vertex 0.0097545161008064166 -0.034675996133053694 -0.034675996133053687
      vertex 0.014514233862723117 -0.033832950029358828 -0.033832950029358821
    endloop
  endfacet
  facet normal 0.24187877197931007 -0.61555591270619703 -0.75005704982902588
    outer loop
      vertex 0.014514233862723117 -0.033832950029358828 -0.033832950029358821
      vertex 0.0097545161008064166 -0.034675996133053694 -0.034675996133053687
      vertex 0.0097545161008064166 -0.027244755338790932 -0.040774657842445862
    endloop
  endfacet
  facet normal 0.24187877197931054 -0.6155559127061967 -0.75005704982902588
    outer loop
      vertex 0.014514233862723117 -0.033832950029358828 -0.033832950029358821
      vertex 0.0097545161008064166 -0.027244755338790932 -0.040774657842445862
      vertex 0.014514233862723117 -0.026582378265429984 -0.039783340497396368
    endloop
  endfacet
  facet normal 0.24187877197931054 -0.45739930706580201 -0.85573391516376451
    outer loop
      vertex 0.014514233862723117 -0.026582378265429984 -0.039783340497396368
      vertex 0.0097545161008064166 -0.027244755338790932 -0.040774657842445862
      vertex 0.0097545161008064166 -0.01876651387589329 -0.045306372317644381
    endloop
  endfacet
  facet normal 0.24187877197931065 -0.45739930706580206 -0.85573391516376451
    outer loop
      vertex 0.014514233862723117 -0.026582378265429984 -0.039783340497396368
      vertex 0.0097545161008064166 -0.01876651387589329 -0.045306372317644381
      vertex 0.014514233862723117 -0.018310260612330181 -0.044204879500873338
    endloop
  endfacet
  facet normal 0.24187877197931049 -0.28166510256735522 -0.92852540603986822
    outer loop
      vertex 0.014514233862723117 -0.018310260612330181 -0.044204879500873338
      vertex 0.0097545161008064166 -0.01876651387589329 -0.045306372317644381
      vertex 0.0097545161008064166 -0.0095670858091272647 -0.048096988312782162
    endloop
  endfacet
  facet normal 0.24187877197930935 -0.28166510256735583 -0.92852540603986822
    outer loop
      vertex 0.014514233862723117 -0.018310260612330181 -0.044204879500873338
      vertex 0.0097545161008064166 -0.0095670858091272647 -0.048096988312782162
      vertex 0.014514233862723117 -0.0093344899124109468 -0.046927649775513801
    endloop
  endfacet
  facet normal 0.24187877197930932 -0.095106666136854659 -0.96563418628490694
    outer loop
      vertex 0.014514233862723117 -0.0093344899124109468 -0.046927649775513801
      vertex 0.0097545161008064166 -0.0095670858091272647 -0.048096988312782162
      vertex 0.0097545161008064166 -9.0083666572249157e-18 -0.049039264020161524
    endloop
  endfacet
  facet normal 0.24187877197931035 -0.095106666136854048 -0.96563418628490649
    outer loop
      vertex 0.014514233862723117 -0.0093344899124109468 -0.046927649775513801
      vertex 0.0097545161008064166 -9.0083666572249157e-18 -0.049039264020161524
      vertex 0.014514233862723117 -8.7893543934708246e-18 -0.04784701678661045
    endloop
  endfacet
  facet normal 0.2418787719793104 0.095106666136853965 -0.9656341862849066
    outer loop
      vertex 0.014514233862723117 -8.7893543934708246e-18 -0.04784701678661045
      vertex 0.0097545161008064166 -9.0083666572249157e-18 -0.049039264020161524
      vertex 0.0097545161008064166 0.0095670858091272456 -0.048096988312782168
    endloop
  endfacet
  facet normal 0.24187877197931057 0.095106666136854048 -0.96563418628490649
    outer loop
      vertex 0.014514233862723117 -8.7893543934708246e-18 -0.04784701678661045
      vertex 0.0097545161008064166 0.0095670858091272456 -0.048096988312782168
      vertex 0.014514233862723117 0.0093344899124109294 -0.046927649775513801
    endloop
  endfacet
  facet normal 0.24187877197931054 0.28166510256735511 -0.92852540603986822
    outer loop
      vertex 0.014514233862723117 0.0093344899124109294 -0.046927649775513801
      vertex 0.0097545161008064166 0.0095670858091272456 -0.048096988312782168
      vertex 0.0097545161008064166 0.018766513875893273 -0.045306372317644387
    endloop
  endfacet
  facet normal 0.24187877197931032 0.28166510256735505 -0.92852540603986822
    outer loop
      vertex 0.014514233862723117 0.0093344899124109294 -0.046927649775513801
      vertex 0.0097545161008064166 0.018766513875893273 -0.045306372317644387
      vertex 0.014514233862723117 0.018310260612330168 -0.044204879500873345
    endloop
  endfacet
  facet normal 0.24187877197931021 0.45739930706580206 -0.85573391516376451
    outer loop
      vertex 0.014514233862723117 0.018310260612330168 -0.044204879500873345
      vertex 0.0097545161008064166 0.018766513875893273 -0.045306372317644387
      vertex 0.0097545161008064166 0.027244755338790914 -0.040774657842445869
    endloop
  endfacet
  facet normal 0.24187877197931026 0.45739930706580206 -0.85573391516376451
    outer loop
      vertex 0.014514233862723117 0.018310260612330168 -0.044204879500873345
      vertex 0.0097545161008064166 0.027244755338790914 -0.040774657842445869
      vertex 0.014514233862723117 0.02658237826542997 -0.039783340497396374
    endloop
  endfacet
  facet normal 0.24187877197931015 0.61555591270619681 -0.75005704982902588
    outer loop
      vertex 0.014514233862723117 0.02658237826542997 -0.039783340497396374
      vertex 0.0097545161008064166 0.027244755338790914 -0.040774657842445869
      vertex 0.0097545161008064166 0.03467599613305368 -0.034675996133053694
    endloop
  endfacet
  facet normal 0.24187877197930999 0.61555591270619681 -0.75005704982902599
    outer loop
      vertex 0.014514233862723117 0.02658237826542997 -0.039783340497396374
      vertex 0.0097545161008064166 0.03467599613305368 -0.034675996133053694
      vertex 0.014514233862723117 0.033832950029358815 -0.033832950029358828
    endloop
  endfacet
  facet normal 0.24187877197931007 0.75005704982902544 -0.61555591270619736
    outer loop
      vertex 0.014514233862723117 0.033832950029358815 -0.033832950029358828
      vertex 0.0097545161008064166 0.03467599613305368 -0.034675996133053694
      vertex 0.0097545161008064166 0.040774657842445862 -0.027244755338790932
    endloop
  endfacet
  facet normal 0.24187877197931057 0.75005704982902555 -0.61555591270619714
    outer loop
      vertex 0.014514233862723117 0.033832950029358815 -0.033832950029358828
      vertex 0.0097545161008064166 0.040774657842445862 -0.027244755338790932
      vertex 0.014514233862723117 0.039783340497396368 -0.026582378265429984
    endloop
  endfacet
  facet normal 0.24187877197931049 0.8557339151637644 -0.45739930706580206
    outer loop
      vertex 0.014514233862723117 0.039783340497396368 -0.026582378265429984
      vertex 0.0097545161008064166 0.040774657842445862 -0.027244755338790932
      vertex 0.0097545161008064166 0.045306372317644381 -0.018766513875893294
    endloop
  endfacet
  facet normal 0.24187877197931057 0.85573391516376429 -0.45739930706580217
    outer loop
      vertex 0.014514233862723117 0.039783340497396368 -0.026582378265429984
      vertex 0.0097545161008064166 0.045306372317644381 -0.018766513875893294
      vertex 0.014514233862723117 0.044204879500873338 -0.018310260612330185
    endloop
  endfacet
  facet normal 0.24187877197931054 0.92852540603986822 -0.28166510256735516
    outer loop
      vertex 0.014514233862723117 0.044204879500873338 -0.018310260612330185
      vertex 0.0097545161008064166 0.045306372317644381 -0.018766513875893294
      vertex 0.0097545161008064166 0.048096988312782162 -0.0095670858091272664
    endloop
  endfacet
  facet normal 0.2418787719793094 0.92852540603986822 -0.28166510256735583
    outer loop
      vertex 0.014514233862723117 0.044204879500873338 -0.018310260612330185
      vertex 0.0097545161008064166 0.048096988312782162 -0.0095670858091272664
      vertex 0.014514233862723117 0.046927649775513801 -0.0093344899124109485
    endloop
  endfacet
  facet normal 0.24187877197930929 0.96563418628490683 -0.095106666136854548
    outer loop
      vertex 0.014514233862723117 0.046927649775513801 -0.0093344899124109485
      vertex 0.0097545161008064166 0.048096988312782162 -0.0095670858091272664
      vertex 0.0097545161008064166 0.049039264020161524 0
    endloop
  endfacet
  facet normal 0.24187877197931043 0.9656341862849066 -0.095106666136853951
    outer loop
      vertex 0.014514233862723117 0.046927649775513801 -0.0093344899124109485
      vertex 0.0097545161008064166 0.049039264020161524 0
      vertex 0.014514233862723117 0.04784701678661045 0
    endloop
  endfacet
  facet normal 0.14603903160678722 0.98451518091004953 0.096966281794263018
    outer loop
      vertex 0.0097545161008064166 0.049039264020161524 0
      vertex 0.0049008570164780392 0.049759236333609846 0
      vertex 0.0049008570164780392 0.048803126560110148 0.0097075454396005744
    endloop
  endfacet
  facet normal 0.14603903160678811 0.9845151809100493 0.096966281794263448
    outer loop
      vertex 0.0097545161008064166 0.049039264020161524 0
      vertex 0.0049008570164780392 0.048803126560110148 0.0097075454396005744
      vertex 0.0097545161008064166 0.048096988312782168 0.0095670858091272439
    endloop
  endfacet
  facet normal 0.14603903160678805 0.94668081463015019 0.28717248555275393
    outer loop
      vertex 0.0097545161008064166 0.048096988312782168 0.0095670858091272439
      vertex 0.0049008570164780392 0.048803126560110148 0.0097075454396005744
      vertex 0.0049008570164780392 0.045971540002014095 0.019042035352011502
    endloop
  endfacet
  facet normal 0.14603903160678641 0.94668081463015075 0.28717248555275321
    outer loop
      vertex 0.0097545161008064166 0.048096988312782168 0.0095670858091272439
      vertex 0.0049008570164780392 0.045971540002014095 0.019042035352011502
      vertex 0.0097545161008064166 0.045306372317644394 0.018766513875893263
    endloop
  endfacet
  facet normal 0.14603903160678652 0.87246603554873237 0.46634281173963671
    outer loop
      vertex 0.0097545161008064166 0.045306372317644394 0.018766513875893263
      vertex 0.0049008570164780392 0.045971540002014095 0.019042035352011502
      vertex 0.0049008570164780392 0.0413732929427773 0.027644750524741076
    endloop
  endfacet
  facet normal 0.14603903160678602 0.87246603554873248 0.46634281173963654
    outer loop
      vertex 0.0097545161008064166 0.045306372317644394 0.018766513875893263
      vertex 0.0049008570164780392 0.0413732929427773 0.027644750524741076
      vertex 0.0097545161008064166 0.040774657842445862 0.027244755338790932
    endloop
  endfacet
  facet normal 0.14603903160678613 0.76472287600576605 0.62759184519942735
    outer loop
      vertex 0.0097545161008064166 0.040774657842445862 0.027244755338790932
      vertex 0.0049008570164780392 0.0413732929427773 0.027644750524741076
      vertex 0.0049008570164780392 0.035185093438159565 0.035185093438159558
    endloop
  endfacet
  facet normal 0.14603903160678613 0.76472287600576605 0.62759184519942723
    outer loop
      vertex 0.0097545161008064166 0.040774657842445862 0.027244755338790932
      vertex 0.0049008570164780392 0.035185093438159565 0.035185093438159558
      vertex 0.0097545161008064166 0.034675996133053694 0.034675996133053687
    endloop
  endfacet
  facet normal 0.14603903160678605 0.62759184519942779 0.76472287600576561
    outer loop
      vertex 0.0097545161008064166 0.034675996133053694 0.034675996133053687
      vertex 0.0049008570164780392 0.035185093438159565 0.035185093438159558
      vertex 0.0049008570164780392 0.027644750524741083 0.0413732929427773
    endloop
  endfacet
  facet normal 0.14603903160678661 0.62759184519942757 0.76472287600576572
    outer loop
      vertex 0.0097545161008064166 0.034675996133053694 0.034675996133053687
      vertex 0.0049008570164780392 0.027644750524741083 0.0413732929427773
      vertex 0.0097545161008064166 0.027244755338790935 0.040774657842445862
    endloop
  endfacet
  facet normal 0.14603903160678644 0.4663428117396366 0.87246603554873237
    outer loop
      vertex 0.0097545161008064166 0.027244755338790935 0.040774657842445862
      vertex 0.0049008570164780392 0.027644750524741083 0.0413732929427773
      vertex 0.0049008570164780392 0.019042035352011506 0.045971540002014095
    endloop
  endfacet
  facet normal 0.14603903160678644 0.46634281173963649 0.87246603554873237
    outer loop
      vertex 0.0097545161008064166 0.027244755338790935 0.040774657842445862
      vertex 0.0049008570164780392 0.019042035352011506 0.045971540002014095
      vertex 0.0097545161008064166 0.018766513875893266 0.045306372317644394
    endloop
  endfacet
  facet normal 0.14603903160678641 0.28717248555275393 0.9466808146301503
    outer loop
      vertex 0.0097545161008064166 0.018766513875893266 0.045306372317644394
      vertex 0.0049008570164780392 0.019042035352011506 0.045971540002014095
      vertex 0.0049008570164780392 0.0097075454396005779 0.048803126560110148
    endloop
  endfacet
  facet normal 0.14603903160678802 0.2871724855527531 0.94668081463015052
    outer loop
      vertex 0.0097545161008064166 0.018766513875893266 0.045306372317644394
      vertex 0.0049008570164780392 0.0097075454396005779 0.048803126560110148
      vertex 0.0097545161008064166 0.0095670858091272473 0.048096988312782168
    endloop
  endfacet
  facet normal 0.14603903160678808 0.096966281794263004 0.98451518091004941
    outer loop
      vertex 0.0097545161008064166 0.0095670858091272473 0.048096988312782168
      vertex 0.0049008570164780392 0.0097075454396005779 0.048803126560110148
      vertex 0.0049008570164780392 3.0468744751985988e-18 0.049759236333609846
    endloop
  endfacet
  facet normal 0.14603903160678722 0.096966281794263462 0.98451518091004941
    outer loop
      vertex 0.0097545161008064166 0.0095670858091272473 0.048096988312782168
      vertex 0.0049008570164780392 3.0468744751985988e-18 0.049759236333609846
      vertex 0.0097545161008064166 3.0027888857416387e-18 0.049039264020161524
    endloop
  endfacet
  facet normal 0.14603903160678722 -0.096966281794263018 0.98451518091004953
    outer loop
      vertex 0.0097545161008064166 3.0027888857416387e-18 0.049039264020161524
      vertex 0.0049008570164780392 3.0468744751985988e-18 0.049759236333609846
      vertex 0.0049008570164780392 -0.0097075454396005709 0.048803126560110148
    endloop
  endfacet
  facet normal 0.14603903160678811 -0.096966281794263448 0.9845151809100493
    outer loop
      vertex 0.0097545161008064166 3.0027888857416387e-18 0.049039264020161524
      vertex 0.0049008570164780392 -0.0097075454396005709 0.048803126560110148
      vertex 0.0097545161008064166 -0.0095670858091272404 0.048096988312782168
    endloop
  endfacet
  facet normal 0.14603903160678805 -0.28717248555275393 0.94668081463015019
    outer loop
      vertex 0.0097545161008064166 -0.0095670858091272404 0.048096988312782168
      vertex 0.0049008570164780392 -0.0097075454396005709 0.048803126560110148
      vertex 0.0049008570164780392 -0.019042035352011499 0.045971540002014095
    endloop
  endfacet
  facet normal 0.14603903160678641 -0.28717248555275321 0.94668081463015075
    outer loop
      vertex 0.0097545161008064166 -0.0095670858091272404 0.048096988312782168
      vertex 0.0049008570164780392 -0.019042035352011499 0.045971540002014095
      vertex 0.0097545161008064166 -0.018766513875893259 0.045306372317644394
    endloop
  endfacet
  facet normal 0.14603903160678655 -0.46634281173963588 0.8724660355487327
    outer loop
      vertex 0.0097545161008064166 -0.018766513875893259 0.045306372317644394
      vertex 0.0049008570164780392 -0.019042035352011499 0.045971540002014095
      vertex 0.0049008570164780392 -0.027644750524741066 0.041373292942777314
    endloop
  endfacet
  facet normal 0.14603903160678727 -0.46634281173963615 0.87246603554873237
    outer loop
      vertex 0.0097545161008064166 -0.018766513875893259 0.045306372317644394
      vertex 0.0049008570164780392 -0.027644750524741066 0.041373292942777314
      vertex 0.0097545161008064166 -0.027244755338790921 0.040774657842445869
    endloop
  endfacet
  facet normal 0.14603903160678722 -0.62759184519942757 0.76472287600576561
    outer loop
      vertex 0.0097545161008064166 -0.027244755338790921 0.040774657842445869
      vertex 0.0049008570164780392 -0.027644750524741066 0.041373292942777314
      vertex 0.0049008570164780392 -0.035185093438159558 0.035185093438159565
    endloop
  endfacet
  facet normal 0.14603903160678594 -0.62759184519942723 0.76472287600576605
    outer loop
      vertex 0.0097545161008064166 -0.027244755338790921 0.040774657842445869
      vertex 0.0049008570164780392 -0.035185093438159558 0.035185093438159565
      vertex 0.0097545161008064166 -0.034675996133053687 0.034675996133053694
    endloop
  endfacet
  facet normal 0.14603903160678608 -0.76472287600576561 0.62759184519942779
    outer loop
      vertex 0.0097545161008064166 -0.034675996133053687 0.034675996133053694
      vertex 0.0049008570164780392 -0.035185093438159558 0.035185093438159565
      vertex 0.0049008570164780392 -0.041373292942777307 0.027644750524741076
    endloop
  endfacet
  facet normal 0.14603903160678722 -0.76472287600576572 0.62759184519942723
    outer loop
      vertex 0.0097545161008064166 -0.034675996133053687 0.034675996133053694
      vertex 0.0049008570164780392 -0.041373292942777307 0.027644750524741076
      vertex 0.0097545161008064166 -0.040774657842445862 0.027244755338790932
    endloop
  endfacet
  facet normal 0.14603903160678727 -0.87246603554873248 0.46634281173963621
    outer loop
      vertex 0.0097545161008064166 -0.040774657842445862 0.027244755338790932
      vertex 0.0049008570164780392 -0.041373292942777307 0.027644750524741076
      vertex 0.0049008570164780392 -0.045971540002014095 0.019042035352011506
    endloop
  endfacet
  facet normal 0.14603903160678625 -0.87246603554873225 0.46634281173963682
    outer loop
      vertex 0.0097545161008064166 -0.040774657842445862 0.027244755338790932
      vertex 0.0049008570164780392 -0.045971540002014095 0.019042035352011506
      vertex 0.0097545161008064166 -0.045306372317644394 0.01876651387589327
    endloop
  endfacet
  facet normal 0.14603903160678625 -0.94668081463015041 0.28717248555275438
    outer loop
      vertex 0.0097545161008064166 -0.045306372317644394 0.01876651387589327
      vertex 0.0049008570164780392 -0.045971540002014095 0.019042035352011506
      vertex 0.0049008570164780392 -0.048803126560110148 0.0097075454396005918
    endloop
  endfacet
  facet normal 0.14603903160678808 -0.9466808146301503 0.28717248555275338
    outer loop
      vertex 0.0097545161008064166 -0.045306372317644394 0.01876651387589327
      vertex 0.0049008570164780392 -0.048803126560110148 0.0097075454396005918
      vertex 0.0097545161008064166 -0.048096988312782168 0.0095670858091272612
    endloop
  endfacet
  facet normal 0.14603903160678811 -0.98451518091004941 0.096966281794262907
    outer loop
      vertex 0.0097545161008064166 -0.048096988312782168 0.0095670858091272612
      vertex 0.0049008570164780392 -0.048803126560110148 0.0097075454396005918
      vertex 0.0049008570164780392 -0.049759236333609846 6.0937489503971976e-18
    endloop
  endfacet
  facet normal 0.14603903160678725 -0.98451518091004953 0.096966281794263337
    outer loop
      vertex 0.0097545161008064166 -0.048096988312782168 0.0095670858091272612
      vertex 0.0049008570164780392 -0.049759236333609846 6.0937489503971976e-18
      vertex 0.0097545161008064166 -0.049039264020161524 6.0055777714832774e-18
    endloop
  endfacet
  facet normal 0.14603903160678719 -0.98451518091004953 -0.096966281794262907
    outer loop
      vertex 0.0097545161008064166 -0.049039264020161524 6.0055777714832774e-18
      vertex 0.0049008570164780392 -0.049759236333609846 6.0937489503971976e-18
      vertex 0.0049008570164780392 -0.048803126560110148 -0.0097075454396005796
    endloop
  endfacet
  facet normal 0.14603903160678808 -0.9845151809100493 -0.096966281794263351
    outer loop
      vertex 0.0097545161008064166 -0.049039264020161524 6.0055777714832774e-18
      vertex 0.0049008570164780392 -0.048803126560110148 -0.0097075454396005796
      vertex 0.0097545161008064166 -0.048096988312782168 -0.0095670858091272491
    endloop
  endfacet
  facet normal 0.14603903160678802 -0.9466808146301503 -0.2871724855527536
    outer loop
      vertex 0.0097545161008064166 -0.048096988312782168 -0.0095670858091272491
      vertex 0.0049008570164780392 -0.048803126560110148 -0.0097075454396005796
      vertex 0.0049008570164780392 -0.045971540002014102 -0.019042035352011495
    endloop
  endfacet
  facet normal 0.14603903160678619 -0.94668081463015075 -0.28717248555275277
    outer loop
      vertex 0.0097545161008064166 -0.048096988312782168 -0.0095670858091272491
      vertex 0.0049008570164780392 -0.045971540002014102 -0.019042035352011495
      vertex 0.0097545161008064166 -0.045306372317644401 -0.018766513875893259
    endloop
  endfacet
  facet normal 0.14603903160678622 -0.87246603554873259 -0.46634281173963632
    outer loop
      vertex 0.0097545161008064166 -0.045306372317644401 -0.018766513875893259
      vertex 0.0049008570164780392 -0.045971540002014102 -0.019042035352011495
      vertex 0.0049008570164780392 -0.041373292942777314 -0.027644750524741066
    endloop
  endfacet
  facet normal 0.14603903160678736 -0.87246603554873203 -0.46634281173963665
    outer loop
      vertex 0.0097545161008064166 -0.045306372317644401 -0.018766513875893259
      vertex 0.0049008570164780392 -0.041373292942777314 -0.027644750524741066
      vertex 0.0097545161008064166 -0.040774657842445869 -0.027244755338790921
    endloop
  endfacet
  facet normal 0.14603903160678722 -0.76472287600576594 -0.62759184519942712
    outer loop
      vertex 0.0097545161008064166 -0.040774657842445869 -0.027244755338790921
      vertex 0.0049008570164780392 -0.041373292942777314 -0.027644750524741066
      vertex 0.0049008570164780392 -0.035185093438159572 -0.035185093438159558
    endloop
  endfacet
  facet normal 0.14603903160678708 -0.76472287600576605 -0.62759184519942723
    outer loop
      vertex 0.0097545161008064166 -0.040774657842445869 -0.027244755338790921
      vertex 0.0049008570164780392 -0.035185093438159572 -0.035185093438159558
      vertex 0.0097545161008064166 -0.034675996133053694 -0.034675996133053687
    endloop
  endfacet
  facet normal 0.14603903160678694 -0.6275918451994269 -0.76472287600576605
    outer loop
      vertex 0.0097545161008064166 -0.034675996133053694 -0.034675996133053687
      vertex 0.0049008570164780392 -0.035185093438159572 -0.035185093438159558
      vertex 0.0049008570164780392 -0.027644750524741076 -0.0413732929427773
    endloop
  endfacet
  facet normal 0.14603903160678611 -0.62759184519942735 -0.76472287600576594
    outer loop
      vertex 0.0097545161008064166 -0.034675996133053694 -0.034675996133053687
      vertex 0.0049008570164780392 -0.027644750524741076 -0.0413732929427773
      vertex 0.0097545161008064166 -0.027244755338790932 -0.040774657842445862
    endloop
  endfacet
  facet normal 0.14603903160678608 -0.46634281173963732 -0.87246603554873203
    outer loop
      vertex 0.0097545161008064166 -0.027244755338790932 -0.040774657842445862
      vertex 0.0049008570164780392 -0.027644750524741076 -0.0413732929427773
      vertex 0.0049008570164780392 -0.01904203535201153 -0.045971540002014089
    endloop
  endfacet
  facet normal 0.14603903160678774 -0.46634281173963654 -0.87246603554873225
    outer loop
      vertex 0.0097545161008064166 -0.027244755338790932 -0.040774657842445862
      vertex 0.0049008570164780392 -0.01904203535201153 -0.045971540002014089
      vertex 0.0097545161008064166 -0.01876651387589329 -0.045306372317644381
    endloop
  endfacet
  facet normal 0.14603903160678774 -0.28717248555275376 -0.94668081463015041
    outer loop
      vertex 0.0097545161008064166 -0.01876651387589329 -0.045306372317644381
      vertex 0.0049008570164780392 -0.01904203535201153 -0.045971540002014089
      vertex 0.0049008570164780392 -0.0097075454396005952 -0.048803126560110141
    endloop
  endfacet
  facet normal 0.14603903160678802 -0.28717248555275354 -0.9466808146301503
    outer loop
      vertex 0.0097545161008064166 -0.01876651387589329 -0.045306372317644381
      vertex 0.0049008570164780392 -0.0097075454396005952 -0.048803126560110141
      vertex 0.0097545161008064166 -0.0095670858091272647 -0.048096988312782162
    endloop
  endfacet
  facet normal 0.14603903160678808 -0.096966281794263573 -0.98451518091004919
    outer loop
      vertex 0.0097545161008064166 -0.0095670858091272647 -0.048096988312782162
      vertex 0.0049008570164780392 -0.0097075454396005952 -0.048803126560110141
      vertex 0.0049008570164780392 -9.1406234255957956e-18 -0.049759236333609846
    endloop
  endfacet
  facet normal 0.14603903160678716 -0.096966281794264031 -0.9845151809100493
    outer loop
      vertex 0.0097545161008064166 -0.0095670858091272647 -0.048096988312782162
      vertex 0.0049008570164780392 -9.1406234255957956e-18 -0.049759236333609846
      vertex 0.0097545161008064166 -9.0083666572249157e-18 -0.049039264020161524
    endloop
  endfacet
  facet normal 0.14603903160678719 0.096966281794262893 -0.98451518091004941
    outer loop
      vertex 0.0097545161008064166 -9.0083666572249157e-18 -0.049039264020161524
      vertex 0.0049008570164780392 -9.1406234255957956e-18 -0.049759236333609846
      vertex 0.0049008570164780392 0.0097075454396005761 -0.048803126560110148
    endloop
  endfacet
  facet normal 0.14603903160678808 0.096966281794263337 -0.98451518091004919
    outer loop
      vertex 0.0097545161008064166 -9.0083666572249157e-18 -0.049039264020161524
      vertex 0.0049008570164780392 0.0097075454396005761 -0.048803126560110148
      vertex 0.0097545161008064166 0.0095670858091272456 -0.048096988312782168
    endloop
  endfacet
  facet normal 0.14603903160678802 0.2871724855527536 -0.9466808146301503
    outer loop
      vertex 0.0097545161008064166 0.0095670858091272456 -0.048096988312782168
      vertex 0.0049008570164780392 0.0097075454396005761 -0.048803126560110148
      vertex 0.0049008570164780392 0.019042035352011513 -0.045971540002014095
    endloop
  endfacet
  facet normal 0.14603903160678774 0.28717248555275354 -0.94668081463015041
    outer loop
      vertex 0.0097545161008064166 0.0095670858091272456 -0.048096988312782168
      vertex 0.0049008570164780392 0.019042035352011513 -0.045971540002014095
      vertex 0.0097545161008064166 0.018766513875893273 -0.045306372317644387
    endloop
  endfacet
  facet normal 0.14603903160678774 0.46634281173963654 -0.87246603554873214
    outer loop
      vertex 0.0097545161008064166 0.018766513875893273 -0.045306372317644387
      vertex 0.0049008570164780392 0.019042035352011513 -0.045971540002014095
      vertex 0.0049008570164780392 0.027644750524741062 -0.041373292942777314
    endloop
  endfacet
  facet normal 0.14603903160678761 0.46634281173963654 -0.87246603554873225
    outer loop
      vertex 0.0097545161008064166 0.018766513875893273 -0.045306372317644387
      vertex 0.0049008570164780392 0.027644750524741062 -0.041373292942777314
      vertex 0.0097545161008064166 0.027244755338790914 -0.040774657842445869
    endloop
  endfacet
  facet normal 0.14603903160678763 0.62759184519942723 -0.76472287600576583
    outer loop
      vertex 0.0097545161008064166 0.027244755338790914 -0.040774657842445869
      vertex 0.0049008570164780392 0.027644750524741062 -0.041373292942777314
      vertex 0.0049008570164780392 0.035185093438159551 -0.035185093438159572
    endloop
  endfacet
  facet normal 0.14603903160678705 0.62759184519942712 -0.76472287600576594
    outer loop
      vertex 0.0097545161008064166 0.027244755338790914 -0.040774657842445869
      vertex 0.0049008570164780392 0.035185093438159551 -0.035185093438159572
      vertex 0.0097545161008064166 0.03467599613305368 -0.034675996133053694
    endloop
  endfacet
  facet normal 0.14603903160678694 0.76472287600576572 -0.62759184519942735
    outer loop
      vertex 0.0097545161008064166 0.03467599613305368 -0.034675996133053694
      vertex 0.0049008570164780392 0.035185093438159551 -0.035185093438159572
      vertex 0.0049008570164780392 0.0413732929427773 -0.027644750524741076
    endloop
  endfacet
  facet normal 0.14603903160678619 0.76472287600576561 -0.62759184519942779
    outer loop
      vertex 0.0097545161008064166 0.03467599613305368 -0.034675996133053694
      vertex 0.0049008570164780392 0.0413732929427773 -0.027644750524741076
      vertex 0.0097545161008064166 0.040774657842445862 -0.027244755338790932
    endloop
  endfacet
  facet normal 0.14603903160678608 0.87246603554873192 -0.46634281173963743
    outer loop
      vertex 0.0097545161008064166 0.040774657842445862 -0.027244755338790932
      vertex 0.0049008570164780392 0.0413732929427773 -0.027644750524741076
      vertex 0.0049008570164780392 0.045971540002014089 -0.019042035352011533
    endloop
  endfacet
  facet normal 0.14603903160678777 0.87246603554873214 -0.4663428117396366
    outer loop
      vertex 0.0097545161008064166 0.040774657842445862 -0.027244755338790932
      vertex 0.0049008570164780392 0.045971540002014089 -0.019042035352011533
      vertex 0.0097545161008064166 0.045306372317644381 -0.018766513875893294
    endloop
  endfacet
  facet normal 0.14603903160678774 0.94668081463015041 -0.28717248555275371
    outer loop
      vertex 0.0097545161008064166 0.045306372317644381 -0.018766513875893294
      vertex 0.0049008570164780392 0.045971540002014089 -0.019042035352011533
      vertex 0.0049008570164780392 0.048803126560110141 -0.009707545439600597
    endloop
  endfacet
  facet normal 0.14603903160678802 0.94668081463015041 -0.28717248555275354
    outer loop
      vertex 0.0097545161008064166 0.045306372317644381 -0.018766513875893294
      vertex 0.0049008570164780392 0.048803126560110141 -0.009707545439600597
      vertex 0.0097545161008064166 0.048096988312782162 -0.0095670858091272664
    endloop
  endfacet
  facet normal 0.14603903160678808 0.9845151809100493 -0.096966281794263476
    outer loop
      vertex 0.0097545161008064166 0.048096988312782162 -0.0095670858091272664
      vertex 0.0049008570164780392 0.048803126560110141 -0.009707545439600597
      vertex 0.0049008570164780392 0.049759236333609846 0
    endloop
  endfacet
  facet normal 0.14603903160678713 0.9845151809100493 -0.096966281794263934
    outer loop
      vertex 0.0097545161008064166 0.048096988312782162 -0.0095670858091272664
      vertex 0.0049008570164780392 0.049759236333609846 0
      vertex 0.0097545161008064166 0.049039264020161524 0
    endloop
  endfacet
  facet normal 0.048831964834101016 0.99399747924505455 0.097900206664329276
    outer loop
      vertex 0.0049008570164780392 0.049759236333609846 0
      vertex 3.0616169978683832e-18 0.050000000000000003 0
      vertex 3.0616169978683832e-18 0.049039264020161524 0.0097545161008064131
    endloop
  endfacet
  facet normal 0.048831964834100391 0.99399747924505466 0.097900206664328984
    outer loop
      vertex 0.0049008570164780392 0.049759236333609846 0
      vertex 3.0616169978683832e-18 0.049039264020161524 0.0097545161008064131
      vertex 0.0049008570164780392 0.048803126560110148 0.0097075454396005744
    endloop
  endfacet
  facet normal 0.048831964834100405 0.95579871355787571 0.28993836995394562
    outer loop
      vertex 0.0049008570164780392 0.048803126560110148 0.0097075454396005744
      vertex 3.0616169978683832e-18 0.049039264020161524 0.0097545161008064131
      vertex 3.0616169978683832e-18 0.046193976625564341 0.019134171618254491
    endloop
  endfacet
  facet normal 0.048831964834101925 0.95579871355787549 0.28993836995394628
    outer loop
      vertex 0.0049008570164780392 0.048803126560110148 0.0097075454396005744
      vertex 3.0616169978683832e-18 0.046193976625564341 0.019134171618254491
      vertex 0.0049008570164780392 0.045971540002014095 0.019042035352011502
    endloop
  endfacet
  facet normal 0.048831964834101904 0.88086913932676114 0.47083436428554359
    outer loop
      vertex 0.0049008570164780392 0.045971540002014095 0.019042035352011502
      vertex 3.0616169978683832e-18 0.046193976625564341 0.019134171618254491
      vertex 3.0616169978683832e-18 0.041573480615127265 0.027778511650980109
    endloop
  endfacet
  facet normal 0.048831964834101467 0.88086913932676136 0.47083436428554343
    outer loop
      vertex 0.0049008570164780392 0.045971540002014095 0.019042035352011502
      vertex 3.0616169978683832e-18 0.041573480615127265 0.027778511650980109
      vertex 0.0049008570164780392 0.0413732929427773 0.027644750524741076
    endloop
  endfacet
  facet normal 0.048831964834101356 0.77208825806842452 0.63363645804460078
    outer loop
      vertex 0.0049008570164780392 0.0413732929427773 0.027644750524741076
      vertex 3.0616169978683832e-18 0.041573480615127265 0.027778511650980109
      vertex 3.0616169978683832e-18 0.035355339059327383 0.035355339059327376
    endloop
  endfacet
  facet normal 0.048831964834101883 0.77208825806842429 0.63363645804460089
    outer loop
      vertex 0.0049008570164780392 0.0413732929427773 0.027644750524741076
      vertex 3.0616169978683832e-18 0.035355339059327383 0.035355339059327376
      vertex 0.0049008570164780392 0.035185093438159565 0.035185093438159558
    endloop
  endfacet
  facet normal 0.048831964834101814 0.63363645804460111 0.77208825806842418
    outer loop
      vertex 0.0049008570164780392 0.035185093438159565 0.035185093438159558
      vertex 3.0616169978683832e-18 0.035355339059327383 0.035355339059327376
      vertex 3.0616169978683832e-18 0.027778511650980116 0.041573480615127265
    endloop
  endfacet
  facet normal 0.048831964834101294 0.63363645804460123 0.77208825806842396
    outer loop
      vertex 0.0049008570164780392 0.035185093438159565 0.035185093438159558
      vertex 3.0616169978683832e-18 0.027778511650980116 0.041573480615127265
      vertex 0.0049008570164780392 0.027644750524741083 0.0413732929427773
    endloop
  endfacet
  facet normal 0.048831964834101398 0.47083436428554348 0.88086913932676125
    outer loop
      vertex 0.0049008570164780392 0.027644750524741083 0.0413732929427773
      vertex 3.0616169978683832e-18 0.027778511650980116 0.041573480615127265
      vertex 3.0616169978683832e-18 0.019134171618254495 0.046193976625564341
    endloop
  endfacet
  facet normal 0.048831964834102015 0.47083436428554326 0.88086913932676136
    outer loop
      vertex 0.0049008570164780392 0.027644750524741083 0.0413732929427773
      vertex 3.0616169978683832e-18 0.019134171618254495 0.046193976625564341
      vertex 0.0049008570164780392 0.019042035352011506 0.045971540002014095
    endloop
  endfacet
  facet normal 0.048831964834101939 0.28993836995394551 0.9557987135578756
    outer loop
      vertex 0.0049008570164780392 0.019042035352011506 0.045971540002014095
      vertex 3.0616169978683832e-18 0.019134171618254495 0.046193976625564341
      vertex 3.0616169978683832e-18 0.0097545161008064166 0.049039264020161524
    endloop
  endfacet
  facet normal 0.048831964834100371 0.28993836995394628 0.95579871355787549
    outer loop
      vertex 0.0049008570164780392 0.019042035352011506 0.045971540002014095
      vertex 3.0616169978683832e-18 0.0097545161008064166 0.049039264020161524
      vertex 0.0049008570164780392 0.0097075454396005779 0.048803126560110148
    endloop
  endfacet
  facet normal 0.048831964834100398 0.097900206664329262 0.99399747924505455
    outer loop
      vertex 0.0049008570164780392 0.0097075454396005779 0.048803126560110148
      vertex 3.0616169978683832e-18 0.0097545161008064166 0.049039264020161524
      vertex 3.0616169978683832e-18 3.0616169978683832e-18 0.050000000000000003
    endloop
  endfacet
  facet normal 0.048831964834101023 0.09790020666432897 0.99399747924505455
    outer loop
      vertex 0.0049008570164780392 0.0097075454396005779 0.048803126560110148
      vertex 3.0616169978683832e-18 3.0616169978683832e-18 0.050000000000000003
      vertex 0.0049008570164780392 3.0468744751985988e-18 0.049759236333609846
    endloop
  endfacet
  facet normal 0.048831964834101016 -0.097900206664329276 0.99399747924505455
    outer loop
      vertex 0.0049008570164780392 3.0468744751985988e-18 0.049759236333609846
      vertex 3.0616169978683832e-18 3.0616169978683832e-18 0.050000000000000003
      vertex 3.0616169978683832e-18 -0.0097545161008064096 0.049039264020161524
    endloop
  endfacet
  facet normal 0.048831964834100391 -0.097900206664328984 0.99399747924505466
    outer loop
      vertex 0.0049008570164780392 3.0468744751985988e-18 0.049759236333609846
      vertex 3.0616169978683832e-18 -0.0097545161008064096 0.049039264020161524
      vertex 0.0049008570164780392 -0.0097075454396005709 0.048803126560110148
    endloop
  endfacet
  facet normal 0.048831964834100405 -0.28993836995394562 0.95579871355787571
    outer loop
      vertex 0.0049008570164780392 -0.0097075454396005709 0.048803126560110148
      vertex 3.0616169978683832e-18 -0.0097545161008064096 0.049039264020161524
      vertex 3.0616169978683832e-18 -0.019134171618254488 0.046193976625564341
    endloop
  endfacet
  facet normal 0.048831964834101918 -0.28993836995394628 0.95579871355787538
    outer loop
      vertex 0.0049008570164780392 -0.0097075454396005709 0.048803126560110148
      vertex 3.0616169978683832e-18 -0.019134171618254488 0.046193976625564341
      vertex 0.0049008570164780392 -0.019042035352011499 0.045971540002014095
    endloop
  endfacet
  facet normal 0.048831964834101911 -0.47083436428554276 0.88086913932676159
    outer loop
      vertex 0.0049008570164780392 -0.019042035352011499 0.045971540002014095
      vertex 3.0616169978683832e-18 -0.019134171618254488 0.046193976625564341
      vertex 3.0616169978683832e-18 -0.027778511650980098 0.041573480615127278
    endloop
  endfacet
  facet normal 0.048831964834101391 -0.47083436428554259 0.88086913932676192
    outer loop
      vertex 0.0049008570164780392 -0.019042035352011499 0.045971540002014095
      vertex 3.0616169978683832e-18 -0.027778511650980098 0.041573480615127278
      vertex 0.0049008570164780392 -0.027644750524741066 0.041373292942777314
    endloop
  endfacet
  facet normal 0.048831964834101349 -0.633636458044601 0.77208825806842429
    outer loop
      vertex 0.0049008570164780392 -0.027644750524741066 0.041373292942777314
      vertex 3.0616169978683832e-18 -0.027778511650980098 0.041573480615127278
      vertex 3.0616169978683832e-18 -0.035355339059327376 0.035355339059327383
    endloop
  endfacet
  facet normal 0.0488319648341018 -0.63363645804460123 0.77208825806842407
    outer loop
      vertex 0.0049008570164780392 -0.027644750524741066 0.041373292942777314
      vertex 3.0616169978683832e-18 -0.035355339059327376 0.035355339059327383
      vertex 0.0049008570164780392 -0.035185093438159558 0.035185093438159565
    endloop
  endfacet
  facet normal 0.048831964834101821 -0.77208825806842407 0.63363645804460111
    outer loop
      vertex 0.0049008570164780392 -0.035185093438159558 0.035185093438159565
      vertex 3.0616169978683832e-18 -0.035355339059327376 0.035355339059327383
      vertex 3.0616169978683832e-18 -0.041573480615127271 0.027778511650980109
    endloop
  endfacet
  facet normal 0.048831964834101238 -0.77208825806842385 0.63363645804460123
    outer loop
      vertex 0.0049008570164780392 -0.035185093438159558 0.035185093438159565
      vertex 3.0616169978683832e-18 -0.041573480615127271 0.027778511650980109
      vertex 0.0049008570164780392 -0.041373292942777307 0.027644750524741076
    endloop
  endfacet
  facet normal 0.048831964834101398 -0.88086913932676147 0.47083436428554332
    outer loop
      vertex 0.0049008570164780392 -0.041373292942777307 0.027644750524741076
      vertex 3.0616169978683832e-18 -0.041573480615127271 0.027778511650980109
      vertex 3.0616169978683832e-18 -0.046193976625564341 0.019134171618254495
    endloop
  endfacet
  facet normal 0.048831964834101925 -0.88086913932676159 0.47083436428554304
    outer loop
      vertex 0.0049008570164780392 -0.041373292942777307 0.027644750524741076
      vertex 3.0616169978683832e-18 -0.046193976625564341 0.019134171618254495
      vertex 0.0049008570164780392 -0.045971540002014095 0.019042035352011506
    endloop
  endfacet
  facet normal 0.048831964834101946 -0.9557987135578756 0.2899383699539459
    outer loop
      vertex 0.0049008570164780392 -0.045971540002014095 0.019042035352011506
      vertex 3.0616169978683832e-18 -0.046193976625564341 0.019134171618254495
      vertex 3.0616169978683832e-18 -0.049039264020161524 0.0097545161008064304
    endloop
  endfacet
  facet normal 0.04883196483410044 -0.95579871355787538 0.28993836995394673
    outer loop
      vertex 0.0049008570164780392 -0.045971540002014095 0.019042035352011506
      vertex 3.0616169978683832e-18 -0.049039264020161524 0.0097545161008064304
      vertex 0.0049008570164780392 -0.048803126560110148 0.0097075454396005918
    endloop
  endfacet
  facet normal 0.048831964834100398 -0.99399747924505477 0.097900206664329165
    outer loop
      vertex 0.0049008570164780392 -0.048803126560110148 0.0097075454396005918
      vertex 3.0616169978683832e-18 -0.049039264020161524 0.0097545161008064304
      vertex 3.0616169978683832e-18 -0.050000000000000003 6.1232339957367663e-18
    endloop
  endfacet
  facet normal 0.048831964834101002 -0.99399747924505455 0.097900206664328859
    outer loop
      vertex 0.0049008570164780392 -0.048803126560110148 0.0097075454396005918
      vertex 3.0616169978683832e-18 -0.050000000000000003 6.1232339957367663e-18
      vertex 0.0049008570164780392 -0.049759236333609846 6.0937489503971976e-18
    endloop
  endfacet
  facet normal 0.048831964834101016 -0.99399747924505455 -0.097900206664329151
    outer loop
      vertex 0.0049008570164780392 -0.049759236333609846 6.0937489503971976e-18
      vertex 3.0616169978683832e-18 -0.050000000000000003 6.1232339957367663e-18
      vertex 3.0616169978683832e-18 -0.049039264020161524 -0.0097545161008064183
    endloop
  endfacet
  facet normal 0.048831964834100398 -0.99399747924505466 -0.097900206664328859
    outer loop
      vertex 0.0049008570164780392 -0.049759236333609846 6.0937489503971976e-18
      vertex 3.0616169978683832e-18 -0.049039264020161524 -0.0097545161008064183
      vertex 0.0049008570164780392 -0.048803126560110148 -0.0097075454396005796
    endloop
  endfacet
  facet normal 0.048831964834100412 -0.95579871355787582 -0.28993836995394529
    outer loop
      vertex 0.0049008570164780392 -0.048803126560110148 -0.0097075454396005796
      vertex 3.0616169978683832e-18 -0.049039264020161524 -0.0097545161008064183
      vertex 3.0616169978683832e-18 -0.046193976625564348 -0.019134171618254484
    endloop
  endfacet
  facet normal 0.048831964834101925 -0.9557987135578756 -0.28993836995394601
    outer loop
      vertex 0.0049008570164780392 -0.048803126560110148 -0.0097075454396005796
      vertex 3.0616169978683832e-18 -0.046193976625564348 -0.019134171618254484
      vertex 0.0049008570164780392 -0.045971540002014102 -0.019042035352011495
    endloop
  endfacet
  facet normal 0.048831964834101911 -0.88086913932676147 -0.47083436428554321
    outer loop
      vertex 0.0049008570164780392 -0.045971540002014102 -0.019042035352011495
      vertex 3.0616169978683832e-18 -0.046193976625564348 -0.019134171618254484
      vertex 3.0616169978683832e-18 -0.041573480615127278 -0.027778511650980098
    endloop
  endfacet
  facet normal 0.048831964834101356 -0.88086913932676159 -0.47083436428554304
    outer loop
      vertex 0.0049008570164780392 -0.045971540002014102 -0.019042035352011495
      vertex 3.0616169978683832e-18 -0.041573480615127278 -0.027778511650980098
      vertex 0.0049008570164780392 -0.041373292942777314 -0.027644750524741066
    endloop
  endfacet
  facet normal 0.048831964834101349 -0.77208825806842429 -0.633636458044601
    outer loop
      vertex 0.0049008570164780392 -0.041373292942777314 -0.027644750524741066
      vertex 3.0616169978683832e-18 -0.041573480615127278 -0.027778511650980098
      vertex 3.0616169978683832e-18 -0.035355339059327383 -0.035355339059327376
    endloop
  endfacet
  facet normal 0.048831964834100697 -0.7720882580684244 -0.63363645804460078
    outer loop
      vertex 0.0049008570164780392 -0.041373292942777314 -0.027644750524741066
      vertex 3.0616169978683832e-18 -0.035355339059327383 -0.035355339059327376
      vertex 0.0049008570164780392 -0.035185093438159572 -0.035185093438159558
    endloop
  endfacet
  facet normal 0.048831964834100919 -0.63363645804460067 -0.7720882580684244
    outer loop
      vertex 0.0049008570164780392 -0.035185093438159572 -0.035185093438159558
      vertex 3.0616169978683832e-18 -0.035355339059327383 -0.035355339059327376
      vertex 3.0616169978683832e-18 -0.027778511650980109 -0.041573480615127265
    endloop
  endfacet
  facet normal 0.048831964834101238 -0.63363645804460056 -0.77208825806842452
    outer loop
      vertex 0.0049008570164780392 -0.035185093438159572 -0.035185093438159558
      vertex 3.0616169978683832e-18 -0.027778511650980109 -0.041573480615127265
      vertex 0.0049008570164780392 -0.027644750524741076 -0.0413732929427773
    endloop
  endfacet
  facet normal 0.048831964834101405 -0.47083436428554371 -0.88086913932676125
    outer loop
      vertex 0.0049008570164780392 -0.027644750524741076 -0.0413732929427773
      vertex 3.0616169978683832e-18 -0.027778511650980109 -0.041573480615127265
      vertex 3.0616169978683832e-18 -0.019134171618254519 -0.046193976625564327
    endloop
  endfacet
  facet normal 0.048831964834100752 -0.47083436428554404 -0.88086913932676103
    outer loop
      vertex 0.0049008570164780392 -0.027644750524741076 -0.0413732929427773
      vertex 3.0616169978683832e-18 -0.019134171618254519 -0.046193976625564327
      vertex 0.0049008570164780392 -0.01904203535201153 -0.045971540002014089
    endloop
  endfacet
  facet normal 0.048831964834100593 -0.28993836995394595 -0.95579871355787549
    outer loop
      vertex 0.0049008570164780392 -0.01904203535201153 -0.045971540002014089
      vertex 3.0616169978683832e-18 -0.019134171618254519 -0.046193976625564327
      vertex 3.0616169978683832e-18 -0.0097545161008064339 -0.049039264020161517
    endloop
  endfacet
  facet normal 0.048831964834100336 -0.28993836995394612 -0.95579871355787549
    outer loop
      vertex 0.0049008570164780392 -0.01904203535201153 -0.045971540002014089
      vertex 3.0616169978683832e-18 -0.0097545161008064339 -0.049039264020161517
      vertex 0.0049008570164780392 -0.0097075454396005952 -0.048803126560110141
    endloop
  endfacet
  facet normal 0.048831964834100398 -0.097900206664329859 -0.99399747924505455
    outer loop
      vertex 0.0049008570164780392 -0.0097075454396005952 -0.048803126560110141
      vertex 3.0616169978683832e-18 -0.0097545161008064339 -0.049039264020161517
      vertex 3.0616169978683832e-18 -9.1848509936051487e-18 -0.050000000000000003
    endloop
  endfacet
  facet normal 0.048831964834100995 -0.097900206664329553 -0.99399747924505455
    outer loop
      vertex 0.0049008570164780392 -0.0097075454396005952 -0.048803126560110141
      vertex 3.0616169978683832e-18 -9.1848509936051487e-18 -0.050000000000000003
      vertex 0.0049008570164780392 -9.1406234255957956e-18 -0.049759236333609846
    endloop
  endfacet
  facet normal 0.048831964834101016 0.097900206664329151 -0.99399747924505455
    outer loop
      vertex 0.0049008570164780392 -9.1406234255957956e-18 -0.049759236333609846
      vertex 3.0616169978683832e-18 -9.1848509936051487e-18 -0.050000000000000003
      vertex 3.0616169978683832e-18 0.0097545161008064166 -0.049039264020161524
    endloop
  endfacet
  facet normal 0.048831964834100426 0.097900206664328873 -0.99399747924505466
    outer loop
      vertex 0.0049008570164780392 -9.1406234255957956e-18 -0.049759236333609846
      vertex 3.0616169978683832e-18 0.0097545161008064166 -0.049039264020161524
      vertex 0.0049008570164780392 0.0097075454396005761 -0.048803126560110148
    endloop
  endfacet
  facet normal 0.048831964834100502 0.28993836995394606 -0.9557987135578756
    outer loop
      vertex 0.0049008570164780392 0.0097075454396005761 -0.048803126560110148
      vertex 3.0616169978683832e-18 0.0097545161008064166 -0.049039264020161524
      vertex 3.0616169978683832e-18 0.019134171618254502 -0.046193976625564334
    endloop
  endfacet
  facet normal 0.048831964834100614 0.28993836995394606 -0.95579871355787549
    outer loop
      vertex 0.0049008570164780392 0.0097075454396005761 -0.048803126560110148
      vertex 3.0616169978683832e-18 0.019134171618254502 -0.046193976625564334
      vertex 0.0049008570164780392 0.019042035352011513 -0.045971540002014095
    endloop
  endfacet
  facet normal 0.048831964834100662 0.47083436428554298 -0.88086913932676159
    outer loop
      vertex 0.0049008570164780392 0.019042035352011513 -0.045971540002014095
      vertex 3.0616169978683832e-18 0.019134171618254502 -0.046193976625564334
      vertex 3.0616169978683832e-18 0.027778511650980095 -0.041573480615127278
    endloop
  endfacet
  facet normal 0.048831964834101328 0.47083436428554332 -0.88086913932676147
    outer loop
      vertex 0.0049008570164780392 0.019042035352011513 -0.045971540002014095
      vertex 3.0616169978683832e-18 0.027778511650980095 -0.041573480615127278
      vertex 0.0049008570164780392 0.027644750524741062 -0.041373292942777314
    endloop
  endfacet
  facet normal 0.048831964834101342 0.63363645804460123 -0.77208825806842407
    outer loop
      vertex 0.0049008570164780392 0.027644750524741062 -0.041373292942777314
      vertex 3.0616169978683832e-18 0.027778511650980095 -0.041573480615127278
      vertex 3.0616169978683832e-18 0.035355339059327369 -0.035355339059327383
    endloop
  endfacet
  facet normal 0.048831964834100704 0.63363645804460089 -0.77208825806842429
    outer loop
      vertex 0.0049008570164780392 0.027644750524741062 -0.041373292942777314
      vertex 3.0616169978683832e-18 0.035355339059327369 -0.035355339059327383
      vertex 0.0049008570164780392 0.035185093438159551 -0.035185093438159572
    endloop
  endfacet
  facet normal 0.048831964834100926 0.77208825806842407 -0.63363645804460111
    outer loop
      vertex 0.0049008570164780392 0.035185093438159551 -0.035185093438159572
      vertex 3.0616169978683832e-18 0.035355339059327369 -0.035355339059327383
      vertex 3.0616169978683832e-18 0.041573480615127265 -0.027778511650980109
    endloop
  endfacet
  facet normal 0.048831964834101363 0.77208825806842418 -0.633636458044601
    outer loop
      vertex 0.0049008570164780392 0.035185093438159551 -0.035185093438159572
      vertex 3.0616169978683832e-18 0.041573480615127265 -0.027778511650980109
      vertex 0.0049008570164780392 0.0413732929427773 -0.027644750524741076
    endloop
  endfacet
  facet normal 0.048831964834101405 0.88086913932676114 -0.47083436428554393
    outer loop
      vertex 0.0049008570164780392 0.0413732929427773 -0.027644750524741076
      vertex 3.0616169978683832e-18 0.041573480615127265 -0.027778511650980109
      vertex 3.0616169978683832e-18 0.046193976625564327 -0.019134171618254522
    endloop
  endfacet
  facet normal 0.048831964834100634 0.88086913932676092 -0.47083436428554426
    outer loop
      vertex 0.0049008570164780392 0.0413732929427773 -0.027644750524741076
      vertex 3.0616169978683832e-18 0.046193976625564327 -0.019134171618254522
      vertex 0.0049008570164780392 0.045971540002014089 -0.019042035352011533
    endloop
  endfacet
  facet normal 0.048831964834100593 0.95579871355787549 -0.28993836995394595
    outer loop
      vertex 0.0049008570164780392 0.045971540002014089 -0.019042035352011533
      vertex 3.0616169978683832e-18 0.046193976625564327 -0.019134171618254522
      vertex 3.0616169978683832e-18 0.049039264020161517 -0.0097545161008064374
    endloop
  endfacet
  facet normal 0.048831964834100475 0.9557987135578756 -0.28993836995394612
    outer loop
      vertex 0.0049008570164780392 0.045971540002014089 -0.019042035352011533
      vertex 3.0616169978683832e-18 0.049039264020161517 -0.0097545161008064374
      vertex 0.0049008570164780392 0.048803126560110141 -0.009707545439600597
    endloop
  endfacet
  facet normal 0.048831964834100433 0.99399747924505466 -0.097900206664329734
    outer loop
      vertex 0.0049008570164780392 0.048803126560110141 -0.009707545439600597
      vertex 3.0616169978683832e-18 0.049039264020161517 -0.0097545161008064374
      vertex 3.0616169978683832e-18 0.050000000000000003 0
    endloop
  endfacet
  facet normal 0.048831964834101044 0.99399747924505455 -0.097900206664329442
    outer loop
      vertex 0.0049008570164780392 0.048803126560110141 -0.009707545439600597
      vertex 3.0616169978683832e-18 0.050000000000000003 0
      vertex 0.0049008570164780392 0.049759236333609846 0
    endloop
  endfacet
  facet normal -0.99878379276799845 -0.049067101339492304 -0.0048326876695948201
    outer loop
      vertex 0.048000000000000001 0 0
      vertex 0.047768866880265451 0.0046144208861976423 0.00091786538255971245
      vertex 0.047768866880265451 0.0047048227358189093 0
    endloop
  endfacet
  facet normal -0.99878379276799867 -0.047181480152163079 -0.014312345531844264
    outer loop
      vertex 0.048000000000000001 0 0
      vertex 0.047768866880265451 0.0043466894297168471 0.0018004577132124922
      vertex 0.047768866880265451 0.0046144208861976423 0.00091786538255971245
    endloop
  endfacet
  facet normal -0.99878379276799845 -0.04348270114226508 -0.023241987981760925
    outer loop
      vertex 0.048000000000000001 0 0
      vertex 0.047768866880265451 0.0039119171361035486 0.0026138594636548338
      vertex 0.047768866880265451 0.0043466894297168471 0.0018004577132124922
    endloop
  endfacet
  facet normal -0.99878379276799845 -0.038112906312849644 -0.03127845386779543
    outer loop
      vertex 0.048000000000000001 0 0
      vertex 0.047768866880265451 0.0033268120607781956 0.0033268120607781951
      vertex 0.047768866880265451 0.0039119171361035486 0.0026138594636548338
    endloop
  endfacet
  facet normal -0.99878379276799867 -0.031278453867795451 -0.038112906312849637
    outer loop
      vertex 0.048000000000000001 0 0
      vertex 0.047768866880265451 0.0026138594636548342 0.0039119171361035486
      vertex 0.047768866880265451 0.0033268120607781956 0.0033268120607781951
    endloop
  endfacet
  facet normal -0.99878379276799845 -0.023241987981760921 -0.043482701142265087
    outer loop
      vertex 0.048000000000000001 0 0
      vertex 0.047768866880265451 0.0018004577132124924 0.0043466894297168471
      vertex 0.047768866880265451 0.0026138594636548342 0.0039119171361035486
    endloop
  endfacet
  facet normal -0.99878379276799845 -0.014312345531844264 -0.047181480152163072
    outer loop
      vertex 0.048000000000000001 0 0
      vertex 0.047768866880265451 0.00091786538255971288 0.0046144208861976423
      vertex 0.047768866880265451 0.0018004577132124924 0.0043466894297168471
    endloop
  endfacet
  facet normal -0.99878379276799845 -0.0048326876695948201 -0.049067101339492304
    outer loop
      vertex 0.048000000000000001 0 0
      vertex 0.047768866880265451 2.8808730519881601e-19 0.0047048227358189093
      vertex 0.047768866880265451 0.00091786538255971288 0.0046144208861976423
    endloop
  endfacet
  facet normal -0.99878379276799845 0.0048326876695948201 -0.049067101339492304
    outer loop
      vertex 0.048000000000000001 0 0
      vertex 0.047768866880265451 -0.00091786538255971223 0.0046144208861976423
      vertex 0.047768866880265451 2.8808730519881601e-19 0.0047048227358189093
    endloop
  endfacet
  facet normal -0.99878379276799845 0.014312345531844258 -0.047181480152163058
    outer loop
      vertex 0.048000000000000001 0 0
      vertex 0.047768866880265451 -0.001800457713212492 0.0043466894297168471
      vertex 0.047768866880265451 -0.00091786538255971223 0.0046144208861976423
    endloop
  endfacet
  facet normal -0.99878379276799867 0.023241987981760921 -0.043482701142265129
    outer loop
      vertex 0.048000000000000001 0 0
      vertex 0.047768866880265451 -0.0026138594636548325 0.0039119171361035494
      vertex 0.047768866880265451 -0.001800457713212492 0.0043466894297168471
    endloop
  endfacet
  facet normal -0.99878379276799867 0.031278453867795424 -0.03811290631284963
    outer loop
      vertex 0.048000000000000001 0 0
      vertex 0.047768866880265451 -0.0033268120607781951 0.0033268120607781956
      vertex 0.047768866880265451 -0.0026138594636548325 0.0039119171361035494
    endloop
  endfacet
  facet normal -0.99878379276799845 0.038112906312849609 -0.031278453867795458
    outer loop
      vertex 0.048000000000000001 0 0
      vertex 0.047768866880265451 -0.0039119171361035494 0.0026138594636548338
      vertex 0.047768866880265451 -0.0033268120607781951 0.0033268120607781956
    endloop
  endfacet
  facet normal -0.99878379276799867 0.043482701142265094 -0.023241987981760904
    outer loop
      vertex 0.048000000000000001 0 0
      vertex 0.047768866880265451 -0.0043466894297168471 0.0018004577132124929
      vertex 0.047768866880265451 -0.0039119171361035494 0.0026138594636548338
    endloop
  endfacet
  facet normal -0.99878379276799845 0.047181480152163058 -0.014312345531844274
    outer loop
      vertex 0.048000000000000001 0 0
      vertex 0.047768866880265451 -0.0046144208861976423 0.00091786538255971418
      vertex 0.047768866880265451 -0.0043466894297168471 0.0018004577132124929
    endloop
  endfacet
  facet normal -0.99878379276799845 0.049067101339492304 -0.0048326876695948141
    outer loop
      vertex 0.048000000000000001 0 0
      vertex 0.047768866880265451 -0.0047048227358189093 5.7617461039763203e-19
      vertex 0.047768866880265451 -0.0046144208861976423 0.00091786538255971418
    endloop
  endfacet
  facet normal -0.99878379276799845 0.049067101339492297 0.0048326876695948141
    outer loop
      vertex 0.048000000000000001 0 0
      vertex 0.047768866880265451 -0.0046144208861976423 -0.00091786538255971299
      vertex 0.047768866880265451 -0.0047048227358189093 5.7617461039763203e-19
    endloop
  endfacet
  facet normal -0.99878379276799845 0.047181480152163065 0.014312345531844274
    outer loop
      vertex 0.048000000000000001 0 0
      vertex 0.047768866880265451 -0.0043466894297168471 -0.0018004577132124918
      vertex 0.047768866880265451 -0.0046144208861976423 -0.00091786538255971299
    endloop
  endfacet
  facet normal -0.99878379276799867 0.043482701142265136 0.023241987981760918
    outer loop
      vertex 0.048000000000000001 0 0
      vertex 0.047768866880265451 -0.0039119171361035494 -0.0026138594636548325
      vertex 0.047768866880265451 -0.0043466894297168471 -0.0018004577132124918
    endloop
  endfacet
  facet normal -0.99878379276799845 0.038112906312849637 0.03127845386779541
    outer loop
      vertex 0.048000000000000001 0 0
      vertex 0.047768866880265451 -0.003326812060778196 -0.0033268120607781951
      vertex 0.047768866880265451 -0.0039119171361035494 -0.0026138594636548325
    endloop
  endfacet
  facet normal -0.99878379276799867 0.031278453867795424 0.038112906312849658
    outer loop
      vertex 0.048000000000000001 0 0
      vertex 0.047768866880265451 -0.0026138594636548338 -0.0039119171361035486
      vertex 0.047768866880265451 -0.003326812060778196 -0.0033268120607781951
    endloop
  endfacet
  facet normal -0.99878379276799867 0.023241987981760952 0.04348270114226508
    outer loop
      vertex 0.048000000000000001 0 0
      vertex 0.047768866880265451 -0.0018004577132124948 -0.0043466894297168462
      vertex 0.047768866880265451 -0.0026138594636548338 -0.0039119171361035486
    endloop
  endfacet
  facet normal -0.99878379276799867 0.014312345531844302 0.047181480152163079
    outer loop
      vertex 0.048000000000000001 0 0
      vertex 0.047768866880265451 -0.0009178653825597144 -0.0046144208861976423
      vertex 0.047768866880265451 -0.0018004577132124948 -0.0043466894297168462
    endloop
  endfacet
  facet normal -0.99878379276799845 0.0048326876695948149 0.049067101339492311
    outer loop
      vertex 0.048000000000000001 0 0
      vertex 0.047768866880265451 -8.6426191559644804e-19 -0.0047048227358189093
      vertex 0.047768866880265451 -0.0009178653825597144 -0.0046144208861976423
    endloop
  endfacet
  facet normal -0.99878379276799845 -0.0048326876695948141 0.049067101339492304
    outer loop
      vertex 0.048000000000000001 0 0
      vertex 0.047768866880265451 0.00091786538255971277 -0.0046144208861976423
      vertex 0.047768866880265451 -8.6426191559644804e-19 -0.0047048227358189093
    endloop
  endfacet
  facet normal -0.99878379276799845 -0.014312345531844295 0.047181480152163072
    outer loop
      vertex 0.048000000000000001 0 0
      vertex 0.047768866880265451 0.0018004577132124933 -0.0043466894297168462
      vertex 0.047768866880265451 0.00091786538255971277 -0.0046144208861976423
    endloop
  endfacet
  facet normal -0.99878379276799845 -0.023241987981760914 0.043482701142265108
    outer loop
      vertex 0.048000000000000001 0 0
      vertex 0.047768866880265451 0.002613859463654832 -0.0039119171361035494
      vertex 0.047768866880265451 0.0018004577132124933 -0.0043466894297168462
    endloop
  endfacet
  facet normal -0.99878379276799845 -0.03127845386779541 0.038112906312849637
    outer loop
      vertex 0.048000000000000001 0 0
      vertex 0.047768866880265451 0.0033268120607781947 -0.003326812060778196
      vertex 0.047768866880265451 0.002613859463654832 -0.0039119171361035494
    endloop
  endfacet
  facet normal -0.99878379276799845 -0.038112906312849637 0.03127845386779543
    outer loop
      vertex 0.048000000000000001 0 0
      vertex 0.047768866880265451 0.0039119171361035486 -0.0026138594636548338
      vertex 0.047768866880265451 0.0033268120607781947 -0.003326812060778196
    endloop
  endfacet
  facet normal -0.99878379276799845 -0.043482701142265066 0.023241987981760952
    outer loop
      vertex 0.048000000000000001 0 0
      vertex 0.047768866880265451 0.0043466894297168462 -0.001800457713212495
      vertex 0.047768866880265451 0.0039119171361035486 -0.0026138594636548338
    endloop
  endfacet
  facet normal -0.99878379276799845 -0.047181480152163065 0.014312345531844295
    outer loop
      vertex 0.048000000000000001 0 0
      vertex 0.047768866880265451 0.0046144208861976423 -0.00091786538255971472
      vertex 0.047768866880265451 0.0043466894297168462 -0.001800457713212495
    endloop
  endfacet
  facet normal -0.99878379276799845 -0.049067101339492304 0.0048326876695948089
    outer loop
      vertex 0.048000000000000001 0 0
      vertex 0.047768866880265451 0.0047048227358189093 0
      vertex 0.047768866880265451 0.0046144208861976423 -0.00091786538255971472
    endloop
  endfacet
  facet normal -0.98907323071537656 -0.14671515442590857 -0.014450181453170821
    outer loop
      vertex 0.047768866880265451 0.0047048227358189093 0
      vertex 0.047077693459355065 0.009184402376762154 0.0018268912197291175
      vertex 0.047077693459355065 0.0093643354567741564 0
    endloop
  endfacet
  facet normal -0.98907323071537645 -0.14671515442590852 -0.014450181453170868
    outer loop
      vertex 0.047768866880265451 0.0047048227358189093 0
      vertex 0.047768866880265451 0.0046144208861976423 0.00091786538255971245
      vertex 0.047077693459355065 0.009184402376762154 0.0018268912197291175
    endloop
  endfacet
  facet normal -0.98907323071537656 -0.14107697332012739 -0.042795231990022206
    outer loop
      vertex 0.047768866880265451 0.0046144208861976423 0.00091786538255971245
      vertex 0.047077693459355065 0.0086515178640833735 0.0035835760344164452
      vertex 0.047077693459355065 0.009184402376762154 0.0018268912197291175
    endloop
  endfacet
  facet normal -0.98907323071537645 -0.14107697332012747 -0.042795231990022116
    outer loop
      vertex 0.047768866880265451 0.0046144208861976423 0.00091786538255971245
      vertex 0.047768866880265451 0.0043466894297168471 0.0018004577132124922
      vertex 0.047077693459355065 0.0086515178640833735 0.0035835760344164452
    endloop
  endfacet
  facet normal -0.98907323071537634 -0.13001728324653189 -0.06949568576133959
    outer loop
      vertex 0.047768866880265451 0.0043466894297168471 0.0018004577132124922
      vertex 0.047077693459355065 0.0077861603717149855 0.005202546031793741
      vertex 0.047077693459355065 0.0086515178640833735 0.0035835760344164452
    endloop
  endfacet
  facet normal -0.98907323071537645 -0.13001728324653183 -0.069495685761339604
    outer loop
      vertex 0.047768866880265451 0.0043466894297168471 0.0018004577132124922
      vertex 0.047768866880265451 0.0039119171361035486 0.0026138594636548338
      vertex 0.047077693459355065 0.0077861603717149855 0.005202546031793741
    endloop
  endfacet
  facet normal -0.98907323071537656 -0.1139611018923046 -0.093525459302478325
    outer loop
      vertex 0.047768866880265451 0.0039119171361035486 0.0026138594636548338
      vertex 0.047077693459355065 0.0066215851027906321 0.0066215851027906312
      vertex 0.047077693459355065 0.0077861603717149855 0.005202546031793741
    endloop
  endfacet
  facet normal -0.98907323071537645 -0.1139611018923046 -0.09352545930247827
    outer loop
      vertex 0.047768866880265451 0.0039119171361035486 0.0026138594636548338
      vertex 0.047768866880265451 0.0033268120607781956 0.0033268120607781951
      vertex 0.047077693459355065 0.0066215851027906321 0.0066215851027906312
    endloop
  endfacet
  facet normal -0.98907323071537634 -0.093525459302478325 -0.11396110189230457
    outer loop
      vertex 0.047768866880265451 0.0033268120607781956 0.0033268120607781951
      vertex 0.047077693459355065 0.0052025460317937419 0.0077861603717149855
      vertex 0.047077693459355065 0.0066215851027906321 0.0066215851027906312
    endloop
  endfacet
  facet normal -0.98907323071537645 -0.093525459302478298 -0.11396110189230456
    outer loop
      vertex 0.047768866880265451 0.0033268120607781956 0.0033268120607781951
      vertex 0.047768866880265451 0.0026138594636548342 0.0039119171361035486
      vertex 0.047077693459355065 0.0052025460317937419 0.0077861603717149855
    endloop
  endfacet
  facet normal -0.98907323071537634 -0.069495685761339507 -0.13001728324653189
    outer loop
      vertex 0.047768866880265451 0.0026138594636548342 0.0039119171361035486
      vertex 0.047077693459355065 0.0035835760344164456 0.0086515178640833735
      vertex 0.047077693459355065 0.0052025460317937419 0.0077861603717149855
    endloop
  endfacet
  facet normal -0.98907323071537645 -0.069495685761339604 -0.13001728324653189
    outer loop
      vertex 0.047768866880265451 0.0026138594636548342 0.0039119171361035486
      vertex 0.047768866880265451 0.0018004577132124924 0.0043466894297168471
      vertex 0.047077693459355065 0.0035835760344164456 0.0086515178640833735
    endloop
  endfacet
  facet normal -0.98907323071537656 -0.042795231990022213 -0.14107697332012736
    outer loop
      vertex 0.047768866880265451 0.0018004577132124924 0.0043466894297168471
      vertex 0.047077693459355065 0.0018268912197291183 0.009184402376762154
      vertex 0.047077693459355065 0.0035835760344164456 0.0086515178640833735
    endloop
  endfacet
  facet normal -0.98907323071537645 -0.042795231990022095 -0.14107697332012736
    outer loop
      vertex 0.047768866880265451 0.0018004577132124924 0.0043466894297168471
      vertex 0.047768866880265451 0.00091786538255971288 0.0046144208861976423
      vertex 0.047077693459355065 0.0018268912197291183 0.009184402376762154
    endloop
  endfacet
  facet normal -0.98907323071537634 -0.014450181453170816 -0.14671515442590854
    outer loop
      vertex 0.047768866880265451 0.00091786538255971288 0.0046144208861976423
      vertex 0.047077693459355065 5.7340017216402696e-19 0.0093643354567741564
      vertex 0.047077693459355065 0.0018268912197291183 0.009184402376762154
    endloop
  endfacet
  facet normal -0.98907323071537645 -0.014450181453170868 -0.14671515442590854
    outer loop
      vertex 0.047768866880265451 0.00091786538255971288 0.0046144208861976423
      vertex 0.047768866880265451 2.8808730519881601e-19 0.0047048227358189093
      vertex 0.047077693459355065 5.7340017216402696e-19 0.0093643354567741564
    endloop
  endfacet
  facet normal -0.98907323071537634 0.014450181453170816 -0.14671515442590852
    outer loop
      vertex 0.047768866880265451 2.8808730519881601e-19 0.0047048227358189093
      vertex 0.047077693459355065 -0.001826891219729117 0.009184402376762154
      vertex 0.047077693459355065 5.7340017216402696e-19 0.0093643354567741564
    endloop
  endfacet
  facet normal -0.98907323071537645 0.014450181453170867 -0.14671515442590852
    outer loop
      vertex 0.047768866880265451 2.8808730519881601e-19 0.0047048227358189093
      vertex 0.047768866880265451 -0.00091786538255971223 0.0046144208861976423
      vertex 0.047077693459355065 -0.001826891219729117 0.009184402376762154
    endloop
  endfacet
  facet normal -0.98907323071537656 0.042795231990022206 -0.14107697332012736
    outer loop
      vertex 0.047768866880265451 -0.00091786538255971223 0.0046144208861976423
      vertex 0.047077693459355065 -0.0035835760344164443 0.0086515178640833735
      vertex 0.047077693459355065 -0.001826891219729117 0.009184402376762154
    endloop
  endfacet
  facet normal -0.98907323071537645 0.042795231990022116 -0.14107697332012747
    outer loop
      vertex 0.047768866880265451 -0.00091786538255971223 0.0046144208861976423
      vertex 0.047768866880265451 -0.001800457713212492 0.0043466894297168471
      vertex 0.047077693459355065 -0.0035835760344164443 0.0086515178640833735
    endloop
  endfacet
  facet normal -0.98907323071537645 0.069495685761339437 -0.13001728324653195
    outer loop
      vertex 0.047768866880265451 -0.001800457713212492 0.0043466894297168471
      vertex 0.047077693459355065 -0.0052025460317937384 0.0077861603717149881
      vertex 0.047077693459355065 -0.0035835760344164443 0.0086515178640833735
    endloop
  endfacet
  facet normal -0.98907323071537634 0.069495685761339562 -0.13001728324653183
    outer loop
      vertex 0.047768866880265451 -0.001800457713212492 0.0043466894297168471
      vertex 0.047768866880265451 -0.0026138594636548325 0.0039119171361035494
      vertex 0.047077693459355065 -0.0052025460317937384 0.0077861603717149881
    endloop
  endfacet
  facet normal -0.98907323071537634 0.093525459302478298 -0.11396110189230454
    outer loop
      vertex 0.047768866880265451 -0.0026138594636548325 0.0039119171361035494
      vertex 0.047077693459355065 -0.0066215851027906312 0.0066215851027906321
      vertex 0.047077693459355065 -0.0052025460317937384 0.0077861603717149881
    endloop
  endfacet
  facet normal -0.98907323071537645 0.093525459302478256 -0.11396110189230464
    outer loop
      vertex 0.047768866880265451 -0.0026138594636548325 0.0039119171361035494
      vertex 0.047768866880265451 -0.0033268120607781951 0.0033268120607781956
      vertex 0.047077693459355065 -0.0066215851027906312 0.0066215851027906321
    endloop
  endfacet
  facet normal -0.98907323071537656 0.1139611018923046 -0.093525459302478353
    outer loop
      vertex 0.047768866880265451 -0.0033268120607781951 0.0033268120607781956
      vertex 0.047077693459355065 -0.0077861603717149864 0.005202546031793741
      vertex 0.047077693459355065 -0.0066215851027906312 0.0066215851027906321
    endloop
  endfacet
  facet normal -0.98907323071537645 0.11396110189230454 -0.093525459302478367
    outer loop
      vertex 0.047768866880265451 -0.0033268120607781951 0.0033268120607781956
      vertex 0.047768866880265451 -0.0039119171361035494 0.0026138594636548338
      vertex 0.047077693459355065 -0.0077861603717149864 0.005202546031793741
    endloop
  endfacet
  facet normal -0.98907323071537656 0.13001728324653192 -0.069495685761339535
    outer loop
      vertex 0.047768866880265451 -0.0039119171361035494 0.0026138594636548338
      vertex 0.047077693459355065 -0.0086515178640833735 0.003583576034416446
      vertex 0.047077693459355065 -0.0077861603717149864 0.005202546031793741
    endloop
  endfacet
  facet normal -0.98907323071537634 0.13001728324653189 -0.069495685761339548
    outer loop
      vertex 0.047768866880265451 -0.0039119171361035494 0.0026138594636548338
      vertex 0.047768866880265451 -0.0043466894297168471 0.0018004577132124929
      vertex 0.047077693459355065 -0.0086515178640833735 0.003583576034416446
    endloop
  endfacet
  facet normal -0.98907323071537656 0.14107697332012736 -0.042795231990022262
    outer loop
      vertex 0.047768866880265451 -0.0043466894297168471 0.0018004577132124929
      vertex 0.047077693459355065 -0.009184402376762154 0.0018268912197291209
      vertex 0.047077693459355065 -0.0086515178640833735 0.003583576034416446
    endloop
  endfacet
  facet normal -0.98907323071537645 0.14107697332012739 -0.042795231990022137
    outer loop
      vertex 0.047768866880265451 -0.0043466894297168471 0.0018004577132124929
      vertex 0.047768866880265451 -0.0046144208861976423 0.00091786538255971418
      vertex 0.047077693459355065 -0.009184402376762154 0.0018268912197291209
    endloop
  endfacet
  facet normal -0.98907323071537634 0.14671515442590852 -0.014450181453170799
    outer loop
      vertex 0.047768866880265451 -0.0046144208861976423 0.00091786538255971418
      vertex 0.047077693459355065 -0.0093643354567741564 1.1468003443280539e-18
      vertex 0.047077693459355065 -0.009184402376762154 0.0018268912197291209
    endloop
  endfacet
  facet normal -0.98907323071537645 0.14671515442590854 -0.014450181453170853
    outer loop
      vertex 0.047768866880265451 -0.0046144208861976423 0.00091786538255971418
      vertex 0.047768866880265451 -0.0047048227358189093 5.7617461039763203e-19
      vertex 0.047077693459355065 -0.0093643354567741564 1.1468003443280539e-18
    endloop
  endfacet
  facet normal -0.98907323071537634 0.14671515442590852 0.014450181453170799
    outer loop
      vertex 0.047768866880265451 -0.0047048227358189093 5.7617461039763203e-19
      vertex 0.047077693459355065 -0.009184402376762154 -0.0018268912197291186
      vertex 0.047077693459355065 -0.0093643354567741564 1.1468003443280539e-18
    endloop
  endfacet
  facet normal -0.98907323071537645 0.14671515442590852 0.014450181453170853
    outer loop
      vertex 0.047768866880265451 -0.0047048227358189093 5.7617461039763203e-19
      vertex 0.047768866880265451 -0.0046144208861976423 -0.00091786538255971299
      vertex 0.047077693459355065 -0.009184402376762154 -0.0018268912197291186
    endloop
  endfacet
  facet normal -0.98907323071537656 0.14107697332012739 0.042795231990022116
    outer loop
      vertex 0.047768866880265451 -0.0046144208861976423 -0.00091786538255971299
      vertex 0.047077693459355065 -0.0086515178640833752 -0.0035835760344164439
      vertex 0.047077693459355065 -0.009184402376762154 -0.0018268912197291186
    endloop
  endfacet
  facet normal -0.98907323071537645 0.14107697332012739 0.042795231990022137
    outer loop
      vertex 0.047768866880265451 -0.0046144208861976423 -0.00091786538255971299
      vertex 0.047768866880265451 -0.0043466894297168471 -0.0018004577132124918
      vertex 0.047077693459355065 -0.0086515178640833752 -0.0035835760344164439
    endloop
  endfacet
  facet normal -0.98907323071537656 0.13001728324653186 0.069495685761339479
    outer loop
      vertex 0.047768866880265451 -0.0043466894297168471 -0.0018004577132124918
      vertex 0.047077693459355065 -0.0077861603717149881 -0.0052025460317937384
      vertex 0.047077693459355065 -0.0086515178640833752 -0.0035835760344164439
    endloop
  endfacet
  facet normal -0.98907323071537634 0.13001728324653186 0.069495685761339548
    outer loop
      vertex 0.047768866880265451 -0.0043466894297168471 -0.0018004577132124918
      vertex 0.047768866880265451 -0.0039119171361035494 -0.0026138594636548325
      vertex 0.047077693459355065 -0.0077861603717149881 -0.0052025460317937384
    endloop
  endfacet
  facet normal -0.98907323071537656 0.11396110189230463 0.093525459302478214
    outer loop
      vertex 0.047768866880265451 -0.0039119171361035494 -0.0026138594636548325
      vertex 0.047077693459355065 -0.0066215851027906338 -0.0066215851027906312
      vertex 0.047077693459355065 -0.0077861603717149881 -0.0052025460317937384
    endloop
  endfacet
  facet normal -0.98907323071537645 0.11396110189230468 0.093525459302478214
    outer loop
      vertex 0.047768866880265451 -0.0039119171361035494 -0.0026138594636548325
      vertex 0.047768866880265451 -0.003326812060778196 -0.0033268120607781951
      vertex 0.047077693459355065 -0.0066215851027906338 -0.0066215851027906312
    endloop
  endfacet
  facet normal -0.98907323071537656 0.093525459302478228 0.11396110189230466
    outer loop
      vertex 0.047768866880265451 -0.003326812060778196 -0.0033268120607781951
      vertex 0.047077693459355065 -0.005202546031793741 -0.0077861603717149855
      vertex 0.047077693459355065 -0.0066215851027906338 -0.0066215851027906312
    endloop
  endfacet
  facet normal -0.98907323071537645 0.093525459302478242 0.11396110189230464
    outer loop
      vertex 0.047768866880265451 -0.003326812060778196 -0.0033268120607781951
      vertex 0.047768866880265451 -0.0026138594636548338 -0.0039119171361035486
      vertex 0.047077693459355065 -0.005202546031793741 -0.0077861603717149855
    endloop
  endfacet
  facet normal -0.98907323071537645 0.06949568576133959 0.13001728324653189
    outer loop
      vertex 0.047768866880265451 -0.0026138594636548338 -0.0039119171361035486
      vertex 0.047077693459355065 -0.0035835760344164504 -0.0086515178640833718
      vertex 0.047077693459355065 -0.005202546031793741 -0.0077861603717149855
    endloop
  endfacet
  facet normal -0.98907323071537634 0.069495685761339687 0.13001728324653183
    outer loop
      vertex 0.047768866880265451 -0.0026138594636548338 -0.0039119171361035486
      vertex 0.047768866880265451 -0.0018004577132124948 -0.0043466894297168462
      vertex 0.047077693459355065 -0.0035835760344164504 -0.0086515178640833718
    endloop
  endfacet
  facet normal -0.98907323071537634 0.042795231990022227 0.14107697332012742
    outer loop
      vertex 0.047768866880265451 -0.0018004577132124948 -0.0043466894297168462
      vertex 0.047077693459355065 -0.0018268912197291214 -0.0091844023767621522
      vertex 0.047077693459355065 -0.0035835760344164504 -0.0086515178640833718
    endloop
  endfacet
  facet normal -0.98907323071537645 0.042795231990022199 0.14107697332012739
    outer loop
      vertex 0.047768866880265451 -0.0018004577132124948 -0.0043466894297168462
      vertex 0.047768866880265451 -0.0009178653825597144 -0.0046144208861976423
      vertex 0.047077693459355065 -0.0018268912197291214 -0.0091844023767621522
    endloop
  endfacet
  facet normal -0.98907323071537634 0.014450181453170903 0.14671515442590857
    outer loop
      vertex 0.047768866880265451 -0.0009178653825597144 -0.0046144208861976423
      vertex 0.047077693459355065 -1.7202005164920806e-18 -0.0093643354567741564
      vertex 0.047077693459355065 -0.0018268912197291214 -0.0091844023767621522
    endloop
  endfacet
  facet normal -0.98907323071537645 0.014450181453170853 0.14671515442590852
    outer loop
      vertex 0.047768866880265451 -0.0009178653825597144 -0.0046144208861976423
      vertex 0.047768866880265451 -8.6426191559644804e-19 -0.0047048227358189093
      vertex 0.047077693459355065 -1.7202005164920806e-18 -0.0093643354567741564
    endloop
  endfacet
  facet normal -0.98907323071537634 -0.014450181453170802 0.14671515442590857
    outer loop
      vertex 0.047768866880265451 -8.6426191559644804e-19 -0.0047048227358189093
      vertex 0.047077693459355065 0.0018268912197291181 -0.009184402376762154
      vertex 0.047077693459355065 -1.7202005164920806e-18 -0.0093643354567741564
    endloop
  endfacet
  facet normal -0.98907323071537645 -0.014450181453170849 0.14671515442590852
    outer loop
      vertex 0.047768866880265451 -8.6426191559644804e-19 -0.0047048227358189093
      vertex 0.047768866880265451 0.00091786538255971277 -0.0046144208861976423
      vertex 0.047077693459355065 0.0018268912197291181 -0.009184402376762154
    endloop
  endfacet
  facet normal -0.98907323071537656 -0.042795231990022171 0.14107697332012739
    outer loop
      vertex 0.047768866880265451 0.00091786538255971277 -0.0046144208861976423
      vertex 0.047077693459355065 0.0035835760344164469 -0.0086515178640833735
      vertex 0.047077693459355065 0.0018268912197291181 -0.009184402376762154
    endloop
  endfacet
  facet normal -0.98907323071537645 -0.042795231990022185 0.14107697332012736
    outer loop
      vertex 0.047768866880265451 0.00091786538255971277 -0.0046144208861976423
      vertex 0.047768866880265451 0.0018004577132124933 -0.0043466894297168462
      vertex 0.047077693459355065 0.0035835760344164469 -0.0086515178640833735
    endloop
  endfacet
  facet normal -0.98907323071537645 -0.069495685761339548 0.13001728324653183
    outer loop
      vertex 0.047768866880265451 0.0018004577132124933 -0.0043466894297168462
      vertex 0.047077693459355065 0.0052025460317937375 -0.0077861603717149881
      vertex 0.047077693459355065 0.0035835760344164469 -0.0086515178640833735
    endloop
  endfacet
  facet normal -0.98907323071537634 -0.069495685761339562 0.13001728324653186
    outer loop
      vertex 0.047768866880265451 0.0018004577132124933 -0.0043466894297168462
      vertex 0.047768866880265451 0.002613859463654832 -0.0039119171361035494
      vertex 0.047077693459355065 0.0052025460317937375 -0.0077861603717149881
    endloop
  endfacet
  facet normal -0.98907323071537656 -0.0935254593024782 0.11396110189230466
    outer loop
      vertex 0.047768866880265451 0.002613859463654832 -0.0039119171361035494
      vertex 0.047077693459355065 0.0066215851027906303 -0.0066215851027906338
      vertex 0.047077693459355065 0.0052025460317937375 -0.0077861603717149881
    endloop
  endfacet
  facet normal -0.98907323071537645 -0.093525459302478214 0.11396110189230468
    outer loop
      vertex 0.047768866880265451 0.002613859463654832 -0.0039119171361035494
      vertex 0.047768866880265451 0.0033268120607781947 -0.003326812060778196
      vertex 0.047077693459355065 0.0066215851027906303 -0.0066215851027906338
    endloop
  endfacet
  facet normal -0.98907323071537656 -0.11396110189230466 0.09352545930247827
    outer loop
      vertex 0.047768866880265451 0.0033268120607781947 -0.003326812060778196
      vertex 0.047077693459355065 0.0077861603717149855 -0.005202546031793741
      vertex 0.047077693459355065 0.0066215851027906303 -0.0066215851027906338
    endloop
  endfacet
  facet normal -0.98907323071537645 -0.11396110189230461 0.093525459302478298
    outer loop
      vertex 0.047768866880265451 0.0033268120607781947 -0.003326812060778196
      vertex 0.047768866880265451 0.0039119171361035486 -0.0026138594636548338
      vertex 0.047077693459355065 0.0077861603717149855 -0.005202546031793741
    endloop
  endfacet
  facet normal -0.98907323071537645 -0.13001728324653186 0.069495685761339604
    outer loop
      vertex 0.047768866880265451 0.0039119171361035486 -0.0026138594636548338
      vertex 0.047077693459355065 0.0086515178640833718 -0.0035835760344164508
      vertex 0.047077693459355065 0.0077861603717149855 -0.005202546031793741
    endloop
  endfacet
  facet normal -0.98907323071537634 -0.13001728324653181 0.069495685761339687
    outer loop
      vertex 0.047768866880265451 0.0039119171361035486 -0.0026138594636548338
      vertex 0.047768866880265451 0.0043466894297168462 -0.001800457713212495
      vertex 0.047077693459355065 0.0086515178640833718 -0.0035835760344164508
    endloop
  endfacet
  facet normal -0.98907323071537634 -0.14107697332012742 0.042795231990022227
    outer loop
      vertex 0.047768866880265451 0.0043466894297168462 -0.001800457713212495
      vertex 0.047077693459355065 0.0091844023767621522 -0.001826891219729122
      vertex 0.047077693459355065 0.0086515178640833718 -0.0035835760344164508
    endloop
  endfacet
  facet normal -0.98907323071537645 -0.14107697332012742 0.042795231990022206
    outer loop
      vertex 0.047768866880265451 0.0043466894297168462 -0.001800457713212495
      vertex 0.047768866880265451 0.0046144208861976423 -0.00091786538255971472
      vertex 0.047077693459355065 0.0091844023767621522 -0.001826891219729122
    endloop
  endfacet
  facet normal -0.98907323071537634 -0.14671515442590854 0.014450181453170884
    outer loop
      vertex 0.047768866880265451 0.0046144208861976423 -0.00091786538255971472
      vertex 0.047077693459355065 0.0093643354567741564 0
      vertex 0.047077693459355065 0.0091844023767621522 -0.001826891219729122
    endloop
  endfacet
  facet normal -0.98907323071537645 -0.14671515442590854 0.014450181453170835
    outer loop
      vertex 0.047768866880265451 0.0046144208861976423 -0.00091786538255971472
      vertex 0.047768866880265451 0.0047048227358189093 0
      vertex 0.047077693459355065 0.0093643354567741564 0
    endloop
  endfacet
  facet normal -0.96975359686085494 -0.24291063061226131 -0.023924608899375404
    outer loop
      vertex 0.047077693459355065 0.0093643354567741564 0
      vertex 0.045933136115146024 0.013665933051733395 0.0027183230957722039
      vertex 0.045933136115146024 0.013933664508214191 0
    endloop
  endfacet
  facet normal -0.96975359686085483 -0.24291063061226131 -0.023924608899375373
    outer loop
      vertex 0.047077693459355065 0.0093643354567741564 0
      vertex 0.047077693459355065 0.009184402376762154 0.0018268912197291175
      vertex 0.045933136115146024 0.013665933051733395 0.0027183230957722039
    endloop
  endfacet
  facet normal -0.96975359686085494 -0.23357571130368318 -0.070854417395198377
    outer loop
      vertex 0.047077693459355065 0.009184402376762154 0.0018268912197291175
      vertex 0.045933136115146024 0.012873027452018035 0.0053321825594270372
      vertex 0.045933136115146024 0.013665933051733395 0.0027183230957722039
    endloop
  endfacet
  facet normal -0.96975359686085483 -0.23357571130368313 -0.070854417395198419
    outer loop
      vertex 0.047077693459355065 0.009184402376762154 0.0018268912197291175
      vertex 0.047077693459355065 0.0086515178640833735 0.0035835760344164452
      vertex 0.045933136115146024 0.012873027452018035 0.0053321825594270372
    endloop
  endfacet
  facet normal -0.96975359686085494 -0.21526460840047251 -0.11506133036613876
    outer loop
      vertex 0.047077693459355065 0.0086515178640833735 0.0035835760344164452
      vertex 0.045933136115146024 0.011585418626598589 0.007741129237645519
      vertex 0.045933136115146024 0.012873027452018035 0.0053321825594270372
    endloop
  endfacet
  facet normal -0.96975359686085483 -0.21526460840047251 -0.11506133036613882
    outer loop
      vertex 0.047077693459355065 0.0086515178640833735 0.0035835760344164452
      vertex 0.047077693459355065 0.0077861603717149855 0.005202546031793741
      vertex 0.045933136115146024 0.011585418626598589 0.007741129237645519
    endloop
  endfacet
  facet normal -0.96975359686085494 -0.1886810073182148 -0.15484650093824623
    outer loop
      vertex 0.047077693459355065 0.0077861603717149855 0.005202546031793741
      vertex 0.045933136115146024 0.0098525886605365758 0.009852588660536574
      vertex 0.045933136115146024 0.011585418626598589 0.007741129237645519
    endloop
  endfacet
  facet normal -0.96975359686085483 -0.18868100731821486 -0.15484650093824623
    outer loop
      vertex 0.047077693459355065 0.0077861603717149855 0.005202546031793741
      vertex 0.047077693459355065 0.0066215851027906321 0.0066215851027906312
      vertex 0.045933136115146024 0.0098525886605365758 0.009852588660536574
    endloop
  endfacet
  facet normal -0.96975359686085494 -0.1548465009382464 -0.18868100731821477
    outer loop
      vertex 0.047077693459355065 0.0066215851027906321 0.0066215851027906312
      vertex 0.045933136115146024 0.0077411292376455207 0.011585418626598589
      vertex 0.045933136115146024 0.0098525886605365758 0.009852588660536574
    endloop
  endfacet
  facet normal -0.96975359686085494 -0.15484650093824626 -0.1886810073182148
    outer loop
      vertex 0.047077693459355065 0.0066215851027906321 0.0066215851027906312
      vertex 0.047077693459355065 0.0052025460317937419 0.0077861603717149855
      vertex 0.045933136115146024 0.0077411292376455207 0.011585418626598589
    endloop
  endfacet
  facet normal -0.96975359686085494 -0.11506133036613875 -0.21526460840047254
    outer loop
      vertex 0.047077693459355065 0.0052025460317937419 0.0077861603717149855
      vertex 0.045933136115146024 0.0053321825594270381 0.012873027452018035
      vertex 0.045933136115146024 0.0077411292376455207 0.011585418626598589
    endloop
  endfacet
  facet normal -0.96975359686085483 -0.1150613303661388 -0.21526460840047251
    outer loop
      vertex 0.047077693459355065 0.0052025460317937419 0.0077861603717149855
      vertex 0.047077693459355065 0.0035835760344164456 0.0086515178640833735
      vertex 0.045933136115146024 0.0053321825594270381 0.012873027452018035
    endloop
  endfacet
  facet normal -0.96975359686085494 -0.070854417395198377 -0.23357571130368318
    outer loop
      vertex 0.047077693459355065 0.0035835760344164456 0.0086515178640833735
      vertex 0.045933136115146024 0.0027183230957722052 0.013665933051733395
      vertex 0.045933136115146024 0.0053321825594270381 0.012873027452018035
    endloop
  endfacet
  facet normal -0.96975359686085494 -0.07085441739519846 -0.23357571130368321
    outer loop
      vertex 0.047077693459355065 0.0035835760344164456 0.0086515178640833735
      vertex 0.047077693459355065 0.0018268912197291183 0.009184402376762154
      vertex 0.045933136115146024 0.0027183230957722052 0.013665933051733395
    endloop
  endfacet
  facet normal -0.96975359686085494 -0.023924608899375404 -0.2429106306122614
    outer loop
      vertex 0.047077693459355065 0.0018268912197291183 0.009184402376762154
      vertex 0.045933136115146024 8.5319088201887945e-19 0.013933664508214191
      vertex 0.045933136115146024 0.0027183230957722052 0.013665933051733395
    endloop
  endfacet
  facet normal -0.96975359686085494 -0.023924608899375373 -0.24291063061226131
    outer loop
      vertex 0.047077693459355065 0.0018268912197291183 0.009184402376762154
      vertex 0.047077693459355065 5.7340017216402696e-19 0.0093643354567741564
      vertex 0.045933136115146024 8.5319088201887945e-19 0.013933664508214191
    endloop
  endfacet
  facet normal -0.96975359686085483 0.023924608899375404 -0.24291063061226131
    outer loop
      vertex 0.047077693459355065 5.7340017216402696e-19 0.0093643354567741564
      vertex 0.045933136115146024 -0.002718323095772203 0.013665933051733395
      vertex 0.045933136115146024 8.5319088201887945e-19 0.013933664508214191
    endloop
  endfacet
  facet normal -0.96975359686085483 0.023924608899375373 -0.24291063061226131
    outer loop
      vertex 0.047077693459355065 5.7340017216402696e-19 0.0093643354567741564
      vertex 0.047077693459355065 -0.001826891219729117 0.009184402376762154
      vertex 0.045933136115146024 -0.002718323095772203 0.013665933051733395
    endloop
  endfacet
  facet normal -0.96975359686085494 0.070854417395198377 -0.23357571130368321
    outer loop
      vertex 0.047077693459355065 -0.001826891219729117 0.009184402376762154
      vertex 0.045933136115146024 -0.0053321825594270364 0.012873027452018035
      vertex 0.045933136115146024 -0.002718323095772203 0.013665933051733395
    endloop
  endfacet
  facet normal -0.96975359686085483 0.070854417395198419 -0.23357571130368307
    outer loop
      vertex 0.047077693459355065 -0.001826891219729117 0.009184402376762154
      vertex 0.047077693459355065 -0.0035835760344164443 0.0086515178640833735
      vertex 0.045933136115146024 -0.0053321825594270364 0.012873027452018035
    endloop
  endfacet
  facet normal -0.96975359686085483 0.11506133036613875 -0.2152646084004726
    outer loop
      vertex 0.047077693459355065 -0.0035835760344164443 0.0086515178640833735
      vertex 0.045933136115146024 -0.0077411292376455155 0.011585418626598591
      vertex 0.045933136115146024 -0.0053321825594270364 0.012873027452018035
    endloop
  endfacet
  facet normal -0.96975359686085494 0.11506133036613871 -0.21526460840047271
    outer loop
      vertex 0.047077693459355065 -0.0035835760344164443 0.0086515178640833735
      vertex 0.047077693459355065 -0.0052025460317937384 0.0077861603717149881
      vertex 0.045933136115146024 -0.0077411292376455155 0.011585418626598591
    endloop
  endfacet
  facet normal -0.96975359686085494 0.1548465009382462 -0.18868100731821488
    outer loop
      vertex 0.047077693459355065 -0.0052025460317937384 0.0077861603717149881
      vertex 0.045933136115146024 -0.009852588660536574 0.0098525886605365758
      vertex 0.045933136115146024 -0.0077411292376455155 0.011585418626598591
    endloop
  endfacet
  facet normal -0.96975359686085483 0.15484650093824626 -0.18868100731821483
    outer loop
      vertex 0.047077693459355065 -0.0052025460317937384 0.0077861603717149881
      vertex 0.047077693459355065 -0.0066215851027906312 0.0066215851027906321
      vertex 0.045933136115146024 -0.009852588660536574 0.0098525886605365758
    endloop
  endfacet
  facet normal -0.96975359686085494 0.18868100731821483 -0.15484650093824631
    outer loop
      vertex 0.047077693459355065 -0.0066215851027906312 0.0066215851027906321
      vertex 0.045933136115146024 -0.011585418626598589 0.007741129237645519
      vertex 0.045933136115146024 -0.009852588660536574 0.0098525886605365758
    endloop
  endfacet
  facet normal -0.96975359686085483 0.1886810073182148 -0.15484650093824628
    outer loop
      vertex 0.047077693459355065 -0.0066215851027906312 0.0066215851027906321
      vertex 0.047077693459355065 -0.0077861603717149864 0.005202546031793741
      vertex 0.045933136115146024 -0.011585418626598589 0.007741129237645519
    endloop
  endfacet
  facet normal -0.96975359686085494 0.21526460840047251 -0.11506133036613887
    outer loop
      vertex 0.047077693459355065 -0.0077861603717149864 0.005202546031793741
      vertex 0.045933136115146024 -0.012873027452018035 0.005332182559427039
      vertex 0.045933136115146024 -0.011585418626598589 0.007741129237645519
    endloop
  endfacet
  facet normal -0.96975359686085494 0.21526460840047254 -0.11506133036613879
    outer loop
      vertex 0.047077693459355065 -0.0077861603717149864 0.005202546031793741
      vertex 0.047077693459355065 -0.0086515178640833735 0.003583576034416446
      vertex 0.045933136115146024 -0.012873027452018035 0.005332182559427039
    endloop
  endfacet
  facet normal -0.96975359686085494 0.23357571130368315 -0.070854417395198432
    outer loop
      vertex 0.047077693459355065 -0.0086515178640833735 0.003583576034416446
      vertex 0.045933136115146024 -0.013665933051733395 0.0027183230957722087
      vertex 0.045933136115146024 -0.012873027452018035 0.005332182559427039
    endloop
  endfacet
  facet normal -0.96975359686085494 0.23357571130368315 -0.07085441739519853
    outer loop
      vertex 0.047077693459355065 -0.0086515178640833735 0.003583576034416446
      vertex 0.047077693459355065 -0.009184402376762154 0.0018268912197291209
      vertex 0.045933136115146024 -0.013665933051733395 0.0027183230957722087
    endloop
  endfacet
  facet normal -0.96975359686085483 0.24291063061226129 -0.023924608899375376
    outer loop
      vertex 0.047077693459355065 -0.009184402376762154 0.0018268912197291209
      vertex 0.045933136115146024 -0.013933664508214191 1.7063817640377589e-18
      vertex 0.045933136115146024 -0.013665933051733395 0.0027183230957722087
    endloop
  endfacet
  facet normal -0.96975359686085483 0.24291063061226129 -0.023924608899375342
    outer loop
      vertex 0.047077693459355065 -0.009184402376762154 0.0018268912197291209
      vertex 0.047077693459355065 -0.0093643354567741564 1.1468003443280539e-18
      vertex 0.045933136115146024 -0.013933664508214191 1.7063817640377589e-18
    endloop
  endfacet
  facet normal -0.96975359686085483 0.24291063061226134 0.023924608899375376
    outer loop
      vertex 0.047077693459355065 -0.0093643354567741564 1.1468003443280539e-18
      vertex 0.045933136115146024 -0.013665933051733395 -0.0027183230957722052
      vertex 0.045933136115146024 -0.013933664508214191 1.7063817640377589e-18
    endloop
  endfacet
  facet normal -0.96975359686085483 0.24291063061226134 0.023924608899375345
    outer loop
      vertex 0.047077693459355065 -0.0093643354567741564 1.1468003443280539e-18
      vertex 0.047077693459355065 -0.009184402376762154 -0.0018268912197291186
      vertex 0.045933136115146024 -0.013665933051733395 -0.0027183230957722052
    endloop
  endfacet
  facet normal -0.96975359686085494 0.23357571130368321 0.070854417395198308
    outer loop
      vertex 0.047077693459355065 -0.009184402376762154 -0.0018268912197291186
      vertex 0.045933136115146024 -0.012873027452018036 -0.0053321825594270355
      vertex 0.045933136115146024 -0.013665933051733395 -0.0027183230957722052
    endloop
  endfacet
  facet normal -0.96975359686085494 0.23357571130368321 0.070854417395198294
    outer loop
      vertex 0.047077693459355065 -0.009184402376762154 -0.0018268912197291186
      vertex 0.047077693459355065 -0.0086515178640833752 -0.0035835760344164439
      vertex 0.045933136115146024 -0.012873027452018036 -0.0053321825594270355
    endloop
  endfacet
  facet normal -0.96975359686085494 0.21526460840047254 0.11506133036613883
    outer loop
      vertex 0.047077693459355065 -0.0086515178640833752 -0.0035835760344164439
      vertex 0.045933136115146024 -0.011585418626598591 -0.0077411292376455155
      vertex 0.045933136115146024 -0.012873027452018036 -0.0053321825594270355
    endloop
  endfacet
  facet normal -0.96975359686085494 0.2152646084004726 0.11506133036613883
    outer loop
      vertex 0.047077693459355065 -0.0086515178640833752 -0.0035835760344164439
      vertex 0.047077693459355065 -0.0077861603717149881 -0.0052025460317937384
      vertex 0.045933136115146024 -0.011585418626598591 -0.0077411292376455155
    endloop
  endfacet
  facet normal -0.96975359686085494 0.18868100731821497 0.15484650093824612
    outer loop
      vertex 0.047077693459355065 -0.0077861603717149881 -0.0052025460317937384
      vertex 0.045933136115146024 -0.0098525886605365775 -0.009852588660536574
      vertex 0.045933136115146024 -0.011585418626598591 -0.0077411292376455155
    endloop
  endfacet
  facet normal -0.96975359686085483 0.18868100731821494 0.15484650093824609
    outer loop
      vertex 0.047077693459355065 -0.0077861603717149881 -0.0052025460317937384
      vertex 0.047077693459355065 -0.0066215851027906338 -0.0066215851027906312
      vertex 0.045933136115146024 -0.0098525886605365775 -0.009852588660536574
    endloop
  endfacet
  facet normal -0.96975359686085494 0.15484650093824626 0.18868100731821491
    outer loop
      vertex 0.047077693459355065 -0.0066215851027906338 -0.0066215851027906312
      vertex 0.045933136115146024 -0.007741129237645519 -0.011585418626598589
      vertex 0.045933136115146024 -0.0098525886605365775 -0.009852588660536574
    endloop
  endfacet
  facet normal -0.96975359686085483 0.15484650093824606 0.18868100731821491
    outer loop
      vertex 0.047077693459355065 -0.0066215851027906338 -0.0066215851027906312
      vertex 0.047077693459355065 -0.005202546031793741 -0.0077861603717149855
      vertex 0.045933136115146024 -0.007741129237645519 -0.011585418626598589
    endloop
  endfacet
  facet normal -0.96975359686085494 0.11506133036613898 0.21526460840047243
    outer loop
      vertex 0.047077693459355065 -0.005202546031793741 -0.0077861603717149855
      vertex 0.045933136115146024 -0.005332182559427045 -0.012873027452018033
      vertex 0.045933136115146024 -0.007741129237645519 -0.011585418626598589
    endloop
  endfacet
  facet normal -0.96975359686085494 0.11506133036613891 0.21526460840047246
    outer loop
      vertex 0.047077693459355065 -0.005202546031793741 -0.0077861603717149855
      vertex 0.047077693459355065 -0.0035835760344164504 -0.0086515178640833718
      vertex 0.045933136115146024 -0.005332182559427045 -0.012873027452018033
    endloop
  endfacet
  facet normal -0.96975359686085494 0.070854417395198294 0.23357571130368315
    outer loop
      vertex 0.047077693459355065 -0.0035835760344164504 -0.0086515178640833718
      vertex 0.045933136115146024 -0.0027183230957722095 -0.013665933051733394
      vertex 0.045933136115146024 -0.005332182559427045 -0.012873027452018033
    endloop
  endfacet
  facet normal -0.96975359686085505 0.070854417395198391 0.23357571130368324
    outer loop
      vertex 0.047077693459355065 -0.0035835760344164504 -0.0086515178640833718
      vertex 0.047077693459355065 -0.0018268912197291214 -0.0091844023767621522
      vertex 0.045933136115146024 -0.0027183230957722095 -0.013665933051733394
    endloop
  endfacet
  facet normal -0.96975359686085483 0.023924608899375505 0.24291063061226126
    outer loop
      vertex 0.047077693459355065 -0.0018268912197291214 -0.0091844023767621522
      vertex 0.045933136115146024 -2.559572646056638e-18 -0.013933664508214191
      vertex 0.045933136115146024 -0.0027183230957722095 -0.013665933051733394
    endloop
  endfacet
  facet normal -0.96975359686085483 0.023924608899375577 0.24291063061226134
    outer loop
      vertex 0.047077693459355065 -0.0018268912197291214 -0.0091844023767621522
      vertex 0.047077693459355065 -1.7202005164920806e-18 -0.0093643354567741564
      vertex 0.045933136115146024 -2.559572646056638e-18 -0.013933664508214191
    endloop
  endfacet
  facet normal -0.96975359686085483 -0.023924608899375373 0.24291063061226129
    outer loop
      vertex 0.047077693459355065 -1.7202005164920806e-18 -0.0093643354567741564
      vertex 0.045933136115146024 0.0027183230957722048 -0.013665933051733395
      vertex 0.045933136115146024 -2.559572646056638e-18 -0.013933664508214191
    endloop
  endfacet
  facet normal -0.96975359686085483 -0.023924608899375342 0.24291063061226129
    outer loop
      vertex 0.047077693459355065 -1.7202005164920806e-18 -0.0093643354567741564
      vertex 0.047077693459355065 0.0018268912197291181 -0.009184402376762154
      vertex 0.045933136115146024 0.0027183230957722048 -0.013665933051733395
    endloop
  endfacet
  facet normal -0.96975359686085483 -0.070854417395198488 0.23357571130368313
    outer loop
      vertex 0.047077693459355065 0.0018268912197291181 -0.009184402376762154
      vertex 0.045933136115146024 0.0053321825594270407 -0.012873027452018033
      vertex 0.045933136115146024 0.0027183230957722048 -0.013665933051733395
    endloop
  endfacet
  facet normal -0.96975359686085505 -0.070854417395198405 0.23357571130368324
    outer loop
      vertex 0.047077693459355065 0.0018268912197291181 -0.009184402376762154
      vertex 0.047077693459355065 0.0035835760344164469 -0.0086515178640833735
      vertex 0.045933136115146024 0.0053321825594270407 -0.012873027452018033
    endloop
  endfacet
  facet normal -0.96975359686085494 -0.11506133036613886 0.2152646084004726
    outer loop
      vertex 0.047077693459355065 0.0035835760344164469 -0.0086515178640833735
      vertex 0.045933136115146024 0.0077411292376455146 -0.011585418626598591
      vertex 0.045933136115146024 0.0053321825594270407 -0.012873027452018033
    endloop
  endfacet
  facet normal -0.96975359686085483 -0.11506133036613886 0.21526460840047254
    outer loop
      vertex 0.047077693459355065 0.0035835760344164469 -0.0086515178640833735
      vertex 0.047077693459355065 0.0052025460317937375 -0.0077861603717149881
      vertex 0.045933136115146024 0.0077411292376455146 -0.011585418626598591
    endloop
  endfacet
  facet normal -0.96975359686085494 -0.15484650093824615 0.18868100731821497
    outer loop
      vertex 0.047077693459355065 0.0052025460317937375 -0.0077861603717149881
      vertex 0.045933136115146024 0.0098525886605365723 -0.0098525886605365775
      vertex 0.045933136115146024 0.0077411292376455146 -0.011585418626598591
    endloop
  endfacet
  facet normal -0.96975359686085483 -0.15484650093824609 0.18868100731821494
    outer loop
      vertex 0.047077693459355065 0.0052025460317937375 -0.0077861603717149881
      vertex 0.047077693459355065 0.0066215851027906303 -0.0066215851027906338
      vertex 0.045933136115146024 0.0098525886605365723 -0.0098525886605365775
    endloop
  endfacet
  facet normal -0.96975359686085483 -0.18868100731821483 0.15484650093824631
    outer loop
      vertex 0.047077693459355065 0.0066215851027906303 -0.0066215851027906338
      vertex 0.045933136115146024 0.011585418626598589 -0.007741129237645519
      vertex 0.045933136115146024 0.0098525886605365723 -0.0098525886605365775
    endloop
  endfacet
  facet normal -0.96975359686085483 -0.18868100731821483 0.15484650093824615
    outer loop
      vertex 0.047077693459355065 0.0066215851027906303 -0.0066215851027906338
      vertex 0.047077693459355065 0.0077861603717149855 -0.005202546031793741
      vertex 0.045933136115146024 0.011585418626598589 -0.007741129237645519
    endloop
  endfacet
  facet normal -0.96975359686085494 -0.2152646084004724 0.11506133036613901
    outer loop
      vertex 0.047077693459355065 0.0077861603717149855 -0.005202546031793741
      vertex 0.045933136115146024 0.012873027452018033 -0.0053321825594270459
      vertex 0.045933136115146024 0.011585418626598589 -0.007741129237645519
    endloop
  endfacet
  facet normal -0.96975359686085483 -0.21526460840047246 0.11506133036613894
    outer loop
      vertex 0.047077693459355065 0.0077861603717149855 -0.005202546031793741
      vertex 0.047077693459355065 0.0086515178640833718 -0.0035835760344164508
      vertex 0.045933136115146024 0.012873027452018033 -0.0053321825594270459
    endloop
  endfacet
  facet normal -0.96975359686085494 -0.23357571130368315 0.070854417395198294
    outer loop
      vertex 0.047077693459355065 0.0086515178640833718 -0.0035835760344164508
      vertex 0.045933136115146024 0.013665933051733394 -0.0027183230957722104
      vertex 0.045933136115146024 0.012873027452018033 -0.0053321825594270459
    endloop
  endfacet
  facet normal -0.96975359686085505 -0.23357571130368318 0.070854417395198391
    outer loop
      vertex 0.047077693459355065 0.0086515178640833718 -0.0035835760344164508
      vertex 0.047077693459355065 0.0091844023767621522 -0.001826891219729122
      vertex 0.045933136115146024 0.013665933051733394 -0.0027183230957722104
    endloop
  endfacet
  facet normal -0.96975359686085483 -0.24291063061226131 0.023924608899375477
    outer loop
      vertex 0.047077693459355065 0.0091844023767621522 -0.001826891219729122
      vertex 0.045933136115146024 0.013933664508214191 0
      vertex 0.045933136115146024 0.013665933051733394 -0.0027183230957722104
    endloop
  endfacet
  facet normal -0.96975359686085483 -0.24291063061226129 0.023924608899375543
    outer loop
      vertex 0.047077693459355065 0.0091844023767621522 -0.001826891219729122
      vertex 0.047077693459355065 0.0093643354567741564 0
      vertex 0.045933136115146024 0.013933664508214191 0
    endloop
  endfacet
  facet normal -0.94102619042683966 -0.33670455484153305 -0.033162504123091963
    outer loop
      vertex 0.045933136115146024 0.013933664508214191 0
      vertex 0.044346217560541766 0.018015853320857533 0.0035835760344164452
      vertex 0.044346217560541766 0.018368804753524311 0
    endloop
  endfacet
  facet normal -0.94102619042683977 -0.33670455484153305 -0.033162504123091935
    outer loop
      vertex 0.045933136115146024 0.013933664508214191 0
      vertex 0.045933136115146024 0.013665933051733395 0.0027183230957722039
      vertex 0.044346217560541766 0.018015853320857533 0.0035835760344164452
    endloop
  endfacet
  facet normal -0.94102619042683966 -0.32376518762506279 -0.098213095933571651
    outer loop
      vertex 0.045933136115146024 0.013665933051733395 0.0027183230957722039
      vertex 0.044346217560541766 0.016970562748477143 0.0070294372515228602
      vertex 0.044346217560541766 0.018015853320857533 0.0035835760344164452
    endloop
  endfacet
  facet normal -0.94102619042683988 -0.32376518762506268 -0.098213095933571776
    outer loop
      vertex 0.045933136115146024 0.013665933051733395 0.0027183230957722039
      vertex 0.045933136115146024 0.012873027452018035 0.0053321825594270372
      vertex 0.044346217560541766 0.016970562748477143 0.0070294372515228602
    endloop
  endfacet
  facet normal -0.94102619042683966 -0.29838370581777018 -0.15948941354586316
    outer loop
      vertex 0.045933136115146024 0.012873027452018035 0.0053321825594270372
      vertex 0.044346217560541766 0.01527310296687401 0.010205161137207078
      vertex 0.044346217560541766 0.016970562748477143 0.0070294372515228602
    endloop
  endfacet
  facet normal -0.94102619042683988 -0.29838370581777035 -0.15948941354586313
    outer loop
      vertex 0.045933136115146024 0.012873027452018035 0.0053321825594270372
      vertex 0.045933136115146024 0.011585418626598589 0.007741129237645519
      vertex 0.044346217560541766 0.01527310296687401 0.010205161137207078
    endloop
  endfacet
  facet normal -0.94102619042683988 -0.26153550553141097 -0.21463664243828079
    outer loop
      vertex 0.045933136115146024 0.011585418626598589 0.007741129237645519
      vertex 0.044346217560541766 0.012988706403508731 0.012988706403508727
      vertex 0.044346217560541766 0.01527310296687401 0.010205161137207078
    endloop
  endfacet
  facet normal -0.94102619042683977 -0.26153550553141081 -0.21463664243828079
    outer loop
      vertex 0.045933136115146024 0.011585418626598589 0.007741129237645519
      vertex 0.045933136115146024 0.0098525886605365758 0.009852588660536574
      vertex 0.044346217560541766 0.012988706403508731 0.012988706403508727
    endloop
  endfacet
  facet normal -0.94102619042683988 -0.21463664243828082 -0.26153550553141081
    outer loop
      vertex 0.045933136115146024 0.0098525886605365758 0.009852588660536574
      vertex 0.044346217560541766 0.01020516113720708 0.01527310296687401
      vertex 0.044346217560541766 0.012988706403508731 0.012988706403508727
    endloop
  endfacet
  facet normal -0.94102619042683977 -0.21463664243828096 -0.26153550553141075
    outer loop
      vertex 0.045933136115146024 0.0098525886605365758 0.009852588660536574
      vertex 0.045933136115146024 0.0077411292376455207 0.011585418626598589
      vertex 0.044346217560541766 0.01020516113720708 0.01527310296687401
    endloop
  endfacet
  facet normal -0.94102619042683988 -0.15948941354586324 -0.29838370581777035
    outer loop
      vertex 0.045933136115146024 0.0077411292376455207 0.011585418626598589
      vertex 0.044346217560541766 0.0070294372515228619 0.016970562748477143
      vertex 0.044346217560541766 0.01020516113720708 0.01527310296687401
    endloop
  endfacet
  facet normal -0.94102619042683977 -0.15948941354586302 -0.29838370581777024
    outer loop
      vertex 0.045933136115146024 0.0077411292376455207 0.011585418626598589
      vertex 0.045933136115146024 0.0053321825594270381 0.012873027452018035
      vertex 0.044346217560541766 0.0070294372515228619 0.016970562748477143
    endloop
  endfacet
  facet normal -0.94102619042683988 -0.098213095933571651 -0.32376518762506273
    outer loop
      vertex 0.045933136115146024 0.0053321825594270381 0.012873027452018035
      vertex 0.044346217560541766 0.0035835760344164469 0.018015853320857533
      vertex 0.044346217560541766 0.0070294372515228619 0.016970562748477143
    endloop
  endfacet
  facet normal -0.94102619042683977 -0.098213095933571817 -0.32376518762506279
    outer loop
      vertex 0.045933136115146024 0.0053321825594270381 0.012873027452018035
      vertex 0.045933136115146024 0.0027183230957722052 0.013665933051733395
      vertex 0.044346217560541766 0.0035835760344164469 0.018015853320857533
    endloop
  endfacet
  facet normal -0.94102619042683966 -0.033162504123091914 -0.33670455484153305
    outer loop
      vertex 0.045933136115146024 0.0027183230957722052 0.013665933051733395
      vertex 0.044346217560541766 1.1247648972783117e-18 0.018368804753524311
      vertex 0.044346217560541766 0.0035835760344164469 0.018015853320857533
    endloop
  endfacet
  facet normal -0.94102619042683977 -0.033162504123091928 -0.33670455484153311
    outer loop
      vertex 0.045933136115146024 0.0027183230957722052 0.013665933051733395
      vertex 0.045933136115146024 8.5319088201887945e-19 0.013933664508214191
      vertex 0.044346217560541766 1.1247648972783117e-18 0.018368804753524311
    endloop
  endfacet
  facet normal -0.94102619042683966 0.033162504123091963 -0.33670455484153311
    outer loop
      vertex 0.045933136115146024 8.5319088201887945e-19 0.013933664508214191
      vertex 0.044346217560541766 -0.0035835760344164443 0.018015853320857533
      vertex 0.044346217560541766 1.1247648972783117e-18 0.018368804753524311
    endloop
  endfacet
  facet normal -0.94102619042683977 0.033162504123091935 -0.33670455484153305
    outer loop
      vertex 0.045933136115146024 8.5319088201887945e-19 0.013933664508214191
      vertex 0.045933136115146024 -0.002718323095772203 0.013665933051733395
      vertex 0.044346217560541766 -0.0035835760344164443 0.018015853320857533
    endloop
  endfacet
  facet normal -0.94102619042683966 0.098213095933571651 -0.32376518762506279
    outer loop
      vertex 0.045933136115146024 -0.002718323095772203 0.013665933051733395
      vertex 0.044346217560541766 -0.0070294372515228593 0.016970562748477143
      vertex 0.044346217560541766 -0.0035835760344164443 0.018015853320857533
    endloop
  endfacet
  facet normal -0.94102619042683988 0.098213095933571776 -0.32376518762506268
    outer loop
      vertex 0.045933136115146024 -0.002718323095772203 0.013665933051733395
      vertex 0.045933136115146024 -0.0053321825594270364 0.012873027452018035
      vertex 0.044346217560541766 -0.0070294372515228593 0.016970562748477143
    endloop
  endfacet
  facet normal -0.94102619042683999 0.1594894135458631 -0.29838370581777024
    outer loop
      vertex 0.045933136115146024 -0.0053321825594270364 0.012873027452018035
      vertex 0.044346217560541766 -0.010205161137207073 0.015273102966874013
      vertex 0.044346217560541766 -0.0070294372515228593 0.016970562748477143
    endloop
  endfacet
  facet normal -0.94102619042683988 0.15948941354586307 -0.29838370581777035
    outer loop
      vertex 0.045933136115146024 -0.0053321825594270364 0.012873027452018035
      vertex 0.045933136115146024 -0.0077411292376455155 0.011585418626598591
      vertex 0.044346217560541766 -0.010205161137207073 0.015273102966874013
    endloop
  endfacet
  facet normal -0.94102619042683999 0.21463664243828076 -0.26153550553141103
    outer loop
      vertex 0.045933136115146024 -0.0077411292376455155 0.011585418626598591
      vertex 0.044346217560541766 -0.012988706403508727 0.012988706403508731
      vertex 0.044346217560541766 -0.010205161137207073 0.015273102966874013
    endloop
  endfacet
  facet normal -0.94102619042683999 0.21463664243828073 -0.26153550553141092
    outer loop
      vertex 0.045933136115146024 -0.0077411292376455155 0.011585418626598591
      vertex 0.045933136115146024 -0.009852588660536574 0.0098525886605365758
      vertex 0.044346217560541766 -0.012988706403508727 0.012988706403508731
    endloop
  endfacet
  facet normal -0.94102619042683977 0.26153550553141075 -0.21463664243828084
    outer loop
      vertex 0.045933136115146024 -0.009852588660536574 0.0098525886605365758
      vertex 0.044346217560541766 -0.015273102966874012 0.010205161137207078
      vertex 0.044346217560541766 -0.012988706403508727 0.012988706403508731
    endloop
  endfacet
  facet normal -0.94102619042683988 0.26153550553141086 -0.21463664243828084
    outer loop
      vertex 0.045933136115146024 -0.009852588660536574 0.0098525886605365758
      vertex 0.045933136115146024 -0.011585418626598589 0.007741129237645519
      vertex 0.044346217560541766 -0.015273102966874012 0.010205161137207078
    endloop
  endfacet
  facet normal -0.94102619042683988 0.29838370581777018 -0.15948941354586316
    outer loop
      vertex 0.045933136115146024 -0.011585418626598589 0.007741129237645519
      vertex 0.044346217560541766 -0.016970562748477143 0.0070294372515228628
      vertex 0.044346217560541766 -0.015273102966874012 0.010205161137207078
    endloop
  endfacet
  facet normal -0.94102619042683988 0.29838370581777024 -0.15948941354586318
    outer loop
      vertex 0.045933136115146024 -0.011585418626598589 0.007741129237645519
      vertex 0.045933136115146024 -0.012873027452018035 0.005332182559427039
      vertex 0.044346217560541766 -0.016970562748477143 0.0070294372515228628
    endloop
  endfacet
  facet normal -0.94102619042683988 0.32376518762506268 -0.098213095933571748
    outer loop
      vertex 0.045933136115146024 -0.012873027452018035 0.005332182559427039
      vertex 0.044346217560541766 -0.018015853320857533 0.0035835760344164517
      vertex 0.044346217560541766 -0.016970562748477143 0.0070294372515228628
    endloop
  endfacet
  facet normal -0.94102619042683977 0.32376518762506273 -0.098213095933571887
    outer loop
      vertex 0.045933136115146024 -0.012873027452018035 0.005332182559427039
      vertex 0.045933136115146024 -0.013665933051733395 0.0027183230957722087
      vertex 0.044346217560541766 -0.018015853320857533 0.0035835760344164517
    endloop
  endfacet
  facet normal -0.94102619042683999 0.33670455484153317 -0.033162504123091879
    outer loop
      vertex 0.045933136115146024 -0.013665933051733395 0.0027183230957722087
      vertex 0.044346217560541766 -0.018368804753524311 2.2495297945566234e-18
      vertex 0.044346217560541766 -0.018015853320857533 0.0035835760344164517
    endloop
  endfacet
  facet normal -0.94102619042683966 0.33670455484153305 -0.033162504123091893
    outer loop
      vertex 0.045933136115146024 -0.013665933051733395 0.0027183230957722087
      vertex 0.045933136115146024 -0.013933664508214191 1.7063817640377589e-18
      vertex 0.044346217560541766 -0.018368804753524311 2.2495297945566234e-18
    endloop
  endfacet
  facet normal -0.94102619042683977 0.33670455484153305 0.033162504123091921
    outer loop
      vertex 0.045933136115146024 -0.013933664508214191 1.7063817640377589e-18
      vertex 0.044346217560541766 -0.018015853320857533 -0.0035835760344164473
      vertex 0.044346217560541766 -0.018368804753524311 2.2495297945566234e-18
    endloop
  endfacet
  facet normal -0.94102619042683966 0.33670455484153305 0.033162504123091893
    outer loop
      vertex 0.045933136115146024 -0.013933664508214191 1.7063817640377589e-18
      vertex 0.045933136115146024 -0.013665933051733395 -0.0027183230957722052
      vertex 0.044346217560541766 -0.018015853320857533 -0.0035835760344164473
    endloop
  endfacet
  facet normal -0.94102619042683977 0.32376518762506279 0.09821309593357179
    outer loop
      vertex 0.045933136115146024 -0.013665933051733395 -0.0027183230957722052
      vertex 0.044346217560541766 -0.016970562748477143 -0.0070294372515228585
      vertex 0.044346217560541766 -0.018015853320857533 -0.0035835760344164473
    endloop
  endfacet
  facet normal -0.94102619042683977 0.32376518762506284 0.09821309593357172
    outer loop
      vertex 0.045933136115146024 -0.013665933051733395 -0.0027183230957722052
      vertex 0.045933136115146024 -0.012873027452018036 -0.0053321825594270355
      vertex 0.044346217560541766 -0.016970562748477143 -0.0070294372515228585
    endloop
  endfacet
  facet normal -0.94102619042683977 0.29838370581777035 0.15948941354586313
    outer loop
      vertex 0.045933136115146024 -0.012873027452018036 -0.0053321825594270355
      vertex 0.044346217560541766 -0.015273102966874013 -0.010205161137207073
      vertex 0.044346217560541766 -0.016970562748477143 -0.0070294372515228585
    endloop
  endfacet
  facet normal -0.94102619042683988 0.29838370581777024 0.15948941354586318
    outer loop
      vertex 0.045933136115146024 -0.012873027452018036 -0.0053321825594270355
      vertex 0.045933136115146024 -0.011585418626598591 -0.0077411292376455155
      vertex 0.044346217560541766 -0.015273102966874013 -0.010205161137207073
    endloop
  endfacet
  facet normal -0.94102619042683977 0.26153550553141103 0.21463664243828059
    outer loop
      vertex 0.045933136115146024 -0.011585418626598591 -0.0077411292376455155
      vertex 0.044346217560541766 -0.012988706403508733 -0.012988706403508727
      vertex 0.044346217560541766 -0.015273102966874013 -0.010205161137207073
    endloop
  endfacet
  facet normal -0.94102619042683977 0.26153550553141097 0.21463664243828059
    outer loop
      vertex 0.045933136115146024 -0.011585418626598591 -0.0077411292376455155
      vertex 0.045933136115146024 -0.0098525886605365775 -0.009852588660536574
      vertex 0.044346217560541766 -0.012988706403508733 -0.012988706403508727
    endloop
  endfacet
  facet normal -0.94102619042683999 0.21463664243828068 0.26153550553141097
    outer loop
      vertex 0.045933136115146024 -0.0098525886605365775 -0.009852588660536574
      vertex 0.044346217560541766 -0.010205161137207078 -0.01527310296687401
      vertex 0.044346217560541766 -0.012988706403508733 -0.012988706403508727
    endloop
  endfacet
  facet normal -0.94102619042683977 0.21463664243828076 0.26153550553141092
    outer loop
      vertex 0.045933136115146024 -0.0098525886605365775 -0.009852588660536574
      vertex 0.045933136115146024 -0.007741129237645519 -0.011585418626598589
      vertex 0.044346217560541766 -0.010205161137207078 -0.01527310296687401
    endloop
  endfacet
  facet normal -0.94102619042683988 0.15948941354586338 0.29838370581777018
    outer loop
      vertex 0.045933136115146024 -0.007741129237645519 -0.011585418626598589
      vertex 0.044346217560541766 -0.0070294372515228706 -0.016970562748477139
      vertex 0.044346217560541766 -0.010205161137207078 -0.01527310296687401
    endloop
  endfacet
  facet normal -0.94102619042683977 0.15948941354586332 0.29838370581777024
    outer loop
      vertex 0.045933136115146024 -0.007741129237645519 -0.011585418626598589
      vertex 0.045933136115146024 -0.005332182559427045 -0.012873027452018033
      vertex 0.044346217560541766 -0.0070294372515228706 -0.016970562748477139
    endloop
  endfacet
  facet normal -0.94102619042683977 0.098213095933571928 0.32376518762506273
    outer loop
      vertex 0.045933136115146024 -0.005332182559427045 -0.012873027452018033
      vertex 0.044346217560541766 -0.003583576034416453 -0.018015853320857533
      vertex 0.044346217560541766 -0.0070294372515228706 -0.016970562748477139
    endloop
  endfacet
  facet normal -0.94102619042683977 0.098213095933571679 0.32376518762506257
    outer loop
      vertex 0.045933136115146024 -0.005332182559427045 -0.012873027452018033
      vertex 0.045933136115146024 -0.0027183230957722095 -0.013665933051733394
      vertex 0.044346217560541766 -0.003583576034416453 -0.018015853320857533
    endloop
  endfacet
  facet normal -0.94102619042683999 0.033162504123091865 0.336704554841533
    outer loop
      vertex 0.045933136115146024 -0.0027183230957722095 -0.013665933051733394
      vertex 0.044346217560541766 -3.3742946918349348e-18 -0.018368804753524311
      vertex 0.044346217560541766 -0.003583576034416453 -0.018015853320857533
    endloop
  endfacet
  facet normal -0.94102619042683966 0.033162504123092108 0.33670455484153305
    outer loop
      vertex 0.045933136115146024 -0.0027183230957722095 -0.013665933051733394
      vertex 0.045933136115146024 -2.559572646056638e-18 -0.013933664508214191
      vertex 0.044346217560541766 -3.3742946918349348e-18 -0.018368804753524311
    endloop
  endfacet
  facet normal -0.94102619042683977 -0.033162504123091921 0.33670455484153305
    outer loop
      vertex 0.045933136115146024 -2.559572646056638e-18 -0.013933664508214191
      vertex 0.044346217560541766 0.003583576034416446 -0.018015853320857533
      vertex 0.044346217560541766 -3.3742946918349348e-18 -0.018368804753524311
    endloop
  endfacet
  facet normal -0.94102619042683977 -0.033162504123091893 0.33670455484153317
    outer loop
      vertex 0.045933136115146024 -2.559572646056638e-18 -0.013933664508214191
      vertex 0.045933136115146024 0.0027183230957722048 -0.013665933051733395
      vertex 0.044346217560541766 0.003583576034416446 -0.018015853320857533
    endloop
  endfacet
  facet normal -0.94102619042683999 -0.098213095933571928 0.32376518762506279
    outer loop
      vertex 0.045933136115146024 0.0027183230957722048 -0.013665933051733395
      vertex 0.044346217560541766 0.0070294372515228645 -0.016970562748477139
      vertex 0.044346217560541766 0.003583576034416446 -0.018015853320857533
    endloop
  endfacet
  facet normal -0.94102619042683977 -0.098213095933571901 0.32376518762506268
    outer loop
      vertex 0.045933136115146024 0.0027183230957722048 -0.013665933051733395
      vertex 0.045933136115146024 0.0053321825594270407 -0.012873027452018033
      vertex 0.044346217560541766 0.0070294372515228645 -0.016970562748477139
    endloop
  endfacet
  facet normal -0.94102619042683966 -0.15948941354586316 0.29838370581777035
    outer loop
      vertex 0.045933136115146024 0.0053321825594270407 -0.012873027452018033
      vertex 0.044346217560541766 0.010205161137207071 -0.015273102966874013
      vertex 0.044346217560541766 0.0070294372515228645 -0.016970562748477139
    endloop
  endfacet
  facet normal -0.94102619042683966 -0.15948941354586316 0.29838370581777029
    outer loop
      vertex 0.045933136115146024 0.0053321825594270407 -0.012873027452018033
      vertex 0.045933136115146024 0.0077411292376455146 -0.011585418626598591
      vertex 0.044346217560541766 0.010205161137207071 -0.015273102966874013
    endloop
  endfacet
  facet normal -0.94102619042683977 -0.21463664243828059 0.26153550553141097
    outer loop
      vertex 0.045933136115146024 0.0077411292376455146 -0.011585418626598591
      vertex 0.044346217560541766 0.012988706403508726 -0.012988706403508733
      vertex 0.044346217560541766 0.010205161137207071 -0.015273102966874013
    endloop
  endfacet
  facet normal -0.94102619042683977 -0.21463664243828065 0.26153550553141092
    outer loop
      vertex 0.045933136115146024 0.0077411292376455146 -0.011585418626598591
      vertex 0.045933136115146024 0.0098525886605365723 -0.0098525886605365775
      vertex 0.044346217560541766 0.012988706403508726 -0.012988706403508733
    endloop
  endfacet
  facet normal -0.94102619042683977 -0.26153550553141086 0.21463664243828082
    outer loop
      vertex 0.045933136115146024 0.0098525886605365723 -0.0098525886605365775
      vertex 0.044346217560541766 0.01527310296687401 -0.010205161137207078
      vertex 0.044346217560541766 0.012988706403508726 -0.012988706403508733
    endloop
  endfacet
  facet normal -0.94102619042683988 -0.26153550553141086 0.2146366424382809
    outer loop
      vertex 0.045933136115146024 0.0098525886605365723 -0.0098525886605365775
      vertex 0.045933136115146024 0.011585418626598589 -0.007741129237645519
      vertex 0.044346217560541766 0.01527310296687401 -0.010205161137207078
    endloop
  endfacet
  facet normal -0.94102619042683988 -0.29838370581777013 0.15948941354586341
    outer loop
      vertex 0.045933136115146024 0.011585418626598589 -0.007741129237645519
      vertex 0.044346217560541766 0.016970562748477139 -0.0070294372515228715
      vertex 0.044346217560541766 0.01527310296687401 -0.010205161137207078
    endloop
  endfacet
  facet normal -0.94102619042683977 -0.29838370581777018 0.15948941354586335
    outer loop
      vertex 0.045933136115146024 0.011585418626598589 -0.007741129237645519
      vertex 0.045933136115146024 0.012873027452018033 -0.0053321825594270459
      vertex 0.044346217560541766 0.016970562748477139 -0.0070294372515228715
    endloop
  endfacet
  facet normal -0.94102619042683977 -0.32376518762506273 0.098213095933571928
    outer loop
      vertex 0.045933136115146024 0.012873027452018033 -0.0053321825594270459
      vertex 0.044346217560541766 0.018015853320857533 -0.0035835760344164538
      vertex 0.044346217560541766 0.016970562748477139 -0.0070294372515228715
    endloop
  endfacet
  facet normal -0.94102619042683977 -0.32376518762506257 0.098213095933571679
    outer loop
      vertex 0.045933136115146024 0.012873027452018033 -0.0053321825594270459
      vertex 0.045933136115146024 0.013665933051733394 -0.0027183230957722104
      vertex 0.044346217560541766 0.018015853320857533 -0.0035835760344164538
    endloop
  endfacet
  facet normal -0.94102619042683988 -0.336704554841533 0.033162504123091824
    outer loop
      vertex 0.045933136115146024 0.013665933051733394 -0.0027183230957722104
      vertex 0.044346217560541766 0.018368804753524311 0
      vertex 0.044346217560541766 0.018015853320857533 -0.0035835760344164538
    endloop
  endfacet
  facet normal -0.94102619042683977 -0.336704554841533 0.033162504123092067
    outer loop
      vertex 0.045933136115146024 0.013665933051733394 -0.0027183230957722104
      vertex 0.045933136115146024 0.013933664508214191 0
      vertex 0.044346217560541766 0.018368804753524311 0
    endloop
  endfacet
  facet normal -0.90318883801399197 -0.42717650635882976 -0.042073213592491936
    outer loop
      vertex 0.044346217560541766 0.018368804753524311 0
      vertex 0.042332220688721042 0.022192271074034587 0.0044143171768673255
      vertex 0.042332220688721042 0.022627043367647887 0
    endloop
  endfacet
  facet normal -0.90318883801399197 -0.42717650635882992 -0.042073213592491859
    outer loop
      vertex 0.044346217560541766 0.018368804753524311 0
      vertex 0.044346217560541766 0.018015853320857533 0.0035835760344164452
      vertex 0.042332220688721042 0.022192271074034587 0.0044143171768673255
    endloop
  endfacet
  facet normal -0.90318883801399197 -0.41076035278280482 -0.12460279077404579
    outer loop
      vertex 0.044346217560541766 0.018015853320857533 0.0035835760344164452
      vertex 0.042332220688721042 0.02090466224861514 0.0086589946202052341
      vertex 0.042332220688721042 0.022192271074034587 0.0044143171768673255
    endloop
  endfacet
  facet normal -0.90318883801399197 -0.41076035278280487 -0.12460279077404572
    outer loop
      vertex 0.044346217560541766 0.018015853320857533 0.0035835760344164452
      vertex 0.044346217560541766 0.016970562748477143 0.0070294372515228602
      vertex 0.042332220688721042 0.02090466224861514 0.0086589946202052341
    endloop
  endfacet
  facet normal -0.90318883801399208 -0.37855890920639623 -0.20234395258420337
    outer loop
      vertex 0.044346217560541766 0.016970562748477143 0.0070294372515228602
      vertex 0.042332220688721042 0.018813698976451066 0.01257091175630878
      vertex 0.042332220688721042 0.02090466224861514 0.0086589946202052341
    endloop
  endfacet
  facet normal -0.90318883801399197 -0.37855890920639618 -0.2023439525842034
    outer loop
      vertex 0.044346217560541766 0.016970562748477143 0.0070294372515228602
      vertex 0.044346217560541766 0.01527310296687401 0.010205161137207078
      vertex 0.042332220688721042 0.018813698976451066 0.01257091175630878
    endloop
  endfacet
  facet normal -0.90318883801399197 -0.33180965904746784 -0.27230914977234605
    outer loop
      vertex 0.044346217560541766 0.01527310296687401 0.010205161137207078
      vertex 0.042332220688721042 0.015999735803465916 0.015999735803465913
      vertex 0.042332220688721042 0.018813698976451066 0.01257091175630878
    endloop
  endfacet
  facet normal -0.90318883801399197 -0.3318096590474679 -0.27230914977234605
    outer loop
      vertex 0.044346217560541766 0.01527310296687401 0.010205161137207078
      vertex 0.044346217560541766 0.012988706403508731 0.012988706403508727
      vertex 0.042332220688721042 0.015999735803465916 0.015999735803465913
    endloop
  endfacet
  facet normal -0.90318883801399197 -0.27230914977234627 -0.33180965904746773
    outer loop
      vertex 0.044346217560541766 0.012988706403508731 0.012988706403508727
      vertex 0.042332220688721042 0.012570911756308784 0.018813698976451066
      vertex 0.042332220688721042 0.015999735803465916 0.015999735803465913
    endloop
  endfacet
  facet normal -0.90318883801399197 -0.27230914977234622 -0.33180965904746779
    outer loop
      vertex 0.044346217560541766 0.012988706403508731 0.012988706403508727
      vertex 0.044346217560541766 0.01020516113720708 0.01527310296687401
      vertex 0.042332220688721042 0.012570911756308784 0.018813698976451066
    endloop
  endfacet
  facet normal -0.90318883801399208 -0.20234395258420326 -0.37855890920639629
    outer loop
      vertex 0.044346217560541766 0.01020516113720708 0.01527310296687401
      vertex 0.042332220688721042 0.0086589946202052341 0.02090466224861514
      vertex 0.042332220688721042 0.012570911756308784 0.018813698976451066
    endloop
  endfacet
  facet normal -0.90318883801399197 -0.20234395258420343 -0.37855890920639629
    outer loop
      vertex 0.044346217560541766 0.01020516113720708 0.01527310296687401
      vertex 0.044346217560541766 0.0070294372515228619 0.016970562748477143
      vertex 0.042332220688721042 0.0086589946202052341 0.02090466224861514
    endloop
  endfacet
  facet normal -0.90318883801399197 -0.12460279077404587 -0.41076035278280487
    outer loop
      vertex 0.044346217560541766 0.0070294372515228619 0.016970562748477143
      vertex 0.042332220688721042 0.0044143171768673273 0.022192271074034587
      vertex 0.042332220688721042 0.0086589946202052341 0.02090466224861514
    endloop
  endfacet
  facet normal -0.90318883801399197 -0.12460279077404572 -0.41076035278280487
    outer loop
      vertex 0.044346217560541766 0.0070294372515228619 0.016970562748477143
      vertex 0.044346217560541766 0.0035835760344164469 0.018015853320857533
      vertex 0.042332220688721042 0.0044143171768673273 0.022192271074034587
    endloop
  endfacet
  facet normal -0.90318883801399197 -0.042073213592491936 -0.42717650635882981
    outer loop
      vertex 0.044346217560541766 0.0035835760344164469 0.018015853320857533
      vertex 0.042332220688721042 1.3855068117179165e-18 0.022627043367647887
      vertex 0.042332220688721042 0.0044143171768673273 0.022192271074034587
    endloop
  endfacet
  facet normal -0.90318883801399197 -0.042073213592491839 -0.42717650635882981
    outer loop
      vertex 0.044346217560541766 0.0035835760344164469 0.018015853320857533
      vertex 0.044346217560541766 1.1247648972783117e-18 0.018368804753524311
      vertex 0.042332220688721042 1.3855068117179165e-18 0.022627043367647887
    endloop
  endfacet
  facet normal -0.90318883801399208 0.04207321359249195 -0.42717650635882981
    outer loop
      vertex 0.044346217560541766 1.1247648972783117e-18 0.018368804753524311
      vertex 0.042332220688721042 -0.0044143171768673238 0.022192271074034587
      vertex 0.042332220688721042 1.3855068117179165e-18 0.022627043367647887
    endloop
  endfacet
  facet normal -0.90318883801399197 0.042073213592491845 -0.42717650635882987
    outer loop
      vertex 0.044346217560541766 1.1247648972783117e-18 0.018368804753524311
      vertex 0.044346217560541766 -0.0035835760344164443 0.018015853320857533
      vertex 0.042332220688721042 -0.0044143171768673238 0.022192271074034587
    endloop
  endfacet
  facet normal -0.90318883801399197 0.12460279077404579 -0.41076035278280482
    outer loop
      vertex 0.044346217560541766 -0.0035835760344164443 0.018015853320857533
      vertex 0.042332220688721042 -0.0086589946202052324 0.02090466224861514
      vertex 0.042332220688721042 -0.0044143171768673238 0.022192271074034587
    endloop
  endfacet
  facet normal -0.90318883801399197 0.12460279077404572 -0.41076035278280487
    outer loop
      vertex 0.044346217560541766 -0.0035835760344164443 0.018015853320857533
      vertex 0.044346217560541766 -0.0070294372515228593 0.016970562748477143
      vertex 0.042332220688721042 -0.0086589946202052324 0.02090466224861514
    endloop
  endfacet
  facet normal -0.90318883801399197 0.20234395258420296 -0.3785589092063964
    outer loop
      vertex 0.044346217560541766 -0.0070294372515228593 0.016970562748477143
      vertex 0.042332220688721042 -0.012570911756308775 0.018813698976451073
      vertex 0.042332220688721042 -0.0086589946202052324 0.02090466224861514
    endloop
  endfacet
  facet normal -0.90318883801399208 0.20234395258420318 -0.37855890920639601
    outer loop
      vertex 0.044346217560541766 -0.0070294372515228593 0.016970562748477143
      vertex 0.044346217560541766 -0.010205161137207073 0.015273102966874013
      vertex 0.042332220688721042 -0.012570911756308775 0.018813698976451073
    endloop
  endfacet
  facet normal -0.90318883801399219 0.2723091497723461 -0.33180965904746762
    outer loop
      vertex 0.044346217560541766 -0.010205161137207073 0.015273102966874013
      vertex 0.042332220688721042 -0.015999735803465913 0.015999735803465916
      vertex 0.042332220688721042 -0.012570911756308775 0.018813698976451073
    endloop
  endfacet
  facet normal -0.90318883801399208 0.27230914977234605 -0.33180965904746801
    outer loop
      vertex 0.044346217560541766 -0.010205161137207073 0.015273102966874013
      vertex 0.044346217560541766 -0.012988706403508727 0.012988706403508731
      vertex 0.042332220688721042 -0.015999735803465913 0.015999735803465916
    endloop
  endfacet
  facet normal -0.90318883801399197 0.33180965904746773 -0.27230914977234627
    outer loop
      vertex 0.044346217560541766 -0.012988706403508727 0.012988706403508731
      vertex 0.042332220688721042 -0.01881369897645107 0.01257091175630878
      vertex 0.042332220688721042 -0.015999735803465913 0.015999735803465916
    endloop
  endfacet
  facet normal -0.90318883801399208 0.33180965904746773 -0.27230914977234616
    outer loop
      vertex 0.044346217560541766 -0.012988706403508727 0.012988706403508731
      vertex 0.044346217560541766 -0.015273102966874012 0.010205161137207078
      vertex 0.042332220688721042 -0.01881369897645107 0.01257091175630878
    endloop
  endfacet
  facet normal -0.90318883801399219 0.37855890920639623 -0.20234395258420315
    outer loop
      vertex 0.044346217560541766 -0.015273102966874012 0.010205161137207078
      vertex 0.042332220688721042 -0.02090466224861514 0.0086589946202052358
      vertex 0.042332220688721042 -0.01881369897645107 0.01257091175630878
    endloop
  endfacet
  facet normal -0.90318883801399208 0.37855890920639629 -0.20234395258420337
    outer loop
      vertex 0.044346217560541766 -0.015273102966874012 0.010205161137207078
      vertex 0.044346217560541766 -0.016970562748477143 0.0070294372515228628
      vertex 0.042332220688721042 -0.02090466224861514 0.0086589946202052358
    endloop
  endfacet
  facet normal -0.90318883801399197 0.41076035278280482 -0.12460279077404601
    outer loop
      vertex 0.044346217560541766 -0.016970562748477143 0.0070294372515228628
      vertex 0.042332220688721042 -0.022192271074034587 0.0044143171768673333
      vertex 0.042332220688721042 -0.02090466224861514 0.0086589946202052358
    endloop
  endfacet
  facet normal -0.90318883801399208 0.41076035278280482 -0.12460279077404585
    outer loop
      vertex 0.044346217560541766 -0.016970562748477143 0.0070294372515228628
      vertex 0.044346217560541766 -0.018015853320857533 0.0035835760344164517
      vertex 0.042332220688721042 -0.022192271074034587 0.0044143171768673333
    endloop
  endfacet
  facet normal -0.90318883801399197 0.42717650635882992 -0.042073213592491894
    outer loop
      vertex 0.044346217560541766 -0.018015853320857533 0.0035835760344164517
      vertex 0.042332220688721042 -0.022627043367647887 2.7710136234358331e-18
      vertex 0.042332220688721042 -0.022192271074034587 0.0044143171768673333
    endloop
  endfacet
  facet normal -0.90318883801399208 0.42717650635882981 -0.042073213592491797
    outer loop
      vertex 0.044346217560541766 -0.018015853320857533 0.0035835760344164517
      vertex 0.044346217560541766 -0.018368804753524311 2.2495297945566234e-18
      vertex 0.042332220688721042 -0.022627043367647887 2.7710136234358331e-18
    endloop
  endfacet
  facet normal -0.90318883801399197 0.42717650635882987 0.04207321359249188
    outer loop
      vertex 0.044346217560541766 -0.018368804753524311 2.2495297945566234e-18
      vertex 0.042332220688721042 -0.022192271074034587 -0.0044143171768673281
      vertex 0.042332220688721042 -0.022627043367647887 2.7710136234358331e-18
    endloop
  endfacet
  facet normal -0.90318883801399208 0.42717650635882992 0.042073213592491804
    outer loop
      vertex 0.044346217560541766 -0.018368804753524311 2.2495297945566234e-18
      vertex 0.044346217560541766 -0.018015853320857533 -0.0035835760344164473
      vertex 0.042332220688721042 -0.022192271074034587 -0.0044143171768673281
    endloop
  endfacet
  facet normal -0.90318883801399197 0.41076035278280476 0.12460279077404564
    outer loop
      vertex 0.044346217560541766 -0.018015853320857533 -0.0035835760344164473
      vertex 0.042332220688721042 -0.020904662248615143 -0.0086589946202052306
      vertex 0.042332220688721042 -0.022192271074034587 -0.0044143171768673281
    endloop
  endfacet
  facet normal -0.90318883801399208 0.41076035278280459 0.12460279077404578
    outer loop
      vertex 0.044346217560541766 -0.018015853320857533 -0.0035835760344164473
      vertex 0.044346217560541766 -0.016970562748477143 -0.0070294372515228585
      vertex 0.042332220688721042 -0.020904662248615143 -0.0086589946202052306
    endloop
  endfacet
  facet normal -0.90318883801399208 0.37855890920639612 0.20234395258420312
    outer loop
      vertex 0.044346217560541766 -0.016970562748477143 -0.0070294372515228585
      vertex 0.042332220688721042 -0.018813698976451073 -0.012570911756308775
      vertex 0.042332220688721042 -0.020904662248615143 -0.0086589946202052306
    endloop
  endfacet
  facet normal -0.9031888380139923 0.37855890920639612 0.20234395258420318
    outer loop
      vertex 0.044346217560541766 -0.016970562748477143 -0.0070294372515228585
      vertex 0.044346217560541766 -0.015273102966874013 -0.010205161137207073
      vertex 0.042332220688721042 -0.018813698976451073 -0.012570911756308775
    endloop
  endfacet
  facet normal -0.90318883801399208 0.33180965904746773 0.27230914977234588
    outer loop
      vertex 0.044346217560541766 -0.015273102966874013 -0.010205161137207073
      vertex 0.042332220688721042 -0.01599973580346592 -0.015999735803465913
      vertex 0.042332220688721042 -0.018813698976451073 -0.012570911756308775
    endloop
  endfacet
  facet normal -0.90318883801399208 0.33180965904746801 0.27230914977234583
    outer loop
      vertex 0.044346217560541766 -0.015273102966874013 -0.010205161137207073
      vertex 0.044346217560541766 -0.012988706403508733 -0.012988706403508727
      vertex 0.042332220688721042 -0.01599973580346592 -0.015999735803465913
    endloop
  endfacet
  facet normal -0.90318883801399197 0.27230914977234583 0.33180965904746795
    outer loop
      vertex 0.044346217560541766 -0.012988706403508733 -0.012988706403508727
      vertex 0.042332220688721042 -0.01257091175630878 -0.018813698976451066
      vertex 0.042332220688721042 -0.01599973580346592 -0.015999735803465913
    endloop
  endfacet
  facet normal -0.90318883801399208 0.27230914977234605 0.33180965904746801
    outer loop
      vertex 0.044346217560541766 -0.012988706403508733 -0.012988706403508727
      vertex 0.044346217560541766 -0.010205161137207078 -0.01527310296687401
      vertex 0.042332220688721042 -0.01257091175630878 -0.018813698976451066
    endloop
  endfacet
  facet normal -0.90318883801399197 0.2023439525842036 0.37855890920639607
    outer loop
      vertex 0.044346217560541766 -0.010205161137207078 -0.01527310296687401
      vertex 0.042332220688721042 -0.0086589946202052463 -0.020904662248615136
      vertex 0.042332220688721042 -0.01257091175630878 -0.018813698976451066
    endloop
  endfacet
  facet normal -0.90318883801399208 0.20234395258420362 0.37855890920639618
    outer loop
      vertex 0.044346217560541766 -0.010205161137207078 -0.01527310296687401
      vertex 0.044346217560541766 -0.0070294372515228706 -0.016970562748477139
      vertex 0.042332220688721042 -0.0086589946202052463 -0.020904662248615136
    endloop
  endfacet
  facet normal -0.90318883801399208 0.12460279077404604 0.41076035278280465
    outer loop
      vertex 0.044346217560541766 -0.0070294372515228706 -0.016970562748477139
      vertex 0.042332220688721042 -0.0044143171768673351 -0.022192271074034587
      vertex 0.042332220688721042 -0.0086589946202052463 -0.020904662248615136
    endloop
  endfacet
  facet normal -0.90318883801399208 0.124602790774046 0.41076035278280465
    outer loop
      vertex 0.044346217560541766 -0.0070294372515228706 -0.016970562748477139
      vertex 0.044346217560541766 -0.003583576034416453 -0.018015853320857533
      vertex 0.042332220688721042 -0.0044143171768673351 -0.022192271074034587
    endloop
  endfacet
  facet normal -0.90318883801399197 0.042073213592491894 0.42717650635882992
    outer loop
      vertex 0.044346217560541766 -0.003583576034416453 -0.018015853320857533
      vertex 0.042332220688721042 -4.1565204351537495e-18 -0.022627043367647887
      vertex 0.042332220688721042 -0.0044143171768673351 -0.022192271074034587
    endloop
  endfacet
  facet normal -0.90318883801399208 0.042073213592491797 0.42717650635882981
    outer loop
      vertex 0.044346217560541766 -0.003583576034416453 -0.018015853320857533
      vertex 0.044346217560541766 -3.3742946918349348e-18 -0.018368804753524311
      vertex 0.042332220688721042 -4.1565204351537495e-18 -0.022627043367647887
    endloop
  endfacet
  facet normal -0.90318883801399208 -0.042073213592491894 0.42717650635882992
    outer loop
      vertex 0.044346217560541766 -3.3742946918349348e-18 -0.018368804753524311
      vertex 0.042332220688721042 0.0044143171768673264 -0.022192271074034587
      vertex 0.042332220688721042 -4.1565204351537495e-18 -0.022627043367647887
    endloop
  endfacet
  facet normal -0.90318883801399208 -0.042073213592491804 0.42717650635882992
    outer loop
      vertex 0.044346217560541766 -3.3742946918349348e-18 -0.018368804753524311
      vertex 0.044346217560541766 0.003583576034416446 -0.018015853320857533
      vertex 0.042332220688721042 0.0044143171768673264 -0.022192271074034587
    endloop
  endfacet
  facet normal -0.90318883801399197 -0.12460279077404565 0.41076035278280482
    outer loop
      vertex 0.044346217560541766 0.003583576034416446 -0.018015853320857533
      vertex 0.042332220688721042 0.0086589946202052393 -0.02090466224861514
      vertex 0.042332220688721042 0.0044143171768673264 -0.022192271074034587
    endloop
  endfacet
  facet normal -0.90318883801399219 -0.12460279077404593 0.41076035278280454
    outer loop
      vertex 0.044346217560541766 0.003583576034416446 -0.018015853320857533
      vertex 0.044346217560541766 0.0070294372515228645 -0.016970562748477139
      vertex 0.042332220688721042 0.0086589946202052393 -0.02090466224861514
    endloop
  endfacet
  facet normal -0.90318883801399219 -0.20234395258420326 0.37855890920639601
    outer loop
      vertex 0.044346217560541766 0.0070294372515228645 -0.016970562748477139
      vertex 0.042332220688721042 0.012570911756308773 -0.018813698976451073
      vertex 0.042332220688721042 0.0086589946202052393 -0.02090466224861514
    endloop
  endfacet
  facet normal -0.90318883801399208 -0.20234395258420321 0.37855890920639607
    outer loop
      vertex 0.044346217560541766 0.0070294372515228645 -0.016970562748477139
      vertex 0.044346217560541766 0.010205161137207071 -0.015273102966874013
      vertex 0.042332220688721042 0.012570911756308773 -0.018813698976451073
    endloop
  endfacet
  facet normal -0.90318883801399219 -0.27230914977234583 0.33180965904746779
    outer loop
      vertex 0.044346217560541766 0.010205161137207071 -0.015273102966874013
      vertex 0.042332220688721042 0.015999735803465913 -0.01599973580346592
      vertex 0.042332220688721042 0.012570911756308773 -0.018813698976451073
    endloop
  endfacet
  facet normal -0.90318883801399208 -0.27230914977234577 0.33180965904746795
    outer loop
      vertex 0.044346217560541766 0.010205161137207071 -0.015273102966874013
      vertex 0.044346217560541766 0.012988706403508726 -0.012988706403508733
      vertex 0.042332220688721042 0.015999735803465913 -0.01599973580346592
    endloop
  endfacet
  facet normal -0.90318883801399208 -0.3318096590474679 0.27230914977234583
    outer loop
      vertex 0.044346217560541766 0.012988706403508726 -0.012988706403508733
      vertex 0.042332220688721042 0.018813698976451066 -0.01257091175630878
      vertex 0.042332220688721042 0.015999735803465913 -0.01599973580346592
    endloop
  endfacet
  facet normal -0.90318883801399208 -0.33180965904746784 0.2723091497723461
    outer loop
      vertex 0.044346217560541766 0.012988706403508726 -0.012988706403508733
      vertex 0.044346217560541766 0.01527310296687401 -0.010205161137207078
      vertex 0.042332220688721042 0.018813698976451066 -0.01257091175630878
    endloop
  endfacet
  facet normal -0.90318883801399208 -0.37855890920639607 0.20234395258420368
    outer loop
      vertex 0.044346217560541766 0.01527310296687401 -0.010205161137207078
      vertex 0.042332220688721042 0.020904662248615136 -0.008658994620205248
      vertex 0.042332220688721042 0.018813698976451066 -0.01257091175630878
    endloop
  endfacet
  facet normal -0.90318883801399208 -0.37855890920639607 0.20234395258420362
    outer loop
      vertex 0.044346217560541766 0.01527310296687401 -0.010205161137207078
      vertex 0.044346217560541766 0.016970562748477139 -0.0070294372515228715
      vertex 0.042332220688721042 0.020904662248615136 -0.008658994620205248
    endloop
  endfacet
  facet normal -0.90318883801399208 -0.41076035278280482 0.12460279077404604
    outer loop
      vertex 0.044346217560541766 0.016970562748477139 -0.0070294372515228715
      vertex 0.042332220688721042 0.022192271074034587 -0.0044143171768673359
      vertex 0.042332220688721042 0.020904662248615136 -0.008658994620205248
    endloop
  endfacet
  facet normal -0.90318883801399208 -0.41076035278280465 0.124602790774046
    outer loop
      vertex 0.044346217560541766 0.016970562748477139 -0.0070294372515228715
      vertex 0.044346217560541766 0.018015853320857533 -0.0035835760344164538
      vertex 0.042332220688721042 0.022192271074034587 -0.0044143171768673359
    endloop
  endfacet
  facet normal -0.90318883801399208 -0.42717650635882992 0.042073213592491845
    outer loop
      vertex 0.044346217560541766 0.018015853320857533 -0.0035835760344164538
      vertex 0.042332220688721042 0.022627043367647887 0
      vertex 0.042332220688721042 0.022192271074034587 -0.0044143171768673359
    endloop
  endfacet
  facet normal -0.90318883801399197 -0.42717650635882981 0.042073213592491748
    outer loop
      vertex 0.044346217560541766 0.018015853320857533 -0.0035835760344164538
      vertex 0.044346217560541766 0.018368804753524311 0
      vertex 0.042332220688721042 0.022627043367647887 0
    endloop
  endfacet
  facet normal -0.85663116625194413 -0.51344496172446097 -0.05056991482690764
    outer loop
      vertex 0.042332220688721042 0.022627043367647887 0
      vertex 0.039910541390522171 0.026154965125239293 0.005202546031793741
      vertex 0.039910541390522171 0.026667371184940905 0
    endloop
  endfacet
  facet normal -0.85663116625194424 -0.51344496172446086 -0.050569914826907855
    outer loop
      vertex 0.042332220688721042 0.022627043367647887 0
      vertex 0.042332220688721042 0.022192271074034587 0.0044143171768673255
      vertex 0.039910541390522171 0.026154965125239293 0.005202546031793741
    endloop
  endfacet
  facet normal -0.85663116625194424 -0.49371355978864173 -0.14976637101385978
    outer loop
      vertex 0.042332220688721042 0.022192271074034587 0.0044143171768673255
      vertex 0.039910541390522171 0.024637438423648163 0.010205161137207076
      vertex 0.039910541390522171 0.026154965125239293 0.005202546031793741
    endloop
  endfacet
  facet normal -0.85663116625194424 -0.49371355978864173 -0.14976637101385978
    outer loop
      vertex 0.042332220688721042 0.022192271074034587 0.0044143171768673255
      vertex 0.042332220688721042 0.02090466224861514 0.0086589946202052341
      vertex 0.039910541390522171 0.024637438423648163 0.010205161137207076
    endloop
  endfacet
  facet normal -0.85663116625194424 -0.45500902262789916 -0.24320738955269799
    outer loop
      vertex 0.042332220688721042 0.02090466224861514 0.0086589946202052341
      vertex 0.039910541390522171 0.02217310878027088 0.014815597623237843
      vertex 0.039910541390522171 0.024637438423648163 0.010205161137207076
    endloop
  endfacet
  facet normal -0.85663116625194413 -0.45500902262789944 -0.24320738955269794
    outer loop
      vertex 0.042332220688721042 0.02090466224861514 0.0086589946202052341
      vertex 0.042332220688721042 0.018813698976451066 0.01257091175630878
      vertex 0.039910541390522171 0.02217310878027088 0.014815597623237843
    endloop
  endfacet
  facet normal -0.85663116625194413 -0.39881874389956629 -0.32730208450330123
    outer loop
      vertex 0.042332220688721042 0.018813698976451066 0.01257091175630878
      vertex 0.039910541390522171 0.018856679001290452 0.018856679001290448
      vertex 0.039910541390522171 0.02217310878027088 0.014815597623237843
    endloop
  endfacet
  facet normal -0.85663116625194413 -0.39881874389956617 -0.32730208450330123
    outer loop
      vertex 0.042332220688721042 0.018813698976451066 0.01257091175630878
      vertex 0.042332220688721042 0.015999735803465916 0.015999735803465913
      vertex 0.039910541390522171 0.018856679001290452 0.018856679001290448
    endloop
  endfacet
  facet normal -0.85663116625194424 -0.32730208450330139 -0.39881874389956612
    outer loop
      vertex 0.042332220688721042 0.015999735803465916 0.015999735803465913
      vertex 0.039910541390522171 0.014815597623237847 0.02217310878027088
      vertex 0.039910541390522171 0.018856679001290452 0.018856679001290448
    endloop
  endfacet
  facet normal -0.85663116625194413 -0.32730208450330156 -0.39881874389956612
    outer loop
      vertex 0.042332220688721042 0.015999735803465916 0.015999735803465913
      vertex 0.042332220688721042 0.012570911756308784 0.018813698976451066
      vertex 0.039910541390522171 0.014815597623237847 0.02217310878027088
    endloop
  endfacet
  facet normal -0.85663116625194424 -0.24320738955269802 -0.45500902262789944
    outer loop
      vertex 0.042332220688721042 0.012570911756308784 0.018813698976451066
      vertex 0.039910541390522171 0.010205161137207078 0.024637438423648163
      vertex 0.039910541390522171 0.014815597623237847 0.02217310878027088
    endloop
  endfacet
  facet normal -0.85663116625194424 -0.24320738955269763 -0.45500902262789922
    outer loop
      vertex 0.042332220688721042 0.012570911756308784 0.018813698976451066
      vertex 0.042332220688721042 0.0086589946202052341 0.02090466224861514
      vertex 0.039910541390522171 0.010205161137207078 0.024637438423648163
    endloop
  endfacet
  facet normal -0.85663116625194424 -0.14976637101385981 -0.49371355978864162
    outer loop
      vertex 0.042332220688721042 0.0086589946202052341 0.02090466224861514
      vertex 0.039910541390522171 0.0052025460317937427 0.026154965125239293
      vertex 0.039910541390522171 0.010205161137207078 0.024637438423648163
    endloop
  endfacet
  facet normal -0.85663116625194435 -0.14976637101385984 -0.49371355978864173
    outer loop
      vertex 0.042332220688721042 0.0086589946202052341 0.02090466224861514
      vertex 0.042332220688721042 0.0044143171768673273 0.022192271074034587
      vertex 0.039910541390522171 0.0052025460317937427 0.026154965125239293
    endloop
  endfacet
  facet normal -0.85663116625194424 -0.050569914826907626 -0.51344496172446097
    outer loop
      vertex 0.042332220688721042 0.0044143171768673273 0.022192271074034587
      vertex 0.039910541390522171 1.6329055381656119e-18 0.026667371184940905
      vertex 0.039910541390522171 0.0052025460317937427 0.026154965125239293
    endloop
  endfacet
  facet normal -0.85663116625194424 -0.050569914826907869 -0.51344496172446097
    outer loop
      vertex 0.042332220688721042 0.0044143171768673273 0.022192271074034587
      vertex 0.042332220688721042 1.3855068117179165e-18 0.022627043367647887
      vertex 0.039910541390522171 1.6329055381656119e-18 0.026667371184940905
    endloop
  endfacet
  facet normal -0.85663116625194424 0.050569914826907647 -0.51344496172446108
    outer loop
      vertex 0.042332220688721042 1.3855068117179165e-18 0.022627043367647887
      vertex 0.039910541390522171 -0.0052025460317937392 0.026154965125239293
      vertex 0.039910541390522171 1.6329055381656119e-18 0.026667371184940905
    endloop
  endfacet
  facet normal -0.85663116625194424 0.050569914826907855 -0.51344496172446086
    outer loop
      vertex 0.042332220688721042 1.3855068117179165e-18 0.022627043367647887
      vertex 0.042332220688721042 -0.0044143171768673238 0.022192271074034587
      vertex 0.039910541390522171 -0.0052025460317937392 0.026154965125239293
    endloop
  endfacet
  facet normal -0.85663116625194435 0.14976637101385976 -0.49371355978864173
    outer loop
      vertex 0.042332220688721042 -0.0044143171768673238 0.022192271074034587
      vertex 0.039910541390522171 -0.010205161137207076 0.024637438423648163
      vertex 0.039910541390522171 -0.0052025460317937392 0.026154965125239293
    endloop
  endfacet
  facet normal -0.85663116625194424 0.14976637101385978 -0.49371355978864173
    outer loop
      vertex 0.042332220688721042 -0.0044143171768673238 0.022192271074034587
      vertex 0.042332220688721042 -0.0086589946202052324 0.02090466224861514
      vertex 0.039910541390522171 -0.010205161137207076 0.024637438423648163
    endloop
  endfacet
  facet normal -0.85663116625194435 0.24320738955269766 -0.45500902262789927
    outer loop
      vertex 0.042332220688721042 -0.0086589946202052324 0.02090466224861514
      vertex 0.039910541390522171 -0.014815597623237838 0.022173108780270886
      vertex 0.039910541390522171 -0.010205161137207076 0.024637438423648163
    endloop
  endfacet
  facet normal -0.85663116625194413 0.24320738955269752 -0.45500902262789977
    outer loop
      vertex 0.042332220688721042 -0.0086589946202052324 0.02090466224861514
      vertex 0.042332220688721042 -0.012570911756308775 0.018813698976451073
      vertex 0.039910541390522171 -0.014815597623237838 0.022173108780270886
    endloop
  endfacet
  facet normal -0.85663116625194413 0.32730208450330139 -0.39881874389956617
    outer loop
      vertex 0.042332220688721042 -0.012570911756308775 0.018813698976451073
      vertex 0.039910541390522171 -0.018856679001290448 0.018856679001290452
      vertex 0.039910541390522171 -0.014815597623237838 0.022173108780270886
    endloop
  endfacet
  facet normal -0.85663116625194424 0.32730208450330145 -0.39881874389956612
    outer loop
      vertex 0.042332220688721042 -0.012570911756308775 0.018813698976451073
      vertex 0.042332220688721042 -0.015999735803465913 0.015999735803465916
      vertex 0.039910541390522171 -0.018856679001290448 0.018856679001290452
    endloop
  endfacet
  facet normal -0.85663116625194424 0.39881874389956612 -0.32730208450330145
    outer loop
      vertex 0.042332220688721042 -0.015999735803465913 0.015999735803465916
      vertex 0.039910541390522171 -0.022173108780270883 0.014815597623237843
      vertex 0.039910541390522171 -0.018856679001290448 0.018856679001290452
    endloop
  endfacet
  facet normal -0.85663116625194413 0.39881874389956606 -0.32730208450330162
    outer loop
      vertex 0.042332220688721042 -0.015999735803465913 0.015999735803465916
      vertex 0.042332220688721042 -0.01881369897645107 0.01257091175630878
      vertex 0.039910541390522171 -0.022173108780270883 0.014815597623237843
    endloop
  endfacet
  facet normal -0.85663116625194413 0.45500902262789938 -0.24320738955269791
    outer loop
      vertex 0.042332220688721042 -0.01881369897645107 0.01257091175630878
      vertex 0.039910541390522171 -0.024637438423648163 0.01020516113720708
      vertex 0.039910541390522171 -0.022173108780270883 0.014815597623237843
    endloop
  endfacet
  facet normal -0.85663116625194435 0.45500902262789927 -0.24320738955269758
    outer loop
      vertex 0.042332220688721042 -0.01881369897645107 0.01257091175630878
      vertex 0.042332220688721042 -0.02090466224861514 0.0086589946202052358
      vertex 0.039910541390522171 -0.024637438423648163 0.01020516113720708
    endloop
  endfacet
  facet normal -0.85663116625194424 0.49371355978864156 -0.14976637101385998
    outer loop
      vertex 0.042332220688721042 -0.02090466224861514 0.0086589946202052358
      vertex 0.039910541390522171 -0.026154965125239293 0.0052025460317937505
      vertex 0.039910541390522171 -0.024637438423648163 0.01020516113720708
    endloop
  endfacet
  facet normal -0.85663116625194424 0.49371355978864162 -0.14976637101385998
    outer loop
      vertex 0.042332220688721042 -0.02090466224861514 0.0086589946202052358
      vertex 0.042332220688721042 -0.022192271074034587 0.0044143171768673333
      vertex 0.039910541390522171 -0.026154965125239293 0.0052025460317937505
    endloop
  endfacet
  facet normal -0.85663116625194424 0.51344496172446086 -0.050569914826907571
    outer loop
      vertex 0.042332220688721042 -0.022192271074034587 0.0044143171768673333
      vertex 0.039910541390522171 -0.026667371184940905 3.2658110763312239e-18
      vertex 0.039910541390522171 -0.026154965125239293 0.0052025460317937505
    endloop
  endfacet
  facet normal -0.85663116625194413 0.51344496172446108 -0.050569914826907821
    outer loop
      vertex 0.042332220688721042 -0.022192271074034587 0.0044143171768673333
      vertex 0.042332220688721042 -0.022627043367647887 2.7710136234358331e-18
      vertex 0.039910541390522171 -0.026667371184940905 3.2658110763312239e-18
    endloop
  endfacet
  facet normal -0.85663116625194413 0.51344496172446108 0.050569914826907585
    outer loop
      vertex 0.042332220688721042 -0.022627043367647887 2.7710136234358331e-18
      vertex 0.039910541390522171 -0.026154965125239293 -0.0052025460317937436
      vertex 0.039910541390522171 -0.026667371184940905 3.2658110763312239e-18
    endloop
  endfacet
  facet normal -0.85663116625194435 0.51344496172446086 0.050569914826907807
    outer loop
      vertex 0.042332220688721042 -0.022627043367647887 2.7710136234358331e-18
      vertex 0.042332220688721042 -0.022192271074034587 -0.0044143171768673281
      vertex 0.039910541390522171 -0.026154965125239293 -0.0052025460317937436
    endloop
  endfacet
  facet normal -0.85663116625194424 0.49371355978864173 0.14976637101385956
    outer loop
      vertex 0.042332220688721042 -0.022192271074034587 -0.0044143171768673281
      vertex 0.039910541390522171 -0.024637438423648166 -0.010205161137207075
      vertex 0.039910541390522171 -0.026154965125239293 -0.0052025460317937436
    endloop
  endfacet
  facet normal -0.85663116625194424 0.49371355978864173 0.14976637101385959
    outer loop
      vertex 0.042332220688721042 -0.022192271074034587 -0.0044143171768673281
      vertex 0.042332220688721042 -0.020904662248615143 -0.0086589946202052306
      vertex 0.039910541390522171 -0.024637438423648166 -0.010205161137207075
    endloop
  endfacet
  facet normal -0.85663116625194424 0.45500902262789911 0.2432073895526978
    outer loop
      vertex 0.042332220688721042 -0.020904662248615143 -0.0086589946202052306
      vertex 0.039910541390522171 -0.022173108780270886 -0.014815597623237838
      vertex 0.039910541390522171 -0.024637438423648166 -0.010205161137207075
    endloop
  endfacet
  facet normal -0.85663116625194413 0.45500902262789955 0.24320738955269774
    outer loop
      vertex 0.042332220688721042 -0.020904662248615143 -0.0086589946202052306
      vertex 0.042332220688721042 -0.018813698976451073 -0.012570911756308775
      vertex 0.039910541390522171 -0.022173108780270886 -0.014815597623237838
    endloop
  endfacet
  facet normal -0.85663116625194424 0.39881874389956634 0.32730208450330117
    outer loop
      vertex 0.042332220688721042 -0.018813698976451073 -0.012570911756308775
      vertex 0.039910541390522171 -0.018856679001290455 -0.018856679001290448
      vertex 0.039910541390522171 -0.022173108780270886 -0.014815597623237838
    endloop
  endfacet
  facet normal -0.85663116625194413 0.39881874389956634 0.32730208450330117
    outer loop
      vertex 0.042332220688721042 -0.018813698976451073 -0.012570911756308775
      vertex 0.042332220688721042 -0.01599973580346592 -0.015999735803465913
      vertex 0.039910541390522171 -0.018856679001290455 -0.018856679001290448
    endloop
  endfacet
  facet normal -0.85663116625194413 0.32730208450330106 0.3988187438995664
    outer loop
      vertex 0.042332220688721042 -0.01599973580346592 -0.015999735803465913
      vertex 0.039910541390522171 -0.014815597623237843 -0.02217310878027088
      vertex 0.039910541390522171 -0.018856679001290455 -0.018856679001290448
    endloop
  endfacet
  facet normal -0.85663116625194424 0.32730208450330112 0.39881874389956645
    outer loop
      vertex 0.042332220688721042 -0.01599973580346592 -0.015999735803465913
      vertex 0.042332220688721042 -0.01257091175630878 -0.018813698976451066
      vertex 0.039910541390522171 -0.014815597623237843 -0.02217310878027088
    endloop
  endfacet
  facet normal -0.85663116625194402 0.24320738955269811 0.45500902262789916
    outer loop
      vertex 0.042332220688721042 -0.01257091175630878 -0.018813698976451066
      vertex 0.039910541390522171 -0.010205161137207092 -0.024637438423648156
      vertex 0.039910541390522171 -0.014815597623237843 -0.02217310878027088
    endloop
  endfacet
  facet normal -0.85663116625194413 0.24320738955269822 0.45500902262789922
    outer loop
      vertex 0.042332220688721042 -0.01257091175630878 -0.018813698976451066
      vertex 0.042332220688721042 -0.0086589946202052463 -0.020904662248615136
      vertex 0.039910541390522171 -0.010205161137207092 -0.024637438423648156
    endloop
  endfacet
  facet normal -0.85663116625194413 0.14976637101386001 0.4937135597886419
    outer loop
      vertex 0.042332220688721042 -0.0086589946202052463 -0.020904662248615136
      vertex 0.039910541390522171 -0.0052025460317937514 -0.02615496512523929
      vertex 0.039910541390522171 -0.010205161137207092 -0.024637438423648156
    endloop
  endfacet
  facet normal -0.85663116625194413 0.14976637101386014 0.4937135597886419
    outer loop
      vertex 0.042332220688721042 -0.0086589946202052463 -0.020904662248615136
      vertex 0.042332220688721042 -0.0044143171768673351 -0.022192271074034587
      vertex 0.039910541390522171 -0.0052025460317937514 -0.02615496512523929
    endloop
  endfacet
  facet normal -0.85663116625194413 0.050569914826907945 0.51344496172446108
    outer loop
      vertex 0.042332220688721042 -0.0044143171768673351 -0.022192271074034587
      vertex 0.039910541390522171 -4.8987166144968353e-18 -0.026667371184940905
      vertex 0.039910541390522171 -0.0052025460317937514 -0.02615496512523929
    endloop
  endfacet
  facet normal -0.85663116625194413 0.050569914826907821 0.51344496172446108
    outer loop
      vertex 0.042332220688721042 -0.0044143171768673351 -0.022192271074034587
      vertex 0.042332220688721042 -4.1565204351537495e-18 -0.022627043367647887
      vertex 0.039910541390522171 -4.8987166144968353e-18 -0.026667371184940905
    endloop
  endfacet
  facet normal -0.85663116625194413 -0.050569914826907585 0.51344496172446108
    outer loop
      vertex 0.042332220688721042 -4.1565204351537495e-18 -0.022627043367647887
      vertex 0.039910541390522171 0.0052025460317937419 -0.026154965125239293
      vertex 0.039910541390522171 -4.8987166144968353e-18 -0.026667371184940905
    endloop
  endfacet
  facet normal -0.85663116625194435 -0.050569914826907807 0.51344496172446086
    outer loop
      vertex 0.042332220688721042 -4.1565204351537495e-18 -0.022627043367647887
      vertex 0.042332220688721042 0.0044143171768673264 -0.022192271074034587
      vertex 0.039910541390522171 0.0052025460317937419 -0.026154965125239293
    endloop
  endfacet
  facet normal -0.85663116625194435 -0.14976637101385995 0.49371355978864168
    outer loop
      vertex 0.042332220688721042 0.0044143171768673264 -0.022192271074034587
      vertex 0.039910541390522171 0.010205161137207083 -0.024637438423648159
      vertex 0.039910541390522171 0.0052025460317937419 -0.026154965125239293
    endloop
  endfacet
  facet normal -0.85663116625194413 -0.14976637101385973 0.49371355978864206
    outer loop
      vertex 0.042332220688721042 0.0044143171768673264 -0.022192271074034587
      vertex 0.042332220688721042 0.0086589946202052393 -0.02090466224861514
      vertex 0.039910541390522171 0.010205161137207083 -0.024637438423648159
    endloop
  endfacet
  facet normal -0.85663116625194413 -0.24320738955269802 0.45500902262789944
    outer loop
      vertex 0.042332220688721042 0.0086589946202052393 -0.02090466224861514
      vertex 0.039910541390522171 0.014815597623237834 -0.022173108780270886
      vertex 0.039910541390522171 0.010205161137207083 -0.024637438423648159
    endloop
  endfacet
  facet normal -0.85663116625194424 -0.24320738955269797 0.4550090226278995
    outer loop
      vertex 0.042332220688721042 0.0086589946202052393 -0.02090466224861514
      vertex 0.042332220688721042 0.012570911756308773 -0.018813698976451073
      vertex 0.039910541390522171 0.014815597623237834 -0.022173108780270886
    endloop
  endfacet
  facet normal -0.85663116625194413 -0.32730208450330106 0.39881874389956651
    outer loop
      vertex 0.042332220688721042 0.012570911756308773 -0.018813698976451073
      vertex 0.039910541390522171 0.018856679001290448 -0.018856679001290455
      vertex 0.039910541390522171 0.014815597623237834 -0.022173108780270886
    endloop
  endfacet
  facet normal -0.85663116625194424 -0.32730208450330106 0.39881874389956634
    outer loop
      vertex 0.042332220688721042 0.012570911756308773 -0.018813698976451073
      vertex 0.042332220688721042 0.015999735803465913 -0.01599973580346592
      vertex 0.039910541390522171 0.018856679001290448 -0.018856679001290455
    endloop
  endfacet
  facet normal -0.85663116625194424 -0.39881874389956645 0.32730208450330106
    outer loop
      vertex 0.042332220688721042 0.015999735803465913 -0.01599973580346592
      vertex 0.039910541390522171 0.02217310878027088 -0.014815597623237843
      vertex 0.039910541390522171 0.018856679001290448 -0.018856679001290455
    endloop
  endfacet
  facet normal -0.85663116625194424 -0.39881874389956645 0.32730208450330112
    outer loop
      vertex 0.042332220688721042 0.015999735803465913 -0.01599973580346592
      vertex 0.042332220688721042 0.018813698976451066 -0.01257091175630878
      vertex 0.039910541390522171 0.02217310878027088 -0.014815597623237843
    endloop
  endfacet
  facet normal -0.85663116625194413 -0.45500902262789922 0.24320738955269819
    outer loop
      vertex 0.042332220688721042 0.018813698976451066 -0.01257091175630878
      vertex 0.039910541390522171 0.024637438423648156 -0.010205161137207094
      vertex 0.039910541390522171 0.02217310878027088 -0.014815597623237843
    endloop
  endfacet
  facet normal -0.85663116625194413 -0.45500902262789922 0.2432073895526983
    outer loop
      vertex 0.042332220688721042 0.018813698976451066 -0.01257091175630878
      vertex 0.042332220688721042 0.020904662248615136 -0.008658994620205248
      vertex 0.039910541390522171 0.024637438423648156 -0.010205161137207094
    endloop
  endfacet
  facet normal -0.85663116625194413 -0.4937135597886419 0.14976637101386001
    outer loop
      vertex 0.042332220688721042 0.020904662248615136 -0.008658994620205248
      vertex 0.039910541390522171 0.02615496512523929 -0.0052025460317937531
      vertex 0.039910541390522171 0.024637438423648156 -0.010205161137207094
    endloop
  endfacet
  facet normal -0.85663116625194402 -0.4937135597886419 0.14976637101386012
    outer loop
      vertex 0.042332220688721042 0.020904662248615136 -0.008658994620205248
      vertex 0.042332220688721042 0.022192271074034587 -0.0044143171768673359
      vertex 0.039910541390522171 0.02615496512523929 -0.0052025460317937531
    endloop
  endfacet
  facet normal -0.85663116625194413 -0.51344496172446119 0.050569914826907883
    outer loop
      vertex 0.042332220688721042 0.022192271074034587 -0.0044143171768673359
      vertex 0.039910541390522171 0.026667371184940905 0
      vertex 0.039910541390522171 0.02615496512523929 -0.0052025460317937531
    endloop
  endfacet
  facet normal -0.85663116625194413 -0.51344496172446108 0.050569914826907765
    outer loop
      vertex 0.042332220688721042 0.022192271074034587 -0.0044143171768673359
      vertex 0.042332220688721042 0.022627043367647887 0
      vertex 0.039910541390522171 0.026667371184940905 0
    endloop
  endfacet
  facet normal -0.80182864299724099 -0.59467665109546797 -0.05857053791013131
    outer loop
      vertex 0.039910541390522171 0.026667371184940905 0
      vertex 0.037104501761411376 0.02986577256452963 0.0059406715244330281
      vertex 0.037104501761411376 0.030450877639854983 0
    endloop
  endfacet
  facet normal -0.80182864299724099 -0.59467665109546786 -0.058570537910131365
    outer loop
      vertex 0.039910541390522171 0.026667371184940905 0
      vertex 0.039910541390522171 0.026154965125239293 0.005202546031793741
      vertex 0.037104501761411376 0.02986577256452963 0.0059406715244330281
    endloop
  endfacet
  facet normal -0.80182864299724099 -0.57182356089237729 -0.17346078080524382
    outer loop
      vertex 0.039910541390522171 0.026154965125239293 0.005202546031793741
      vertex 0.037104501761411376 0.028132942598467617 0.011653046373749068
      vertex 0.037104501761411376 0.02986577256452963 0.0059406715244330281
    endloop
  endfacet
  facet normal -0.80182864299724099 -0.57182356089237729 -0.17346078080524382
    outer loop
      vertex 0.039910541390522171 0.026154965125239293 0.005202546031793741
      vertex 0.039910541390522171 0.024637438423648163 0.010205161137207076
      vertex 0.037104501761411376 0.028132942598467617 0.011653046373749068
    endloop
  endfacet
  facet normal -0.80182864299724099 -0.52699561192653988 -0.28168502317193739
    outer loop
      vertex 0.039910541390522171 0.024637438423648163 0.010205161137207076
      vertex 0.037104501761411376 0.025318979425482467 0.016917601186025626
      vertex 0.037104501761411376 0.028132942598467617 0.011653046373749068
    endloop
  endfacet
  facet normal -0.8018286429972411 -0.52699561192653943 -0.28168502317193744
    outer loop
      vertex 0.039910541390522171 0.024637438423648163 0.010205161137207076
      vertex 0.039910541390522171 0.02217310878027088 0.014815597623237843
      vertex 0.037104501761411376 0.025318979425482467 0.016917601186025626
    endloop
  endfacet
  facet normal -0.8018286429972411 -0.46191551713690943 -0.37908426806891432
    outer loop
      vertex 0.039910541390522171 0.02217310878027088 0.014815597623237843
      vertex 0.037104501761411376 0.02153202207222327 0.021532022072223267
      vertex 0.037104501761411376 0.025318979425482467 0.016917601186025626
    endloop
  endfacet
  facet normal -0.8018286429972411 -0.46191551713690959 -0.37908426806891427
    outer loop
      vertex 0.039910541390522171 0.02217310878027088 0.014815597623237843
      vertex 0.039910541390522171 0.018856679001290452 0.018856679001290448
      vertex 0.037104501761411376 0.02153202207222327 0.021532022072223267
    endloop
  endfacet
  facet normal -0.80182864299724099 -0.3790842680689146 -0.46191551713690931
    outer loop
      vertex 0.039910541390522171 0.018856679001290452 0.018856679001290448
      vertex 0.037104501761411376 0.01691760118602563 0.025318979425482467
      vertex 0.037104501761411376 0.02153202207222327 0.021532022072223267
    endloop
  endfacet
  facet normal -0.8018286429972411 -0.37908426806891438 -0.4619155171369092
    outer loop
      vertex 0.039910541390522171 0.018856679001290452 0.018856679001290448
      vertex 0.039910541390522171 0.014815597623237847 0.02217310878027088
      vertex 0.037104501761411376 0.01691760118602563 0.025318979425482467
    endloop
  endfacet
  facet normal -0.80182864299724099 -0.28168502317193717 -0.52699561192653965
    outer loop
      vertex 0.039910541390522171 0.014815597623237847 0.02217310878027088
      vertex 0.037104501761411376 0.01165304637374907 0.028132942598467617
      vertex 0.037104501761411376 0.01691760118602563 0.025318979425482467
    endloop
  endfacet
  facet normal -0.80182864299724099 -0.28168502317193744 -0.52699561192653965
    outer loop
      vertex 0.039910541390522171 0.014815597623237847 0.02217310878027088
      vertex 0.039910541390522171 0.010205161137207078 0.024637438423648163
      vertex 0.037104501761411376 0.01165304637374907 0.028132942598467617
    endloop
  endfacet
  facet normal -0.80182864299724099 -0.17346078080524385 -0.57182356089237718
    outer loop
      vertex 0.039910541390522171 0.010205161137207078 0.024637438423648163
      vertex 0.037104501761411376 0.0059406715244330307 0.02986577256452963
      vertex 0.037104501761411376 0.01165304637374907 0.028132942598467617
    endloop
  endfacet
  facet normal -0.80182864299724099 -0.1734607808052438 -0.57182356089237718
    outer loop
      vertex 0.039910541390522171 0.010205161137207078 0.024637438423648163
      vertex 0.039910541390522171 0.0052025460317937427 0.026154965125239293
      vertex 0.037104501761411376 0.0059406715244330307 0.02986577256452963
    endloop
  endfacet
  facet normal -0.8018286429972411 -0.058570537910131289 -0.59467665109546786
    outer loop
      vertex 0.039910541390522171 0.0052025460317937427 0.026154965125239293
      vertex 0.037104501761411376 1.8645784916438058e-18 0.030450877639854983
      vertex 0.037104501761411376 0.0059406715244330307 0.02986577256452963
    endloop
  endfacet
  facet normal -0.80182864299724099 -0.058570537910131365 -0.59467665109546786
    outer loop
      vertex 0.039910541390522171 0.0052025460317937427 0.026154965125239293
      vertex 0.039910541390522171 1.6329055381656119e-18 0.026667371184940905
      vertex 0.037104501761411376 1.8645784916438058e-18 0.030450877639854983
    endloop
  endfacet
  facet normal -0.80182864299724099 0.05857053791013131 -0.59467665109546797
    outer loop
      vertex 0.039910541390522171 1.6329055381656119e-18 0.026667371184940905
      vertex 0.037104501761411376 -0.0059406715244330263 0.02986577256452963
      vertex 0.037104501761411376 1.8645784916438058e-18 0.030450877639854983
    endloop
  endfacet
  facet normal -0.80182864299724099 0.058570537910131365 -0.59467665109546786
    outer loop
      vertex 0.039910541390522171 1.6329055381656119e-18 0.026667371184940905
      vertex 0.039910541390522171 -0.0052025460317937392 0.026154965125239293
      vertex 0.037104501761411376 -0.0059406715244330263 0.02986577256452963
    endloop
  endfacet
  facet normal -0.80182864299724099 0.17346078080524382 -0.57182356089237729
    outer loop
      vertex 0.039910541390522171 -0.0052025460317937392 0.026154965125239293
      vertex 0.037104501761411376 -0.011653046373749067 0.028132942598467617
      vertex 0.037104501761411376 -0.0059406715244330263 0.02986577256452963
    endloop
  endfacet
  facet normal -0.80182864299724088 0.17346078080524377 -0.57182356089237729
    outer loop
      vertex 0.039910541390522171 -0.0052025460317937392 0.026154965125239293
      vertex 0.039910541390522171 -0.010205161137207076 0.024637438423648163
      vertex 0.037104501761411376 -0.011653046373749067 0.028132942598467617
    endloop
  endfacet
  facet normal -0.80182864299724099 0.28168502317193711 -0.5269956119265401
    outer loop
      vertex 0.039910541390522171 -0.010205161137207076 0.024637438423648163
      vertex 0.037104501761411376 -0.016917601186025619 0.025318979425482474
      vertex 0.037104501761411376 -0.011653046373749067 0.028132942598467617
    endloop
  endfacet
  facet normal -0.80182864299724099 0.28168502317193711 -0.52699561192653976
    outer loop
      vertex 0.039910541390522171 -0.010205161137207076 0.024637438423648163
      vertex 0.039910541390522171 -0.014815597623237838 0.022173108780270886
      vertex 0.037104501761411376 -0.016917601186025619 0.025318979425482474
    endloop
  endfacet
  facet normal -0.80182864299724099 0.37908426806891449 -0.46191551713690937
    outer loop
      vertex 0.039910541390522171 -0.014815597623237838 0.022173108780270886
      vertex 0.037104501761411376 -0.021532022072223267 0.02153202207222327
      vertex 0.037104501761411376 -0.016917601186025619 0.025318979425482474
    endloop
  endfacet
  facet normal -0.80182864299724099 0.37908426806891443 -0.46191551713690943
    outer loop
      vertex 0.039910541390522171 -0.014815597623237838 0.022173108780270886
      vertex 0.039910541390522171 -0.018856679001290448 0.018856679001290452
      vertex 0.037104501761411376 -0.021532022072223267 0.02153202207222327
    endloop
  endfacet
  facet normal -0.8018286429972411 0.46191551713690926 -0.37908426806891471
    outer loop
      vertex 0.039910541390522171 -0.018856679001290448 0.018856679001290452
      vertex 0.037104501761411376 -0.025318979425482471 0.016917601186025626
      vertex 0.037104501761411376 -0.021532022072223267 0.02153202207222327
    endloop
  endfacet
  facet normal -0.8018286429972411 0.46191551713690926 -0.37908426806891443
    outer loop
      vertex 0.039910541390522171 -0.018856679001290448 0.018856679001290452
      vertex 0.039910541390522171 -0.022173108780270883 0.014815597623237843
      vertex 0.037104501761411376 -0.025318979425482471 0.016917601186025626
    endloop
  endfacet
  facet normal -0.8018286429972411 0.52699561192653976 -0.28168502317193717
    outer loop
      vertex 0.039910541390522171 -0.022173108780270883 0.014815597623237843
      vertex 0.037104501761411376 -0.028132942598467617 0.011653046373749072
      vertex 0.037104501761411376 -0.025318979425482471 0.016917601186025626
    endloop
  endfacet
  facet normal -0.8018286429972411 0.52699561192653988 -0.28168502317193739
    outer loop
      vertex 0.039910541390522171 -0.022173108780270883 0.014815597623237843
      vertex 0.039910541390522171 -0.024637438423648163 0.01020516113720708
      vertex 0.037104501761411376 -0.028132942598467617 0.011653046373749072
    endloop
  endfacet
  facet normal -0.80182864299724099 0.57182356089237707 -0.17346078080524402
    outer loop
      vertex 0.039910541390522171 -0.024637438423648163 0.01020516113720708
      vertex 0.037104501761411376 -0.02986577256452963 0.0059406715244330393
      vertex 0.037104501761411376 -0.028132942598467617 0.011653046373749072
    endloop
  endfacet
  facet normal -0.8018286429972411 0.57182356089237707 -0.17346078080524399
    outer loop
      vertex 0.039910541390522171 -0.024637438423648163 0.01020516113720708
      vertex 0.039910541390522171 -0.026154965125239293 0.0052025460317937505
      vertex 0.037104501761411376 -0.02986577256452963 0.0059406715244330393
    endloop
  endfacet
  facet normal -0.80182864299724099 0.59467665109546797 -0.058570537910131226
    outer loop
      vertex 0.039910541390522171 -0.026154965125239293 0.0052025460317937505
      vertex 0.037104501761411376 -0.030450877639854983 3.7291569832876115e-18
      vertex 0.037104501761411376 -0.02986577256452963 0.0059406715244330393
    endloop
  endfacet
  facet normal -0.80182864299724099 0.59467665109546797 -0.058570537910131303
    outer loop
      vertex 0.039910541390522171 -0.026154965125239293 0.0052025460317937505
      vertex 0.039910541390522171 -0.026667371184940905 3.2658110763312239e-18
      vertex 0.037104501761411376 -0.030450877639854983 3.7291569832876115e-18
    endloop
  endfacet
  facet normal -0.8018286429972411 0.59467665109546808 0.058570537910131247
    outer loop
      vertex 0.039910541390522171 -0.026667371184940905 3.2658110763312239e-18
      vertex 0.037104501761411376 -0.02986577256452963 -0.0059406715244330315
      vertex 0.037104501761411376 -0.030450877639854983 3.7291569832876115e-18
    endloop
  endfacet
  facet normal -0.80182864299724099 0.59467665109546786 0.058570537910131296
    outer loop
      vertex 0.039910541390522171 -0.026667371184940905 3.2658110763312239e-18
      vertex 0.039910541390522171 -0.026154965125239293 -0.0052025460317937436
      vertex 0.037104501761411376 -0.02986577256452963 -0.0059406715244330315
    endloop
  endfacet
  facet normal -0.80182864299724099 0.57182356089237718 0.17346078080524366
    outer loop
      vertex 0.039910541390522171 -0.026154965125239293 -0.0052025460317937436
      vertex 0.037104501761411376 -0.02813294259846762 -0.011653046373749065
      vertex 0.037104501761411376 -0.02986577256452963 -0.0059406715244330315
    endloop
  endfacet
  facet normal -0.80182864299724099 0.57182356089237729 0.17346078080524358
    outer loop
      vertex 0.039910541390522171 -0.026154965125239293 -0.0052025460317937436
      vertex 0.039910541390522171 -0.024637438423648166 -0.010205161137207075
      vertex 0.037104501761411376 -0.02813294259846762 -0.011653046373749065
    endloop
  endfacet
  facet normal -0.80182864299724099 0.52699561192653999 0.28168502317193728
    outer loop
      vertex 0.039910541390522171 -0.024637438423648166 -0.010205161137207075
      vertex 0.037104501761411376 -0.025318979425482474 -0.016917601186025619
      vertex 0.037104501761411376 -0.02813294259846762 -0.011653046373749065
    endloop
  endfacet
  facet normal -0.8018286429972411 0.52699561192653976 0.28168502317193733
    outer loop
      vertex 0.039910541390522171 -0.024637438423648166 -0.010205161137207075
      vertex 0.039910541390522171 -0.022173108780270886 -0.014815597623237838
      vertex 0.037104501761411376 -0.025318979425482474 -0.016917601186025619
    endloop
  endfacet
  facet normal -0.8018286429972411 0.46191551713690954 0.37908426806891427
    outer loop
      vertex 0.039910541390522171 -0.022173108780270886 -0.014815597623237838
      vertex 0.037104501761411376 -0.021532022072223274 -0.021532022072223267
      vertex 0.037104501761411376 -0.025318979425482474 -0.016917601186025619
    endloop
  endfacet
  facet normal -0.80182864299724099 0.46191551713690965 0.37908426806891421
    outer loop
      vertex 0.039910541390522171 -0.022173108780270886 -0.014815597623237838
      vertex 0.039910541390522171 -0.018856679001290455 -0.018856679001290448
      vertex 0.037104501761411376 -0.021532022072223274 -0.021532022072223267
    endloop
  endfacet
  facet normal -0.80182864299724099 0.37908426806891432 0.46191551713690965
    outer loop
      vertex 0.039910541390522171 -0.018856679001290455 -0.018856679001290448
      vertex 0.037104501761411376 -0.016917601186025626 -0.025318979425482467
      vertex 0.037104501761411376 -0.021532022072223274 -0.021532022072223267
    endloop
  endfacet
  facet normal -0.8018286429972411 0.37908426806891399 0.46191551713690959
    outer loop
      vertex 0.039910541390522171 -0.018856679001290455 -0.018856679001290448
      vertex 0.039910541390522171 -0.014815597623237843 -0.02217310878027088
      vertex 0.037104501761411376 -0.016917601186025626 -0.025318979425482467
    endloop
  endfacet
  facet normal -0.8018286429972411 0.28168502317193739 0.52699561192653943
    outer loop
      vertex 0.039910541390522171 -0.014815597623237843 -0.02217310878027088
      vertex 0.037104501761411376 -0.011653046373749086 -0.02813294259846761
      vertex 0.037104501761411376 -0.016917601186025626 -0.025318979425482467
    endloop
  endfacet
  facet normal -0.8018286429972411 0.28168502317193761 0.52699561192653954
    outer loop
      vertex 0.039910541390522171 -0.014815597623237843 -0.02217310878027088
      vertex 0.039910541390522171 -0.010205161137207092 -0.024637438423648156
      vertex 0.037104501761411376 -0.011653046373749086 -0.02813294259846761
    endloop
  endfacet
  facet normal -0.8018286429972411 0.17346078080524399 0.57182356089237696
    outer loop
      vertex 0.039910541390522171 -0.010205161137207092 -0.024637438423648156
      vertex 0.037104501761411376 -0.0059406715244330402 -0.029865772564529627
      vertex 0.037104501761411376 -0.011653046373749086 -0.02813294259846761
    endloop
  endfacet
  facet normal -0.8018286429972411 0.17346078080524396 0.57182356089237696
    outer loop
      vertex 0.039910541390522171 -0.010205161137207092 -0.024637438423648156
      vertex 0.039910541390522171 -0.0052025460317937514 -0.02615496512523929
      vertex 0.037104501761411376 -0.0059406715244330402 -0.029865772564529627
    endloop
  endfacet
  facet normal -0.8018286429972411 0.058570537910131587 0.59467665109546786
    outer loop
      vertex 0.039910541390522171 -0.0052025460317937514 -0.02615496512523929
      vertex 0.037104501761411376 -5.5937354749314165e-18 -0.030450877639854983
      vertex 0.037104501761411376 -0.0059406715244330402 -0.029865772564529627
    endloop
  endfacet
  facet normal -0.80182864299724099 0.058570537910131705 0.59467665109546786
    outer loop
      vertex 0.039910541390522171 -0.0052025460317937514 -0.02615496512523929
      vertex 0.039910541390522171 -4.8987166144968353e-18 -0.026667371184940905
      vertex 0.037104501761411376 -5.5937354749314165e-18 -0.030450877639854983
    endloop
  endfacet
  facet normal -0.80182864299724099 -0.058570537910131226 0.59467665109546797
    outer loop
      vertex 0.039910541390522171 -4.8987166144968353e-18 -0.026667371184940905
      vertex 0.037104501761411376 0.0059406715244330298 -0.02986577256452963
      vertex 0.037104501761411376 -5.5937354749314165e-18 -0.030450877639854983
    endloop
  endfacet
  facet normal -0.8018286429972411 -0.058570537910131303 0.59467665109546797
    outer loop
      vertex 0.039910541390522171 -4.8987166144968353e-18 -0.026667371184940905
      vertex 0.039910541390522171 0.0052025460317937419 -0.026154965125239293
      vertex 0.037104501761411376 0.0059406715244330298 -0.02986577256452963
    endloop
  endfacet
  facet normal -0.80182864299724099 -0.17346078080524396 0.57182356089237707
    outer loop
      vertex 0.039910541390522171 0.0052025460317937419 -0.026154965125239293
      vertex 0.037104501761411376 0.011653046373749075 -0.028132942598467613
      vertex 0.037104501761411376 0.0059406715244330298 -0.02986577256452963
    endloop
  endfacet
  facet normal -0.80182864299724099 -0.17346078080524396 0.57182356089237718
    outer loop
      vertex 0.039910541390522171 0.0052025460317937419 -0.026154965125239293
      vertex 0.039910541390522171 0.010205161137207083 -0.024637438423648159
      vertex 0.037104501761411376 0.011653046373749075 -0.028132942598467613
    endloop
  endfacet
  facet normal -0.8018286429972411 -0.28168502317193728 0.52699561192653988
    outer loop
      vertex 0.039910541390522171 0.010205161137207083 -0.024637438423648159
      vertex 0.037104501761411376 0.016917601186025616 -0.025318979425482474
      vertex 0.037104501761411376 0.011653046373749075 -0.028132942598467613
    endloop
  endfacet
  facet normal -0.8018286429972411 -0.28168502317193733 0.52699561192653976
    outer loop
      vertex 0.039910541390522171 0.010205161137207083 -0.024637438423648159
      vertex 0.039910541390522171 0.014815597623237834 -0.022173108780270886
      vertex 0.037104501761411376 0.016917601186025616 -0.025318979425482474
    endloop
  endfacet
  facet normal -0.8018286429972411 -0.37908426806891427 0.46191551713690954
    outer loop
      vertex 0.039910541390522171 0.014815597623237834 -0.022173108780270886
      vertex 0.037104501761411376 0.021532022072223263 -0.021532022072223274
      vertex 0.037104501761411376 0.016917601186025616 -0.025318979425482474
    endloop
  endfacet
  facet normal -0.80182864299724077 -0.37908426806891415 0.46191551713690998
    outer loop
      vertex 0.039910541390522171 0.014815597623237834 -0.022173108780270886
      vertex 0.039910541390522171 0.018856679001290448 -0.018856679001290455
      vertex 0.037104501761411376 0.021532022072223263 -0.021532022072223274
    endloop
  endfacet
  facet normal -0.80182864299724088 -0.46191551713690965 0.37908426806891471
    outer loop
      vertex 0.039910541390522171 0.018856679001290448 -0.018856679001290455
      vertex 0.037104501761411376 0.025318979425482467 -0.016917601186025626
      vertex 0.037104501761411376 0.021532022072223263 -0.021532022072223274
    endloop
  endfacet
  facet normal -0.8018286429972411 -0.46191551713690959 0.37908426806891399
    outer loop
      vertex 0.039910541390522171 0.018856679001290448 -0.018856679001290455
      vertex 0.039910541390522171 0.02217310878027088 -0.014815597623237843
      vertex 0.037104501761411376 0.025318979425482467 -0.016917601186025626
    endloop
  endfacet
  facet normal -0.8018286429972411 -0.52699561192653943 0.2816850231719375
    outer loop
      vertex 0.039910541390522171 0.02217310878027088 -0.014815597623237843
      vertex 0.037104501761411376 0.02813294259846761 -0.011653046373749087
      vertex 0.037104501761411376 0.025318979425482467 -0.016917601186025626
    endloop
  endfacet
  facet normal -0.80182864299724099 -0.52699561192653954 0.28168502317193767
    outer loop
      vertex 0.039910541390522171 0.02217310878027088 -0.014815597623237843
      vertex 0.039910541390522171 0.024637438423648156 -0.010205161137207094
      vertex 0.037104501761411376 0.02813294259846761 -0.011653046373749087
    endloop
  endfacet
  facet normal -0.8018286429972411 -0.57182356089237696 0.17346078080524399
    outer loop
      vertex 0.039910541390522171 0.024637438423648156 -0.010205161137207094
      vertex 0.037104501761411376 0.029865772564529627 -0.0059406715244330419
      vertex 0.037104501761411376 0.02813294259846761 -0.011653046373749087
    endloop
  endfacet
  facet normal -0.80182864299724099 -0.57182356089237696 0.17346078080524394
    outer loop
      vertex 0.039910541390522171 0.024637438423648156 -0.010205161137207094
      vertex 0.039910541390522171 0.02615496512523929 -0.0052025460317937531
      vertex 0.037104501761411376 0.029865772564529627 -0.0059406715244330419
    endloop
  endfacet
  facet normal -0.80182864299724099 -0.59467665109546786 0.058570537910131518
    outer loop
      vertex 0.039910541390522171 0.02615496512523929 -0.0052025460317937531
      vertex 0.037104501761411376 0.030450877639854983 0
      vertex 0.037104501761411376 0.029865772564529627 -0.0059406715244330419
    endloop
  endfacet
  facet normal -0.80182864299724088 -0.59467665109546797 0.058570537910131636
    outer loop
      vertex 0.039910541390522171 0.02615496512523929 -0.0052025460317937531
      vertex 0.039910541390522171 0.026667371184940905 0
      vertex 0.037104501761411376 0.030450877639854983 0
    endloop
  endfacet
  facet normal -0.73933564243710381 -0.67009476647782118 -0.065998573932692123
    outer loop
      vertex 0.037104501761411376 0.030450877639854983 0
      vertex 0.033941125496954286 0.033288956287731535 0.0066215851027906312
      vertex 0.033941125496954286 0.033941125496954279 0
    endloop
  endfacet
  facet normal -0.73933564243710348 -0.67009476647782162 -0.065998573932691831
    outer loop
      vertex 0.037104501761411376 0.030450877639854983 0
      vertex 0.037104501761411376 0.02986577256452963 0.0059406715244330281
      vertex 0.033941125496954286 0.033288956287731535 0.0066215851027906312
    endloop
  endfacet
  facet normal -0.73933564243710381 -0.64434340039555349 -0.19545943361426862
    outer loop
      vertex 0.037104501761411376 0.02986577256452963 0.0059406715244330281
      vertex 0.033941125496954286 0.031357511157033037 0.012988706403508727
      vertex 0.033941125496954286 0.033288956287731535 0.0066215851027906312
    endloop
  endfacet
  facet normal -0.73933564243710415 -0.64434340039555282 -0.19545943361426893
    outer loop
      vertex 0.037104501761411376 0.02986577256452963 0.0059406715244330281
      vertex 0.037104501761411376 0.028132942598467617 0.011653046373749068
      vertex 0.033941125496954286 0.031357511157033037 0.012988706403508727
    endloop
  endfacet
  facet normal -0.73933564243710403 -0.59383027878802519 -0.31740889687696322
    outer loop
      vertex 0.037104501761411376 0.028132942598467617 0.011653046373749068
      vertex 0.033941125496954286 0.028221014458064606 0.018856679001290448
      vertex 0.033941125496954286 0.031357511157033037 0.012988706403508727
    endloop
  endfacet
  facet normal -0.7393356424371037 -0.59383027878802597 -0.317408896876963
    outer loop
      vertex 0.037104501761411376 0.028132942598467617 0.011653046373749068
      vertex 0.037104501761411376 0.025318979425482467 0.016917601186025626
      vertex 0.033941125496954286 0.028221014458064606 0.018856679001290448
    endloop
  endfacet
  facet normal -0.73933564243710381 -0.52049659259053194 -0.42716051423763524
    outer loop
      vertex 0.037104501761411376 0.025318979425482467 0.016917601186025626
      vertex 0.033941125496954286 0.024 0.023999999999999997
      vertex 0.033941125496954286 0.028221014458064606 0.018856679001290448
    endloop
  endfacet
  facet normal -0.73933564243710415 -0.52049659259053127 -0.42716051423763524
    outer loop
      vertex 0.037104501761411376 0.025318979425482467 0.016917601186025626
      vertex 0.037104501761411376 0.02153202207222327 0.021532022072223267
      vertex 0.033941125496954286 0.024 0.023999999999999997
    endloop
  endfacet
  facet normal -0.73933564243710426 -0.42716051423763518 -0.52049659259053138
    outer loop
      vertex 0.037104501761411376 0.02153202207222327 0.021532022072223267
      vertex 0.033941125496954286 0.018856679001290452 0.028221014458064606
      vertex 0.033941125496954286 0.024 0.023999999999999997
    endloop
  endfacet
  facet normal -0.73933564243710359 -0.42716051423763585 -0.52049659259053149
    outer loop
      vertex 0.037104501761411376 0.02153202207222327 0.021532022072223267
      vertex 0.037104501761411376 0.01691760118602563 0.025318979425482467
      vertex 0.033941125496954286 0.018856679001290452 0.028221014458064606
    endloop
  endfacet
  facet normal -0.7393356424371037 -0.31740889687696333 -0.59383027878802586
    outer loop
      vertex 0.037104501761411376 0.01691760118602563 0.025318979425482467
      vertex 0.033941125496954286 0.012988706403508729 0.031357511157033037
      vertex 0.033941125496954286 0.018856679001290452 0.028221014458064606
    endloop
  endfacet
  facet normal -0.73933564243710426 -0.31740889687696272 -0.59383027878802552
    outer loop
      vertex 0.037104501761411376 0.01691760118602563 0.025318979425482467
      vertex 0.037104501761411376 0.01165304637374907 0.028132942598467617
      vertex 0.033941125496954286 0.012988706403508729 0.031357511157033037
    endloop
  endfacet
  facet normal -0.73933564243710403 -0.19545943361426846 -0.64434340039555293
    outer loop
      vertex 0.037104501761411376 0.01165304637374907 0.028132942598467617
      vertex 0.033941125496954286 0.0066215851027906338 0.033288956287731535
      vertex 0.033941125496954286 0.012988706403508729 0.031357511157033037
    endloop
  endfacet
  facet normal -0.7393356424371037 -0.19545943361426912 -0.64434340039555327
    outer loop
      vertex 0.037104501761411376 0.01165304637374907 0.028132942598467617
      vertex 0.037104501761411376 0.0059406715244330307 0.02986577256452963
      vertex 0.033941125496954286 0.0066215851027906338 0.033288956287731535
    endloop
  endfacet
  facet normal -0.73933564243710359 -0.065998573932692151 -0.67009476647782162
    outer loop
      vertex 0.037104501761411376 0.0059406715244330307 0.02986577256452963
      vertex 0.033941125496954286 2.0782945349651837e-18 0.033941125496954279
      vertex 0.033941125496954286 0.0066215851027906338 0.033288956287731535
    endloop
  endfacet
  facet normal -0.73933564243710392 -0.065998573932691804 -0.67009476647782129
    outer loop
      vertex 0.037104501761411376 0.0059406715244330307 0.02986577256452963
      vertex 0.037104501761411376 1.8645784916438058e-18 0.030450877639854983
      vertex 0.033941125496954286 2.0782945349651837e-18 0.033941125496954279
    endloop
  endfacet
  facet normal -0.73933564243710381 0.065998573932692123 -0.67009476647782118
    outer loop
      vertex 0.037104501761411376 1.8645784916438058e-18 0.030450877639854983
      vertex 0.033941125496954286 -0.0066215851027906295 0.033288956287731535
      vertex 0.033941125496954286 2.0782945349651837e-18 0.033941125496954279
    endloop
  endfacet
  facet normal -0.73933564243710348 0.065998573932691831 -0.67009476647782162
    outer loop
      vertex 0.037104501761411376 1.8645784916438058e-18 0.030450877639854983
      vertex 0.037104501761411376 -0.0059406715244330263 0.02986577256452963
      vertex 0.033941125496954286 -0.0066215851027906295 0.033288956287731535
    endloop
  endfacet
  facet normal -0.73933564243710359 0.19545943361426857 -0.64434340039555338
    outer loop
      vertex 0.037104501761411376 -0.0059406715244330263 0.02986577256452963
      vertex 0.033941125496954286 -0.012988706403508726 0.031357511157033037
      vertex 0.033941125496954286 -0.0066215851027906295 0.033288956287731535
    endloop
  endfacet
  facet normal -0.73933564243710415 0.19545943361426893 -0.64434340039555282
    outer loop
      vertex 0.037104501761411376 -0.0059406715244330263 0.02986577256452963
      vertex 0.037104501761411376 -0.011653046373749067 0.028132942598467617
      vertex 0.033941125496954286 -0.012988706403508726 0.031357511157033037
    endloop
  endfacet
  facet normal -0.73933564243710403 0.31740889687696294 -0.59383027878802552
    outer loop
      vertex 0.037104501761411376 -0.011653046373749067 0.028132942598467617
      vertex 0.033941125496954286 -0.018856679001290441 0.028221014458064613
      vertex 0.033941125496954286 -0.012988706403508726 0.031357511157033037
    endloop
  endfacet
  facet normal -0.7393356424371037 0.31740889687696267 -0.59383027878802608
    outer loop
      vertex 0.037104501761411376 -0.011653046373749067 0.028132942598467617
      vertex 0.037104501761411376 -0.016917601186025619 0.025318979425482474
      vertex 0.033941125496954286 -0.018856679001290441 0.028221014458064613
    endloop
  endfacet
  facet normal -0.7393356424371037 0.42716051423763529 -0.52049659259053205
    outer loop
      vertex 0.037104501761411376 -0.016917601186025619 0.025318979425482474
      vertex 0.033941125496954286 -0.023999999999999997 0.024
      vertex 0.033941125496954286 -0.018856679001290441 0.028221014458064613
    endloop
  endfacet
  facet normal -0.73933564243710415 0.42716051423763535 -0.52049659259053127
    outer loop
      vertex 0.037104501761411376 -0.016917601186025619 0.025318979425482474
      vertex 0.037104501761411376 -0.021532022072223267 0.02153202207222327
      vertex 0.033941125496954286 -0.023999999999999997 0.024
    endloop
  endfacet
  facet normal -0.73933564243710403 0.52049659259053138 -0.42716051423763512
    outer loop
      vertex 0.037104501761411376 -0.021532022072223267 0.02153202207222327
      vertex 0.033941125496954286 -0.02822101445806461 0.018856679001290448
      vertex 0.033941125496954286 -0.023999999999999997 0.024
    endloop
  endfacet
  facet normal -0.73933564243710359 0.52049659259053138 -0.42716051423763585
    outer loop
      vertex 0.037104501761411376 -0.021532022072223267 0.02153202207222327
      vertex 0.037104501761411376 -0.025318979425482471 0.016917601186025626
      vertex 0.033941125496954286 -0.02822101445806461 0.018856679001290448
    endloop
  endfacet
  facet normal -0.73933564243710359 0.59383027878802574 -0.31740889687696328
    outer loop
      vertex 0.037104501761411376 -0.025318979425482471 0.016917601186025626
      vertex 0.033941125496954286 -0.031357511157033037 0.012988706403508731
      vertex 0.033941125496954286 -0.02822101445806461 0.018856679001290448
    endloop
  endfacet
  facet normal -0.73933564243710415 0.59383027878802552 -0.31740889687696267
    outer loop
      vertex 0.037104501761411376 -0.025318979425482471 0.016917601186025626
      vertex 0.037104501761411376 -0.028132942598467617 0.011653046373749072
      vertex 0.033941125496954286 -0.031357511157033037 0.012988706403508731
    endloop
  endfacet
  facet normal -0.73933564243710415 0.64434340039555293 -0.19545943361426871
    outer loop
      vertex 0.037104501761411376 -0.028132942598467617 0.011653046373749072
      vertex 0.033941125496954286 -0.033288956287731535 0.0066215851027906433
      vertex 0.033941125496954286 -0.031357511157033037 0.012988706403508731
    endloop
  endfacet
  facet normal -0.73933564243710359 0.64434340039555316 -0.19545943361426932
    outer loop
      vertex 0.037104501761411376 -0.028132942598467617 0.011653046373749072
      vertex 0.037104501761411376 -0.02986577256452963 0.0059406715244330393
      vertex 0.033941125496954286 -0.033288956287731535 0.0066215851027906433
    endloop
  endfacet
  facet normal -0.7393356424371037 0.67009476647782151 -0.065998573932692081
    outer loop
      vertex 0.037104501761411376 -0.02986577256452963 0.0059406715244330393
      vertex 0.033941125496954286 -0.033941125496954279 4.1565890699303675e-18
      vertex 0.033941125496954286 -0.033288956287731535 0.0066215851027906433
    endloop
  endfacet
  facet normal -0.73933564243710392 0.67009476647782129 -0.06599857393269172
    outer loop
      vertex 0.037104501761411376 -0.02986577256452963 0.0059406715244330393
      vertex 0.037104501761411376 -0.030450877639854983 3.7291569832876115e-18
      vertex 0.033941125496954286 -0.033941125496954279 4.1565890699303675e-18
    endloop
  endfacet
  facet normal -0.73933564243710392 0.6700947664778214 0.065998573932692067
    outer loop
      vertex 0.037104501761411376 -0.030450877639854983 3.7291569832876115e-18
      vertex 0.033941125496954286 -0.033288956287731535 -0.0066215851027906347
      vertex 0.033941125496954286 -0.033941125496954279 4.1565890699303675e-18
    endloop
  endfacet
  facet normal -0.73933564243710359 0.67009476647782162 0.065998573932691762
    outer loop
      vertex 0.037104501761411376 -0.030450877639854983 3.7291569832876115e-18
      vertex 0.037104501761411376 -0.02986577256452963 -0.0059406715244330315
      vertex 0.033941125496954286 -0.033288956287731535 -0.0066215851027906347
    endloop
  endfacet
  facet normal -0.7393356424371037 0.64434340039555338 0.19545943361426879
    outer loop
      vertex 0.037104501761411376 -0.02986577256452963 -0.0059406715244330315
      vertex 0.033941125496954286 -0.031357511157033037 -0.012988706403508724
      vertex 0.033941125496954286 -0.033288956287731535 -0.0066215851027906347
    endloop
  endfacet
  facet normal -0.73933564243710381 0.64434340039555327 0.1954594336142689
    outer loop
      vertex 0.037104501761411376 -0.02986577256452963 -0.0059406715244330315
      vertex 0.037104501761411376 -0.02813294259846762 -0.011653046373749065
      vertex 0.033941125496954286 -0.031357511157033037 -0.012988706403508724
    endloop
  endfacet
  facet normal -0.73933564243710381 0.59383027878802574 0.31740889687696294
    outer loop
      vertex 0.037104501761411376 -0.02813294259846762 -0.011653046373749065
      vertex 0.033941125496954286 -0.028221014458064613 -0.018856679001290441
      vertex 0.033941125496954286 -0.031357511157033037 -0.012988706403508724
    endloop
  endfacet
  facet normal -0.7393356424371037 0.59383027878802608 0.31740889687696294
    outer loop
      vertex 0.037104501761411376 -0.02813294259846762 -0.011653046373749065
      vertex 0.037104501761411376 -0.025318979425482474 -0.016917601186025619
      vertex 0.033941125496954286 -0.028221014458064613 -0.018856679001290441
    endloop
  endfacet
  facet normal -0.7393356424371037 0.52049659259053216 0.42716051423763507
    outer loop
      vertex 0.037104501761411376 -0.025318979425482474 -0.016917601186025619
      vertex 0.033941125496954286 -0.024000000000000004 -0.023999999999999997
      vertex 0.033941125496954286 -0.028221014458064613 -0.018856679001290441
    endloop
  endfacet
  facet normal -0.73933564243710403 0.52049659259053138 0.42716051423763512
    outer loop
      vertex 0.037104501761411376 -0.025318979425482474 -0.016917601186025619
      vertex 0.037104501761411376 -0.021532022072223274 -0.021532022072223267
      vertex 0.033941125496954286 -0.024000000000000004 -0.023999999999999997
    endloop
  endfacet
  facet normal -0.73933564243710415 0.42716051423763479 0.52049659259053171
    outer loop
      vertex 0.037104501761411376 -0.021532022072223274 -0.021532022072223267
      vertex 0.033941125496954286 -0.018856679001290448 -0.028221014458064606
      vertex 0.033941125496954286 -0.024000000000000004 -0.023999999999999997
    endloop
  endfacet
  facet normal -0.73933564243710359 0.4271605142376354 0.52049659259053183
    outer loop
      vertex 0.037104501761411376 -0.021532022072223274 -0.021532022072223267
      vertex 0.037104501761411376 -0.016917601186025626 -0.025318979425482467
      vertex 0.033941125496954286 -0.018856679001290448 -0.028221014458064606
    endloop
  endfacet
  facet normal -0.73933564243710359 0.31740889687696311 0.59383027878802586
    outer loop
      vertex 0.037104501761411376 -0.016917601186025626 -0.025318979425482467
      vertex 0.033941125496954286 -0.012988706403508746 -0.031357511157033023
      vertex 0.033941125496954286 -0.018856679001290448 -0.028221014458064606
    endloop
  endfacet
  facet normal -0.73933564243710348 0.31740889687696328 0.59383027878802597
    outer loop
      vertex 0.037104501761411376 -0.016917601186025626 -0.025318979425482467
      vertex 0.037104501761411376 -0.011653046373749086 -0.02813294259846761
      vertex 0.033941125496954286 -0.012988706403508746 -0.031357511157033023
    endloop
  endfacet
  facet normal -0.73933564243710359 0.19545943361426971 0.64434340039555327
    outer loop
      vertex 0.037104501761411376 -0.011653046373749086 -0.02813294259846761
      vertex 0.033941125496954286 -0.0066215851027906451 -0.033288956287731535
      vertex 0.033941125496954286 -0.012988706403508746 -0.031357511157033023
    endloop
  endfacet
  facet normal -0.73933564243710392 0.19545943361426918 0.64434340039555293
    outer loop
      vertex 0.037104501761411376 -0.011653046373749086 -0.02813294259846761
      vertex 0.037104501761411376 -0.0059406715244330402 -0.029865772564529627
      vertex 0.033941125496954286 -0.0066215851027906451 -0.033288956287731535
    endloop
  endfacet
  facet normal -0.73933564243710403 0.065998573932691998 0.67009476647782118
    outer loop
      vertex 0.037104501761411376 -0.0059406715244330402 -0.029865772564529627
      vertex 0.033941125496954286 -6.2348836048955512e-18 -0.033941125496954279
      vertex 0.033941125496954286 -0.0066215851027906451 -0.033288956287731535
    endloop
  endfacet
  facet normal -0.73933564243710392 0.065998573932692123 0.67009476647782129
    outer loop
      vertex 0.037104501761411376 -0.0059406715244330402 -0.029865772564529627
      vertex 0.037104501761411376 -5.5937354749314165e-18 -0.030450877639854983
      vertex 0.033941125496954286 -6.2348836048955512e-18 -0.033941125496954279
    endloop
  endfacet
  facet normal -0.73933564243710392 -0.065998573932692053 0.67009476647782129
    outer loop
      vertex 0.037104501761411376 -5.5937354749314165e-18 -0.030450877639854983
      vertex 0.033941125496954286 0.0066215851027906329 -0.033288956287731535
      vertex 0.033941125496954286 -6.2348836048955512e-18 -0.033941125496954279
    endloop
  endfacet
  facet normal -0.7393356424371037 -0.065998573932691776 0.67009476647782173
    outer loop
      vertex 0.037104501761411376 -5.5937354749314165e-18 -0.030450877639854983
      vertex 0.037104501761411376 0.0059406715244330298 -0.02986577256452963
      vertex 0.033941125496954286 0.0066215851027906329 -0.033288956287731535
    endloop
  endfacet
  facet normal -0.7393356424371037 -0.1954594336142691 0.64434340039555338
    outer loop
      vertex 0.037104501761411376 0.0059406715244330298 -0.02986577256452963
      vertex 0.033941125496954286 0.012988706403508734 -0.03135751115703303
      vertex 0.033941125496954286 0.0066215851027906329 -0.033288956287731535
    endloop
  endfacet
  facet normal -0.73933564243710381 -0.19545943361426923 0.64434340039555305
    outer loop
      vertex 0.037104501761411376 0.0059406715244330298 -0.02986577256452963
      vertex 0.037104501761411376 0.011653046373749075 -0.028132942598467613
      vertex 0.033941125496954286 0.012988706403508734 -0.03135751115703303
    endloop
  endfacet
  facet normal -0.73933564243710381 -0.317408896876963 0.59383027878802574
    outer loop
      vertex 0.037104501761411376 0.011653046373749075 -0.028132942598467613
      vertex 0.033941125496954286 0.018856679001290438 -0.028221014458064613
      vertex 0.033941125496954286 0.012988706403508734 -0.03135751115703303
    endloop
  endfacet
  facet normal -0.73933564243710359 -0.31740889687696294 0.59383027878802597
    outer loop
      vertex 0.037104501761411376 0.011653046373749075 -0.028132942598467613
      vertex 0.037104501761411376 0.016917601186025616 -0.025318979425482474
      vertex 0.033941125496954286 0.018856679001290438 -0.028221014458064613
    endloop
  endfacet
  facet normal -0.7393356424371037 -0.42716051423763507 0.52049659259053216
    outer loop
      vertex 0.037104501761411376 0.016917601186025616 -0.025318979425482474
      vertex 0.033941125496954286 0.023999999999999994 -0.024000000000000004
      vertex 0.033941125496954286 0.018856679001290438 -0.028221014458064613
    endloop
  endfacet
  facet normal -0.73933564243710415 -0.42716051423763518 0.52049659259053149
    outer loop
      vertex 0.037104501761411376 0.016917601186025616 -0.025318979425482474
      vertex 0.037104501761411376 0.021532022072223263 -0.021532022072223274
      vertex 0.033941125496954286 0.023999999999999994 -0.024000000000000004
    endloop
  endfacet
  facet normal -0.73933564243710403 -0.52049659259053149 0.42716051423763496
    outer loop
      vertex 0.037104501761411376 0.021532022072223263 -0.021532022072223274
      vertex 0.033941125496954286 0.028221014458064606 -0.018856679001290448
      vertex 0.033941125496954286 0.023999999999999994 -0.024000000000000004
    endloop
  endfacet
  facet normal -0.7393356424371037 -0.52049659259053171 0.42716051423763568
    outer loop
      vertex 0.037104501761411376 0.021532022072223263 -0.021532022072223274
      vertex 0.037104501761411376 0.025318979425482467 -0.016917601186025626
      vertex 0.033941125496954286 0.028221014458064606 -0.018856679001290448
    endloop
  endfacet
  facet normal -0.7393356424371037 -0.59383027878802574 0.31740889687696316
    outer loop
      vertex 0.037104501761411376 0.025318979425482467 -0.016917601186025626
      vertex 0.033941125496954286 0.031357511157033023 -0.012988706403508748
      vertex 0.033941125496954286 0.028221014458064606 -0.018856679001290448
    endloop
  endfacet
  facet normal -0.7393356424371037 -0.59383027878802597 0.31740889687696339
    outer loop
      vertex 0.037104501761411376 0.025318979425482467 -0.016917601186025626
      vertex 0.037104501761411376 0.02813294259846761 -0.011653046373749087
      vertex 0.033941125496954286 0.031357511157033023 -0.012988706403508748
    endloop
  endfacet
  facet normal -0.73933564243710359 -0.64434340039555327 0.19545943361426971
    outer loop
      vertex 0.037104501761411376 0.02813294259846761 -0.011653046373749087
      vertex 0.033941125496954286 0.033288956287731535 -0.0066215851027906468
      vertex 0.033941125496954286 0.031357511157033023 -0.012988706403508748
    endloop
  endfacet
  facet normal -0.73933564243710392 -0.64434340039555293 0.19545943361426918
    outer loop
      vertex 0.037104501761411376 0.02813294259846761 -0.011653046373749087
      vertex 0.037104501761411376 0.029865772564529627 -0.0059406715244330419
      vertex 0.033941125496954286 0.033288956287731535 -0.0066215851027906468
    endloop
  endfacet
  facet normal -0.73933564243710392 -0.67009476647782107 0.065998573932691915
    outer loop
      vertex 0.037104501761411376 0.029865772564529627 -0.0059406715244330419
      vertex 0.033941125496954286 0.033941125496954279 0
      vertex 0.033941125496954286 0.033288956287731535 -0.0066215851027906468
    endloop
  endfacet
  facet normal -0.73933564243710392 -0.67009476647782129 0.06599857393269204
    outer loop
      vertex 0.037104501761411376 0.029865772564529627 -0.0059406715244330419
      vertex 0.037104501761411376 0.030450877639854983 0
      vertex 0.033941125496954286 0.033941125496954279 0
    endloop
  endfacet
  facet normal -0.66977780910913221 -0.7389859338711996 -0.072783761688178933
    outer loop
      vertex 0.033941125496954286 0.033941125496954279 0
      vertex 0.030450877639854983 0.036391549164288016 0.0072387291968817429
      vertex 0.030450877639854983 0.037104501761411376 0
    endloop
  endfacet
  facet normal -0.66977780910913276 -0.73898593387119926 -0.072783761688179266
    outer loop
      vertex 0.033941125496954286 0.033941125496954279 0
      vertex 0.033941125496954286 0.033288956287731535 0.0066215851027906312
      vertex 0.030450877639854983 0.036391549164288016 0.0072387291968817429
    endloop
  endfacet
  facet normal -0.66977780910913276 -0.71058711886061532 -0.21555424592046421
    outer loop
      vertex 0.033941125496954286 0.033288956287731535 0.0066215851027906312
      vertex 0.030450877639854983 0.034280089741396957 0.014199278090253425
      vertex 0.030450877639854983 0.036391549164288016 0.0072387291968817429
    endloop
  endfacet
  facet normal -0.66977780910913198 -0.71058711886061632 -0.21555424592046379
    outer loop
      vertex 0.033941125496954286 0.033288956287731535 0.0066215851027906312
      vertex 0.033941125496954286 0.031357511157033037 0.012988706403508727
      vertex 0.030450877639854983 0.034280089741396957 0.014199278090253425
    endloop
  endfacet
  facet normal -0.66977780910913198 -0.65488083937406572 -0.35004110136623984
    outer loop
      vertex 0.033941125496954286 0.031357511157033037 0.012988706403508727
      vertex 0.030450877639854983 0.030851265694239825 0.020614156689663557
      vertex 0.030450877639854983 0.034280089741396957 0.014199278090253425
    endloop
  endfacet
  facet normal -0.66977780910913254 -0.65488083937406516 -0.35004110136624006
    outer loop
      vertex 0.033941125496954286 0.031357511157033037 0.012988706403508727
      vertex 0.033941125496954286 0.028221014458064606 0.018856679001290448
      vertex 0.030450877639854983 0.030851265694239825 0.020614156689663557
    endloop
  endfacet
  facet normal -0.66977780910913265 -0.57400785649177588 -0.47107607359182152
    outer loop
      vertex 0.033941125496954286 0.028221014458064606 0.018856679001290448
      vertex 0.030450877639854983 0.026236844808042184 0.026236844808042181
      vertex 0.030450877639854983 0.030851265694239825 0.020614156689663557
    endloop
  endfacet
  facet normal -0.66977780910913243 -0.5740078564917761 -0.47107607359182146
    outer loop
      vertex 0.033941125496954286 0.028221014458064606 0.018856679001290448
      vertex 0.033941125496954286 0.024 0.023999999999999997
      vertex 0.030450877639854983 0.026236844808042184 0.026236844808042181
    endloop
  endfacet
  facet normal -0.66977780910913254 -0.4710760735918218 -0.57400785649177577
    outer loop
      vertex 0.033941125496954286 0.024 0.023999999999999997
      vertex 0.030450877639854983 0.02061415668966356 0.030851265694239825
      vertex 0.030450877639854983 0.026236844808042184 0.026236844808042181
    endloop
  endfacet
  facet normal -0.66977780910913254 -0.47107607359182163 -0.57400785649177588
    outer loop
      vertex 0.033941125496954286 0.024 0.023999999999999997
      vertex 0.033941125496954286 0.018856679001290452 0.028221014458064606
      vertex 0.030450877639854983 0.02061415668966356 0.030851265694239825
    endloop
  endfacet
  facet normal -0.66977780910913254 -0.3500411013662395 -0.65488083937406538
    outer loop
      vertex 0.033941125496954286 0.018856679001290452 0.028221014458064606
      vertex 0.030450877639854983 0.014199278090253427 0.034280089741396957
      vertex 0.030450877639854983 0.02061415668966356 0.030851265694239825
    endloop
  endfacet
  facet normal -0.66977780910913209 -0.35004110136624023 -0.6548808393740656
    outer loop
      vertex 0.033941125496954286 0.018856679001290452 0.028221014458064606
      vertex 0.033941125496954286 0.012988706403508729 0.031357511157033037
      vertex 0.030450877639854983 0.014199278090253427 0.034280089741396957
    endloop
  endfacet
  facet normal -0.66977780910913187 -0.21555424592046446 -0.71058711886061587
    outer loop
      vertex 0.033941125496954286 0.012988706403508729 0.031357511157033037
      vertex 0.030450877639854983 0.0072387291968817463 0.036391549164288016
      vertex 0.030450877639854983 0.014199278090253427 0.034280089741396957
    endloop
  endfacet
  facet normal -0.66977780910913276 -0.2155542459204636 -0.71058711886061554
    outer loop
      vertex 0.033941125496954286 0.012988706403508729 0.031357511157033037
      vertex 0.033941125496954286 0.0066215851027906338 0.033288956287731535
      vertex 0.030450877639854983 0.0072387291968817463 0.036391549164288016
    endloop
  endfacet
  facet normal -0.66977780910913276 -0.072783761688178905 -0.73898593387119937
    outer loop
      vertex 0.033941125496954286 0.0066215851027906338 0.033288956287731535
      vertex 0.030450877639854983 2.2719954658034886e-18 0.037104501761411376
      vertex 0.030450877639854983 0.0072387291968817463 0.036391549164288016
    endloop
  endfacet
  facet normal -0.66977780910913243 -0.072783761688179294 -0.7389859338711996
    outer loop
      vertex 0.033941125496954286 0.0066215851027906338 0.033288956287731535
      vertex 0.033941125496954286 2.0782945349651837e-18 0.033941125496954279
      vertex 0.030450877639854983 2.2719954658034886e-18 0.037104501761411376
    endloop
  endfacet
  facet normal -0.66977780910913221 0.072783761688178933 -0.7389859338711996
    outer loop
      vertex 0.033941125496954286 2.0782945349651837e-18 0.033941125496954279
      vertex 0.030450877639854983 -0.0072387291968817411 0.036391549164288016
      vertex 0.030450877639854983 2.2719954658034886e-18 0.037104501761411376
    endloop
  endfacet
  facet normal -0.66977780910913276 0.072783761688179266 -0.73898593387119926
    outer loop
      vertex 0.033941125496954286 2.0782945349651837e-18 0.033941125496954279
      vertex 0.033941125496954286 -0.0066215851027906295 0.033288956287731535
      vertex 0.030450877639854983 -0.0072387291968817411 0.036391549164288016
    endloop
  endfacet
  facet normal -0.66977780910913276 0.21555424592046421 -0.71058711886061532
    outer loop
      vertex 0.033941125496954286 -0.0066215851027906295 0.033288956287731535
      vertex 0.030450877639854983 -0.014199278090253424 0.034280089741396957
      vertex 0.030450877639854983 -0.0072387291968817411 0.036391549164288016
    endloop
  endfacet
  facet normal -0.66977780910913187 0.21555424592046374 -0.7105871188606161
    outer loop
      vertex 0.033941125496954286 -0.0066215851027906295 0.033288956287731535
      vertex 0.033941125496954286 -0.012988706403508726 0.031357511157033037
      vertex 0.030450877639854983 -0.014199278090253424 0.034280089741396957
    endloop
  endfacet
  facet normal -0.66977780910913198 0.3500411013662395 -0.65488083937406594
    outer loop
      vertex 0.033941125496954286 -0.012988706403508726 0.031357511157033037
      vertex 0.030450877639854983 -0.02061415668966355 0.030851265694239832
      vertex 0.030450877639854983 -0.014199278090253424 0.034280089741396957
    endloop
  endfacet
  facet normal -0.66977780910913254 0.35004110136623973 -0.65488083937406527
    outer loop
      vertex 0.033941125496954286 -0.012988706403508726 0.031357511157033037
      vertex 0.033941125496954286 -0.018856679001290441 0.028221014458064613
      vertex 0.030450877639854983 -0.02061415668966355 0.030851265694239832
    endloop
  endfacet
  facet normal -0.66977780910913254 0.47107607359182158 -0.57400785649177588
    outer loop
      vertex 0.033941125496954286 -0.018856679001290441 0.028221014458064613
      vertex 0.030450877639854983 -0.026236844808042181 0.026236844808042184
      vertex 0.030450877639854983 -0.02061415668966355 0.030851265694239832
    endloop
  endfacet
  facet normal -0.66977780910913254 0.47107607359182152 -0.57400785649177599
    outer loop
      vertex 0.033941125496954286 -0.018856679001290441 0.028221014458064613
      vertex 0.033941125496954286 -0.023999999999999997 0.024
      vertex 0.030450877639854983 -0.026236844808042181 0.026236844808042184
    endloop
  endfacet
  facet normal -0.66977780910913232 0.57400785649177577 -0.47107607359182185
    outer loop
      vertex 0.033941125496954286 -0.023999999999999997 0.024
      vertex 0.030450877639854983 -0.030851265694239828 0.020614156689663557
      vertex 0.030450877639854983 -0.026236844808042181 0.026236844808042184
    endloop
  endfacet
  facet normal -0.66977780910913254 0.57400785649177577 -0.47107607359182169
    outer loop
      vertex 0.033941125496954286 -0.023999999999999997 0.024
      vertex 0.033941125496954286 -0.02822101445806461 0.018856679001290448
      vertex 0.030450877639854983 -0.030851265694239828 0.020614156689663557
    endloop
  endfacet
  facet normal -0.66977780910913254 0.65488083937406538 -0.3500411013662395
    outer loop
      vertex 0.033941125496954286 -0.02822101445806461 0.018856679001290448
      vertex 0.030450877639854983 -0.034280089741396957 0.014199278090253429
      vertex 0.030450877639854983 -0.030851265694239828 0.020614156689663557
    endloop
  endfacet
  facet normal -0.66977780910913198 0.6548808393740656 -0.35004110136624017
    outer loop
      vertex 0.033941125496954286 -0.02822101445806461 0.018856679001290448
      vertex 0.033941125496954286 -0.031357511157033037 0.012988706403508731
      vertex 0.030450877639854983 -0.034280089741396957 0.014199278090253429
    endloop
  endfacet
  facet normal -0.66977780910913198 0.71058711886061598 -0.21555424592046477
    outer loop
      vertex 0.033941125496954286 -0.031357511157033037 0.012988706403508731
      vertex 0.030450877639854983 -0.036391549164288016 0.0072387291968817567
      vertex 0.030450877639854983 -0.034280089741396957 0.014199278090253429
    endloop
  endfacet
  facet normal -0.66977780910913287 0.71058711886061532 -0.21555424592046379
    outer loop
      vertex 0.033941125496954286 -0.031357511157033037 0.012988706403508731
      vertex 0.033941125496954286 -0.033288956287731535 0.0066215851027906433
      vertex 0.030450877639854983 -0.036391549164288016 0.0072387291968817567
    endloop
  endfacet
  facet normal -0.66977780910913276 0.73898593387119937 -0.072783761688178808
    outer loop
      vertex 0.033941125496954286 -0.033288956287731535 0.0066215851027906433
      vertex 0.030450877639854983 -0.037104501761411376 4.5439909316069771e-18
      vertex 0.030450877639854983 -0.036391549164288016 0.0072387291968817567
    endloop
  endfacet
  facet normal -0.66977780910913232 0.7389859338711996 -0.072783761688179224
    outer loop
      vertex 0.033941125496954286 -0.033288956287731535 0.0066215851027906433
      vertex 0.033941125496954286 -0.033941125496954279 4.1565890699303675e-18
      vertex 0.030450877639854983 -0.037104501761411376 4.5439909316069771e-18
    endloop
  endfacet
  facet normal -0.66977780910913243 0.73898593387119971 0.072783761688178863
    outer loop
      vertex 0.033941125496954286 -0.033941125496954279 4.1565890699303675e-18
      vertex 0.030450877639854983 -0.036391549164288016 -0.0072387291968817472
      vertex 0.030450877639854983 -0.037104501761411376 4.5439909316069771e-18
    endloop
  endfacet
  facet normal -0.66977780910913276 0.73898593387119926 0.072783761688179183
    outer loop
      vertex 0.033941125496954286 -0.033941125496954279 4.1565890699303675e-18
      vertex 0.033941125496954286 -0.033288956287731535 -0.0066215851027906347
      vertex 0.030450877639854983 -0.036391549164288016 -0.0072387291968817472
    endloop
  endfacet
  facet normal -0.66977780910913276 0.71058711886061554 0.21555424592046385
    outer loop
      vertex 0.033941125496954286 -0.033288956287731535 -0.0066215851027906347
      vertex 0.030450877639854983 -0.034280089741396964 -0.01419927809025342
      vertex 0.030450877639854983 -0.036391549164288016 -0.0072387291968817472
    endloop
  endfacet
  facet normal -0.66977780910913265 0.71058711886061554 0.21555424592046379
    outer loop
      vertex 0.033941125496954286 -0.033288956287731535 -0.0066215851027906347
      vertex 0.033941125496954286 -0.031357511157033037 -0.012988706403508724
      vertex 0.030450877639854983 -0.034280089741396964 -0.01419927809025342
    endloop
  endfacet
  facet normal -0.66977780910913265 0.65488083937406527 0.35004110136623967
    outer loop
      vertex 0.033941125496954286 -0.031357511157033037 -0.012988706403508724
      vertex 0.030450877639854983 -0.030851265694239832 -0.02061415668966355
      vertex 0.030450877639854983 -0.034280089741396964 -0.01419927809025342
    endloop
  endfacet
  facet normal -0.66977780910913243 0.65488083937406538 0.35004110136623962
    outer loop
      vertex 0.033941125496954286 -0.031357511157033037 -0.012988706403508724
      vertex 0.033941125496954286 -0.028221014458064613 -0.018856679001290441
      vertex 0.030450877639854983 -0.030851265694239832 -0.02061415668966355
    endloop
  endfacet
  facet normal -0.66977780910913254 0.57400785649177599 0.47107607359182135
    outer loop
      vertex 0.033941125496954286 -0.028221014458064613 -0.018856679001290441
      vertex 0.030450877639854983 -0.026236844808042187 -0.026236844808042181
      vertex 0.030450877639854983 -0.030851265694239832 -0.02061415668966355
    endloop
  endfacet
  facet normal -0.66977780910913232 0.57400785649177621 0.47107607359182135
    outer loop
      vertex 0.033941125496954286 -0.028221014458064613 -0.018856679001290441
      vertex 0.033941125496954286 -0.024000000000000004 -0.023999999999999997
      vertex 0.030450877639854983 -0.026236844808042187 -0.026236844808042181
    endloop
  endfacet
  facet normal -0.66977780910913232 0.47107607359182146 0.5740078564917761
    outer loop
      vertex 0.033941125496954286 -0.024000000000000004 -0.023999999999999997
      vertex 0.030450877639854983 -0.020614156689663557 -0.030851265694239825
      vertex 0.030450877639854983 -0.026236844808042187 -0.026236844808042181
    endloop
  endfacet
  facet normal -0.66977780910913254 0.47107607359182124 0.5740078564917761
    outer loop
      vertex 0.033941125496954286 -0.024000000000000004 -0.023999999999999997
      vertex 0.033941125496954286 -0.018856679001290448 -0.028221014458064606
      vertex 0.030450877639854983 -0.020614156689663557 -0.030851265694239825
    endloop
  endfacet
  facet normal -0.66977780910913254 0.35004110136623995 0.65488083937406516
    outer loop
      vertex 0.033941125496954286 -0.018856679001290448 -0.028221014458064606
      vertex 0.030450877639854983 -0.014199278090253446 -0.03428008974139695
      vertex 0.030450877639854983 -0.020614156689663557 -0.030851265694239825
    endloop
  endfacet
  facet normal -0.66977780910913287 0.35004110136623967 0.65488083937406505
    outer loop
      vertex 0.033941125496954286 -0.018856679001290448 -0.028221014458064606
      vertex 0.033941125496954286 -0.012988706403508746 -0.031357511157033023
      vertex 0.030450877639854983 -0.014199278090253446 -0.03428008974139695
    endloop
  endfacet
  facet normal -0.66977780910913276 0.21555424592046407 0.71058711886061532
    outer loop
      vertex 0.033941125496954286 -0.012988706403508746 -0.031357511157033023
      vertex 0.030450877639854983 -0.0072387291968817585 -0.036391549164288009
      vertex 0.030450877639854983 -0.014199278090253446 -0.03428008974139695
    endloop
  endfacet
  facet normal -0.66977780910913187 0.21555424592046502 0.71058711886061576
    outer loop
      vertex 0.033941125496954286 -0.012988706403508746 -0.031357511157033023
      vertex 0.033941125496954286 -0.0066215851027906451 -0.033288956287731535
      vertex 0.030450877639854983 -0.0072387291968817585 -0.036391549164288009
    endloop
  endfacet
  facet normal -0.66977780910913187 0.072783761688179571 0.73898593387119993
    outer loop
      vertex 0.033941125496954286 -0.0066215851027906451 -0.033288956287731535
      vertex 0.030450877639854983 -6.8159863974104653e-18 -0.037104501761411376
      vertex 0.030450877639854983 -0.0072387291968817585 -0.036391549164288009
    endloop
  endfacet
  facet normal -0.66977780910913232 0.072783761688179224 0.7389859338711996
    outer loop
      vertex 0.033941125496954286 -0.0066215851027906451 -0.033288956287731535
      vertex 0.033941125496954286 -6.2348836048955512e-18 -0.033941125496954279
      vertex 0.030450877639854983 -6.8159863974104653e-18 -0.037104501761411376
    endloop
  endfacet
  facet normal -0.66977780910913221 -0.07278376168817885 0.7389859338711996
    outer loop
      vertex 0.033941125496954286 -6.2348836048955512e-18 -0.033941125496954279
      vertex 0.030450877639854983 0.0072387291968817455 -0.036391549164288016
      vertex 0.030450877639854983 -6.8159863974104653e-18 -0.037104501761411376
    endloop
  endfacet
  facet normal -0.66977780910913276 -0.072783761688179183 0.73898593387119926
    outer loop
      vertex 0.033941125496954286 -6.2348836048955512e-18 -0.033941125496954279
      vertex 0.033941125496954286 0.0066215851027906329 -0.033288956287731535
      vertex 0.030450877639854983 0.0072387291968817455 -0.036391549164288016
    endloop
  endfacet
  facet normal -0.66977780910913276 -0.21555424592046474 0.71058711886061521
    outer loop
      vertex 0.033941125496954286 0.0066215851027906329 -0.033288956287731535
      vertex 0.030450877639854983 0.014199278090253434 -0.03428008974139695
      vertex 0.030450877639854983 0.0072387291968817455 -0.036391549164288016
    endloop
  endfacet
  facet normal -0.66977780910913198 -0.21555424592046429 0.71058711886061587
    outer loop
      vertex 0.033941125496954286 0.0066215851027906329 -0.033288956287731535
      vertex 0.033941125496954286 0.012988706403508734 -0.03135751115703303
      vertex 0.030450877639854983 0.014199278090253434 -0.03428008974139695
    endloop
  endfacet
  facet normal -0.66977780910913209 -0.3500411013662395 0.65488083937406594
    outer loop
      vertex 0.033941125496954286 0.012988706403508734 -0.03135751115703303
      vertex 0.030450877639854983 0.020614156689663547 -0.030851265694239832
      vertex 0.030450877639854983 0.014199278090253434 -0.03428008974139695
    endloop
  endfacet
  facet normal -0.66977780910913254 -0.35004110136623967 0.65488083937406527
    outer loop
      vertex 0.033941125496954286 0.012988706403508734 -0.03135751115703303
      vertex 0.033941125496954286 0.018856679001290438 -0.028221014458064613
      vertex 0.030450877639854983 0.020614156689663547 -0.030851265694239832
    endloop
  endfacet
  facet normal -0.66977780910913254 -0.47107607359182152 0.57400785649177588
    outer loop
      vertex 0.033941125496954286 0.018856679001290438 -0.028221014458064613
      vertex 0.030450877639854983 0.026236844808042174 -0.026236844808042187
      vertex 0.030450877639854983 0.020614156689663547 -0.030851265694239832
    endloop
  endfacet
  facet normal -0.66977780910913209 -0.47107607359182141 0.57400785649177632
    outer loop
      vertex 0.033941125496954286 0.018856679001290438 -0.028221014458064613
      vertex 0.033941125496954286 0.023999999999999994 -0.024000000000000004
      vertex 0.030450877639854983 0.026236844808042174 -0.026236844808042187
    endloop
  endfacet
  facet normal -0.66977780910913198 -0.57400785649177588 0.47107607359182196
    outer loop
      vertex 0.033941125496954286 0.023999999999999994 -0.024000000000000004
      vertex 0.030450877639854983 0.030851265694239825 -0.020614156689663557
      vertex 0.030450877639854983 0.026236844808042174 -0.026236844808042187
    endloop
  endfacet
  facet normal -0.66977780910913254 -0.57400785649177588 0.47107607359182141
    outer loop
      vertex 0.033941125496954286 0.023999999999999994 -0.024000000000000004
      vertex 0.033941125496954286 0.028221014458064606 -0.018856679001290448
      vertex 0.030450877639854983 0.030851265694239825 -0.020614156689663557
    endloop
  endfacet
  facet normal -0.66977780910913254 -0.65488083937406516 0.35004110136624
    outer loop
      vertex 0.033941125496954286 0.028221014458064606 -0.018856679001290448
      vertex 0.030450877639854983 0.03428008974139695 -0.014199278090253448
      vertex 0.030450877639854983 0.030851265694239825 -0.020614156689663557
    endloop
  endfacet
  facet normal -0.66977780910913276 -0.65488083937406516 0.35004110136623973
    outer loop
      vertex 0.033941125496954286 0.028221014458064606 -0.018856679001290448
      vertex 0.033941125496954286 0.031357511157033023 -0.012988706403508748
      vertex 0.030450877639854983 0.03428008974139695 -0.014199278090253448
    endloop
  endfacet
  facet normal -0.66977780910913276 -0.7105871188606151 0.21555424592046407
    outer loop
      vertex 0.033941125496954286 0.031357511157033023 -0.012988706403508748
      vertex 0.030450877639854983 0.036391549164288009 -0.0072387291968817611
      vertex 0.030450877639854983 0.03428008974139695 -0.014199278090253448
    endloop
  endfacet
  facet normal -0.66977780910913187 -0.71058711886061576 0.21555424592046502
    outer loop
      vertex 0.033941125496954286 0.031357511157033023 -0.012988706403508748
      vertex 0.033941125496954286 0.033288956287731535 -0.0066215851027906468
      vertex 0.030450877639854983 0.036391549164288009 -0.0072387291968817611
    endloop
  endfacet
  facet normal -0.66977780910913187 -0.73898593387119993 0.07278376168817946
    outer loop
      vertex 0.033941125496954286 0.033288956287731535 -0.0066215851027906468
      vertex 0.030450877639854983 0.037104501761411376 0
      vertex 0.030450877639854983 0.036391549164288009 -0.0072387291968817611
    endloop
  endfacet
  facet normal -0.66977780910913243 -0.73898593387119982 0.072783761688179141
    outer loop
      vertex 0.033941125496954286 0.033288956287731535 -0.0066215851027906468
      vertex 0.033941125496954286 0.033941125496954279 0
      vertex 0.030450877639854983 0.037104501761411376 0
    endloop
  endfacet
  facet normal -0.59384399367298146 -0.80070593442961036 -0.078862651158381855
    outer loop
      vertex 0.030450877639854983 0.037104501761411376 0
      vertex 0.026667371184940912 0.039143671528748022 0.0077861603717149855
      vertex 0.026667371184940912 0.039910541390522171 0
    endloop
  endfacet
  facet normal -0.59384399367298135 -0.80070593442961036 -0.078862651158381758
    outer loop
      vertex 0.030450877639854983 0.037104501761411376 0
      vertex 0.030450877639854983 0.036391549164288016 0.0072387291968817429
      vertex 0.026667371184940912 0.039143671528748022 0.0077861603717149855
    endloop
  endfacet
  facet normal -0.59384399367298135 -0.76993525441054167 -0.23355730601781347
    outer loop
      vertex 0.030450877639854983 0.036391549164288016 0.0072387291968817429
      vertex 0.026667371184940912 0.036872532322147981 0.015273102966874008
      vertex 0.026667371184940912 0.039143671528748022 0.0077861603717149855
    endloop
  endfacet
  facet normal -0.59384399367298124 -0.76993525441054178 -0.23355730601781344
    outer loop
      vertex 0.030450877639854983 0.036391549164288016 0.0072387291968817429
      vertex 0.030450877639854983 0.034280089741396957 0.014199278090253425
      vertex 0.026667371184940912 0.036872532322147981 0.015273102966874008
    endloop
  endfacet
  facet normal -0.59384399367298135 -0.7095763943491411 -0.37927648458742658
    outer loop
      vertex 0.030450877639854983 0.034280089741396957 0.014199278090253425
      vertex 0.026667371184940912 0.033184402376762151 0.02217310878027088
      vertex 0.026667371184940912 0.036872532322147981 0.015273102966874008
    endloop
  endfacet
  facet normal -0.59384399367298102 -0.70957639434914144 -0.37927648458742652
    outer loop
      vertex 0.030450877639854983 0.034280089741396957 0.014199278090253425
      vertex 0.030450877639854983 0.030851265694239825 0.020614156689663557
      vertex 0.026667371184940912 0.033184402376762151 0.02217310878027088
    endloop
  endfacet
  facet normal -0.59384399367298113 -0.62194891138792985 -0.51042028055504751
    outer loop
      vertex 0.030450877639854983 0.030851265694239825 0.020614156689663557
      vertex 0.026667371184940912 0.02822101445806461 0.028221014458064606
      vertex 0.026667371184940912 0.033184402376762151 0.02217310878027088
    endloop
  endfacet
  facet normal -0.59384399367298102 -0.62194891138792985 -0.51042028055504751
    outer loop
      vertex 0.030450877639854983 0.030851265694239825 0.020614156689663557
      vertex 0.030450877639854983 0.026236844808042184 0.026236844808042181
      vertex 0.026667371184940912 0.02822101445806461 0.028221014458064606
    endloop
  endfacet
  facet normal -0.59384399367298113 -0.51042028055504773 -0.62194891138792963
    outer loop
      vertex 0.030450877639854983 0.026236844808042184 0.026236844808042181
      vertex 0.026667371184940912 0.022173108780270883 0.033184402376762151
      vertex 0.026667371184940912 0.02822101445806461 0.028221014458064606
    endloop
  endfacet
  facet normal -0.59384399367298113 -0.51042028055504785 -0.62194891138792974
    outer loop
      vertex 0.030450877639854983 0.026236844808042184 0.026236844808042181
      vertex 0.030450877639854983 0.02061415668966356 0.030851265694239825
      vertex 0.026667371184940912 0.022173108780270883 0.033184402376762151
    endloop
  endfacet
  facet normal -0.59384399367298102 -0.37927648458742658 -0.70957639434914122
    outer loop
      vertex 0.030450877639854983 0.02061415668966356 0.030851265694239825
      vertex 0.026667371184940912 0.01527310296687401 0.036872532322147981
      vertex 0.026667371184940912 0.022173108780270883 0.033184402376762151
    endloop
  endfacet
  facet normal -0.59384399367298135 -0.3792764845874263 -0.70957639434914122
    outer loop
      vertex 0.030450877639854983 0.02061415668966356 0.030851265694239825
      vertex 0.030450877639854983 0.014199278090253427 0.034280089741396957
      vertex 0.026667371184940912 0.01527310296687401 0.036872532322147981
    endloop
  endfacet
  facet normal -0.59384399367298135 -0.23355730601781347 -0.76993525441054167
    outer loop
      vertex 0.030450877639854983 0.014199278090253427 0.034280089741396957
      vertex 0.026667371184940912 0.0077861603717149881 0.039143671528748022
      vertex 0.026667371184940912 0.01527310296687401 0.036872532322147981
    endloop
  endfacet
  facet normal -0.59384399367298135 -0.23355730601781349 -0.76993525441054167
    outer loop
      vertex 0.030450877639854983 0.014199278090253427 0.034280089741396957
      vertex 0.030450877639854983 0.0072387291968817463 0.036391549164288016
      vertex 0.026667371184940912 0.0077861603717149881 0.039143671528748022
    endloop
  endfacet
  facet normal -0.59384399367298124 -0.078862651158381855 -0.80070593442961036
    outer loop
      vertex 0.030450877639854983 0.0072387291968817463 0.036391549164288016
      vertex 0.026667371184940912 2.4438158383070465e-18 0.039910541390522171
      vertex 0.026667371184940912 0.0077861603717149881 0.039143671528748022
    endloop
  endfacet
  facet normal -0.59384399367298146 -0.078862651158381744 -0.80070593442961036
    outer loop
      vertex 0.030450877639854983 0.0072387291968817463 0.036391549164288016
      vertex 0.030450877639854983 2.2719954658034886e-18 0.037104501761411376
      vertex 0.026667371184940912 2.4438158383070465e-18 0.039910541390522171
    endloop
  endfacet
  facet normal -0.59384399367298146 0.078862651158381855 -0.80070593442961036
    outer loop
      vertex 0.030450877639854983 2.2719954658034886e-18 0.037104501761411376
      vertex 0.026667371184940912 -0.0077861603717149829 0.039143671528748022
      vertex 0.026667371184940912 2.4438158383070465e-18 0.039910541390522171
    endloop
  endfacet
  facet normal -0.59384399367298135 0.078862651158381758 -0.80070593442961047
    outer loop
      vertex 0.030450877639854983 2.2719954658034886e-18 0.037104501761411376
      vertex 0.030450877639854983 -0.0072387291968817411 0.036391549164288016
      vertex 0.026667371184940912 -0.0077861603717149829 0.039143671528748022
    endloop
  endfacet
  facet normal -0.59384399367298135 0.23355730601781349 -0.76993525441054178
    outer loop
      vertex 0.030450877639854983 -0.0072387291968817411 0.036391549164288016
      vertex 0.026667371184940912 -0.015273102966874005 0.036872532322147981
      vertex 0.026667371184940912 -0.0077861603717149829 0.039143671528748022
    endloop
  endfacet
  facet normal -0.59384399367298113 0.23355730601781344 -0.76993525441054178
    outer loop
      vertex 0.030450877639854983 -0.0072387291968817411 0.036391549164288016
      vertex 0.030450877639854983 -0.014199278090253424 0.034280089741396957
      vertex 0.026667371184940912 -0.015273102966874005 0.036872532322147981
    endloop
  endfacet
  facet normal -0.59384399367298135 0.37927648458742563 -0.70957639434914166
    outer loop
      vertex 0.030450877639854983 -0.014199278090253424 0.034280089741396957
      vertex 0.026667371184940912 -0.022173108780270873 0.033184402376762165
      vertex 0.026667371184940912 -0.015273102966874005 0.036872532322147981
    endloop
  endfacet
  facet normal -0.5938439936729818 0.3792764845874258 -0.70957639434914099
    outer loop
      vertex 0.030450877639854983 -0.014199278090253424 0.034280089741396957
      vertex 0.030450877639854983 -0.02061415668966355 0.030851265694239832
      vertex 0.026667371184940912 -0.022173108780270873 0.033184402376762165
    endloop
  endfacet
  facet normal -0.5938439936729818 0.51042028055504773 -0.62194891138792907
    outer loop
      vertex 0.030450877639854983 -0.02061415668966355 0.030851265694239832
      vertex 0.026667371184940912 -0.028221014458064606 0.02822101445806461
      vertex 0.026667371184940912 -0.022173108780270873 0.033184402376762165
    endloop
  endfacet
  facet normal -0.59384399367298113 0.51042028055504762 -0.62194891138792985
    outer loop
      vertex 0.030450877639854983 -0.02061415668966355 0.030851265694239832
      vertex 0.030450877639854983 -0.026236844808042181 0.026236844808042184
      vertex 0.026667371184940912 -0.028221014458064606 0.02822101445806461
    endloop
  endfacet
  facet normal -0.59384399367298113 0.6219489113879294 -0.51042028055504796
    outer loop
      vertex 0.030450877639854983 -0.026236844808042181 0.026236844808042184
      vertex 0.026667371184940912 -0.033184402376762158 0.02217310878027088
      vertex 0.026667371184940912 -0.028221014458064606 0.02822101445806461
    endloop
  endfacet
  facet normal -0.59384399367298135 0.6219489113879294 -0.51042028055504762
    outer loop
      vertex 0.030450877639854983 -0.026236844808042181 0.026236844808042184
      vertex 0.030450877639854983 -0.030851265694239828 0.020614156689663557
      vertex 0.026667371184940912 -0.033184402376762158 0.02217310878027088
    endloop
  endfacet
  facet normal -0.59384399367298146 0.70957639434914122 -0.37927648458742613
    outer loop
      vertex 0.030450877639854983 -0.030851265694239828 0.020614156689663557
      vertex 0.026667371184940912 -0.036872532322147981 0.015273102966874012
      vertex 0.026667371184940912 -0.033184402376762158 0.02217310878027088
    endloop
  endfacet
  facet normal -0.59384399367298135 0.70957639434914122 -0.37927648458742619
    outer loop
      vertex 0.030450877639854983 -0.030851265694239828 0.020614156689663557
      vertex 0.030450877639854983 -0.034280089741396957 0.014199278090253429
      vertex 0.026667371184940912 -0.036872532322147981 0.015273102966874012
    endloop
  endfacet
  facet normal -0.59384399367298124 0.76993525441054156 -0.23355730601781372
    outer loop
      vertex 0.030450877639854983 -0.034280089741396957 0.014199278090253429
      vertex 0.026667371184940912 -0.039143671528748022 0.0077861603717149994
      vertex 0.026667371184940912 -0.036872532322147981 0.015273102966874012
    endloop
  endfacet
  facet normal -0.59384399367298146 0.76993525441054167 -0.23355730601781377
    outer loop
      vertex 0.030450877639854983 -0.034280089741396957 0.014199278090253429
      vertex 0.030450877639854983 -0.036391549164288016 0.0072387291968817567
      vertex 0.026667371184940912 -0.039143671528748022 0.0077861603717149994
    endloop
  endfacet
  facet normal -0.59384399367298135 0.80070593442961047 -0.078862651158381786
    outer loop
      vertex 0.030450877639854983 -0.036391549164288016 0.0072387291968817567
      vertex 0.026667371184940912 -0.039910541390522171 4.8876316766140931e-18
      vertex 0.026667371184940912 -0.039143671528748022 0.0077861603717149994
    endloop
  endfacet
  facet normal -0.59384399367298146 0.80070593442961024 -0.078862651158381661
    outer loop
      vertex 0.030450877639854983 -0.036391549164288016 0.0072387291968817567
      vertex 0.030450877639854983 -0.037104501761411376 4.5439909316069771e-18
      vertex 0.026667371184940912 -0.039910541390522171 4.8876316766140931e-18
    endloop
  endfacet
  facet normal -0.59384399367298135 0.80070593442961024 0.078862651158381744
    outer loop
      vertex 0.030450877639854983 -0.037104501761411376 4.5439909316069771e-18
      vertex 0.026667371184940912 -0.039143671528748022 -0.0077861603717149898
      vertex 0.026667371184940912 -0.039910541390522171 4.8876316766140931e-18
    endloop
  endfacet
  facet normal -0.59384399367298135 0.80070593442961047 0.078862651158381689
    outer loop
      vertex 0.030450877639854983 -0.037104501761411376 4.5439909316069771e-18
      vertex 0.030450877639854983 -0.036391549164288016 -0.0072387291968817472
      vertex 0.026667371184940912 -0.039143671528748022 -0.0077861603717149898
    endloop
  endfacet
  facet normal -0.59384399367298124 0.76993525441054178 0.2335573060178131
    outer loop
      vertex 0.030450877639854983 -0.036391549164288016 -0.0072387291968817472
      vertex 0.026667371184940912 -0.036872532322147988 -0.015273102966874003
      vertex 0.026667371184940912 -0.039143671528748022 -0.0077861603717149898
    endloop
  endfacet
  facet normal -0.59384399367298124 0.76993525441054189 0.23355730601781305
    outer loop
      vertex 0.030450877639854983 -0.036391549164288016 -0.0072387291968817472
      vertex 0.030450877639854983 -0.034280089741396964 -0.01419927809025342
      vertex 0.026667371184940912 -0.036872532322147988 -0.015273102966874003
    endloop
  endfacet
  facet normal -0.59384399367298124 0.70957639434914133 0.37927648458742608
    outer loop
      vertex 0.030450877639854983 -0.034280089741396964 -0.01419927809025342
      vertex 0.026667371184940912 -0.033184402376762165 -0.022173108780270873
      vertex 0.026667371184940912 -0.036872532322147988 -0.015273102966874003
    endloop
  endfacet
  facet normal -0.59384399367298168 0.70957639434914066 0.37927648458742619
    outer loop
      vertex 0.030450877639854983 -0.034280089741396964 -0.01419927809025342
      vertex 0.030450877639854983 -0.030851265694239832 -0.02061415668966355
      vertex 0.026667371184940912 -0.033184402376762165 -0.022173108780270873
    endloop
  endfacet
  facet normal -0.59384399367298191 0.6219489113879294 0.51042028055504729
    outer loop
      vertex 0.030450877639854983 -0.030851265694239832 -0.02061415668966355
      vertex 0.026667371184940912 -0.028221014458064617 -0.028221014458064606
      vertex 0.026667371184940912 -0.033184402376762165 -0.022173108780270873
    endloop
  endfacet
  facet normal -0.59384399367298146 0.62194891138792985 0.51042028055504729
    outer loop
      vertex 0.030450877639854983 -0.030851265694239832 -0.02061415668966355
      vertex 0.030450877639854983 -0.026236844808042187 -0.026236844808042181
      vertex 0.026667371184940912 -0.028221014458064617 -0.028221014458064606
    endloop
  endfacet
  facet normal -0.59384399367298135 0.51042028055504707 0.62194891138793007
    outer loop
      vertex 0.030450877639854983 -0.026236844808042187 -0.026236844808042181
      vertex 0.026667371184940912 -0.02217310878027088 -0.033184402376762151
      vertex 0.026667371184940912 -0.028221014458064617 -0.028221014458064606
    endloop
  endfacet
  facet normal -0.59384399367298102 0.51042028055504729 0.62194891138792996
    outer loop
      vertex 0.030450877639854983 -0.026236844808042187 -0.026236844808042181
      vertex 0.030450877639854983 -0.020614156689663557 -0.030851265694239825
      vertex 0.026667371184940912 -0.02217310878027088 -0.033184402376762151
    endloop
  endfacet
  facet normal -0.59384399367298102 0.37927648458742697 0.7095763943491411
    outer loop
      vertex 0.030450877639854983 -0.020614156689663557 -0.030851265694239825
      vertex 0.026667371184940912 -0.015273102966874029 -0.036872532322147974
      vertex 0.026667371184940912 -0.02217310878027088 -0.033184402376762151
    endloop
  endfacet
  facet normal -0.59384399367298124 0.37927648458742669 0.70957639434914099
    outer loop
      vertex 0.030450877639854983 -0.020614156689663557 -0.030851265694239825
      vertex 0.030450877639854983 -0.014199278090253446 -0.03428008974139695
      vertex 0.026667371184940912 -0.015273102966874029 -0.036872532322147974
    endloop
  endfacet
  facet normal -0.59384399367298124 0.23355730601781327 0.76993525441054167
    outer loop
      vertex 0.030450877639854983 -0.014199278090253446 -0.03428008974139695
      vertex 0.026667371184940912 -0.007786160371715002 -0.039143671528748016
      vertex 0.026667371184940912 -0.015273102966874029 -0.036872532322147974
    endloop
  endfacet
  facet normal -0.59384399367298146 0.23355730601781324 0.76993525441054167
    outer loop
      vertex 0.030450877639854983 -0.014199278090253446 -0.03428008974139695
      vertex 0.030450877639854983 -0.0072387291968817585 -0.036391549164288009
      vertex 0.026667371184940912 -0.007786160371715002 -0.039143671528748016
    endloop
  endfacet
  facet normal -0.59384399367298135 0.078862651158382438 0.80070593442961024
    outer loop
      vertex 0.030450877639854983 -0.0072387291968817585 -0.036391549164288009
      vertex 0.026667371184940912 -7.3314475149211392e-18 -0.039910541390522171
      vertex 0.026667371184940912 -0.007786160371715002 -0.039143671528748016
    endloop
  endfacet
  facet normal -0.59384399367298146 0.078862651158382424 0.80070593442961013
    outer loop
      vertex 0.030450877639854983 -0.0072387291968817585 -0.036391549164288009
      vertex 0.030450877639854983 -6.8159863974104653e-18 -0.037104501761411376
      vertex 0.026667371184940912 -7.3314475149211392e-18 -0.039910541390522171
    endloop
  endfacet
  facet normal -0.59384399367298135 -0.078862651158381744 0.80070593442961036
    outer loop
      vertex 0.030450877639854983 -6.8159863974104653e-18 -0.037104501761411376
      vertex 0.026667371184940912 0.0077861603717149872 -0.039143671528748022
      vertex 0.026667371184940912 -7.3314475149211392e-18 -0.039910541390522171
    endloop
  endfacet
  facet normal -0.59384399367298135 -0.078862651158381675 0.80070593442961036
    outer loop
      vertex 0.030450877639854983 -6.8159863974104653e-18 -0.037104501761411376
      vertex 0.030450877639854983 0.0072387291968817455 -0.036391549164288016
      vertex 0.026667371184940912 0.0077861603717149872 -0.039143671528748022
    endloop
  endfacet
  facet normal -0.59384399367298135 -0.23355730601781324 0.76993525441054178
    outer loop
      vertex 0.030450877639854983 0.0072387291968817455 -0.036391549164288016
      vertex 0.026667371184940912 0.015273102966874017 -0.036872532322147981
      vertex 0.026667371184940912 0.0077861603717149872 -0.039143671528748022
    endloop
  endfacet
  facet normal -0.59384399367298224 -0.23355730601781377 0.76993525441054078
    outer loop
      vertex 0.030450877639854983 0.0072387291968817455 -0.036391549164288016
      vertex 0.030450877639854983 0.014199278090253434 -0.03428008974139695
      vertex 0.026667371184940912 0.015273102966874017 -0.036872532322147981
    endloop
  endfacet
  facet normal -0.59384399367298213 -0.37927648458742608 0.70957639434914066
    outer loop
      vertex 0.030450877639854983 0.014199278090253434 -0.03428008974139695
      vertex 0.026667371184940912 0.022173108780270866 -0.033184402376762165
      vertex 0.026667371184940912 0.015273102966874017 -0.036872532322147981
    endloop
  endfacet
  facet normal -0.59384399367298168 -0.37927648458742597 0.7095763943491411
    outer loop
      vertex 0.030450877639854983 0.014199278090253434 -0.03428008974139695
      vertex 0.030450877639854983 0.020614156689663547 -0.030851265694239832
      vertex 0.026667371184940912 0.022173108780270866 -0.033184402376762165
    endloop
  endfacet
  facet normal -0.59384399367298146 -0.51042028055504718 0.62194891138792963
    outer loop
      vertex 0.030450877639854983 0.020614156689663547 -0.030851265694239832
      vertex 0.026667371184940912 0.028221014458064603 -0.028221014458064617
      vertex 0.026667371184940912 0.022173108780270866 -0.033184402376762165
    endloop
  endfacet
  facet normal -0.59384399367298168 -0.51042028055504729 0.6219489113879294
    outer loop
      vertex 0.030450877639854983 0.020614156689663547 -0.030851265694239832
      vertex 0.030450877639854983 0.026236844808042174 -0.026236844808042187
      vertex 0.026667371184940912 0.028221014458064603 -0.028221014458064617
    endloop
  endfacet
  facet normal -0.59384399367298168 -0.62194891138792963 0.51042028055504707
    outer loop
      vertex 0.030450877639854983 0.026236844808042174 -0.026236844808042187
      vertex 0.026667371184940912 0.033184402376762151 -0.02217310878027088
      vertex 0.026667371184940912 0.028221014458064603 -0.028221014458064617
    endloop
  endfacet
  facet normal -0.59384399367298113 -0.62194891138792952 0.51042028055504773
    outer loop
      vertex 0.030450877639854983 0.026236844808042174 -0.026236844808042187
      vertex 0.030450877639854983 0.030851265694239825 -0.020614156689663557
      vertex 0.026667371184940912 0.033184402376762151 -0.02217310878027088
    endloop
  endfacet
  facet normal -0.59384399367298091 -0.70957639434914099 0.37927648458742713
    outer loop
      vertex 0.030450877639854983 0.030851265694239825 -0.020614156689663557
      vertex 0.026667371184940912 0.036872532322147974 -0.015273102966874032
      vertex 0.026667371184940912 0.033184402376762151 -0.02217310878027088
    endloop
  endfacet
  facet normal -0.59384399367298135 -0.70957639434914099 0.37927648458742674
    outer loop
      vertex 0.030450877639854983 0.030851265694239825 -0.020614156689663557
      vertex 0.030450877639854983 0.03428008974139695 -0.014199278090253448
      vertex 0.026667371184940912 0.036872532322147974 -0.015273102966874032
    endloop
  endfacet
  facet normal -0.59384399367298146 -0.76993525441054167 0.23355730601781324
    outer loop
      vertex 0.030450877639854983 0.03428008974139695 -0.014199278090253448
      vertex 0.026667371184940912 0.039143671528748016 -0.0077861603717150037
      vertex 0.026667371184940912 0.036872532322147974 -0.015273102966874032
    endloop
  endfacet
  facet normal -0.59384399367298135 -0.76993525441054167 0.2335573060178133
    outer loop
      vertex 0.030450877639854983 0.03428008974139695 -0.014199278090253448
      vertex 0.030450877639854983 0.036391549164288009 -0.0072387291968817611
      vertex 0.026667371184940912 0.039143671528748016 -0.0077861603717150037
    endloop
  endfacet
  facet normal -0.59384399367298135 -0.80070593442961024 0.078862651158382355
    outer loop
      vertex 0.030450877639854983 0.036391549164288009 -0.0072387291968817611
      vertex 0.026667371184940912 0.039910541390522171 0
      vertex 0.026667371184940912 0.039143671528748016 -0.0077861603717150037
    endloop
  endfacet
  facet normal -0.59384399367298146 -0.80070593442961024 0.078862651158382327
    outer loop
      vertex 0.030450877639854983 0.036391549164288009 -0.0072387291968817611
      vertex 0.030450877639854983 0.037104501761411376 0
      vertex 0.026667371184940912 0.039910541390522171 0
    endloop
  endfacet
  facet normal -0.51227801099723946 -0.85468422658569498 -0.084179048903658085
    outer loop
      vertex 0.026667371184940912 0.039910541390522171 0
      vertex 0.022627043367647894 0.04151881893827869 0.0082586065658203939
      vertex 0.022627043367647894 0.042332220688721035 0
    endloop
  endfacet
  facet normal -0.51227801099723891 -0.85468422658569543 -0.084179048903657683
    outer loop
      vertex 0.026667371184940912 0.039910541390522171 0
      vertex 0.026667371184940912 0.039143671528748022 0.0077861603717149855
      vertex 0.022627043367647894 0.04151881893827869 0.0082586065658203939
    endloop
  endfacet
  facet normal -0.51227801099723891 -0.82183919107044356 -0.24930219306975948
    outer loop
      vertex 0.026667371184940912 0.039143671528748022 0.0077861603717149855
      vertex 0.022627043367647894 0.039109872260060213 0.01619983951279623
      vertex 0.022627043367647894 0.04151881893827869 0.0082586065658203939
    endloop
  endfacet
  facet normal -0.51227801099724002 -0.82183919107044268 -0.24930219306976001
    outer loop
      vertex 0.026667371184940912 0.039143671528748022 0.0077861603717149855
      vertex 0.026667371184940912 0.036872532322147981 0.015273102966874008
      vertex 0.022627043367647894 0.039109872260060213 0.01619983951279623
    endloop
  endfacet
  facet normal -0.51227801099723991 -0.75741133633508173 -0.40484479376647226
    outer loop
      vertex 0.026667371184940912 0.036872532322147981 0.015273102966874008
      vertex 0.022627043367647894 0.03519795512395666 0.023518521712269969
      vertex 0.022627043367647894 0.039109872260060213 0.01619983951279623
    endloop
  endfacet
  facet normal -0.51227801099723946 -0.75741133633508206 -0.40484479376647209
    outer loop
      vertex 0.026667371184940912 0.036872532322147981 0.015273102966874008
      vertex 0.026667371184940912 0.033184402376762151 0.02217310878027088
      vertex 0.022627043367647894 0.03519795512395666 0.023518521712269969
    endloop
  endfacet
  facet normal -0.51227801099723946 -0.66387658870553534 -0.54482943607831391
    outer loop
      vertex 0.026667371184940912 0.033184402376762151 0.02217310878027088
      vertex 0.022627043367647894 0.029933400311680108 0.029933400311680104
      vertex 0.022627043367647894 0.03519795512395666 0.023518521712269969
    endloop
  endfacet
  facet normal -0.5122780109972398 -0.66387658870553501 -0.54482943607831391
    outer loop
      vertex 0.026667371184940912 0.033184402376762151 0.02217310878027088
      vertex 0.026667371184940912 0.02822101445806461 0.028221014458064606
      vertex 0.022627043367647894 0.029933400311680108 0.029933400311680104
    endloop
  endfacet
  facet normal -0.51227801099723991 -0.54482943607831413 -0.6638765887055349
    outer loop
      vertex 0.026667371184940912 0.02822101445806461 0.028221014458064606
      vertex 0.022627043367647894 0.023518521712269976 0.03519795512395666
      vertex 0.022627043367647894 0.029933400311680108 0.029933400311680104
    endloop
  endfacet
  facet normal -0.5122780109972398 -0.54482943607831413 -0.6638765887055349
    outer loop
      vertex 0.026667371184940912 0.02822101445806461 0.028221014458064606
      vertex 0.026667371184940912 0.022173108780270883 0.033184402376762151
      vertex 0.022627043367647894 0.023518521712269976 0.03519795512395666
    endloop
  endfacet
  facet normal -0.5122780109972398 -0.4048447937664722 -0.75741133633508195
    outer loop
      vertex 0.026667371184940912 0.022173108780270883 0.033184402376762151
      vertex 0.022627043367647894 0.016199839512796233 0.039109872260060213
      vertex 0.022627043367647894 0.023518521712269976 0.03519795512395666
    endloop
  endfacet
  facet normal -0.51227801099724013 -0.40484479376647187 -0.75741133633508184
    outer loop
      vertex 0.026667371184940912 0.022173108780270883 0.033184402376762151
      vertex 0.026667371184940912 0.01527310296687401 0.036872532322147981
      vertex 0.022627043367647894 0.016199839512796233 0.039109872260060213
    endloop
  endfacet
  facet normal -0.51227801099724013 -0.24930219306975931 -0.82183919107044301
    outer loop
      vertex 0.026667371184940912 0.01527310296687401 0.036872532322147981
      vertex 0.022627043367647894 0.0082586065658203974 0.04151881893827869
      vertex 0.022627043367647894 0.016199839512796233 0.039109872260060213
    endloop
  endfacet
  facet normal -0.51227801099723891 -0.24930219306976026 -0.82183919107044334
    outer loop
      vertex 0.026667371184940912 0.01527310296687401 0.036872532322147981
      vertex 0.026667371184940912 0.0077861603717149881 0.039143671528748022
      vertex 0.022627043367647894 0.0082586065658203974 0.04151881893827869
    endloop
  endfacet
  facet normal -0.51227801099723891 -0.084179048903658113 -0.85468422658569543
    outer loop
      vertex 0.026667371184940912 0.0077861603717149881 0.039143671528748022
      vertex 0.022627043367647894 2.5921009283620792e-18 0.042332220688721035
      vertex 0.022627043367647894 0.0082586065658203974 0.04151881893827869
    endloop
  endfacet
  facet normal -0.51227801099723957 -0.084179048903657641 -0.85468422658569498
    outer loop
      vertex 0.026667371184940912 0.0077861603717149881 0.039143671528748022
      vertex 0.026667371184940912 2.4438158383070465e-18 0.039910541390522171
      vertex 0.022627043367647894 2.5921009283620792e-18 0.042332220688721035
    endloop
  endfacet
  facet normal -0.51227801099723946 0.084179048903658099 -0.85468422658569498
    outer loop
      vertex 0.026667371184940912 2.4438158383070465e-18 0.039910541390522171
      vertex 0.022627043367647894 -0.0082586065658203905 0.04151881893827869
      vertex 0.022627043367647894 2.5921009283620792e-18 0.042332220688721035
    endloop
  endfacet
  facet normal -0.5122780109972388 0.084179048903657683 -0.85468422658569543
    outer loop
      vertex 0.026667371184940912 2.4438158383070465e-18 0.039910541390522171
      vertex 0.026667371184940912 -0.0077861603717149829 0.039143671528748022
      vertex 0.022627043367647894 -0.0082586065658203905 0.04151881893827869
    endloop
  endfacet
  facet normal -0.51227801099723891 0.24930219306975934 -0.82183919107044368
    outer loop
      vertex 0.026667371184940912 -0.0077861603717149829 0.039143671528748022
      vertex 0.022627043367647894 -0.01619983951279623 0.039109872260060213
      vertex 0.022627043367647894 -0.0082586065658203905 0.04151881893827869
    endloop
  endfacet
  facet normal -0.51227801099724024 0.24930219306976001 -0.82183919107044257
    outer loop
      vertex 0.026667371184940912 -0.0077861603717149829 0.039143671528748022
      vertex 0.026667371184940912 -0.015273102966874005 0.036872532322147981
      vertex 0.022627043367647894 -0.01619983951279623 0.039109872260060213
    endloop
  endfacet
  facet normal -0.51227801099724024 0.40484479376647148 -0.75741133633508195
    outer loop
      vertex 0.026667371184940912 -0.015273102966874005 0.036872532322147981
      vertex 0.022627043367647894 -0.023518521712269959 0.035197955123956674
      vertex 0.022627043367647894 -0.01619983951279623 0.039109872260060213
    endloop
  endfacet
  facet normal -0.51227801099723924 0.4048447937664712 -0.75741133633508273
    outer loop
      vertex 0.026667371184940912 -0.015273102966874005 0.036872532322147981
      vertex 0.026667371184940912 -0.022173108780270873 0.033184402376762165
      vertex 0.022627043367647894 -0.023518521712269959 0.035197955123956674
    endloop
  endfacet
  facet normal -0.51227801099723913 0.54482943607831436 -0.66387658870553523
    outer loop
      vertex 0.026667371184940912 -0.022173108780270873 0.033184402376762165
      vertex 0.022627043367647894 -0.029933400311680104 0.029933400311680108
      vertex 0.022627043367647894 -0.023518521712269959 0.035197955123956674
    endloop
  endfacet
  facet normal -0.51227801099723991 0.54482943607831447 -0.66387658870553456
    outer loop
      vertex 0.026667371184940912 -0.022173108780270873 0.033184402376762165
      vertex 0.026667371184940912 -0.028221014458064606 0.02822101445806461
      vertex 0.022627043367647894 -0.029933400311680104 0.029933400311680108
    endloop
  endfacet
  facet normal -0.5122780109972398 0.66387658870553479 -0.54482943607831424
    outer loop
      vertex 0.026667371184940912 -0.028221014458064606 0.02822101445806461
      vertex 0.022627043367647894 -0.035197955123956667 0.023518521712269969
      vertex 0.022627043367647894 -0.029933400311680104 0.029933400311680108
    endloop
  endfacet
  facet normal -0.51227801099723957 0.6638765887055349 -0.54482943607831469
    outer loop
      vertex 0.026667371184940912 -0.028221014458064606 0.02822101445806461
      vertex 0.026667371184940912 -0.033184402376762158 0.02217310878027088
      vertex 0.022627043367647894 -0.035197955123956667 0.023518521712269969
    endloop
  endfacet
  facet normal -0.51227801099723957 0.75741133633508206 -0.40484479376647209
    outer loop
      vertex 0.026667371184940912 -0.033184402376762158 0.02217310878027088
      vertex 0.022627043367647894 -0.039109872260060213 0.016199839512796237
      vertex 0.022627043367647894 -0.035197955123956667 0.023518521712269969
    endloop
  endfacet
  facet normal -0.51227801099724024 0.75741133633508195 -0.40484479376647153
    outer loop
      vertex 0.026667371184940912 -0.033184402376762158 0.02217310878027088
      vertex 0.026667371184940912 -0.036872532322147981 0.015273102966874012
      vertex 0.022627043367647894 -0.039109872260060213 0.016199839512796237
    endloop
  endfacet
  facet normal -0.51227801099724024 0.82183919107044279 -0.24930219306975948
    outer loop
      vertex 0.026667371184940912 -0.036872532322147981 0.015273102966874012
      vertex 0.022627043367647894 -0.04151881893827869 0.0082586065658204078
      vertex 0.022627043367647894 -0.039109872260060213 0.016199839512796237
    endloop
  endfacet
  facet normal -0.5122780109972388 0.82183919107044334 -0.24930219306976056
    outer loop
      vertex 0.026667371184940912 -0.036872532322147981 0.015273102966874012
      vertex 0.026667371184940912 -0.039143671528748022 0.0077861603717149994
      vertex 0.022627043367647894 -0.04151881893827869 0.0082586065658204078
    endloop
  endfacet
  facet normal -0.5122780109972388 0.85468422658569543 -0.084179048903658002
    outer loop
      vertex 0.026667371184940912 -0.039143671528748022 0.0077861603717149994
      vertex 0.022627043367647894 -0.042332220688721035 5.1842018567241584e-18
      vertex 0.022627043367647894 -0.04151881893827869 0.0082586065658204078
    endloop
  endfacet
  facet normal -0.51227801099723957 0.85468422658569509 -0.084179048903657544
    outer loop
      vertex 0.026667371184940912 -0.039143671528748022 0.0077861603717149994
      vertex 0.026667371184940912 -0.039910541390522171 4.8876316766140931e-18
      vertex 0.022627043367647894 -0.042332220688721035 5.1842018567241584e-18
    endloop
  endfacet
  facet normal -0.51227801099723946 0.85468422658569498 0.084179048903658002
    outer loop
      vertex 0.026667371184940912 -0.039910541390522171 4.8876316766140931e-18
      vertex 0.022627043367647894 -0.04151881893827869 -0.0082586065658203974
      vertex 0.022627043367647894 -0.042332220688721035 5.1842018567241584e-18
    endloop
  endfacet
  facet normal -0.51227801099723891 0.85468422658569554 0.084179048903657586
    outer loop
      vertex 0.026667371184940912 -0.039910541390522171 4.8876316766140931e-18
      vertex 0.026667371184940912 -0.039143671528748022 -0.0077861603717149898
      vertex 0.022627043367647894 -0.04151881893827869 -0.0082586065658203974
    endloop
  endfacet
  facet normal -0.5122780109972388 0.82183919107044356 0.24930219306975965
    outer loop
      vertex 0.026667371184940912 -0.039143671528748022 -0.0077861603717149898
      vertex 0.022627043367647894 -0.039109872260060213 -0.016199839512796226
      vertex 0.022627043367647894 -0.04151881893827869 -0.0082586065658203974
    endloop
  endfacet
  facet normal -0.51227801099723913 0.82183919107044345 0.24930219306975979
    outer loop
      vertex 0.026667371184940912 -0.039143671528748022 -0.0077861603717149898
      vertex 0.026667371184940912 -0.036872532322147988 -0.015273102966874003
      vertex 0.022627043367647894 -0.039109872260060213 -0.016199839512796226
    endloop
  endfacet
  facet normal -0.51227801099723913 0.75741133633508262 0.40484479376647164
    outer loop
      vertex 0.026667371184940912 -0.036872532322147988 -0.015273102966874003
      vertex 0.022627043367647894 -0.035197955123956674 -0.023518521712269959
      vertex 0.022627043367647894 -0.039109872260060213 -0.016199839512796226
    endloop
  endfacet
  facet normal -0.51227801099723913 0.75741133633508251 0.40484479376647164
    outer loop
      vertex 0.026667371184940912 -0.036872532322147988 -0.015273102966874003
      vertex 0.026667371184940912 -0.033184402376762165 -0.022173108780270873
      vertex 0.022627043367647894 -0.035197955123956674 -0.023518521712269959
    endloop
  endfacet
  facet normal -0.51227801099723913 0.66387658870553534 0.54482943607831413
    outer loop
      vertex 0.026667371184940912 -0.033184402376762165 -0.022173108780270873
      vertex 0.022627043367647894 -0.029933400311680111 -0.029933400311680104
      vertex 0.022627043367647894 -0.035197955123956674 -0.023518521712269959
    endloop
  endfacet
  facet normal -0.51227801099723946 0.66387658870553512 0.54482943607831424
    outer loop
      vertex 0.026667371184940912 -0.033184402376762165 -0.022173108780270873
      vertex 0.026667371184940912 -0.028221014458064617 -0.028221014458064606
      vertex 0.022627043367647894 -0.029933400311680111 -0.029933400311680104
    endloop
  endfacet
  facet normal -0.51227801099723946 0.5448294360783138 0.66387658870553545
    outer loop
      vertex 0.026667371184940912 -0.028221014458064617 -0.028221014458064606
      vertex 0.022627043367647894 -0.023518521712269969 -0.03519795512395666
      vertex 0.022627043367647894 -0.029933400311680111 -0.029933400311680104
    endloop
  endfacet
  facet normal -0.51227801099723957 0.5448294360783138 0.66387658870553556
    outer loop
      vertex 0.026667371184940912 -0.028221014458064617 -0.028221014458064606
      vertex 0.026667371184940912 -0.02217310878027088 -0.033184402376762151
      vertex 0.022627043367647894 -0.023518521712269969 -0.03519795512395666
    endloop
  endfacet
  facet normal -0.51227801099723946 0.40484479376647226 0.75741133633508195
    outer loop
      vertex 0.026667371184940912 -0.02217310878027088 -0.033184402376762151
      vertex 0.022627043367647894 -0.016199839512796254 -0.039109872260060199
      vertex 0.022627043367647894 -0.023518521712269969 -0.03519795512395666
    endloop
  endfacet
  facet normal -0.51227801099723924 0.40484479376647259 0.75741133633508206
    outer loop
      vertex 0.026667371184940912 -0.02217310878027088 -0.033184402376762151
      vertex 0.026667371184940912 -0.015273102966874029 -0.036872532322147974
      vertex 0.022627043367647894 -0.016199839512796254 -0.039109872260060199
    endloop
  endfacet
  facet normal -0.51227801099723924 0.24930219306976056 0.82183919107044312
    outer loop
      vertex 0.026667371184940912 -0.015273102966874029 -0.036872532322147974
      vertex 0.022627043367647894 -0.0082586065658204113 -0.04151881893827869
      vertex 0.022627043367647894 -0.016199839512796254 -0.039109872260060199
    endloop
  endfacet
  facet normal -0.51227801099723991 0.24930219306975993 0.8218391910704429
    outer loop
      vertex 0.026667371184940912 -0.015273102966874029 -0.036872532322147974
      vertex 0.026667371184940912 -0.007786160371715002 -0.039143671528748016
      vertex 0.022627043367647894 -0.0082586065658204113 -0.04151881893827869
    endloop
  endfacet
  facet normal -0.51227801099723991 0.084179048903657946 0.85468422658569487
    outer loop
      vertex 0.026667371184940912 -0.007786160371715002 -0.039143671528748016
      vertex 0.022627043367647894 -7.7763027850862364e-18 -0.042332220688721035
      vertex 0.022627043367647894 -0.0082586065658204113 -0.04151881893827869
    endloop
  endfacet
  facet normal -0.51227801099723957 0.084179048903658307 0.85468422658569509
    outer loop
      vertex 0.026667371184940912 -0.007786160371715002 -0.039143671528748016
      vertex 0.026667371184940912 -7.3314475149211392e-18 -0.039910541390522171
      vertex 0.022627043367647894 -7.7763027850862364e-18 -0.042332220688721035
    endloop
  endfacet
  facet normal -0.51227801099723946 -0.084179048903658002 0.85468422658569498
    outer loop
      vertex 0.026667371184940912 -7.3314475149211392e-18 -0.039910541390522171
      vertex 0.022627043367647894 0.0082586065658203957 -0.04151881893827869
      vertex 0.022627043367647894 -7.7763027850862364e-18 -0.042332220688721035
    endloop
  endfacet
  facet normal -0.51227801099723891 -0.084179048903657586 0.85468422658569554
    outer loop
      vertex 0.026667371184940912 -7.3314475149211392e-18 -0.039910541390522171
      vertex 0.026667371184940912 0.0077861603717149872 -0.039143671528748022
      vertex 0.022627043367647894 0.0082586065658203957 -0.04151881893827869
    endloop
  endfacet
  facet normal -0.51227801099723902 -0.24930219306975993 0.82183919107044356
    outer loop
      vertex 0.026667371184940912 0.0077861603717149872 -0.039143671528748022
      vertex 0.022627043367647894 0.01619983951279624 -0.039109872260060206
      vertex 0.022627043367647894 0.0082586065658203957 -0.04151881893827869
    endloop
  endfacet
  facet normal -0.51227801099723913 -0.24930219306975998 0.82183919107044334
    outer loop
      vertex 0.026667371184940912 0.0077861603717149872 -0.039143671528748022
      vertex 0.026667371184940912 0.015273102966874017 -0.036872532322147981
      vertex 0.022627043367647894 0.01619983951279624 -0.039109872260060206
    endloop
  endfacet
  facet normal -0.51227801099723924 -0.40484479376647192 0.75741133633508251
    outer loop
      vertex 0.026667371184940912 0.015273102966874017 -0.036872532322147981
      vertex 0.022627043367647894 0.023518521712269955 -0.035197955123956674
      vertex 0.022627043367647894 0.01619983951279624 -0.039109872260060206
    endloop
  endfacet
  facet normal -0.51227801099723946 -0.40484479376647192 0.75741133633508217
    outer loop
      vertex 0.026667371184940912 0.015273102966874017 -0.036872532322147981
      vertex 0.026667371184940912 0.022173108780270866 -0.033184402376762165
      vertex 0.022627043367647894 0.023518521712269955 -0.035197955123956674
    endloop
  endfacet
  facet normal -0.51227801099723946 -0.54482943607831424 0.66387658870553512
    outer loop
      vertex 0.026667371184940912 0.022173108780270866 -0.033184402376762165
      vertex 0.022627043367647894 0.029933400311680097 -0.029933400311680111
      vertex 0.022627043367647894 0.023518521712269955 -0.035197955123956674
    endloop
  endfacet
  facet normal -0.51227801099723913 -0.54482943607831424 0.66387658870553556
    outer loop
      vertex 0.026667371184940912 0.022173108780270866 -0.033184402376762165
      vertex 0.026667371184940912 0.028221014458064603 -0.028221014458064617
      vertex 0.022627043367647894 0.029933400311680097 -0.029933400311680111
    endloop
  endfacet
  facet normal -0.51227801099723913 -0.66387658870553534 0.54482943607831436
    outer loop
      vertex 0.026667371184940912 0.028221014458064603 -0.028221014458064617
      vertex 0.022627043367647894 0.03519795512395666 -0.023518521712269969
      vertex 0.022627043367647894 0.029933400311680097 -0.029933400311680111
    endloop
  endfacet
  facet normal -0.51227801099723946 -0.66387658870553523 0.54482943607831402
    outer loop
      vertex 0.026667371184940912 0.028221014458064603 -0.028221014458064617
      vertex 0.026667371184940912 0.033184402376762151 -0.02217310878027088
      vertex 0.022627043367647894 0.03519795512395666 -0.023518521712269969
    endloop
  endfacet
  facet normal -0.51227801099723957 -0.75741133633508195 0.40484479376647248
    outer loop
      vertex 0.026667371184940912 0.033184402376762151 -0.02217310878027088
      vertex 0.022627043367647894 0.039109872260060199 -0.016199839512796257
      vertex 0.022627043367647894 0.03519795512395666 -0.023518521712269969
    endloop
  endfacet
  facet normal -0.51227801099723924 -0.75741133633508195 0.4048447937664727
    outer loop
      vertex 0.026667371184940912 0.033184402376762151 -0.02217310878027088
      vertex 0.026667371184940912 0.036872532322147974 -0.015273102966874032
      vertex 0.022627043367647894 0.039109872260060199 -0.016199839512796257
    endloop
  endfacet
  facet normal -0.51227801099723902 -0.82183919107044312 0.24930219306976048
    outer loop
      vertex 0.026667371184940912 0.036872532322147974 -0.015273102966874032
      vertex 0.022627043367647894 0.04151881893827869 -0.008258606565820413
      vertex 0.022627043367647894 0.039109872260060199 -0.016199839512796257
    endloop
  endfacet
  facet normal -0.51227801099723991 -0.8218391910704429 0.24930219306975987
    outer loop
      vertex 0.026667371184940912 0.036872532322147974 -0.015273102966874032
      vertex 0.026667371184940912 0.039143671528748016 -0.0077861603717150037
      vertex 0.022627043367647894 0.04151881893827869 -0.008258606565820413
    endloop
  endfacet
  facet normal -0.51227801099724002 -0.85468422658569487 0.084179048903657863
    outer loop
      vertex 0.026667371184940912 0.039143671528748016 -0.0077861603717150037
      vertex 0.022627043367647894 0.042332220688721035 0
      vertex 0.022627043367647894 0.04151881893827869 -0.008258606565820413
    endloop
  endfacet
  facet normal -0.51227801099723957 -0.85468422658569509 0.08417904890365821
    outer loop
      vertex 0.026667371184940912 0.039143671528748016 -0.0077861603717150037
      vertex 0.026667371184940912 0.039910541390522171 0
      vertex 0.022627043367647894 0.042332220688721035 0
    endloop
  endfacet
  facet normal -0.42587043223198495 -0.90042737628698655 -0.088684355911714724
    outer loop
      vertex 0.022627043367647894 0.042332220688721035 0
      vertex 0.018368804753524311 0.043494117424938618 0.0086515178640833752
      vertex 0.018368804753524311 0.044346217560541766 0
    endloop
  endfacet
  facet normal -0.42587043223198562 -0.90042737628698621 -0.088684355911715113
    outer loop
      vertex 0.022627043367647894 0.042332220688721035 0
      vertex 0.022627043367647894 0.04151881893827869 0.0082586065658203939
      vertex 0.018368804753524311 0.043494117424938618 0.0086515178640833752
    endloop
  endfacet
  facet normal -0.42587043223198556 -0.8658244571817677 -0.26264497767221651
    outer loop
      vertex 0.022627043367647894 0.04151881893827869 0.0082586065658203939
      vertex 0.018368804753524311 0.040970562748477143 0.016970562748477143
      vertex 0.018368804753524311 0.043494117424938618 0.0086515178640833752
    endloop
  endfacet
  facet normal -0.42587043223198501 -0.86582445718176804 -0.26264497767221617
    outer loop
      vertex 0.022627043367647894 0.04151881893827869 0.0082586065658203939
      vertex 0.022627043367647894 0.039109872260060213 0.01619983951279623
      vertex 0.018368804753524311 0.040970562748477143 0.016970562748477143
    endloop
  endfacet
  facet normal -0.42587043223198517 -0.79794838974700344 -0.42651230023377579
    outer loop
      vertex 0.022627043367647894 0.039109872260060213 0.01619983951279623
      vertex 0.018368804753524311 0.036872532322147988 0.024637438423648163
      vertex 0.018368804753524311 0.040970562748477143 0.016970562748477143
    endloop
  endfacet
  facet normal -0.42587043223198601 -0.79794838974700277 -0.42651230023377618
    outer loop
      vertex 0.022627043367647894 0.039109872260060213 0.01619983951279623
      vertex 0.022627043367647894 0.03519795512395666 0.023518521712269969
      vertex 0.018368804753524311 0.036872532322147988 0.024637438423648163
    endloop
  endfacet
  facet normal -0.42587043223198584 -0.69940761318887368 -0.57398899428820449
    outer loop
      vertex 0.022627043367647894 0.03519795512395666 0.023518521712269969
      vertex 0.018368804753524311 0.031357511157033037 0.031357511157033037
      vertex 0.018368804753524311 0.036872532322147988 0.024637438423648163
    endloop
  endfacet
  facet normal -0.42587043223198451 -0.69940761318887457 -0.57398899428820427
    outer loop
      vertex 0.022627043367647894 0.03519795512395666 0.023518521712269969
      vertex 0.022627043367647894 0.029933400311680108 0.029933400311680104
      vertex 0.018368804753524311 0.031357511157033037 0.031357511157033037
    endloop
  endfacet
  facet normal -0.42587043223198462 -0.57398899428820493 -0.6994076131888739
    outer loop
      vertex 0.022627043367647894 0.029933400311680108 0.029933400311680104
      vertex 0.018368804753524311 0.024637438423648166 0.036872532322147988
      vertex 0.018368804753524311 0.031357511157033037 0.031357511157033037
    endloop
  endfacet
  facet normal -0.42587043223198551 -0.57398899428820438 -0.69940761318887401
    outer loop
      vertex 0.022627043367647894 0.029933400311680108 0.029933400311680104
      vertex 0.022627043367647894 0.023518521712269976 0.03519795512395666
      vertex 0.018368804753524311 0.024637438423648166 0.036872532322147988
    endloop
  endfacet
  facet normal -0.42587043223198562 -0.42651230023377551 -0.79794838974700322
    outer loop
      vertex 0.022627043367647894 0.023518521712269976 0.03519795512395666
      vertex 0.018368804753524311 0.016970562748477143 0.040970562748477143
      vertex 0.018368804753524311 0.024637438423648166 0.036872532322147988
    endloop
  endfacet
  facet normal -0.42587043223198484 -0.42651230023377629 -0.79794838974700344
    outer loop
      vertex 0.022627043367647894 0.023518521712269976 0.03519795512395666
      vertex 0.022627043367647894 0.016199839512796233 0.039109872260060213
      vertex 0.018368804753524311 0.016970562748477143 0.040970562748477143
    endloop
  endfacet
  facet normal -0.42587043223198484 -0.26264497767221667 -0.86582445718176804
    outer loop
      vertex 0.022627043367647894 0.016199839512796233 0.039109872260060213
      vertex 0.018368804753524311 0.0086515178640833787 0.043494117424938618
      vertex 0.018368804753524311 0.016970562748477143 0.040970562748477143
    endloop
  endfacet
  facet normal -0.42587043223198562 -0.26264497767221612 -0.86582445718176793
    outer loop
      vertex 0.022627043367647894 0.016199839512796233 0.039109872260060213
      vertex 0.022627043367647894 0.0082586065658203974 0.04151881893827869
      vertex 0.018368804753524311 0.0086515178640833787 0.043494117424938618
    endloop
  endfacet
  facet normal -0.42587043223198567 -0.088684355911714724 -0.90042737628698621
    outer loop
      vertex 0.022627043367647894 0.0082586065658203974 0.04151881893827869
      vertex 0.018368804753524311 2.715422669490481e-18 0.044346217560541766
      vertex 0.018368804753524311 0.0086515178640833787 0.043494117424938618
    endloop
  endfacet
  facet normal -0.42587043223198501 -0.088684355911715113 -0.90042737628698655
    outer loop
      vertex 0.022627043367647894 0.0082586065658203974 0.04151881893827869
      vertex 0.022627043367647894 2.5921009283620792e-18 0.042332220688721035
      vertex 0.018368804753524311 2.715422669490481e-18 0.044346217560541766
    endloop
  endfacet
  facet normal -0.42587043223198501 0.088684355911714766 -0.90042737628698666
    outer loop
      vertex 0.022627043367647894 2.5921009283620792e-18 0.042332220688721035
      vertex 0.018368804753524311 -0.0086515178640833718 0.043494117424938618
      vertex 0.018368804753524311 2.715422669490481e-18 0.044346217560541766
    endloop
  endfacet
  facet normal -0.42587043223198562 0.08868435591171514 -0.90042737628698621
    outer loop
      vertex 0.022627043367647894 2.5921009283620792e-18 0.042332220688721035
      vertex 0.022627043367647894 -0.0082586065658203905 0.04151881893827869
      vertex 0.018368804753524311 -0.0086515178640833718 0.043494117424938618
    endloop
  endfacet
  facet normal -0.42587043223198556 0.26264497767221651 -0.8658244571817677
    outer loop
      vertex 0.022627043367647894 -0.0082586065658203905 0.04151881893827869
      vertex 0.018368804753524311 -0.016970562748477139 0.040970562748477143
      vertex 0.018368804753524311 -0.0086515178640833718 0.043494117424938618
    endloop
  endfacet
  facet normal -0.42587043223198484 0.26264497767221612 -0.86582445718176826
    outer loop
      vertex 0.022627043367647894 -0.0082586065658203905 0.04151881893827869
      vertex 0.022627043367647894 -0.01619983951279623 0.039109872260060213
      vertex 0.018368804753524311 -0.016970562748477139 0.040970562748477143
    endloop
  endfacet
  facet normal -0.42587043223198484 0.42651230023377562 -0.79794838974700355
    outer loop
      vertex 0.022627043367647894 -0.01619983951279623 0.039109872260060213
      vertex 0.018368804753524311 -0.024637438423648152 0.036872532322147995
      vertex 0.018368804753524311 -0.016970562748477139 0.040970562748477143
    endloop
  endfacet
  facet normal -0.4258704322319849 0.42651230023377562 -0.79794838974700355
    outer loop
      vertex 0.022627043367647894 -0.01619983951279623 0.039109872260060213
      vertex 0.022627043367647894 -0.023518521712269959 0.035197955123956674
      vertex 0.018368804753524311 -0.024637438423648152 0.036872532322147995
    endloop
  endfacet
  facet normal -0.4258704322319849 0.57398899428820471 -0.69940761318887423
    outer loop
      vertex 0.022627043367647894 -0.023518521712269959 0.035197955123956674
      vertex 0.018368804753524311 -0.031357511157033037 0.031357511157033037
      vertex 0.018368804753524311 -0.024637438423648152 0.036872532322147995
    endloop
  endfacet
  facet normal -0.42587043223198451 0.5739889942882046 -0.69940761318887423
    outer loop
      vertex 0.022627043367647894 -0.023518521712269959 0.035197955123956674
      vertex 0.022627043367647894 -0.029933400311680104 0.029933400311680108
      vertex 0.018368804753524311 -0.031357511157033037 0.031357511157033037
    endloop
  endfacet
  facet normal -0.42587043223198462 0.69940761318887401 -0.57398899428820482
    outer loop
      vertex 0.022627043367647894 -0.029933400311680104 0.029933400311680108
      vertex 0.018368804753524311 -0.036872532322147988 0.024637438423648163
      vertex 0.018368804753524311 -0.031357511157033037 0.031357511157033037
    endloop
  endfacet
  facet normal -0.42587043223198495 0.69940761318887423 -0.57398899428820471
    outer loop
      vertex 0.022627043367647894 -0.029933400311680104 0.029933400311680108
      vertex 0.022627043367647894 -0.035197955123956667 0.023518521712269969
      vertex 0.018368804753524311 -0.036872532322147988 0.024637438423648163
    endloop
  endfacet
  facet normal -0.42587043223198484 0.79794838974700344 -0.42651230023377601
    outer loop
      vertex 0.022627043367647894 -0.035197955123956667 0.023518521712269969
      vertex 0.018368804753524311 -0.040970562748477143 0.016970562748477146
      vertex 0.018368804753524311 -0.036872532322147988 0.024637438423648163
    endloop
  endfacet
  facet normal -0.4258704322319849 0.79794838974700344 -0.42651230023377618
    outer loop
      vertex 0.022627043367647894 -0.035197955123956667 0.023518521712269969
      vertex 0.022627043367647894 -0.039109872260060213 0.016199839512796237
      vertex 0.018368804753524311 -0.040970562748477143 0.016970562748477146
    endloop
  endfacet
  facet normal -0.42587043223198484 0.86582445718176793 -0.26264497767221689
    outer loop
      vertex 0.022627043367647894 -0.039109872260060213 0.016199839512796237
      vertex 0.018368804753524311 -0.043494117424938618 0.0086515178640833908
      vertex 0.018368804753524311 -0.040970562748477143 0.016970562748477146
    endloop
  endfacet
  facet normal -0.42587043223198573 0.86582445718176759 -0.26264497767221628
    outer loop
      vertex 0.022627043367647894 -0.039109872260060213 0.016199839512796237
      vertex 0.022627043367647894 -0.04151881893827869 0.0082586065658204078
      vertex 0.018368804753524311 -0.043494117424938618 0.0086515178640833908
    endloop
  endfacet
  facet normal -0.42587043223198567 0.90042737628698633 -0.088684355911714613
    outer loop
      vertex 0.022627043367647894 -0.04151881893827869 0.0082586065658204078
      vertex 0.018368804753524311 -0.044346217560541766 5.430845338980962e-18
      vertex 0.018368804753524311 -0.043494117424938618 0.0086515178640833908
    endloop
  endfacet
  facet normal -0.42587043223198501 0.90042737628698666 -0.088684355911715057
    outer loop
      vertex 0.022627043367647894 -0.04151881893827869 0.0082586065658204078
      vertex 0.022627043367647894 -0.042332220688721035 5.1842018567241584e-18
      vertex 0.018368804753524311 -0.044346217560541766 5.430845338980962e-18
    endloop
  endfacet
  facet normal -0.42587043223198495 0.90042737628698666 0.088684355911714641
    outer loop
      vertex 0.022627043367647894 -0.042332220688721035 5.1842018567241584e-18
      vertex 0.018368804753524311 -0.043494117424938618 -0.0086515178640833787
      vertex 0.018368804753524311 -0.044346217560541766 5.430845338980962e-18
    endloop
  endfacet
  facet normal -0.42587043223198562 0.90042737628698621 0.088684355911715015
    outer loop
      vertex 0.022627043367647894 -0.042332220688721035 5.1842018567241584e-18
      vertex 0.022627043367647894 -0.04151881893827869 -0.0082586065658203974
      vertex 0.018368804753524311 -0.043494117424938618 -0.0086515178640833787
    endloop
  endfacet
  facet normal -0.42587043223198556 0.8658244571817677 0.26264497767221678
    outer loop
      vertex 0.022627043367647894 -0.04151881893827869 -0.0082586065658203974
      vertex 0.018368804753524311 -0.040970562748477143 -0.016970562748477136
      vertex 0.018368804753524311 -0.043494117424938618 -0.0086515178640833787
    endloop
  endfacet
  facet normal -0.4258704322319849 0.86582445718176815 0.26264497767221645
    outer loop
      vertex 0.022627043367647894 -0.04151881893827869 -0.0082586065658203974
      vertex 0.022627043367647894 -0.039109872260060213 -0.016199839512796226
      vertex 0.018368804753524311 -0.040970562748477143 -0.016970562748477136
    endloop
  endfacet
  facet normal -0.42587043223198479 0.79794838974700366 0.4265123002337754
    outer loop
      vertex 0.022627043367647894 -0.039109872260060213 -0.016199839512796226
      vertex 0.018368804753524311 -0.036872532322147995 -0.024637438423648152
      vertex 0.018368804753524311 -0.040970562748477143 -0.016970562748477136
    endloop
  endfacet
  facet normal -0.42587043223198495 0.79794838974700377 0.42651230023377551
    outer loop
      vertex 0.022627043367647894 -0.039109872260060213 -0.016199839512796226
      vertex 0.022627043367647894 -0.035197955123956674 -0.023518521712269959
      vertex 0.018368804753524311 -0.036872532322147995 -0.024637438423648152
    endloop
  endfacet
  facet normal -0.4258704322319849 0.69940761318887457 0.57398899428820427
    outer loop
      vertex 0.022627043367647894 -0.035197955123956674 -0.023518521712269959
      vertex 0.018368804753524311 -0.031357511157033044 -0.031357511157033037
      vertex 0.018368804753524311 -0.036872532322147995 -0.024637438423648152
    endloop
  endfacet
  facet normal -0.42587043223198501 0.69940761318887434 0.57398899428820427
    outer loop
      vertex 0.022627043367647894 -0.035197955123956674 -0.023518521712269959
      vertex 0.022627043367647894 -0.029933400311680111 -0.029933400311680104
      vertex 0.018368804753524311 -0.031357511157033044 -0.031357511157033037
    endloop
  endfacet
  facet normal -0.42587043223198495 0.57398899428820427 0.69940761318887423
    outer loop
      vertex 0.022627043367647894 -0.029933400311680111 -0.029933400311680104
      vertex 0.018368804753524311 -0.024637438423648163 -0.036872532322147988
      vertex 0.018368804753524311 -0.031357511157033044 -0.031357511157033037
    endloop
  endfacet
  facet normal -0.42587043223198595 0.57398899428820371 0.69940761318887423
    outer loop
      vertex 0.022627043367647894 -0.029933400311680111 -0.029933400311680104
      vertex 0.022627043367647894 -0.023518521712269969 -0.03519795512395666
      vertex 0.018368804753524311 -0.024637438423648163 -0.036872532322147988
    endloop
  endfacet
  facet normal -0.42587043223198595 0.42651230023377568 0.79794838974700311
    outer loop
      vertex 0.022627043367647894 -0.023518521712269969 -0.03519795512395666
      vertex 0.018368804753524311 -0.016970562748477167 -0.04097056274847713
      vertex 0.018368804753524311 -0.024637438423648163 -0.036872532322147988
    endloop
  endfacet
  facet normal -0.42587043223198512 0.42651230023377629 0.79794838974700322
    outer loop
      vertex 0.022627043367647894 -0.023518521712269969 -0.03519795512395666
      vertex 0.022627043367647894 -0.016199839512796254 -0.039109872260060199
      vertex 0.018368804753524311 -0.016970562748477167 -0.04097056274847713
    endloop
  endfacet
  facet normal -0.42587043223198506 0.26264497767221695 0.86582445718176781
    outer loop
      vertex 0.022627043367647894 -0.016199839512796254 -0.039109872260060199
      vertex 0.018368804753524311 -0.0086515178640833926 -0.043494117424938611
      vertex 0.018368804753524311 -0.016970562748477167 -0.04097056274847713
    endloop
  endfacet
  facet normal -0.42587043223198445 0.26264497767221739 0.86582445718176804
    outer loop
      vertex 0.022627043367647894 -0.016199839512796254 -0.039109872260060199
      vertex 0.022627043367647894 -0.0082586065658204113 -0.04151881893827869
      vertex 0.018368804753524311 -0.0086515178640833926 -0.043494117424938611
    endloop
  endfacet
  facet normal -0.42587043223198445 0.088684355911715418 0.90042737628698677
    outer loop
      vertex 0.022627043367647894 -0.0082586065658204113 -0.04151881893827869
      vertex 0.018368804753524311 -8.146268008471443e-18 -0.044346217560541766
      vertex 0.018368804753524311 -0.0086515178640833926 -0.043494117424938611
    endloop
  endfacet
  facet normal -0.42587043223198512 0.088684355911715043 0.90042737628698666
    outer loop
      vertex 0.022627043367647894 -0.0082586065658204113 -0.04151881893827869
      vertex 0.022627043367647894 -7.7763027850862364e-18 -0.042332220688721035
      vertex 0.018368804753524311 -8.146268008471443e-18 -0.044346217560541766
    endloop
  endfacet
  facet normal -0.42587043223198495 -0.088684355911714641 0.90042737628698666
    outer loop
      vertex 0.022627043367647894 -7.7763027850862364e-18 -0.042332220688721035
      vertex 0.018368804753524311 0.008651517864083377 -0.043494117424938618
      vertex 0.018368804753524311 -8.146268008471443e-18 -0.044346217560541766
    endloop
  endfacet
  facet normal -0.42587043223198562 -0.088684355911715015 0.90042737628698621
    outer loop
      vertex 0.022627043367647894 -7.7763027850862364e-18 -0.042332220688721035
      vertex 0.022627043367647894 0.0082586065658203957 -0.04151881893827869
      vertex 0.018368804753524311 0.008651517864083377 -0.043494117424938618
    endloop
  endfacet
  facet normal -0.42587043223198562 -0.26264497767221701 0.86582445718176759
    outer loop
      vertex 0.022627043367647894 0.0082586065658203957 -0.04151881893827869
      vertex 0.018368804753524311 0.01697056274847715 -0.040970562748477136
      vertex 0.018368804753524311 0.008651517864083377 -0.043494117424938618
    endloop
  endfacet
  facet normal -0.42587043223198479 -0.26264497767221662 0.86582445718176804
    outer loop
      vertex 0.022627043367647894 0.0082586065658203957 -0.04151881893827869
      vertex 0.022627043367647894 0.01619983951279624 -0.039109872260060206
      vertex 0.018368804753524311 0.01697056274847715 -0.040970562748477136
    endloop
  endfacet
  facet normal -0.42587043223198479 -0.42651230023377568 0.79794838974700366
    outer loop
      vertex 0.022627043367647894 0.01619983951279624 -0.039109872260060206
      vertex 0.018368804753524311 0.024637438423648149 -0.036872532322147995
      vertex 0.018368804753524311 0.01697056274847715 -0.040970562748477136
    endloop
  endfacet
  facet normal -0.42587043223198484 -0.42651230023377573 0.79794838974700344
    outer loop
      vertex 0.022627043367647894 0.01619983951279624 -0.039109872260060206
      vertex 0.022627043367647894 0.023518521712269955 -0.035197955123956674
      vertex 0.018368804753524311 0.024637438423648149 -0.036872532322147995
    endloop
  endfacet
  facet normal -0.42587043223198495 -0.57398899428820438 0.69940761318887423
    outer loop
      vertex 0.022627043367647894 0.023518521712269955 -0.035197955123956674
      vertex 0.018368804753524311 0.03135751115703303 -0.031357511157033044
      vertex 0.018368804753524311 0.024637438423648149 -0.036872532322147995
    endloop
  endfacet
  facet normal -0.42587043223198512 -0.57398899428820438 0.69940761318887412
    outer loop
      vertex 0.022627043367647894 0.023518521712269955 -0.035197955123956674
      vertex 0.022627043367647894 0.029933400311680097 -0.029933400311680111
      vertex 0.018368804753524311 0.03135751115703303 -0.031357511157033044
    endloop
  endfacet
  facet normal -0.42587043223198506 -0.6994076131888739 0.57398899428820482
    outer loop
      vertex 0.022627043367647894 0.029933400311680097 -0.029933400311680111
      vertex 0.018368804753524311 0.036872532322147988 -0.024637438423648163
      vertex 0.018368804753524311 0.03135751115703303 -0.031357511157033044
    endloop
  endfacet
  facet normal -0.42587043223198584 -0.6994076131888739 0.57398899428820416
    outer loop
      vertex 0.022627043367647894 0.029933400311680097 -0.029933400311680111
      vertex 0.022627043367647894 0.03519795512395666 -0.023518521712269969
      vertex 0.018368804753524311 0.036872532322147988 -0.024637438423648163
    endloop
  endfacet
  facet normal -0.42587043223198595 -0.79794838974700311 0.42651230023377568
    outer loop
      vertex 0.022627043367647894 0.03519795512395666 -0.023518521712269969
      vertex 0.018368804753524311 0.04097056274847713 -0.016970562748477167
      vertex 0.018368804753524311 0.036872532322147988 -0.024637438423648163
    endloop
  endfacet
  facet normal -0.42587043223198473 -0.79794838974700311 0.4265123002337764
    outer loop
      vertex 0.022627043367647894 0.03519795512395666 -0.023518521712269969
      vertex 0.022627043367647894 0.039109872260060199 -0.016199839512796257
      vertex 0.018368804753524311 0.04097056274847713 -0.016970562748477167
    endloop
  endfacet
  facet normal -0.4258704322319849 -0.86582445718176781 0.26264497767221717
    outer loop
      vertex 0.022627043367647894 0.039109872260060199 -0.016199839512796257
      vertex 0.018368804753524311 0.043494117424938611 -0.008651517864083396
      vertex 0.018368804753524311 0.04097056274847713 -0.016970562748477167
    endloop
  endfacet
  facet normal -0.42587043223198456 -0.86582445718176804 0.26264497767221734
    outer loop
      vertex 0.022627043367647894 0.039109872260060199 -0.016199839512796257
      vertex 0.022627043367647894 0.04151881893827869 -0.008258606565820413
      vertex 0.018368804753524311 0.043494117424938611 -0.008651517864083396
    endloop
  endfacet
  facet normal -0.42587043223198445 -0.90042737628698677 0.088684355911715307
    outer loop
      vertex 0.022627043367647894 0.04151881893827869 -0.008258606565820413
      vertex 0.018368804753524311 0.044346217560541766 0
      vertex 0.018368804753524311 0.043494117424938611 -0.008651517864083396
    endloop
  endfacet
  facet normal -0.42587043223198501 -0.90042737628698655 0.088684355911714946
    outer loop
      vertex 0.022627043367647894 0.04151881893827869 -0.008258606565820413
      vertex 0.022627043367647894 0.042332220688721035 0
      vertex 0.018368804753524311 0.044346217560541766 0
    endloop
  endfacet
  facet normal -0.33545057170414683 -0.9375215423379808 -0.092337812382440598
    outer loop
      vertex 0.018368804753524311 0.044346217560541766 0
      vertex 0.013933664508214191 0.045050543784493254 0.0089611103159144886
      vertex 0.013933664508214191 0.045933136115146031 0
    endloop
  endfacet
  facet normal -0.33545057170414722 -0.93752154233798057 -0.092337812382440834
    outer loop
      vertex 0.018368804753524311 0.044346217560541766 0
      vertex 0.018368804753524311 0.043494117424938618 0.0086515178640833752
      vertex 0.013933664508214191 0.045050543784493254 0.0089611103159144886
    endloop
  endfacet
  facet normal -0.3354505717041471 -0.90149311523406994 -0.27346494680110739
    outer loop
      vertex 0.018368804753524311 0.043494117424938618 0.0086515178640833752
      vertex 0.013933664508214191 0.042436684320838414 0.01757785018783695
      vertex 0.013933664508214191 0.045050543784493254 0.0089611103159144886
    endloop
  endfacet
  facet normal -0.33545057170414588 -0.90149311523407072 -0.27346494680110689
    outer loop
      vertex 0.018368804753524311 0.043494117424938618 0.0086515178640833752
      vertex 0.018368804753524311 0.040970562748477143 0.016970562748477143
      vertex 0.013933664508214191 0.042436684320838414 0.01757785018783695
    endloop
  endfacet
  facet normal -0.33545057170414594 -0.83082081327487844 -0.44408297667511559
    outer loop
      vertex 0.018368804753524311 0.040970562748477143 0.016970562748477143
      vertex 0.013933664508214191 0.03819200687750051 0.025519083134812784
      vertex 0.013933664508214191 0.042436684320838414 0.01757785018783695
    endloop
  endfacet
  facet normal -0.33545057170414649 -0.83082081327487822 -0.4440829766751157
    outer loop
      vertex 0.018368804753524311 0.040970562748477143 0.016970562748477143
      vertex 0.018368804753524311 0.036872532322147988 0.024637438423648163
      vertex 0.013933664508214191 0.03819200687750051 0.025519083134812784
    endloop
  endfacet
  facet normal -0.33545057170414638 -0.72822053339121218 -0.5976351468001021
    outer loop
      vertex 0.018368804753524311 0.036872532322147988 0.024637438423648163
      vertex 0.013933664508214191 0.03247963202818447 0.032479632028184463
      vertex 0.013933664508214191 0.03819200687750051 0.025519083134812784
    endloop
  endfacet
  facet normal -0.33545057170414683 -0.72822053339121207 -0.59763514680010221
    outer loop
      vertex 0.018368804753524311 0.036872532322147988 0.024637438423648163
      vertex 0.018368804753524311 0.031357511157033037 0.031357511157033037
      vertex 0.013933664508214191 0.03247963202818447 0.032479632028184463
    endloop
  endfacet
  facet normal -0.33545057170414655 -0.59763514680010266 -0.72822053339121184
    outer loop
      vertex 0.018368804753524311 0.031357511157033037 0.031357511157033037
      vertex 0.013933664508214191 0.025519083134812791 0.03819200687750051
      vertex 0.013933664508214191 0.03247963202818447 0.032479632028184463
    endloop
  endfacet
  facet normal -0.33545057170414683 -0.59763514680010243 -0.72822053339121195
    outer loop
      vertex 0.018368804753524311 0.031357511157033037 0.031357511157033037
      vertex 0.018368804753524311 0.024637438423648166 0.036872532322147988
      vertex 0.013933664508214191 0.025519083134812791 0.03819200687750051
    endloop
  endfacet
  facet normal -0.33545057170414672 -0.44408297667511509 -0.83082081327487822
    outer loop
      vertex 0.018368804753524311 0.024637438423648166 0.036872532322147988
      vertex 0.013933664508214191 0.01757785018783695 0.042436684320838414
      vertex 0.013933664508214191 0.025519083134812791 0.03819200687750051
    endloop
  endfacet
  facet normal -0.33545057170414594 -0.44408297667511565 -0.83082081327487844
    outer loop
      vertex 0.018368804753524311 0.024637438423648166 0.036872532322147988
      vertex 0.018368804753524311 0.016970562748477143 0.040970562748477143
      vertex 0.013933664508214191 0.01757785018783695 0.042436684320838414
    endloop
  endfacet
  facet normal -0.33545057170414588 -0.27346494680110767 -0.90149311523407039
    outer loop
      vertex 0.018368804753524311 0.016970562748477143 0.040970562748477143
      vertex 0.013933664508214191 0.0089611103159144938 0.045050543784493254
      vertex 0.013933664508214191 0.01757785018783695 0.042436684320838414
    endloop
  endfacet
  facet normal -0.33545057170414722 -0.27346494680110683 -0.90149311523407027
    outer loop
      vertex 0.018368804753524311 0.016970562748477143 0.040970562748477143
      vertex 0.018368804753524311 0.0086515178640833787 0.043494117424938618
      vertex 0.013933664508214191 0.0089611103159144938 0.045050543784493254
    endloop
  endfacet
  facet normal -0.33545057170414727 -0.092337812382440598 -0.93752154233798068
    outer loop
      vertex 0.018368804753524311 0.0086515178640833787 0.043494117424938618
      vertex 0.013933664508214191 2.812593405910664e-18 0.045933136115146031
      vertex 0.013933664508214191 0.0089611103159144938 0.045050543784493254
    endloop
  endfacet
  facet normal -0.33545057170414677 -0.092337812382440848 -0.93752154233798068
    outer loop
      vertex 0.018368804753524311 0.0086515178640833787 0.043494117424938618
      vertex 0.018368804753524311 2.715422669490481e-18 0.044346217560541766
      vertex 0.013933664508214191 2.812593405910664e-18 0.045933136115146031
    endloop
  endfacet
  facet normal -0.33545057170414683 0.092337812382440584 -0.9375215423379808
    outer loop
      vertex 0.018368804753524311 2.715422669490481e-18 0.044346217560541766
      vertex 0.013933664508214191 -0.0089611103159144868 0.045050543784493254
      vertex 0.013933664508214191 2.812593405910664e-18 0.045933136115146031
    endloop
  endfacet
  facet normal -0.33545057170414727 0.092337812382440834 -0.93752154233798057
    outer loop
      vertex 0.018368804753524311 2.715422669490481e-18 0.044346217560541766
      vertex 0.018368804753524311 -0.0086515178640833718 0.043494117424938618
      vertex 0.013933664508214191 -0.0089611103159144868 0.045050543784493254
    endloop
  endfacet
  facet normal -0.33545057170414722 0.27346494680110744 -0.90149311523406994
    outer loop
      vertex 0.018368804753524311 -0.0086515178640833718 0.043494117424938618
      vertex 0.013933664508214191 -0.017577850187836946 0.042436684320838414
      vertex 0.013933664508214191 -0.0089611103159144868 0.045050543784493254
    endloop
  endfacet
  facet normal -0.33545057170414588 0.27346494680110689 -0.90149311523407072
    outer loop
      vertex 0.018368804753524311 -0.0086515178640833718 0.043494117424938618
      vertex 0.018368804753524311 -0.016970562748477139 0.040970562748477143
      vertex 0.013933664508214191 -0.017577850187836946 0.042436684320838414
    endloop
  endfacet
  facet normal -0.33545057170414594 0.44408297667511532 -0.83082081327487856
    outer loop
      vertex 0.018368804753524311 -0.016970562748477139 0.040970562748477143
      vertex 0.013933664508214191 -0.025519083134812773 0.038192006877500517
      vertex 0.013933664508214191 -0.017577850187836946 0.042436684320838414
    endloop
  endfacet
  facet normal -0.33545057170414644 0.44408297667511548 -0.83082081327487833
    outer loop
      vertex 0.018368804753524311 -0.016970562748477139 0.040970562748477143
      vertex 0.018368804753524311 -0.024637438423648152 0.036872532322147995
      vertex 0.013933664508214191 -0.025519083134812773 0.038192006877500517
    endloop
  endfacet
  facet normal -0.33545057170414644 0.59763514680010221 -0.7282205333912124
    outer loop
      vertex 0.018368804753524311 -0.024637438423648152 0.036872532322147995
      vertex 0.013933664508214191 -0.032479632028184463 0.03247963202818447
      vertex 0.013933664508214191 -0.025519083134812773 0.038192006877500517
    endloop
  endfacet
  facet normal -0.33545057170414666 0.5976351468001021 -0.72822053339121207
    outer loop
      vertex 0.018368804753524311 -0.024637438423648152 0.036872532322147995
      vertex 0.018368804753524311 -0.031357511157033037 0.031357511157033037
      vertex 0.013933664508214191 -0.032479632028184463 0.03247963202818447
    endloop
  endfacet
  facet normal -0.33545057170414649 0.72822053339121184 -0.59763514680010266
    outer loop
      vertex 0.018368804753524311 -0.031357511157033037 0.031357511157033037
      vertex 0.013933664508214191 -0.038192006877500517 0.025519083134812784
      vertex 0.013933664508214191 -0.032479632028184463 0.03247963202818447
    endloop
  endfacet
  facet normal -0.33545057170414744 0.72822053339121173 -0.59763514680010199
    outer loop
      vertex 0.018368804753524311 -0.031357511157033037 0.031357511157033037
      vertex 0.018368804753524311 -0.036872532322147988 0.024637438423648163
      vertex 0.013933664508214191 -0.038192006877500517 0.025519083134812784
    endloop
  endfacet
  facet normal -0.33545057170414755 0.83082081327487811 -0.44408297667511487
    outer loop
      vertex 0.018368804753524311 -0.036872532322147988 0.024637438423648163
      vertex 0.013933664508214191 -0.042436684320838414 0.017577850187836953
      vertex 0.013933664508214191 -0.038192006877500517 0.025519083134812784
    endloop
  endfacet
  facet normal -0.33545057170414588 0.83082081327487811 -0.44408297667511593
    outer loop
      vertex 0.018368804753524311 -0.036872532322147988 0.024637438423648163
      vertex 0.018368804753524311 -0.040970562748477143 0.016970562748477146
      vertex 0.013933664508214191 -0.042436684320838414 0.017577850187836953
    endloop
  endfacet
  facet normal -0.33545057170414594 0.90149311523407039 -0.27346494680110794
    outer loop
      vertex 0.018368804753524311 -0.040970562748477143 0.016970562748477146
      vertex 0.013933664508214191 -0.045050543784493254 0.0089611103159145059
      vertex 0.013933664508214191 -0.042436684320838414 0.017577850187836953
    endloop
  endfacet
  facet normal -0.33545057170414733 0.90149311523407016 -0.27346494680110711
    outer loop
      vertex 0.018368804753524311 -0.040970562748477143 0.016970562748477146
      vertex 0.018368804753524311 -0.043494117424938618 0.0086515178640833908
      vertex 0.013933664508214191 -0.045050543784493254 0.0089611103159145059
    endloop
  endfacet
  facet normal -0.33545057170414727 0.93752154233798057 -0.092337812382440473
    outer loop
      vertex 0.018368804753524311 -0.043494117424938618 0.0086515178640833908
      vertex 0.013933664508214191 -0.045933136115146031 5.625186811821328e-18
      vertex 0.013933664508214191 -0.045050543784493254 0.0089611103159145059
    endloop
  endfacet
  facet normal -0.33545057170414677 0.93752154233798068 -0.092337812382440723
    outer loop
      vertex 0.018368804753524311 -0.043494117424938618 0.0086515178640833908
      vertex 0.018368804753524311 -0.044346217560541766 5.430845338980962e-18
      vertex 0.013933664508214191 -0.045933136115146031 5.625186811821328e-18
    endloop
  endfacet
  facet normal -0.33545057170414683 0.93752154233798091 0.092337812382440501
    outer loop
      vertex 0.018368804753524311 -0.044346217560541766 5.430845338980962e-18
      vertex 0.013933664508214191 -0.045050543784493254 -0.0089611103159144938
      vertex 0.013933664508214191 -0.045933136115146031 5.625186811821328e-18
    endloop
  endfacet
  facet normal -0.33545057170414722 0.93752154233798046 0.092337812382440723
    outer loop
      vertex 0.018368804753524311 -0.044346217560541766 5.430845338980962e-18
      vertex 0.018368804753524311 -0.043494117424938618 -0.0086515178640833787
      vertex 0.013933664508214191 -0.045050543784493254 -0.0089611103159144938
    endloop
  endfacet
  facet normal -0.33545057170414722 0.90149311523407016 0.27346494680110706
    outer loop
      vertex 0.018368804753524311 -0.043494117424938618 -0.0086515178640833787
      vertex 0.013933664508214191 -0.042436684320838421 -0.017577850187836943
      vertex 0.013933664508214191 -0.045050543784493254 -0.0089611103159144938
    endloop
  endfacet
  facet normal -0.3354505717041471 0.90149311523407016 0.27346494680110706
    outer loop
      vertex 0.018368804753524311 -0.043494117424938618 -0.0086515178640833787
      vertex 0.018368804753524311 -0.040970562748477143 -0.016970562748477136
      vertex 0.013933664508214191 -0.042436684320838421 -0.017577850187836943
    endloop
  endfacet
  facet normal -0.3354505717041471 0.830820813274878 0.44408297667511554
    outer loop
      vertex 0.018368804753524311 -0.040970562748477143 -0.016970562748477136
      vertex 0.013933664508214191 -0.038192006877500517 -0.025519083134812773
      vertex 0.013933664508214191 -0.042436684320838421 -0.017577850187836943
    endloop
  endfacet
  facet normal -0.33545057170414644 0.83082081327487844 0.44408297667511537
    outer loop
      vertex 0.018368804753524311 -0.040970562748477143 -0.016970562748477136
      vertex 0.018368804753524311 -0.036872532322147995 -0.024637438423648152
      vertex 0.013933664508214191 -0.038192006877500517 -0.025519083134812773
    endloop
  endfacet
  facet normal -0.33545057170414644 0.72822053339121262 0.59763514680010166
    outer loop
      vertex 0.018368804753524311 -0.036872532322147995 -0.024637438423648152
      vertex 0.013933664508214191 -0.032479632028184477 -0.032479632028184463
      vertex 0.013933664508214191 -0.038192006877500517 -0.025519083134812773
    endloop
  endfacet
  facet normal -0.33545057170414666 0.72822053339121251 0.59763514680010166
    outer loop
      vertex 0.018368804753524311 -0.036872532322147995 -0.024637438423648152
      vertex 0.018368804753524311 -0.031357511157033044 -0.031357511157033037
      vertex 0.013933664508214191 -0.032479632028184477 -0.032479632028184463
    endloop
  endfacet
  facet normal -0.33545057170414655 0.59763514680010199 0.7282205333912124
    outer loop
      vertex 0.018368804753524311 -0.031357511157033044 -0.031357511157033037
      vertex 0.013933664508214191 -0.025519083134812784 -0.03819200687750051
      vertex 0.013933664508214191 -0.032479632028184477 -0.032479632028184463
    endloop
  endfacet
  facet normal -0.33545057170414655 0.59763514680010188 0.7282205333912124
    outer loop
      vertex 0.018368804753524311 -0.031357511157033044 -0.031357511157033037
      vertex 0.018368804753524311 -0.024637438423648163 -0.036872532322147988
      vertex 0.013933664508214191 -0.025519083134812784 -0.03819200687750051
    endloop
  endfacet
  facet normal -0.33545057170414644 0.44408297667511604 0.830820813274878
    outer loop
      vertex 0.018368804753524311 -0.024637438423648163 -0.036872532322147988
      vertex 0.013933664508214191 -0.017577850187836974 -0.042436684320838407
      vertex 0.013933664508214191 -0.025519083134812784 -0.03819200687750051
    endloop
  endfacet
  facet normal -0.33545057170414705 0.44408297667511554 0.830820813274878
    outer loop
      vertex 0.018368804753524311 -0.024637438423648163 -0.036872532322147988
      vertex 0.018368804753524311 -0.016970562748477167 -0.04097056274847713
      vertex 0.013933664508214191 -0.017577850187836974 -0.042436684320838407
    endloop
  endfacet
  facet normal -0.3354505717041471 0.27346494680110722 0.90149311523407005
    outer loop
      vertex 0.018368804753524311 -0.016970562748477167 -0.04097056274847713
      vertex 0.013933664508214191 -0.0089611103159145077 -0.045050543784493247
      vertex 0.013933664508214191 -0.017577850187836974 -0.042436684320838407
    endloop
  endfacet
  facet normal -0.33545057170414722 0.27346494680110717 0.90149311523407005
    outer loop
      vertex 0.018368804753524311 -0.016970562748477167 -0.04097056274847713
      vertex 0.018368804753524311 -0.0086515178640833926 -0.043494117424938611
      vertex 0.013933664508214191 -0.0089611103159145077 -0.045050543784493247
    endloop
  endfacet
  facet normal -0.33545057170414727 0.092337812382441209 0.93752154233798057
    outer loop
      vertex 0.018368804753524311 -0.0086515178640833926 -0.043494117424938611
      vertex 0.013933664508214191 -8.4377802177319905e-18 -0.045933136115146031
      vertex 0.013933664508214191 -0.0089611103159145077 -0.045050543784493247
    endloop
  endfacet
  facet normal -0.33545057170414677 0.0923378123824415 0.9375215423379808
    outer loop
      vertex 0.018368804753524311 -0.0086515178640833926 -0.043494117424938611
      vertex 0.018368804753524311 -8.146268008471443e-18 -0.044346217560541766
      vertex 0.013933664508214191 -8.4377802177319905e-18 -0.045933136115146031
    endloop
  endfacet
  facet normal -0.33545057170414677 -0.092337812382440473 0.93752154233798068
    outer loop
      vertex 0.018368804753524311 -8.146268008471443e-18 -0.044346217560541766
      vertex 0.013933664508214191 0.008961110315914492 -0.045050543784493254
      vertex 0.013933664508214191 -8.4377802177319905e-18 -0.045933136115146031
    endloop
  endfacet
  facet normal -0.33545057170414727 -0.092337812382440709 0.93752154233798046
    outer loop
      vertex 0.018368804753524311 -8.146268008471443e-18 -0.044346217560541766
      vertex 0.018368804753524311 0.008651517864083377 -0.043494117424938618
      vertex 0.013933664508214191 0.008961110315914492 -0.045050543784493254
    endloop
  endfacet
  facet normal -0.33545057170414722 -0.27346494680110717 0.90149311523407005
    outer loop
      vertex 0.018368804753524311 0.008651517864083377 -0.043494117424938618
      vertex 0.013933664508214191 0.01757785018783696 -0.042436684320838414
      vertex 0.013933664508214191 0.008961110315914492 -0.045050543784493254
    endloop
  endfacet
  facet normal -0.33545057170414733 -0.27346494680110722 0.90149311523407005
    outer loop
      vertex 0.018368804753524311 0.008651517864083377 -0.043494117424938618
      vertex 0.018368804753524311 0.01697056274847715 -0.040970562748477136
      vertex 0.013933664508214191 0.01757785018783696 -0.042436684320838414
    endloop
  endfacet
  facet normal -0.33545057170414738 -0.44408297667511581 0.83082081327487778
    outer loop
      vertex 0.018368804753524311 0.01697056274847715 -0.040970562748477136
      vertex 0.013933664508214191 0.02551908313481277 -0.038192006877500517
      vertex 0.013933664508214191 0.01757785018783696 -0.042436684320838414
    endloop
  endfacet
  facet normal -0.33545057170414644 -0.44408297667511548 0.83082081327487822
    outer loop
      vertex 0.018368804753524311 0.01697056274847715 -0.040970562748477136
      vertex 0.018368804753524311 0.024637438423648149 -0.036872532322147995
      vertex 0.013933664508214191 0.02551908313481277 -0.038192006877500517
    endloop
  endfacet
  facet normal -0.33545057170414649 -0.59763514680010155 0.72822053339121284
    outer loop
      vertex 0.018368804753524311 0.024637438423648149 -0.036872532322147995
      vertex 0.013933664508214191 0.032479632028184463 -0.032479632028184477
      vertex 0.013933664508214191 0.02551908313481277 -0.038192006877500517
    endloop
  endfacet
  facet normal -0.33545057170414755 -0.59763514680010166 0.72822053339121207
    outer loop
      vertex 0.018368804753524311 0.024637438423648149 -0.036872532322147995
      vertex 0.018368804753524311 0.03135751115703303 -0.031357511157033044
      vertex 0.013933664508214191 0.032479632028184463 -0.032479632028184477
    endloop
  endfacet
  facet normal -0.33545057170414755 -0.72822053339121218 0.59763514680010166
    outer loop
      vertex 0.018368804753524311 0.03135751115703303 -0.031357511157033044
      vertex 0.013933664508214191 0.03819200687750051 -0.025519083134812784
      vertex 0.013933664508214191 0.032479632028184463 -0.032479632028184477
    endloop
  endfacet
  facet normal -0.33545057170414655 -0.72822053339121207 0.59763514680010232
    outer loop
      vertex 0.018368804753524311 0.03135751115703303 -0.031357511157033044
      vertex 0.018368804753524311 0.036872532322147988 -0.024637438423648163
      vertex 0.013933664508214191 0.03819200687750051 -0.025519083134812784
    endloop
  endfacet
  facet normal -0.33545057170414649 -0.83082081327487789 0.44408297667511615
    outer loop
      vertex 0.018368804753524311 0.036872532322147988 -0.024637438423648163
      vertex 0.013933664508214191 0.042436684320838407 -0.017577850187836978
      vertex 0.013933664508214191 0.03819200687750051 -0.025519083134812784
    endloop
  endfacet
  facet normal -0.33545057170414733 -0.83082081327487789 0.44408297667511548
    outer loop
      vertex 0.018368804753524311 0.036872532322147988 -0.024637438423648163
      vertex 0.018368804753524311 0.04097056274847713 -0.016970562748477167
      vertex 0.013933664508214191 0.042436684320838407 -0.017577850187836978
    endloop
  endfacet
  facet normal -0.33545057170414738 -0.90149311523407005 0.27346494680110728
    outer loop
      vertex 0.018368804753524311 0.04097056274847713 -0.016970562748477167
      vertex 0.013933664508214191 0.045050543784493247 -0.0089611103159145111
      vertex 0.013933664508214191 0.042436684320838407 -0.017577850187836978
    endloop
  endfacet
  facet normal -0.33545057170414727 -0.90149311523407005 0.27346494680110728
    outer loop
      vertex 0.018368804753524311 0.04097056274847713 -0.016970562748477167
      vertex 0.018368804753524311 0.043494117424938611 -0.008651517864083396
      vertex 0.013933664508214191 0.045050543784493247 -0.0089611103159145111
    endloop
  endfacet
  facet normal -0.33545057170414722 -0.93752154233798046 0.09233781238244107
    outer loop
      vertex 0.018368804753524311 0.043494117424938611 -0.008651517864083396
      vertex 0.013933664508214191 0.045933136115146031 0
      vertex 0.013933664508214191 0.045050543784493247 -0.0089611103159145111
    endloop
  endfacet
  facet normal -0.33545057170414677 -0.93752154233798068 0.092337812382441362
    outer loop
      vertex 0.018368804753524311 0.043494117424938611 -0.008651517864083396
      vertex 0.018368804753524311 0.044346217560541766 0
      vertex 0.013933664508214191 0.045933136115146031 0
    endloop
  endfacet
  facet normal -0.24187877197931082 -0.9656341862849066 -0.095106666136853646
    outer loop
      vertex 0.013933664508214191 0.045933136115146031 0
      vertex 0.0093643354567741598 0.046173108780270887 0.009184402376762154
      vertex 0.0093643354567741598 0.047077693459355065 0
    endloop
  endfacet
  facet normal -0.24187877197931071 -0.96563418628490671 -0.095106666136853604
    outer loop
      vertex 0.013933664508214191 0.045933136115146031 0
      vertex 0.013933664508214191 0.045050543784493254 0.0089611103159144886
      vertex 0.0093643354567741598 0.046173108780270887 0.009184402376762154
    endloop
  endfacet
  facet normal -0.24187877197931074 -0.928525406039868 -0.28166510256735527
    outer loop
      vertex 0.013933664508214191 0.045050543784493254 0.0089611103159144886
      vertex 0.0093643354567741598 0.043494117424938618 0.018015853320857533
      vertex 0.0093643354567741598 0.046173108780270887 0.009184402376762154
    endloop
  endfacet
  facet normal -0.24187877197931115 -0.92852540603986788 -0.2816651025673555
    outer loop
      vertex 0.013933664508214191 0.045050543784493254 0.0089611103159144886
      vertex 0.013933664508214191 0.042436684320838414 0.01757785018783695
      vertex 0.0093643354567741598 0.043494117424938618 0.018015853320857533
    endloop
  endfacet
  facet normal -0.24187877197931107 -0.85573391516376407 -0.45739930706580223
    outer loop
      vertex 0.013933664508214191 0.042436684320838414 0.01757785018783695
      vertex 0.0093643354567741598 0.039143671528748022 0.026154965125239293
      vertex 0.0093643354567741598 0.043494117424938618 0.018015853320857533
    endloop
  endfacet
  facet normal -0.24187877197931007 -0.85573391516376462 -0.4573993070658019
    outer loop
      vertex 0.013933664508214191 0.042436684320838414 0.01757785018783695
      vertex 0.013933664508214191 0.03819200687750051 0.025519083134812784
      vertex 0.0093643354567741598 0.039143671528748022 0.026154965125239293
    endloop
  endfacet
  facet normal -0.24187877197931015 -0.75005704982902599 -0.61555591270619681
    outer loop
      vertex 0.013933664508214191 0.03819200687750051 0.025519083134812784
      vertex 0.0093643354567741598 0.033288956287731541 0.033288956287731541
      vertex 0.0093643354567741598 0.039143671528748022 0.026154965125239293
    endloop
  endfacet
  facet normal -0.24187877197931115 -0.75005704982902544 -0.61555591270619692
    outer loop
      vertex 0.013933664508214191 0.03819200687750051 0.025519083134812784
      vertex 0.013933664508214191 0.03247963202818447 0.032479632028184463
      vertex 0.0093643354567741598 0.033288956287731541 0.033288956287731541
    endloop
  endfacet
  facet normal -0.2418787719793114 -0.61555591270619681 -0.75005704982902555
    outer loop
      vertex 0.013933664508214191 0.03247963202818447 0.032479632028184463
      vertex 0.0093643354567741598 0.0261549651252393 0.039143671528748022
      vertex 0.0093643354567741598 0.033288956287731541 0.033288956287731541
    endloop
  endfacet
  facet normal -0.24187877197931015 -0.61555591270619758 -0.75005704982902532
    outer loop
      vertex 0.013933664508214191 0.03247963202818447 0.032479632028184463
      vertex 0.013933664508214191 0.025519083134812791 0.03819200687750051
      vertex 0.0093643354567741598 0.0261549651252393 0.039143671528748022
    endloop
  endfacet
  facet normal -0.24187877197931007 -0.45739930706580223 -0.8557339151637644
    outer loop
      vertex 0.013933664508214191 0.025519083134812791 0.03819200687750051
      vertex 0.0093643354567741598 0.018015853320857537 0.043494117424938618
      vertex 0.0093643354567741598 0.0261549651252393 0.039143671528748022
    endloop
  endfacet
  facet normal -0.24187877197931154 -0.4573993070658014 -0.8557339151637644
    outer loop
      vertex 0.013933664508214191 0.025519083134812791 0.03819200687750051
      vertex 0.013933664508214191 0.01757785018783695 0.042436684320838414
      vertex 0.0093643354567741598 0.018015853320857537 0.043494117424938618
    endloop
  endfacet
  facet normal -0.24187877197931132 -0.28166510256735522 -0.92852540603986788
    outer loop
      vertex 0.013933664508214191 0.01757785018783695 0.042436684320838414
      vertex 0.0093643354567741598 0.0091844023767621574 0.046173108780270887
      vertex 0.0093643354567741598 0.018015853320857537 0.043494117424938618
    endloop
  endfacet
  facet normal -0.2418787719793106 -0.28166510256735566 -0.928525406039868
    outer loop
      vertex 0.013933664508214191 0.01757785018783695 0.042436684320838414
      vertex 0.013933664508214191 0.0089611103159144938 0.045050543784493254
      vertex 0.0093643354567741598 0.0091844023767621574 0.046173108780270887
    endloop
  endfacet
  facet normal -0.24187877197931068 -0.095106666136853646 -0.9656341862849066
    outer loop
      vertex 0.013933664508214191 0.0089611103159144938 0.045050543784493254
      vertex 0.0093643354567741598 2.8826773303119732e-18 0.047077693459355065
      vertex 0.0093643354567741598 0.0091844023767621574 0.046173108780270887
    endloop
  endfacet
  facet normal -0.24187877197931079 -0.095106666136853577 -0.96563418628490649
    outer loop
      vertex 0.013933664508214191 0.0089611103159144938 0.045050543784493254
      vertex 0.013933664508214191 2.812593405910664e-18 0.045933136115146031
      vertex 0.0093643354567741598 2.8826773303119732e-18 0.047077693459355065
    endloop
  endfacet
  facet normal -0.24187877197931082 0.095106666136853632 -0.9656341862849066
    outer loop
      vertex 0.013933664508214191 2.812593405910664e-18 0.045933136115146031
      vertex 0.0093643354567741598 -0.0091844023767621522 0.046173108780270887
      vertex 0.0093643354567741598 2.8826773303119732e-18 0.047077693459355065
    endloop
  endfacet
  facet normal -0.24187877197931071 0.095106666136853577 -0.96563418628490649
    outer loop
      vertex 0.013933664508214191 2.812593405910664e-18 0.045933136115146031
      vertex 0.013933664508214191 -0.0089611103159144868 0.045050543784493254
      vertex 0.0093643354567741598 -0.0091844023767621522 0.046173108780270887
    endloop
  endfacet
  facet normal -0.24187877197931074 0.28166510256735533 -0.928525406039868
    outer loop
      vertex 0.013933664508214191 -0.0089611103159144868 0.045050543784493254
      vertex 0.0093643354567741598 -0.01801585332085753 0.043494117424938618
      vertex 0.0093643354567741598 -0.0091844023767621522 0.046173108780270887
    endloop
  endfacet
  facet normal -0.24187877197931118 0.28166510256735555 -0.92852540603986788
    outer loop
      vertex 0.013933664508214191 -0.0089611103159144868 0.045050543784493254
      vertex 0.013933664508214191 -0.017577850187836946 0.042436684320838414
      vertex 0.0093643354567741598 -0.01801585332085753 0.043494117424938618
    endloop
  endfacet
  facet normal -0.2418787719793111 0.45739930706580145 -0.85573391516376462
    outer loop
      vertex 0.013933664508214191 -0.017577850187836946 0.042436684320838414
      vertex 0.0093643354567741598 -0.026154965125239283 0.039143671528748036
      vertex 0.0093643354567741598 -0.01801585332085753 0.043494117424938618
    endloop
  endfacet
  facet normal -0.24187877197931126 0.45739930706580151 -0.85573391516376451
    outer loop
      vertex 0.013933664508214191 -0.017577850187836946 0.042436684320838414
      vertex 0.013933664508214191 -0.025519083134812773 0.038192006877500517
      vertex 0.0093643354567741598 -0.026154965125239283 0.039143671528748036
    endloop
  endfacet
  facet normal -0.24187877197931121 0.61555591270619681 -0.75005704982902544
    outer loop
      vertex 0.013933664508214191 -0.025519083134812773 0.038192006877500517
      vertex 0.0093643354567741598 -0.033288956287731541 0.033288956287731541
      vertex 0.0093643354567741598 -0.026154965125239283 0.039143671528748036
    endloop
  endfacet
  facet normal -0.24187877197931129 0.61555591270619681 -0.75005704982902555
    outer loop
      vertex 0.013933664508214191 -0.025519083134812773 0.038192006877500517
      vertex 0.013933664508214191 -0.032479632028184463 0.03247963202818447
      vertex 0.0093643354567741598 -0.033288956287731541 0.033288956287731541
    endloop
  endfacet
  facet normal -0.24187877197931143 0.75005704982902544 -0.61555591270619692
    outer loop
      vertex 0.013933664508214191 -0.032479632028184463 0.03247963202818447
      vertex 0.0093643354567741598 -0.039143671528748029 0.026154965125239293
      vertex 0.0093643354567741598 -0.033288956287731541 0.033288956287731541
    endloop
  endfacet
  facet normal -0.24187877197931021 0.75005704982902521 -0.61555591270619758
    outer loop
      vertex 0.013933664508214191 -0.032479632028184463 0.03247963202818447
      vertex 0.013933664508214191 -0.038192006877500517 0.025519083134812784
      vertex 0.0093643354567741598 -0.039143671528748029 0.026154965125239293
    endloop
  endfacet
  facet normal -0.24187877197931013 0.85573391516376462 -0.45739930706580217
    outer loop
      vertex 0.013933664508214191 -0.038192006877500517 0.025519083134812784
      vertex 0.0093643354567741598 -0.043494117424938618 0.01801585332085754
      vertex 0.0093643354567741598 -0.039143671528748029 0.026154965125239293
    endloop
  endfacet
  facet normal -0.24187877197931143 0.85573391516376451 -0.45739930706580134
    outer loop
      vertex 0.013933664508214191 -0.038192006877500517 0.025519083134812784
      vertex 0.013933664508214191 -0.042436684320838414 0.017577850187836953
      vertex 0.0093643354567741598 -0.043494117424938618 0.01801585332085754
    endloop
  endfacet
  facet normal -0.24187877197931135 0.92852540603986777 -0.28166510256735555
    outer loop
      vertex 0.013933664508214191 -0.042436684320838414 0.017577850187836953
      vertex 0.0093643354567741598 -0.046173108780270887 0.0091844023767621713
      vertex 0.0093643354567741598 -0.043494117424938618 0.01801585332085754
    endloop
  endfacet
  facet normal -0.24187877197931065 0.92852540603986788 -0.28166510256735594
    outer loop
      vertex 0.013933664508214191 -0.042436684320838414 0.017577850187836953
      vertex 0.013933664508214191 -0.045050543784493254 0.0089611103159145059
      vertex 0.0093643354567741598 -0.046173108780270887 0.0091844023767621713
    endloop
  endfacet
  facet normal -0.24187877197931074 0.9656341862849066 -0.095106666136853535
    outer loop
      vertex 0.013933664508214191 -0.045050543784493254 0.0089611103159145059
      vertex 0.0093643354567741598 -0.047077693459355065 5.7653546606239464e-18
      vertex 0.0093643354567741598 -0.046173108780270887 0.0091844023767621713
    endloop
  endfacet
  facet normal -0.24187877197931076 0.9656341862849066 -0.095106666136853479
    outer loop
      vertex 0.013933664508214191 -0.045050543784493254 0.0089611103159145059
      vertex 0.013933664508214191 -0.045933136115146031 5.625186811821328e-18
      vertex 0.0093643354567741598 -0.047077693459355065 5.7653546606239464e-18
    endloop
  endfacet
  facet normal -0.24187877197931082 0.9656341862849066 0.095106666136853549
    outer loop
      vertex 0.013933664508214191 -0.045933136115146031 5.625186811821328e-18
      vertex 0.0093643354567741598 -0.046173108780270887 -0.0091844023767621592
      vertex 0.0093643354567741598 -0.047077693459355065 5.7653546606239464e-18
    endloop
  endfacet
  facet normal -0.24187877197931071 0.96563418628490649 0.095106666136853493
    outer loop
      vertex 0.013933664508214191 -0.045933136115146031 5.625186811821328e-18
      vertex 0.013933664508214191 -0.045050543784493254 -0.0089611103159144938
      vertex 0.0093643354567741598 -0.046173108780270887 -0.0091844023767621592
    endloop
  endfacet
  facet normal -0.24187877197931076 0.92852540603986822 0.28166510256735489
    outer loop
      vertex 0.013933664508214191 -0.045050543784493254 -0.0089611103159144938
      vertex 0.0093643354567741598 -0.043494117424938625 -0.01801585332085753
      vertex 0.0093643354567741598 -0.046173108780270887 -0.0091844023767621592
    endloop
  endfacet
  facet normal -0.24187877197931137 0.92852540603986788 0.28166510256735516
    outer loop
      vertex 0.013933664508214191 -0.045050543784493254 -0.0089611103159144938
      vertex 0.013933664508214191 -0.042436684320838421 -0.017577850187836943
      vertex 0.0093643354567741598 -0.043494117424938625 -0.01801585332085753
    endloop
  endfacet
  facet normal -0.24187877197931143 0.85573391516376429 0.45739930706580206
    outer loop
      vertex 0.013933664508214191 -0.042436684320838421 -0.017577850187836943
      vertex 0.0093643354567741598 -0.039143671528748036 -0.026154965125239283
      vertex 0.0093643354567741598 -0.043494117424938625 -0.01801585332085753
    endloop
  endfacet
  facet normal -0.24187877197931126 0.85573391516376429 0.4573993070658019
    outer loop
      vertex 0.013933664508214191 -0.042436684320838421 -0.017577850187836943
      vertex 0.013933664508214191 -0.038192006877500517 -0.025519083134812773
      vertex 0.0093643354567741598 -0.039143671528748036 -0.026154965125239283
    endloop
  endfacet
  facet normal -0.24187877197931121 0.75005704982902588 0.61555591270619636
    outer loop
      vertex 0.013933664508214191 -0.038192006877500517 -0.025519083134812773
      vertex 0.0093643354567741598 -0.033288956287731548 -0.033288956287731541
      vertex 0.0093643354567741598 -0.039143671528748036 -0.026154965125239283
    endloop
  endfacet
  facet normal -0.24187877197931124 0.75005704982902588 0.61555591270619636
    outer loop
      vertex 0.013933664508214191 -0.038192006877500517 -0.025519083134812773
      vertex 0.013933664508214191 -0.032479632028184477 -0.032479632028184463
      vertex 0.0093643354567741598 -0.033288956287731548 -0.033288956287731541
    endloop
  endfacet
  facet normal -0.2418787719793114 0.61555591270619614 0.7500570498290261
    outer loop
      vertex 0.013933664508214191 -0.032479632028184477 -0.032479632028184463
      vertex 0.0093643354567741598 -0.026154965125239293 -0.039143671528748022
      vertex 0.0093643354567741598 -0.033288956287731548 -0.033288956287731541
    endloop
  endfacet
  facet normal -0.24187877197931021 0.61555591270619692 0.75005704982902599
    outer loop
      vertex 0.013933664508214191 -0.032479632028184477 -0.032479632028184463
      vertex 0.013933664508214191 -0.025519083134812784 -0.03819200687750051
      vertex 0.0093643354567741598 -0.026154965125239293 -0.039143671528748022
    endloop
  endfacet
  facet normal -0.24187877197931013 0.45739930706580306 0.85573391516376407
    outer loop
      vertex 0.013933664508214191 -0.025519083134812784 -0.03819200687750051
      vertex 0.0093643354567741598 -0.018015853320857561 -0.043494117424938611
      vertex 0.0093643354567741598 -0.026154965125239293 -0.039143671528748022
    endloop
  endfacet
  facet normal -0.24187877197931143 0.45739930706580229 0.85573391516376407
    outer loop
      vertex 0.013933664508214191 -0.025519083134812784 -0.03819200687750051
      vertex 0.013933664508214191 -0.017577850187836974 -0.042436684320838407
      vertex 0.0093643354567741598 -0.018015853320857561 -0.043494117424938611
    endloop
  endfacet
  facet normal -0.24187877197931137 0.281665102567355 0.92852540603986811
    outer loop
      vertex 0.013933664508214191 -0.017577850187836974 -0.042436684320838407
      vertex 0.0093643354567741598 -0.009184402376762173 -0.04617310878027088
      vertex 0.0093643354567741598 -0.018015853320857561 -0.043494117424938611
    endloop
  endfacet
  facet normal -0.24187877197931079 0.28166510256735539 0.92852540603986811
    outer loop
      vertex 0.013933664508214191 -0.017577850187836974 -0.042436684320838407
      vertex 0.013933664508214191 -0.0089611103159145077 -0.045050543784493247
      vertex 0.0093643354567741598 -0.009184402376762173 -0.04617310878027088
    endloop
  endfacet
  facet normal -0.24187877197931079 0.095106666136854243 0.9656341862849066
    outer loop
      vertex 0.013933664508214191 -0.0089611103159145077 -0.045050543784493247
      vertex 0.0093643354567741598 -8.6480319909359192e-18 -0.047077693459355065
      vertex 0.0093643354567741598 -0.009184402376762173 -0.04617310878027088
    endloop
  endfacet
  facet normal -0.24187877197931079 0.095106666136854229 0.96563418628490649
    outer loop
      vertex 0.013933664508214191 -0.0089611103159145077 -0.045050543784493247
      vertex 0.013933664508214191 -8.4377802177319905e-18 -0.045933136115146031
      vertex 0.0093643354567741598 -8.6480319909359192e-18 -0.047077693459355065
    endloop
  endfacet
  facet normal -0.24187877197931082 -0.095106666136853535 0.9656341862849066
    outer loop
      vertex 0.013933664508214191 -8.4377802177319905e-18 -0.045933136115146031
      vertex 0.0093643354567741598 0.0091844023767621574 -0.046173108780270887
      vertex 0.0093643354567741598 -8.6480319909359192e-18 -0.047077693459355065
    endloop
  endfacet
  facet normal -0.24187877197931071 -0.095106666136853493 0.96563418628490671
    outer loop
      vertex 0.013933664508214191 -8.4377802177319905e-18 -0.045933136115146031
      vertex 0.013933664508214191 0.008961110315914492 -0.045050543784493254
      vertex 0.0093643354567741598 0.0091844023767621574 -0.046173108780270887
    endloop
  endfacet
  facet normal -0.24187877197931074 -0.28166510256735577 0.92852540603986788
    outer loop
      vertex 0.013933664508214191 0.008961110315914492 -0.045050543784493254
      vertex 0.0093643354567741598 0.018015853320857544 -0.043494117424938611
      vertex 0.0093643354567741598 0.0091844023767621574 -0.046173108780270887
    endloop
  endfacet
  facet normal -0.24187877197930988 -0.28166510256735539 0.92852540603986822
    outer loop
      vertex 0.013933664508214191 0.008961110315914492 -0.045050543784493254
      vertex 0.013933664508214191 0.01757785018783696 -0.042436684320838414
      vertex 0.0093643354567741598 0.018015853320857544 -0.043494117424938611
    endloop
  endfacet
  facet normal -0.24187877197930985 -0.45739930706580179 0.85573391516376485
    outer loop
      vertex 0.013933664508214191 0.01757785018783696 -0.042436684320838414
      vertex 0.0093643354567741598 0.02615496512523928 -0.039143671528748036
      vertex 0.0093643354567741598 0.018015853320857544 -0.043494117424938611
    endloop
  endfacet
  facet normal -0.24187877197931129 -0.45739930706580229 0.85573391516376407
    outer loop
      vertex 0.013933664508214191 0.01757785018783696 -0.042436684320838414
      vertex 0.013933664508214191 0.02551908313481277 -0.038192006877500517
      vertex 0.0093643354567741598 0.02615496512523928 -0.039143671528748036
    endloop
  endfacet
  facet normal -0.24187877197931121 -0.61555591270619658 0.75005704982902577
    outer loop
      vertex 0.013933664508214191 0.02551908313481277 -0.038192006877500517
      vertex 0.0093643354567741598 0.033288956287731535 -0.033288956287731548
      vertex 0.0093643354567741598 0.02615496512523928 -0.039143671528748036
    endloop
  endfacet
  facet normal -0.24187877197931029 -0.61555591270619636 0.75005704982902621
    outer loop
      vertex 0.013933664508214191 0.02551908313481277 -0.038192006877500517
      vertex 0.013933664508214191 0.032479632028184463 -0.032479632028184477
      vertex 0.0093643354567741598 0.033288956287731535 -0.033288956287731548
    endloop
  endfacet
  facet normal -0.24187877197931035 -0.75005704982902599 0.61555591270619681
    outer loop
      vertex 0.013933664508214191 0.032479632028184463 -0.032479632028184477
      vertex 0.0093643354567741598 0.039143671528748022 -0.026154965125239293
      vertex 0.0093643354567741598 0.033288956287731535 -0.033288956287731548
    endloop
  endfacet
  facet normal -0.24187877197931021 -0.75005704982902599 0.61555591270619692
    outer loop
      vertex 0.013933664508214191 0.032479632028184463 -0.032479632028184477
      vertex 0.013933664508214191 0.03819200687750051 -0.025519083134812784
      vertex 0.0093643354567741598 0.039143671528748022 -0.026154965125239293
    endloop
  endfacet
  facet normal -0.24187877197931013 -0.85573391516376407 0.45739930706580306
    outer loop
      vertex 0.013933664508214191 0.03819200687750051 -0.025519083134812784
      vertex 0.0093643354567741598 0.043494117424938611 -0.018015853320857561
      vertex 0.0093643354567741598 0.039143671528748022 -0.026154965125239293
    endloop
  endfacet
  facet normal -0.24187877197931104 -0.85573391516376407 0.45739930706580245
    outer loop
      vertex 0.013933664508214191 0.03819200687750051 -0.025519083134812784
      vertex 0.013933664508214191 0.042436684320838407 -0.017577850187836978
      vertex 0.0093643354567741598 0.043494117424938611 -0.018015853320857561
    endloop
  endfacet
  facet normal -0.24187877197931118 -0.92852540603986788 0.28166510256735511
    outer loop
      vertex 0.013933664508214191 0.042436684320838407 -0.017577850187836978
      vertex 0.0093643354567741598 0.04617310878027088 -0.0091844023767621765
      vertex 0.0093643354567741598 0.043494117424938611 -0.018015853320857561
    endloop
  endfacet
  facet normal -0.24187877197931079 -0.92852540603986811 0.28166510256735539
    outer loop
      vertex 0.013933664508214191 0.042436684320838407 -0.017577850187836978
      vertex 0.013933664508214191 0.045050543784493247 -0.0089611103159145111
      vertex 0.0093643354567741598 0.04617310878027088 -0.0091844023767621765
    endloop
  endfacet
  facet normal -0.24187877197931079 -0.9656341862849066 0.095106666136854132
    outer loop
      vertex 0.013933664508214191 0.045050543784493247 -0.0089611103159145111
      vertex 0.0093643354567741598 0.047077693459355065 0
      vertex 0.0093643354567741598 0.04617310878027088 -0.0091844023767621765
    endloop
  endfacet
  facet normal -0.24187877197931076 -0.96563418628490638 0.09510666613685409
    outer loop
      vertex 0.013933664508214191 0.045050543784493247 -0.0089611103159145111
      vertex 0.013933664508214191 0.045933136115146031 0
      vertex 0.0093643354567741598 0.047077693459355065 0
    endloop
  endfacet
  facet normal -0.14603903160678652 -0.98451518091004941 -0.096966281794262962
    outer loop
      vertex 0.0093643354567741598 0.047077693459355065 0
      vertex 0.0047048227358189171 0.046851001497705741 0.0093192436220165507
      vertex 0.0047048227358189171 0.047768866880265451 0
    endloop
  endfacet
  facet normal -0.14603903160678672 -0.98451518091004941 -0.096966281794263046
    outer loop
      vertex 0.0093643354567741598 0.047077693459355065 0
      vertex 0.0093643354567741598 0.046173108780270887 0.009184402376762154
      vertex 0.0047048227358189171 0.046851001497705741 0.0093192436220165507
    endloop
  endfacet
  facet normal -0.14603903160678675 -0.94668081463015052 -0.2871724855527541
    outer loop
      vertex 0.0093643354567741598 0.046173108780270887 0.009184402376762154
      vertex 0.0047048227358189171 0.04413267840193353 0.018280353937931041
      vertex 0.0047048227358189171 0.046851001497705741 0.0093192436220165507
    endloop
  endfacet
  facet normal -0.14603903160678605 -0.94668081463015052 -0.28717248555275376
    outer loop
      vertex 0.0093643354567741598 0.046173108780270887 0.009184402376762154
      vertex 0.0093643354567741598 0.043494117424938618 0.018015853320857533
      vertex 0.0047048227358189171 0.04413267840193353 0.018280353937931041
    endloop
  endfacet
  facet normal -0.14603903160678611 -0.87246603554873248 -0.46634281173963638
    outer loop
      vertex 0.0093643354567741598 0.043494117424938618 0.018015853320857533
      vertex 0.0047048227358189171 0.039718361225066209 0.026538960503751433
      vertex 0.0047048227358189171 0.04413267840193353 0.018280353937931041
    endloop
  endfacet
  facet normal -0.14603903160678736 -0.87246603554873203 -0.46634281173963682
    outer loop
      vertex 0.0093643354567741598 0.043494117424938618 0.018015853320857533
      vertex 0.0093643354567741598 0.039143671528748022 0.026154965125239293
      vertex 0.0047048227358189171 0.039718361225066209 0.026538960503751433
    endloop
  endfacet
  facet normal -0.14603903160678736 -0.76472287600576583 -0.62759184519942723
    outer loop
      vertex 0.0093643354567741598 0.039143671528748022 0.026154965125239293
      vertex 0.0047048227358189171 0.033777689700633183 0.033777689700633176
      vertex 0.0047048227358189171 0.039718361225066209 0.026538960503751433
    endloop
  endfacet
  facet normal -0.14603903160678669 -0.76472287600576616 -0.62759184519942701
    outer loop
      vertex 0.0093643354567741598 0.039143671528748022 0.026154965125239293
      vertex 0.0093643354567741598 0.033288956287731541 0.033288956287731541
      vertex 0.0047048227358189171 0.033777689700633183 0.033777689700633176
    endloop
  endfacet
  facet normal -0.1460390316067865 -0.62759184519942779 -0.76472287600576561
    outer loop
      vertex 0.0093643354567741598 0.033288956287731541 0.033288956287731541
      vertex 0.0047048227358189171 0.02653896050375144 0.039718361225066209
      vertex 0.0047048227358189171 0.033777689700633183 0.033777689700633176
    endloop
  endfacet
  facet normal -0.14603903160678741 -0.62759184519942746 -0.76472287600576583
    outer loop
      vertex 0.0093643354567741598 0.033288956287731541 0.033288956287731541
      vertex 0.0093643354567741598 0.0261549651252393 0.039143671528748022
      vertex 0.0047048227358189171 0.02653896050375144 0.039718361225066209
    endloop
  endfacet
  facet normal -0.14603903160678738 -0.4663428117396361 -0.87246603554873248
    outer loop
      vertex 0.0093643354567741598 0.0261549651252393 0.039143671528748022
      vertex 0.0047048227358189171 0.018280353937931045 0.04413267840193353
      vertex 0.0047048227358189171 0.02653896050375144 0.039718361225066209
    endloop
  endfacet
  facet normal -0.14603903160678611 -0.46634281173963682 -0.87246603554873225
    outer loop
      vertex 0.0093643354567741598 0.0261549651252393 0.039143671528748022
      vertex 0.0093643354567741598 0.018015853320857537 0.043494117424938618
      vertex 0.0047048227358189171 0.018280353937931045 0.04413267840193353
    endloop
  endfacet
  facet normal -0.14603903160678605 -0.2871724855527541 -0.94668081463015041
    outer loop
      vertex 0.0093643354567741598 0.018015853320857537 0.043494117424938618
      vertex 0.0047048227358189171 0.0093192436220165542 0.046851001497705741
      vertex 0.0047048227358189171 0.018280353937931045 0.04413267840193353
    endloop
  endfacet
  facet normal -0.14603903160678675 -0.28717248555275376 -0.94668081463015052
    outer loop
      vertex 0.0093643354567741598 0.018015853320857537 0.043494117424938618
      vertex 0.0093643354567741598 0.0091844023767621574 0.046173108780270887
      vertex 0.0047048227358189171 0.0093192436220165542 0.046851001497705741
    endloop
  endfacet
  facet normal -0.14603903160678669 -0.096966281794262948 -0.98451518091004941
    outer loop
      vertex 0.0093643354567741598 0.0091844023767621574 0.046173108780270887
      vertex 0.0047048227358189171 2.9249994961906547e-18 0.047768866880265451
      vertex 0.0047048227358189171 0.0093192436220165542 0.046851001497705741
    endloop
  endfacet
  facet normal -0.14603903160678655 -0.096966281794263059 -0.98451518091004953
    outer loop
      vertex 0.0093643354567741598 0.0091844023767621574 0.046173108780270887
      vertex 0.0093643354567741598 2.8826773303119732e-18 0.047077693459355065
      vertex 0.0047048227358189171 2.9249994961906547e-18 0.047768866880265451
    endloop
  endfacet
  facet normal -0.14603903160678652 0.096966281794262962 -0.98451518091004941
    outer loop
      vertex 0.0093643354567741598 2.8826773303119732e-18 0.047077693459355065
      vertex 0.0047048227358189171 -0.0093192436220165473 0.046851001497705741
      vertex 0.0047048227358189171 2.9249994961906547e-18 0.047768866880265451
    endloop
  endfacet
  facet normal -0.14603903160678672 0.096966281794263046 -0.98451518091004953
    outer loop
      vertex 0.0093643354567741598 2.8826773303119732e-18 0.047077693459355065
      vertex 0.0093643354567741598 -0.0091844023767621522 0.046173108780270887
      vertex 0.0047048227358189171 -0.0093192436220165473 0.046851001497705741
    endloop
  endfacet
  facet normal -0.14603903160678663 0.2871724855527541 -0.94668081463015052
    outer loop
      vertex 0.0093643354567741598 -0.0091844023767621522 0.046173108780270887
      vertex 0.0047048227358189171 -0.018280353937931038 0.04413267840193353
      vertex 0.0047048227358189171 -0.0093192436220165473 0.046851001497705741
    endloop
  endfacet
  facet normal -0.14603903160678602 0.28717248555275382 -0.94668081463015064
    outer loop
      vertex 0.0093643354567741598 -0.0091844023767621522 0.046173108780270887
      vertex 0.0093643354567741598 -0.01801585332085753 0.043494117424938618
      vertex 0.0047048227358189171 -0.018280353937931038 0.04413267840193353
    endloop
  endfacet
  facet normal -0.14603903160678613 0.46634281173963621 -0.8724660355487327
    outer loop
      vertex 0.0093643354567741598 -0.01801585332085753 0.043494117424938618
      vertex 0.0047048227358189171 -0.026538960503751423 0.039718361225066216
      vertex 0.0047048227358189171 -0.018280353937931038 0.04413267840193353
    endloop
  endfacet
  facet normal -0.14603903160678602 0.4663428117396361 -0.8724660355487327
    outer loop
      vertex 0.0093643354567741598 -0.01801585332085753 0.043494117424938618
      vertex 0.0093643354567741598 -0.026154965125239283 0.039143671528748036
      vertex 0.0047048227358189171 -0.026538960503751423 0.039718361225066216
    endloop
  endfacet
  facet normal -0.14603903160678625 0.62759184519942723 -0.76472287600576605
    outer loop
      vertex 0.0093643354567741598 -0.026154965125239283 0.039143671528748036
      vertex 0.0047048227358189171 -0.033777689700633176 0.033777689700633183
      vertex 0.0047048227358189171 -0.026538960503751423 0.039718361225066216
    endloop
  endfacet
  facet normal -0.14603903160678675 0.62759184519942735 -0.76472287600576572
    outer loop
      vertex 0.0093643354567741598 -0.026154965125239283 0.039143671528748036
      vertex 0.0093643354567741598 -0.033288956287731541 0.033288956287731541
      vertex 0.0047048227358189171 -0.033777689700633176 0.033777689700633183
    endloop
  endfacet
  facet normal -0.14603903160678647 0.76472287600576538 -0.62759184519942779
    outer loop
      vertex 0.0093643354567741598 -0.033288956287731541 0.033288956287731541
      vertex 0.0047048227358189171 -0.039718361225066216 0.026538960503751433
      vertex 0.0047048227358189171 -0.033777689700633176 0.033777689700633183
    endloop
  endfacet
  facet normal -0.14603903160678738 0.76472287600576561 -0.62759184519942735
    outer loop
      vertex 0.0093643354567741598 -0.033288956287731541 0.033288956287731541
      vertex 0.0093643354567741598 -0.039143671528748029 0.026154965125239293
      vertex 0.0047048227358189171 -0.039718361225066216 0.026538960503751433
    endloop
  endfacet
  facet normal -0.14603903160678738 0.87246603554873259 -0.46634281173963599
    outer loop
      vertex 0.0093643354567741598 -0.039143671528748029 0.026154965125239293
      vertex 0.0047048227358189171 -0.04413267840193353 0.018280353937931048
      vertex 0.0047048227358189171 -0.039718361225066216 0.026538960503751433
    endloop
  endfacet
  facet normal -0.14603903160678613 0.87246603554873248 -0.46634281173963676
    outer loop
      vertex 0.0093643354567741598 -0.039143671528748029 0.026154965125239293
      vertex 0.0093643354567741598 -0.043494117424938618 0.01801585332085754
      vertex 0.0047048227358189171 -0.04413267840193353 0.018280353937931048
    endloop
  endfacet
  facet normal -0.14603903160678605 0.9466808146301503 -0.28717248555275443
    outer loop
      vertex 0.0093643354567741598 -0.043494117424938618 0.01801585332085754
      vertex 0.0047048227358189171 -0.046851001497705741 0.0093192436220165681
      vertex 0.0047048227358189171 -0.04413267840193353 0.018280353937931048
    endloop
  endfacet
  facet normal -0.14603903160678675 0.94668081463015052 -0.28717248555275404
    outer loop
      vertex 0.0093643354567741598 -0.043494117424938618 0.01801585332085754
      vertex 0.0093643354567741598 -0.046173108780270887 0.0091844023767621713
      vertex 0.0047048227358189171 -0.046851001497705741 0.0093192436220165681
    endloop
  endfacet
  facet normal -0.14603903160678675 0.98451518091004964 -0.096966281794262837
    outer loop
      vertex 0.0093643354567741598 -0.046173108780270887 0.0091844023767621713
      vertex 0.0047048227358189171 -0.047768866880265451 5.8499989923813094e-18
      vertex 0.0047048227358189171 -0.046851001497705741 0.0093192436220165681
    endloop
  endfacet
  facet normal -0.14603903160678655 0.98451518091004953 -0.096966281794262935
    outer loop
      vertex 0.0093643354567741598 -0.046173108780270887 0.0091844023767621713
      vertex 0.0093643354567741598 -0.047077693459355065 5.7653546606239464e-18
      vertex 0.0047048227358189171 -0.047768866880265451 5.8499989923813094e-18
    endloop
  endfacet
  facet normal -0.14603903160678655 0.98451518091004964 0.096966281794262865
    outer loop
      vertex 0.0093643354567741598 -0.047077693459355065 5.7653546606239464e-18
      vertex 0.0047048227358189171 -0.046851001497705741 -0.0093192436220165559
      vertex 0.0047048227358189171 -0.047768866880265451 5.8499989923813094e-18
    endloop
  endfacet
  facet normal -0.14603903160678672 0.98451518091004941 0.096966281794262935
    outer loop
      vertex 0.0093643354567741598 -0.047077693459355065 5.7653546606239464e-18
      vertex 0.0093643354567741598 -0.046173108780270887 -0.0091844023767621592
      vertex 0.0047048227358189171 -0.046851001497705741 -0.0093192436220165559
    endloop
  endfacet
  facet normal -0.14603903160678675 0.94668081463015041 0.28717248555275376
    outer loop
      vertex 0.0093643354567741598 -0.046173108780270887 -0.0091844023767621592
      vertex 0.0047048227358189171 -0.044132678401933537 -0.018280353937931034
      vertex 0.0047048227358189171 -0.046851001497705741 -0.0093192436220165559
    endloop
  endfacet
  facet normal -0.14603903160678577 0.94668081463015075 0.28717248555275338
    outer loop
      vertex 0.0093643354567741598 -0.046173108780270887 -0.0091844023767621592
      vertex 0.0093643354567741598 -0.043494117424938625 -0.01801585332085753
      vertex 0.0047048227358189171 -0.044132678401933537 -0.018280353937931034
    endloop
  endfacet
  facet normal -0.14603903160678577 0.87246603554873248 0.4663428117396366
    outer loop
      vertex 0.0093643354567741598 -0.043494117424938625 -0.01801585332085753
      vertex 0.0047048227358189171 -0.039718361225066216 -0.026538960503751423
      vertex 0.0047048227358189171 -0.044132678401933537 -0.018280353937931034
    endloop
  endfacet
  facet normal -0.14603903160678613 0.87246603554873248 0.46634281173963676
    outer loop
      vertex 0.0093643354567741598 -0.043494117424938625 -0.01801585332085753
      vertex 0.0093643354567741598 -0.039143671528748036 -0.026154965125239283
      vertex 0.0047048227358189171 -0.039718361225066216 -0.026538960503751423
    endloop
  endfacet
  facet normal -0.14603903160678627 0.76472287600576638 0.6275918451994269
    outer loop
      vertex 0.0093643354567741598 -0.039143671528748036 -0.026154965125239283
      vertex 0.0047048227358189171 -0.03377768970063319 -0.033777689700633176
      vertex 0.0047048227358189171 -0.039718361225066216 -0.026538960503751423
    endloop
  endfacet
  facet normal -0.14603903160678666 0.76472287600576627 0.62759184519942701
    outer loop
      vertex 0.0093643354567741598 -0.039143671528748036 -0.026154965125239283
      vertex 0.0093643354567741598 -0.033288956287731548 -0.033288956287731541
      vertex 0.0047048227358189171 -0.03377768970063319 -0.033777689700633176
    endloop
  endfacet
  facet normal -0.14603903160678647 0.62759184519942712 0.76472287600576616
    outer loop
      vertex 0.0093643354567741598 -0.033288956287731548 -0.033288956287731541
      vertex 0.0047048227358189171 -0.026538960503751433 -0.039718361225066209
      vertex 0.0047048227358189171 -0.03377768970063319 -0.033777689700633176
    endloop
  endfacet
  facet normal -0.14603903160678736 0.62759184519942657 0.76472287600576627
    outer loop
      vertex 0.0093643354567741598 -0.033288956287731548 -0.033288956287731541
      vertex 0.0093643354567741598 -0.026154965125239293 -0.039143671528748022
      vertex 0.0047048227358189171 -0.026538960503751433 -0.039718361225066209
    endloop
  endfacet
  facet normal -0.14603903160678741 0.46634281173963688 0.87246603554873203
    outer loop
      vertex 0.0093643354567741598 -0.026154965125239293 -0.039143671528748022
      vertex 0.0047048227358189171 -0.018280353937931069 -0.044132678401933523
      vertex 0.0047048227358189171 -0.026538960503751433 -0.039718361225066209
    endloop
  endfacet
  facet normal -0.14603903160678611 0.46634281173963765 0.8724660355487317
    outer loop
      vertex 0.0093643354567741598 -0.026154965125239293 -0.039143671528748022
      vertex 0.0093643354567741598 -0.018015853320857561 -0.043494117424938611
      vertex 0.0047048227358189171 -0.018280353937931069 -0.044132678401933523
    endloop
  endfacet
  facet normal -0.14603903160678605 0.28717248555275388 0.94668081463015052
    outer loop
      vertex 0.0093643354567741598 -0.018015853320857561 -0.043494117424938611
      vertex 0.0047048227358189171 -0.0093192436220165698 -0.046851001497705734
      vertex 0.0047048227358189171 -0.018280353937931069 -0.044132678401933523
    endloop
  endfacet
  facet normal -0.14603903160678669 0.28717248555275349 0.94668081463015064
    outer loop
      vertex 0.0093643354567741598 -0.018015853320857561 -0.043494117424938611
      vertex 0.0093643354567741598 -0.009184402376762173 -0.04617310878027088
      vertex 0.0047048227358189171 -0.0093192436220165698 -0.046851001497705734
    endloop
  endfacet
  facet normal -0.14603903160678675 0.096966281794263587 0.98451518091004941
    outer loop
      vertex 0.0093643354567741598 -0.009184402376762173 -0.04617310878027088
      vertex 0.0047048227358189171 -8.7749984885719645e-18 -0.047768866880265451
      vertex 0.0047048227358189171 -0.0093192436220165698 -0.046851001497705734
    endloop
  endfacet
  facet normal -0.14603903160678652 0.096966281794263684 0.98451518091004941
    outer loop
      vertex 0.0093643354567741598 -0.009184402376762173 -0.04617310878027088
      vertex 0.0093643354567741598 -8.6480319909359192e-18 -0.047077693459355065
      vertex 0.0047048227358189171 -8.7749984885719645e-18 -0.047768866880265451
    endloop
  endfacet
  facet normal -0.14603903160678655 -0.096966281794262865 0.98451518091004964
    outer loop
      vertex 0.0093643354567741598 -8.6480319909359192e-18 -0.047077693459355065
      vertex 0.0047048227358189171 0.0093192436220165525 -0.046851001497705741
      vertex 0.0047048227358189171 -8.7749984885719645e-18 -0.047768866880265451
    endloop
  endfacet
  facet normal -0.14603903160678669 -0.096966281794262935 0.98451518091004953
    outer loop
      vertex 0.0093643354567741598 -8.6480319909359192e-18 -0.047077693459355065
      vertex 0.0093643354567741598 0.0091844023767621574 -0.046173108780270887
      vertex 0.0047048227358189171 0.0093192436220165525 -0.046851001497705741
    endloop
  endfacet
  facet normal -0.14603903160678661 -0.28717248555275382 0.94668081463015041
    outer loop
      vertex 0.0093643354567741598 0.0091844023767621574 -0.046173108780270887
      vertex 0.0047048227358189171 0.018280353937931051 -0.04413267840193353
      vertex 0.0047048227358189171 0.0093192436220165525 -0.046851001497705741
    endloop
  endfacet
  facet normal -0.14603903160678744 -0.28717248555275415 0.9466808146301503
    outer loop
      vertex 0.0093643354567741598 0.0091844023767621574 -0.046173108780270887
      vertex 0.0093643354567741598 0.018015853320857544 -0.043494117424938611
      vertex 0.0047048227358189171 0.018280353937931051 -0.04413267840193353
    endloop
  endfacet
  facet normal -0.14603903160678736 -0.46634281173963699 0.87246603554873203
    outer loop
      vertex 0.0093643354567741598 0.018015853320857544 -0.043494117424938611
      vertex 0.0047048227358189171 0.026538960503751416 -0.039718361225066216
      vertex 0.0047048227358189171 0.018280353937931051 -0.04413267840193353
    endloop
  endfacet
  facet normal -0.14603903160678572 -0.46634281173963626 0.87246603554873259
    outer loop
      vertex 0.0093643354567741598 0.018015853320857544 -0.043494117424938611
      vertex 0.0093643354567741598 0.02615496512523928 -0.039143671528748036
      vertex 0.0047048227358189171 0.026538960503751416 -0.039718361225066216
    endloop
  endfacet
  facet normal -0.14603903160678577 -0.62759184519942679 0.76472287600576649
    outer loop
      vertex 0.0093643354567741598 0.02615496512523928 -0.039143671528748036
      vertex 0.0047048227358189171 0.033777689700633169 -0.03377768970063319
      vertex 0.0047048227358189171 0.026538960503751416 -0.039718361225066216
    endloop
  endfacet
  facet normal -0.14603903160678669 -0.62759184519942712 0.76472287600576605
    outer loop
      vertex 0.0093643354567741598 0.02615496512523928 -0.039143671528748036
      vertex 0.0093643354567741598 0.033288956287731535 -0.033288956287731548
      vertex 0.0047048227358189171 0.033777689700633169 -0.03377768970063319
    endloop
  endfacet
  facet normal -0.1460390316067865 -0.76472287600576583 0.62759184519942746
    outer loop
      vertex 0.0093643354567741598 0.033288956287731535 -0.033288956287731548
      vertex 0.0047048227358189171 0.039718361225066209 -0.026538960503751433
      vertex 0.0047048227358189171 0.033777689700633169 -0.03377768970063319
    endloop
  endfacet
  facet normal -0.14603903160678744 -0.76472287600576594 0.62759184519942701
    outer loop
      vertex 0.0093643354567741598 0.033288956287731535 -0.033288956287731548
      vertex 0.0093643354567741598 0.039143671528748022 -0.026154965125239293
      vertex 0.0047048227358189171 0.039718361225066209 -0.026538960503751433
    endloop
  endfacet
  facet normal -0.14603903160678741 -0.87246603554873203 0.46634281173963688
    outer loop
      vertex 0.0093643354567741598 0.039143671528748022 -0.026154965125239293
      vertex 0.0047048227358189171 0.044132678401933523 -0.018280353937931069
      vertex 0.0047048227358189171 0.039718361225066209 -0.026538960503751433
    endloop
  endfacet
  facet normal -0.14603903160678611 -0.8724660355487317 0.46634281173963765
    outer loop
      vertex 0.0093643354567741598 0.039143671528748022 -0.026154965125239293
      vertex 0.0093643354567741598 0.043494117424938611 -0.018015853320857561
      vertex 0.0047048227358189171 0.044132678401933523 -0.018280353937931069
    endloop
  endfacet
  facet normal -0.14603903160678608 -0.94668081463015052 0.28717248555275399
    outer loop
      vertex 0.0093643354567741598 0.043494117424938611 -0.018015853320857561
      vertex 0.0047048227358189171 0.046851001497705734 -0.0093192436220165733
      vertex 0.0047048227358189171 0.044132678401933523 -0.018280353937931069
    endloop
  endfacet
  facet normal -0.14603903160678677 -0.94668081463015052 0.2871724855527536
    outer loop
      vertex 0.0093643354567741598 0.043494117424938611 -0.018015853320857561
      vertex 0.0093643354567741598 0.04617310878027088 -0.0091844023767621765
      vertex 0.0047048227358189171 0.046851001497705734 -0.0093192436220165733
    endloop
  endfacet
  facet normal -0.14603903160678672 -0.98451518091004941 0.096966281794263448
    outer loop
      vertex 0.0093643354567741598 0.04617310878027088 -0.0091844023767621765
      vertex 0.0047048227358189171 0.047768866880265451 0
      vertex 0.0047048227358189171 0.046851001497705734 -0.0093192436220165733
    endloop
  endfacet
  facet normal -0.14603903160678652 -0.98451518091004941 0.096966281794263545
    outer loop
      vertex 0.0093643354567741598 0.04617310878027088 -0.0091844023767621765
      vertex 0.0093643354567741598 0.047077693459355065 0
      vertex 0.0047048227358189171 0.047768866880265451 0
    endloop
  endfacet
  facet normal -0.048831964834101016 -0.99399747924505466 -0.097900206664328956
    outer loop
      vertex 0.0047048227358189171 0.047768866880265451 0
      vertex 2.9391523179536477e-18 0.047077693459355065 0.0093643354567741564
      vertex 2.9391523179536477e-18 0.048000000000000001 0
    endloop
  endfacet
  facet normal -0.048831964834100926 -0.99399747924505477 -0.097900206664328915
    outer loop
      vertex 0.0047048227358189171 0.047768866880265451 0
      vertex 0.0047048227358189171 0.046851001497705741 0.0093192436220165507
      vertex 2.9391523179536477e-18 0.047077693459355065 0.0093643354567741564
    endloop
  endfacet
  facet normal -0.04883196483410094 -0.9557987135578756 -0.28993836995394584
    outer loop
      vertex 0.0047048227358189171 0.046851001497705741 0.0093192436220165507
      vertex 2.9391523179536477e-18 0.044346217560541766 0.018368804753524311
      vertex 2.9391523179536477e-18 0.047077693459355065 0.0093643354567741564
    endloop
  endfacet
  facet normal -0.048831964834102126 -0.95579871355787538 -0.2899383699539464
    outer loop
      vertex 0.0047048227358189171 0.046851001497705741 0.0093192436220165507
      vertex 0.0047048227358189171 0.04413267840193353 0.018280353937931041
      vertex 2.9391523179536477e-18 0.044346217560541766 0.018368804753524311
    endloop
  endfacet
  facet normal -0.048831964834102091 -0.88086913932676114 -0.47083436428554371
    outer loop
      vertex 0.0047048227358189171 0.04413267840193353 0.018280353937931041
      vertex 2.9391523179536477e-18 0.039910541390522171 0.026667371184940905
      vertex 2.9391523179536477e-18 0.044346217560541766 0.018368804753524311
    endloop
  endfacet
  facet normal -0.048831964834100489 -0.88086913932676159 -0.47083436428554315
    outer loop
      vertex 0.0047048227358189171 0.04413267840193353 0.018280353937931041
      vertex 0.0047048227358189171 0.039718361225066209 0.026538960503751433
      vertex 2.9391523179536477e-18 0.039910541390522171 0.026667371184940905
    endloop
  endfacet
  facet normal -0.048831964834100627 -0.7720882580684244 -0.63363645804460067
    outer loop
      vertex 0.0047048227358189171 0.039718361225066209 0.026538960503751433
      vertex 2.9391523179536477e-18 0.033941125496954286 0.033941125496954279
      vertex 2.9391523179536477e-18 0.039910541390522171 0.026667371184940905
    endloop
  endfacet
  facet normal -0.048831964834101085 -0.77208825806842429 -0.63363645804460089
    outer loop
      vertex 0.0047048227358189171 0.039718361225066209 0.026538960503751433
      vertex 0.0047048227358189171 0.033777689700633183 0.033777689700633176
      vertex 2.9391523179536477e-18 0.033941125496954286 0.033941125496954279
    endloop
  endfacet
  facet normal -0.048831964834101065 -0.63363645804460123 -0.77208825806842407
    outer loop
      vertex 0.0047048227358189171 0.033777689700633183 0.033777689700633176
      vertex 2.9391523179536477e-18 0.026667371184940912 0.039910541390522171
      vertex 2.9391523179536477e-18 0.033941125496954286 0.033941125496954279
    endloop
  endfacet
  facet normal -0.048831964834100752 -0.63363645804460145 -0.77208825806842396
    outer loop
      vertex 0.0047048227358189171 0.033777689700633183 0.033777689700633176
      vertex 0.0047048227358189171 0.02653896050375144 0.039718361225066209
      vertex 2.9391523179536477e-18 0.026667371184940912 0.039910541390522171
    endloop
  endfacet
  facet normal -0.048831964834100558 -0.47083436428554348 -0.88086913932676136
    outer loop
      vertex 0.0047048227358189171 0.02653896050375144 0.039718361225066209
      vertex 2.9391523179536477e-18 0.018368804753524311 0.044346217560541766
      vertex 2.9391523179536477e-18 0.026667371184940912 0.039910541390522171
    endloop
  endfacet
  facet normal -0.048831964834101696 -0.47083436428554293 -0.8808691393267617
    outer loop
      vertex 0.0047048227358189171 0.02653896050375144 0.039718361225066209
      vertex 0.0047048227358189171 0.018280353937931045 0.04413267840193353
      vertex 2.9391523179536477e-18 0.018368804753524311 0.044346217560541766
    endloop
  endfacet
  facet normal -0.04883196483410189 -0.28993836995394584 -0.95579871355787549
    outer loop
      vertex 0.0047048227358189171 0.018280353937931045 0.04413267840193353
      vertex 2.9391523179536477e-18 0.0093643354567741598 0.047077693459355065
      vertex 2.9391523179536477e-18 0.018368804753524311 0.044346217560541766
    endloop
  endfacet
  facet normal -0.048831964834100905 -0.28993836995394645 -0.95579871355787549
    outer loop
      vertex 0.0047048227358189171 0.018280353937931045 0.04413267840193353
      vertex 0.0047048227358189171 0.0093192436220165542 0.046851001497705741
      vertex 2.9391523179536477e-18 0.0093643354567741598 0.047077693459355065
    endloop
  endfacet
  facet normal -0.04883196483410094 -0.097900206664328943 -0.99399747924505466
    outer loop
      vertex 0.0047048227358189171 0.0093192436220165542 0.046851001497705741
      vertex 2.9391523179536477e-18 2.9391523179536477e-18 0.048000000000000001
      vertex 2.9391523179536477e-18 0.0093643354567741598 0.047077693459355065
    endloop
  endfacet
  facet normal -0.048831964834101044 -0.097900206664328915 -0.99399747924505477
    outer loop
      vertex 0.0047048227358189171 0.0093192436220165542 0.046851001497705741
      vertex 0.0047048227358189171 2.9249994961906547e-18 0.047768866880265451
      vertex 2.9391523179536477e-18 2.9391523179536477e-18 0.048000000000000001
    endloop
  endfacet
  facet normal -0.048831964834101016 0.097900206664328956 -0.99399747924505466
    outer loop
      vertex 0.0047048227358189171 2.9249994961906547e-18 0.047768866880265451
      vertex 2.9391523179536477e-18 -0.0093643354567741529 0.047077693459355065
      vertex 2.9391523179536477e-18 2.9391523179536477e-18 0.048000000000000001
    endloop
  endfacet
  facet normal -0.048831964834100926 0.097900206664328915 -0.99399747924505477
    outer loop
      vertex 0.0047048227358189171 2.9249994961906547e-18 0.047768866880265451
      vertex 0.0047048227358189171 -0.0093192436220165473 0.046851001497705741
      vertex 2.9391523179536477e-18 -0.0093643354567741529 0.047077693459355065
    endloop
  endfacet
  facet normal -0.04883196483410094 0.28993836995394584 -0.9557987135578756
    outer loop
      vertex 0.0047048227358189171 -0.0093192436220165473 0.046851001497705741
      vertex 2.9391523179536477e-18 -0.018368804753524308 0.044346217560541766
      vertex 2.9391523179536477e-18 -0.0093643354567741529 0.047077693459355065
    endloop
  endfacet
  facet normal -0.048831964834102126 0.2899383699539464 -0.95579871355787538
    outer loop
      vertex 0.0047048227358189171 -0.0093192436220165473 0.046851001497705741
      vertex 0.0047048227358189171 -0.018280353937931038 0.04413267840193353
      vertex 2.9391523179536477e-18 -0.018368804753524308 0.044346217560541766
    endloop
  endfacet
  facet normal -0.048831964834102091 0.47083436428554287 -0.8808691393267617
    outer loop
      vertex 0.0047048227358189171 -0.018280353937931038 0.04413267840193353
      vertex 2.9391523179536477e-18 -0.026667371184940895 0.039910541390522185
      vertex 2.9391523179536477e-18 -0.018368804753524308 0.044346217560541766
    endloop
  endfacet
  facet normal -0.048831964834101758 0.47083436428554276 -0.8808691393267617
    outer loop
      vertex 0.0047048227358189171 -0.018280353937931038 0.04413267840193353
      vertex 0.0047048227358189171 -0.026538960503751423 0.039718361225066216
      vertex 2.9391523179536477e-18 -0.026667371184940895 0.039910541390522185
    endloop
  endfacet
  facet normal -0.048831964834101765 0.63363645804460111 -0.77208825806842418
    outer loop
      vertex 0.0047048227358189171 -0.026538960503751423 0.039718361225066216
      vertex 2.9391523179536477e-18 -0.033941125496954279 0.033941125496954286
      vertex 2.9391523179536477e-18 -0.026667371184940895 0.039910541390522185
    endloop
  endfacet
  facet normal -0.048831964834101176 0.63363645804460089 -0.7720882580684244
    outer loop
      vertex 0.0047048227358189171 -0.026538960503751423 0.039718361225066216
      vertex 0.0047048227358189171 -0.033777689700633176 0.033777689700633183
      vertex 2.9391523179536477e-18 -0.033941125496954279 0.033941125496954286
    endloop
  endfacet
  facet normal -0.048831964834101071 0.77208825806842407 -0.63363645804460123
    outer loop
      vertex 0.0047048227358189171 -0.033777689700633176 0.033777689700633183
      vertex 2.9391523179536477e-18 -0.039910541390522178 0.026667371184940905
      vertex 2.9391523179536477e-18 -0.033941125496954279 0.033941125496954286
    endloop
  endfacet
  facet normal -0.048831964834100544 0.77208825806842385 -0.63363645804460145
    outer loop
      vertex 0.0047048227358189171 -0.033777689700633176 0.033777689700633183
      vertex 0.0047048227358189171 -0.039718361225066216 0.026538960503751433
      vertex 2.9391523179536477e-18 -0.039910541390522178 0.026667371184940905
    endloop
  endfacet
  facet normal -0.048831964834100565 0.88086913932676147 -0.47083436428554332
    outer loop
      vertex 0.0047048227358189171 -0.039718361225066216 0.026538960503751433
      vertex 2.9391523179536477e-18 -0.044346217560541766 0.018368804753524315
      vertex 2.9391523179536477e-18 -0.039910541390522178 0.026667371184940905
    endloop
  endfacet
  facet normal -0.048831964834101758 0.8808691393267617 -0.47083436428554276
    outer loop
      vertex 0.0047048227358189171 -0.039718361225066216 0.026538960503751433
      vertex 0.0047048227358189171 -0.04413267840193353 0.018280353937931048
      vertex 2.9391523179536477e-18 -0.044346217560541766 0.018368804753524315
    endloop
  endfacet
  facet normal -0.048831964834101904 0.95579871355787549 -0.28993836995394623
    outer loop
      vertex 0.0047048227358189171 -0.04413267840193353 0.018280353937931048
      vertex 2.9391523179536477e-18 -0.047077693459355065 0.0093643354567741737
      vertex 2.9391523179536477e-18 -0.044346217560541766 0.018368804753524315
    endloop
  endfacet
  facet normal -0.048831964834100877 0.95579871355787527 -0.28993836995394667
    outer loop
      vertex 0.0047048227358189171 -0.04413267840193353 0.018280353937931048
      vertex 0.0047048227358189171 -0.046851001497705741 0.0093192436220165681
      vertex 2.9391523179536477e-18 -0.047077693459355065 0.0093643354567741737
    endloop
  endfacet
  facet normal -0.048831964834100926 0.99399747924505466 -0.097900206664328804
    outer loop
      vertex 0.0047048227358189171 -0.046851001497705741 0.0093192436220165681
      vertex 2.9391523179536477e-18 -0.048000000000000001 5.8783046359072955e-18
      vertex 2.9391523179536477e-18 -0.047077693459355065 0.0093643354567741737
    endloop
  endfacet
  facet normal -0.048831964834101009 0.99399747924505455 -0.097900206664328762
    outer loop
      vertex 0.0047048227358189171 -0.046851001497705741 0.0093192436220165681
      vertex 0.0047048227358189171 -0.047768866880265451 5.8499989923813094e-18
      vertex 2.9391523179536477e-18 -0.048000000000000001 5.8783046359072955e-18
    endloop
  endfacet
  facet normal -0.04883196483410103 0.99399747924505477 0.097900206664328873
    outer loop
      vertex 0.0047048227358189171 -0.047768866880265451 5.8499989923813094e-18
      vertex 2.9391523179536477e-18 -0.047077693459355065 -0.0093643354567741616
      vertex 2.9391523179536477e-18 -0.048000000000000001 5.8783046359072955e-18
    endloop
  endfacet
  facet normal -0.048831964834100926 0.99399747924505455 0.09790020666432879
    outer loop
      vertex 0.0047048227358189171 -0.047768866880265451 5.8499989923813094e-18
      vertex 0.0047048227358189171 -0.046851001497705741 -0.0093192436220165559
      vertex 2.9391523179536477e-18 -0.047077693459355065 -0.0093643354567741616
    endloop
  endfacet
  facet normal -0.048831964834100933 0.95579871355787571 0.28993836995394551
    outer loop
      vertex 0.0047048227358189171 -0.046851001497705741 -0.0093192436220165559
      vertex 2.9391523179536477e-18 -0.044346217560541773 -0.018368804753524304
      vertex 2.9391523179536477e-18 -0.047077693459355065 -0.0093643354567741616
    endloop
  endfacet
  facet normal -0.048831964834102043 0.95579871355787549 0.28993836995394606
    outer loop
      vertex 0.0047048227358189171 -0.046851001497705741 -0.0093192436220165559
      vertex 0.0047048227358189171 -0.044132678401933537 -0.018280353937931034
      vertex 2.9391523179536477e-18 -0.044346217560541773 -0.018368804753524304
    endloop
  endfacet
  facet normal -0.048831964834102091 0.88086913932676147 0.47083436428554332
    outer loop
      vertex 0.0047048227358189171 -0.044132678401933537 -0.018280353937931034
      vertex 2.9391523179536477e-18 -0.039910541390522185 -0.026667371184940895
      vertex 2.9391523179536477e-18 -0.044346217560541773 -0.018368804753524304
    endloop
  endfacet
  facet normal -0.048831964834101883 0.88086913932676136 0.47083436428554321
    outer loop
      vertex 0.0047048227358189171 -0.044132678401933537 -0.018280353937931034
      vertex 0.0047048227358189171 -0.039718361225066216 -0.026538960503751423
      vertex 2.9391523179536477e-18 -0.039910541390522185 -0.026667371184940895
    endloop
  endfacet
  facet normal -0.048831964834101772 0.77208825806842463 0.63363645804460067
    outer loop
      vertex 0.0047048227358189171 -0.039718361225066216 -0.026538960503751423
      vertex 2.9391523179536477e-18 -0.033941125496954293 -0.033941125496954279
      vertex 2.9391523179536477e-18 -0.039910541390522185 -0.026667371184940895
    endloop
  endfacet
  facet normal -0.048831964834101037 0.77208825806842463 0.63363645804460034
    outer loop
      vertex 0.0047048227358189171 -0.039718361225066216 -0.026538960503751423
      vertex 0.0047048227358189171 -0.03377768970063319 -0.033777689700633176
      vertex 2.9391523179536477e-18 -0.033941125496954293 -0.033941125496954279
    endloop
  endfacet
  facet normal -0.048831964834101065 0.63363645804460045 0.77208825806842474
    outer loop
      vertex 0.0047048227358189171 -0.03377768970063319 -0.033777689700633176
      vertex 2.9391523179536477e-18 -0.026667371184940905 -0.039910541390522171
      vertex 2.9391523179536477e-18 -0.033941125496954293 -0.033941125496954279
    endloop
  endfacet
  facet normal -0.048831964834100537 0.63363645804460067 0.77208825806842452
    outer loop
      vertex 0.0047048227358189171 -0.03377768970063319 -0.033777689700633176
      vertex 0.0047048227358189171 -0.026538960503751433 -0.039718361225066209
      vertex 2.9391523179536477e-18 -0.026667371184940905 -0.039910541390522171
    endloop
  endfacet
  facet normal -0.048831964834100551 0.47083436428554365 0.88086913932676114
    outer loop
      vertex 0.0047048227358189171 -0.026538960503751433 -0.039718361225066209
      vertex 2.9391523179536477e-18 -0.018368804753524336 -0.044346217560541752
      vertex 2.9391523179536477e-18 -0.026667371184940905 -0.039910541390522171
    endloop
  endfacet
  facet normal -0.048831964834100482 0.47083436428554376 0.88086913932676125
    outer loop
      vertex 0.0047048227358189171 -0.026538960503751433 -0.039718361225066209
      vertex 0.0047048227358189171 -0.018280353937931069 -0.044132678401933523
      vertex 2.9391523179536477e-18 -0.018368804753524336 -0.044346217560541752
    endloop
  endfacet
  facet normal -0.048831964834100489 0.28993836995394628 0.95579871355787549
    outer loop
      vertex 0.0047048227358189171 -0.018280353937931069 -0.044132678401933523
      vertex 2.9391523179536477e-18 -0.0093643354567741754 -0.047077693459355058
      vertex 2.9391523179536477e-18 -0.018368804753524336 -0.044346217560541752
    endloop
  endfacet
  facet normal -0.04883196483410094 0.28993836995394617 0.95579871355787549
    outer loop
      vertex 0.0047048227358189171 -0.018280353937931069 -0.044132678401933523
      vertex 0.0047048227358189171 -0.0093192436220165698 -0.046851001497705734
      vertex 2.9391523179536477e-18 -0.0093643354567741754 -0.047077693459355058
    endloop
  endfacet
  facet normal -0.048831964834100933 0.097900206664329581 0.99399747924505466
    outer loop
      vertex 0.0047048227358189171 -0.0093192436220165698 -0.046851001497705734
      vertex 2.9391523179536477e-18 -8.8174569538609421e-18 -0.048000000000000001
      vertex 2.9391523179536477e-18 -0.0093643354567741754 -0.047077693459355058
    endloop
  endfacet
  facet normal -0.048831964834101023 0.097900206664329539 0.99399747924505455
    outer loop
      vertex 0.0047048227358189171 -0.0093192436220165698 -0.046851001497705734
      vertex 0.0047048227358189171 -8.7749984885719645e-18 -0.047768866880265451
      vertex 2.9391523179536477e-18 -8.8174569538609421e-18 -0.048000000000000001
    endloop
  endfacet
  facet normal -0.04883196483410103 -0.097900206664328873 0.99399747924505477
    outer loop
      vertex 0.0047048227358189171 -8.7749984885719645e-18 -0.047768866880265451
      vertex 2.9391523179536477e-18 0.0093643354567741581 -0.047077693459355065
      vertex 2.9391523179536477e-18 -8.8174569538609421e-18 -0.048000000000000001
    endloop
  endfacet
  facet normal -0.048831964834100926 -0.09790020666432879 0.99399747924505455
    outer loop
      vertex 0.0047048227358189171 -8.7749984885719645e-18 -0.047768866880265451
      vertex 0.0047048227358189171 0.0093192436220165525 -0.046851001497705741
      vertex 2.9391523179536477e-18 0.0093643354567741581 -0.047077693459355065
    endloop
  endfacet
  facet normal -0.04883196483410094 -0.28993836995394628 0.95579871355787549
    outer loop
      vertex 0.0047048227358189171 0.0093192436220165525 -0.046851001497705741
      vertex 2.9391523179536477e-18 0.018368804753524322 -0.044346217560541759
      vertex 2.9391523179536477e-18 0.0093643354567741581 -0.047077693459355065
    endloop
  endfacet
  facet normal -0.048831964834100711 -0.28993836995394617 0.95579871355787549
    outer loop
      vertex 0.0047048227358189171 0.0093192436220165525 -0.046851001497705741
      vertex 0.0047048227358189171 0.018280353937931051 -0.04413267840193353
      vertex 2.9391523179536477e-18 0.018368804753524322 -0.044346217560541759
    endloop
  endfacet
  facet normal -0.048831964834100787 -0.47083436428554326 0.88086913932676136
    outer loop
      vertex 0.0047048227358189171 0.018280353937931051 -0.04413267840193353
      vertex 2.9391523179536477e-18 0.026667371184940888 -0.039910541390522185
      vertex 2.9391523179536477e-18 0.018368804753524322 -0.044346217560541759
    endloop
  endfacet
  facet normal -0.048831964834101856 -0.47083436428554371 0.88086913932676114
    outer loop
      vertex 0.0047048227358189171 0.018280353937931051 -0.04413267840193353
      vertex 0.0047048227358189171 0.026538960503751416 -0.039718361225066216
      vertex 2.9391523179536477e-18 0.026667371184940888 -0.039910541390522185
    endloop
  endfacet
  facet normal -0.048831964834101772 -0.63363645804460067 0.77208825806842463
    outer loop
      vertex 0.0047048227358189171 0.026538960503751416 -0.039718361225066216
      vertex 2.9391523179536477e-18 0.033941125496954272 -0.033941125496954293
      vertex 2.9391523179536477e-18 0.026667371184940888 -0.039910541390522185
    endloop
  endfacet
  facet normal -0.048831964834101037 -0.63363645804460034 0.77208825806842463
    outer loop
      vertex 0.0047048227358189171 0.026538960503751416 -0.039718361225066216
      vertex 0.0047048227358189171 0.033777689700633169 -0.03377768970063319
      vertex 2.9391523179536477e-18 0.033941125496954272 -0.033941125496954293
    endloop
  endfacet
  facet normal -0.048831964834101065 -0.77208825806842429 0.63363645804460089
    outer loop
      vertex 0.0047048227358189171 0.033777689700633169 -0.03377768970063319
      vertex 2.9391523179536477e-18 0.039910541390522171 -0.026667371184940905
      vertex 2.9391523179536477e-18 0.033941125496954272 -0.033941125496954293
    endloop
  endfacet
  facet normal -0.048831964834100676 -0.77208825806842429 0.63363645804460111
    outer loop
      vertex 0.0047048227358189171 0.033777689700633169 -0.03377768970063319
      vertex 0.0047048227358189171 0.039718361225066209 -0.026538960503751433
      vertex 2.9391523179536477e-18 0.039910541390522171 -0.026667371184940905
    endloop
  endfacet
  facet normal -0.048831964834100558 -0.88086913932676114 0.47083436428554387
    outer loop
      vertex 0.0047048227358189171 0.039718361225066209 -0.026538960503751433
      vertex 2.9391523179536477e-18 0.044346217560541752 -0.018368804753524339
      vertex 2.9391523179536477e-18 0.039910541390522171 -0.026667371184940905
    endloop
  endfacet
  facet normal -0.04883196483410078 -0.88086913932676114 0.47083436428554371
    outer loop
      vertex 0.0047048227358189171 0.039718361225066209 -0.026538960503751433
      vertex 0.0047048227358189171 0.044132678401933523 -0.018280353937931069
      vertex 2.9391523179536477e-18 0.044346217560541752 -0.018368804753524339
    endloop
  endfacet
  facet normal -0.048831964834100704 -0.95579871355787549 0.28993836995394634
    outer loop
      vertex 0.0047048227358189171 0.044132678401933523 -0.018280353937931069
      vertex 2.9391523179536477e-18 0.047077693459355058 -0.0093643354567741789
      vertex 2.9391523179536477e-18 0.044346217560541752 -0.018368804753524339
    endloop
  endfacet
  facet normal -0.048831964834100954 -0.95579871355787549 0.28993836995394623
    outer loop
      vertex 0.0047048227358189171 0.044132678401933523 -0.018280353937931069
      vertex 0.0047048227358189171 0.046851001497705734 -0.0093192436220165733
      vertex 2.9391523179536477e-18 0.047077693459355058 -0.0093643354567741789
    endloop
  endfacet
  facet normal -0.048831964834100933 -0.99399747924505466 0.097900206664329442
    outer loop
      vertex 0.0047048227358189171 0.046851001497705734 -0.0093192436220165733
      vertex 2.9391523179536477e-18 0.048000000000000001 0
      vertex 2.9391523179536477e-18 0.047077693459355058 -0.0093643354567741789
    endloop
  endfacet
  facet normal -0.048831964834100995 -0.99399747924505455 0.097900206664329414
    outer loop
      vertex 0.0047048227358189171 0.046851001497705734 -0.0093192436220165733
      vertex 0.0047048227358189171 0.047768866880265451 0
      vertex 2.9391523179536477e-18 0.048000000000000001 0
    endloop
  endfacet
  facet normal -1 6.1232339957367759e-17 6.0308590932441194e-18
    outer loop
      vertex 3.0616169978683832e-18 0.050000000000000003 0
      vertex 2.9391523179536477e-18 0.047077693459355065 0.0093643354567741564
      vertex 3.0616169978683832e-18 0.049039264020161524 0.0097545161008064131
    endloop
  endfacet
  facet normal -1 6.123233995736766e-17 6.0308590932440916e-18
    outer loop
      vertex 3.0616169978683832e-18 0.050000000000000003 0
      vertex 2.9391523179536477e-18 0.048000000000000001 0
      vertex 2.9391523179536477e-18 0.047077693459355065 0.0093643354567741564
    endloop
  endfacet
  facet normal -1 5.8879215472297902e-17 1.7860814746923675e-17
    outer loop
      vertex 3.0616169978683832e-18 0.049039264020161524 0.0097545161008064131
      vertex 2.9391523179536477e-18 0.044346217560541766 0.018368804753524311
      vertex 3.0616169978683832e-18 0.046193976625564341 0.019134171618254491
    endloop
  endfacet
  facet normal -1 5.8879215472297976e-17 1.7860814746923715e-17
    outer loop
      vertex 3.0616169978683832e-18 0.049039264020161524 0.0097545161008064131
      vertex 2.9391523179536477e-18 0.047077693459355065 0.0093643354567741564
      vertex 2.9391523179536477e-18 0.044346217560541766 0.018368804753524311
    endloop
  endfacet
  facet normal -1 5.426339575647213e-17 2.9004389306339305e-17
    outer loop
      vertex 3.0616169978683832e-18 0.046193976625564341 0.019134171618254491
      vertex 2.9391523179536477e-18 0.039910541390522171 0.026667371184940905
      vertex 3.0616169978683832e-18 0.041573480615127265 0.027778511650980109
    endloop
  endfacet
  facet normal -1 5.4263395756472154e-17 2.9004389306339317e-17
    outer loop
      vertex 3.0616169978683832e-18 0.046193976625564341 0.019134171618254491
      vertex 2.9391523179536477e-18 0.044346217560541766 0.018368804753524311
      vertex 2.9391523179536477e-18 0.039910541390522171 0.026667371184940905
    endloop
  endfacet
  facet normal -1 4.7562264172988131e-17 3.9033341450561173e-17
    outer loop
      vertex 3.0616169978683832e-18 0.041573480615127265 0.027778511650980109
      vertex 2.9391523179536477e-18 0.033941125496954286 0.033941125496954279
      vertex 3.0616169978683832e-18 0.035355339059327383 0.035355339059327376
    endloop
  endfacet
  facet normal -1 4.7562264172988144e-17 3.9033341450561191e-17
    outer loop
      vertex 3.0616169978683832e-18 0.041573480615127265 0.027778511650980109
      vertex 2.9391523179536477e-18 0.039910541390522171 0.026667371184940905
      vertex 2.9391523179536477e-18 0.033941125496954286 0.033941125496954279
    endloop
  endfacet
  facet normal -1 3.9033341450561216e-17 4.7562264172988131e-17
    outer loop
      vertex 3.0616169978683832e-18 0.035355339059327383 0.035355339059327376
      vertex 2.9391523179536477e-18 0.026667371184940912 0.039910541390522171
      vertex 3.0616169978683832e-18 0.027778511650980116 0.041573480615127265
    endloop
  endfacet
  facet normal -1 3.9033341450561197e-17 4.7562264172988101e-17
    outer loop
      vertex 3.0616169978683832e-18 0.035355339059327383 0.035355339059327376
      vertex 2.9391523179536477e-18 0.033941125496954286 0.033941125496954279
      vertex 2.9391523179536477e-18 0.026667371184940912 0.039910541390522171
    endloop
  endfacet
  facet normal -1 2.9004389306339286e-17 5.4263395756472111e-17
    outer loop
      vertex 3.0616169978683832e-18 0.027778511650980116 0.041573480615127265
      vertex 2.9391523179536477e-18 0.018368804753524311 0.044346217560541766
      vertex 3.0616169978683832e-18 0.019134171618254495 0.046193976625564341
    endloop
  endfacet
  facet normal -1 2.9004389306339292e-17 5.4263395756472136e-17
    outer loop
      vertex 3.0616169978683832e-18 0.027778511650980116 0.041573480615127265
      vertex 2.9391523179536477e-18 0.026667371184940912 0.039910541390522171
      vertex 2.9391523179536477e-18 0.018368804753524311 0.044346217560541766
    endloop
  endfacet
  facet normal -1 1.78608147469237e-17 5.8879215472297976e-17
    outer loop
      vertex 3.0616169978683832e-18 0.019134171618254495 0.046193976625564341
      vertex 2.9391523179536477e-18 0.0093643354567741598 0.047077693459355065
      vertex 3.0616169978683832e-18 0.0097545161008064166 0.049039264020161524
    endloop
  endfacet
  facet normal -1 1.786081474692369e-17 5.8879215472297865e-17
    outer loop
      vertex 3.0616169978683832e-18 0.019134171618254495 0.046193976625564341
      vertex 2.9391523179536477e-18 0.018368804753524311 0.044346217560541766
      vertex 2.9391523179536477e-18 0.0093643354567741598 0.047077693459355065
    endloop
  endfacet
  facet normal -1 6.0308590932441109e-18 6.1232339957367673e-17
    outer loop
      vertex 3.0616169978683832e-18 0.0097545161008064166 0.049039264020161524
      vertex 2.9391523179536477e-18 2.9391523179536477e-18 0.048000000000000001
      vertex 3.0616169978683832e-18 3.0616169978683832e-18 0.050000000000000003
    endloop
  endfacet
  facet normal -1 6.0308590932441009e-18 6.1232339957367759e-17
    outer loop
      vertex 3.0616169978683832e-18 0.0097545161008064166 0.049039264020161524
      vertex 2.9391523179536477e-18 0.0093643354567741598 0.047077693459355065
      vertex 2.9391523179536477e-18 2.9391523179536477e-18 0.048000000000000001
    endloop
  endfacet
  facet normal -1 -6.0308590932441194e-18 6.1232339957367759e-17
    outer loop
      vertex 3.0616169978683832e-18 3.0616169978683832e-18 0.050000000000000003
      vertex 2.9391523179536477e-18 -0.0093643354567741529 0.047077693459355065
      vertex 3.0616169978683832e-18 -0.0097545161008064096 0.049039264020161524
    endloop
  endfacet
  facet normal -1 -6.0308590932440916e-18 6.123233995736766e-17
    outer loop
      vertex 3.0616169978683832e-18 3.0616169978683832e-18 0.050000000000000003
      vertex 2.9391523179536477e-18 2.9391523179536477e-18 0.048000000000000001
      vertex 2.9391523179536477e-18 -0.0093643354567741529 0.047077693459355065
    endloop
  endfacet
  facet normal -1 -1.7860814746923675e-17 5.8879215472297902e-17
    outer loop
      vertex 3.0616169978683832e-18 -0.0097545161008064096 0.049039264020161524
      vertex 2.9391523179536477e-18 -0.018368804753524308 0.044346217560541766
      vertex 3.0616169978683832e-18 -0.019134171618254488 0.046193976625564341
    endloop
  endfacet
  facet normal -1 -1.7860814746923715e-17 5.8879215472297976e-17
    outer loop
      vertex 3.0616169978683832e-18 -0.0097545161008064096 0.049039264020161524
      vertex 2.9391523179536477e-18 -0.0093643354567741529 0.047077693459355065
      vertex 2.9391523179536477e-18 -0.018368804753524308 0.044346217560541766
    endloop
  endfacet
  facet normal -1 -2.9004389306339262e-17 5.4263395756472161e-17
    outer loop
      vertex 3.0616169978683832e-18 -0.019134171618254488 0.046193976625564341
      vertex 2.9391523179536477e-18 -0.026667371184940895 0.039910541390522185
      vertex 3.0616169978683832e-18 -0.027778511650980098 0.041573480615127278
    endloop
  endfacet
  facet normal -1 -2.9004389306339274e-17 5.4263395756472179e-17
    outer loop
      vertex 3.0616169978683832e-18 -0.019134171618254488 0.046193976625564341
      vertex 2.9391523179536477e-18 -0.018368804753524308 0.044346217560541766
      vertex 2.9391523179536477e-18 -0.026667371184940895 0.039910541390522185
    endloop
  endfacet
  facet normal -1 -3.9033341450561191e-17 4.7562264172988107e-17
    outer loop
      vertex 3.0616169978683832e-18 -0.027778511650980098 0.041573480615127278
      vertex 2.9391523179536477e-18 -0.033941125496954279 0.033941125496954286
      vertex 3.0616169978683832e-18 -0.035355339059327376 0.035355339059327383
    endloop
  endfacet
  facet normal -1 -3.903334145056121e-17 4.7562264172988113e-17
    outer loop
      vertex 3.0616169978683832e-18 -0.027778511650980098 0.041573480615127278
      vertex 2.9391523179536477e-18 -0.026667371184940895 0.039910541390522185
      vertex 2.9391523179536477e-18 -0.033941125496954279 0.033941125496954286
    endloop
  endfacet
  facet normal -1 -4.7562264172988101e-17 3.9033341450561203e-17
    outer loop
      vertex 3.0616169978683832e-18 -0.035355339059327376 0.035355339059327383
      vertex 2.9391523179536477e-18 -0.039910541390522178 0.026667371184940905
      vertex 3.0616169978683832e-18 -0.041573480615127271 0.027778511650980109
    endloop
  endfacet
  facet normal -1 -4.7562264172988088e-17 3.9033341450561203e-17
    outer loop
      vertex 3.0616169978683832e-18 -0.035355339059327376 0.035355339059327383
      vertex 2.9391523179536477e-18 -0.033941125496954279 0.033941125496954286
      vertex 2.9391523179536477e-18 -0.039910541390522178 0.026667371184940905
    endloop
  endfacet
  facet normal -1 -5.4263395756472167e-17 2.9004389306339299e-17
    outer loop
      vertex 3.0616169978683832e-18 -0.041573480615127271 0.027778511650980109
      vertex 2.9391523179536477e-18 -0.044346217560541766 0.018368804753524315
      vertex 3.0616169978683832e-18 -0.046193976625564341 0.019134171618254495
    endloop
  endfacet
  facet normal -1 -5.4263395756472142e-17 2.9004389306339286e-17
    outer loop
      vertex 3.0616169978683832e-18 -0.041573480615127271 0.027778511650980109
      vertex 2.9391523179536477e-18 -0.039910541390522178 0.026667371184940905
      vertex 2.9391523179536477e-18 -0.044346217560541766 0.018368804753524315
    endloop
  endfacet
  facet normal -1 -5.8879215472297964e-17 1.7860814746923721e-17
    outer loop
      vertex 3.0616169978683832e-18 -0.046193976625564341 0.019134171618254495
      vertex 2.9391523179536477e-18 -0.047077693459355065 0.0093643354567741737
      vertex 3.0616169978683832e-18 -0.049039264020161524 0.0097545161008064304
    endloop
  endfacet
  facet normal -1 -5.887921547229789e-17 1.7860814746923718e-17
    outer loop
      vertex 3.0616169978683832e-18 -0.046193976625564341 0.019134171618254495
      vertex 2.9391523179536477e-18 -0.044346217560541766 0.018368804753524315
      vertex 2.9391523179536477e-18 -0.047077693459355065 0.0093643354567741737
    endloop
  endfacet
  facet normal -1 -6.123233995736766e-17 6.0308590932441039e-18
    outer loop
      vertex 3.0616169978683832e-18 -0.049039264020161524 0.0097545161008064304
      vertex 2.9391523179536477e-18 -0.048000000000000001 5.8783046359072955e-18
      vertex 3.0616169978683832e-18 -0.050000000000000003 6.1232339957367663e-18
    endloop
  endfacet
  facet normal -1 -6.1232339957367771e-17 6.0308590932440932e-18
    outer loop
      vertex 3.0616169978683832e-18 -0.049039264020161524 0.0097545161008064304
      vertex 2.9391523179536477e-18 -0.047077693459355065 0.0093643354567741737
      vertex 2.9391523179536477e-18 -0.048000000000000001 5.8783046359072955e-18
    endloop
  endfacet
  facet normal -1 -6.1232339957367771e-17 -6.0308590932441132e-18
    outer loop
      vertex 3.0616169978683832e-18 -0.050000000000000003 6.1232339957367663e-18
      vertex 2.9391523179536477e-18 -0.047077693459355065 -0.0093643354567741616
      vertex 3.0616169978683832e-18 -0.049039264020161524 -0.0097545161008064183
    endloop
  endfacet
  facet normal -1 -6.123233995736766e-17 -6.0308590932440839e-18
    outer loop
      vertex 3.0616169978683832e-18 -0.050000000000000003 6.1232339957367663e-18
      vertex 2.9391523179536477e-18 -0.048000000000000001 5.8783046359072955e-18
      vertex 2.9391523179536477e-18 -0.047077693459355065 -0.0093643354567741616
    endloop
  endfacet
  facet normal -1 -5.8879215472297902e-17 -1.7860814746923656e-17
    outer loop
      vertex 3.0616169978683832e-18 -0.049039264020161524 -0.0097545161008064183
      vertex 2.9391523179536477e-18 -0.044346217560541773 -0.018368804753524304
      vertex 3.0616169978683832e-18 -0.046193976625564348 -0.019134171618254484
    endloop
  endfacet
  facet normal -1 -5.8879215472297976e-17 -1.7860814746923697e-17
    outer loop
      vertex 3.0616169978683832e-18 -0.049039264020161524 -0.0097545161008064183
      vertex 2.9391523179536477e-18 -0.047077693459355065 -0.0093643354567741616
      vertex 2.9391523179536477e-18 -0.044346217560541773 -0.018368804753524304
    endloop
  endfacet
  facet normal -1 -5.4263395756472142e-17 -2.900438930633928e-17
    outer loop
      vertex 3.0616169978683832e-18 -0.046193976625564348 -0.019134171618254484
      vertex 2.9391523179536477e-18 -0.039910541390522185 -0.026667371184940895
      vertex 3.0616169978683832e-18 -0.041573480615127278 -0.027778511650980098
    endloop
  endfacet
  facet normal -1 -5.4263395756472161e-17 -2.9004389306339299e-17
    outer loop
      vertex 3.0616169978683832e-18 -0.046193976625564348 -0.019134171618254484
      vertex 2.9391523179536477e-18 -0.044346217560541773 -0.018368804753524304
      vertex 2.9391523179536477e-18 -0.039910541390522185 -0.026667371184940895
    endloop
  endfacet
  facet normal -1 -4.7562264172988224e-17 -3.9033341450561283e-17
    outer loop
      vertex 3.0616169978683832e-18 -0.041573480615127278 -0.027778511650980098
      vertex 2.9391523179536477e-18 -0.033941125496954293 -0.033941125496954279
      vertex 3.0616169978683832e-18 -0.035355339059327383 -0.035355339059327376
    endloop
  endfacet
  facet normal -1 -4.7562264172988131e-17 -3.9033341450561185e-17
    outer loop
      vertex 3.0616169978683832e-18 -0.041573480615127278 -0.027778511650980098
      vertex 2.9391523179536477e-18 -0.039910541390522185 -0.026667371184940895
      vertex 2.9391523179536477e-18 -0.033941125496954293 -0.033941125496954279
    endloop
  endfacet
  facet normal -1 -3.9033341450561173e-17 -4.7562264172988119e-17
    outer loop
      vertex 3.0616169978683832e-18 -0.035355339059327383 -0.035355339059327376
      vertex 2.9391523179536477e-18 -0.026667371184940905 -0.039910541390522171
      vertex 3.0616169978683832e-18 -0.027778511650980109 -0.041573480615127265
    endloop
  endfacet
  facet normal -1 -3.903334145056124e-17 -4.7562264172988242e-17
    outer loop
      vertex 3.0616169978683832e-18 -0.035355339059327383 -0.035355339059327376
      vertex 2.9391523179536477e-18 -0.033941125496954293 -0.033941125496954279
      vertex 2.9391523179536477e-18 -0.026667371184940905 -0.039910541390522171
    endloop
  endfacet
  facet normal -1 -2.9004389306339305e-17 -5.4263395756472117e-17
    outer loop
      vertex 3.0616169978683832e-18 -0.027778511650980109 -0.041573480615127265
      vertex 2.9391523179536477e-18 -0.018368804753524336 -0.044346217560541752
      vertex 3.0616169978683832e-18 -0.019134171618254519 -0.046193976625564327
    endloop
  endfacet
  facet normal -1 -2.9004389306339311e-17 -5.4263395756472117e-17
    outer loop
      vertex 3.0616169978683832e-18 -0.027778511650980109 -0.041573480615127265
      vertex 2.9391523179536477e-18 -0.026667371184940905 -0.039910541390522171
      vertex 2.9391523179536477e-18 -0.018368804753524336 -0.044346217560541752
    endloop
  endfacet
  facet normal -1 -1.7860814746923721e-17 -5.8879215472297952e-17
    outer loop
      vertex 3.0616169978683832e-18 -0.019134171618254519 -0.046193976625564327
      vertex 2.9391523179536477e-18 -0.0093643354567741754 -0.047077693459355058
      vertex 3.0616169978683832e-18 -0.0097545161008064339 -0.049039264020161517
    endloop
  endfacet
  facet normal -1 -1.7860814746923715e-17 -5.8879215472297853e-17
    outer loop
      vertex 3.0616169978683832e-18 -0.019134171618254519 -0.046193976625564327
      vertex 2.9391523179536477e-18 -0.018368804753524336 -0.044346217560541752
      vertex 2.9391523179536477e-18 -0.0093643354567741754 -0.047077693459355058
    endloop
  endfacet
  facet normal -1 -6.0308590932441463e-18 -6.123233995736766e-17
    outer loop
      vertex 3.0616169978683832e-18 -0.0097545161008064339 -0.049039264020161517
      vertex 2.9391523179536477e-18 -8.8174569538609421e-18 -0.048000000000000001
      vertex 3.0616169978683832e-18 -9.1848509936051487e-18 -0.050000000000000003
    endloop
  endfacet
  facet normal -1 -6.0308590932441386e-18 -6.1232339957367747e-17
    outer loop
      vertex 3.0616169978683832e-18 -0.0097545161008064339 -0.049039264020161517
      vertex 2.9391523179536477e-18 -0.0093643354567741754 -0.047077693459355058
      vertex 2.9391523179536477e-18 -8.8174569538609421e-18 -0.048000000000000001
    endloop
  endfacet
  facet normal -1 6.0308590932441124e-18 -6.1232339957367759e-17
    outer loop
      vertex 3.0616169978683832e-18 -9.1848509936051487e-18 -0.050000000000000003
      vertex 2.9391523179536477e-18 0.0093643354567741581 -0.047077693459355065
      vertex 3.0616169978683832e-18 0.0097545161008064166 -0.049039264020161524
    endloop
  endfacet
  facet normal -1 6.0308590932440847e-18 -6.123233995736766e-17
    outer loop
      vertex 3.0616169978683832e-18 -9.1848509936051487e-18 -0.050000000000000003
      vertex 2.9391523179536477e-18 -8.8174569538609421e-18 -0.048000000000000001
      vertex 2.9391523179536477e-18 0.0093643354567741581 -0.047077693459355065
    endloop
  endfacet
  facet normal -1 1.7860814746923703e-17 -5.887921547229789e-17
    outer loop
      vertex 3.0616169978683832e-18 0.0097545161008064166 -0.049039264020161524
      vertex 2.9391523179536477e-18 0.018368804753524322 -0.044346217560541759
      vertex 3.0616169978683832e-18 0.019134171618254502 -0.046193976625564334
    endloop
  endfacet
  facet normal -1 1.786081474692374e-17 -5.8879215472297964e-17
    outer loop
      vertex 3.0616169978683832e-18 0.0097545161008064166 -0.049039264020161524
      vertex 2.9391523179536477e-18 0.0093643354567741581 -0.047077693459355065
      vertex 2.9391523179536477e-18 0.018368804753524322 -0.044346217560541759
    endloop
  endfacet
  facet normal -1 2.9004389306339249e-17 -5.4263395756472111e-17
    outer loop
      vertex 3.0616169978683832e-18 0.019134171618254502 -0.046193976625564334
      vertex 2.9391523179536477e-18 0.026667371184940888 -0.039910541390522185
      vertex 3.0616169978683832e-18 0.027778511650980095 -0.041573480615127278
    endloop
  endfacet
  facet normal -1 2.9004389306339292e-17 -5.4263395756472179e-17
    outer loop
      vertex 3.0616169978683832e-18 0.019134171618254502 -0.046193976625564334
      vertex 2.9391523179536477e-18 0.018368804753524322 -0.044346217560541759
      vertex 2.9391523179536477e-18 0.026667371184940888 -0.039910541390522185
    endloop
  endfacet
  facet normal -1 3.9033341450561302e-17 -4.7562264172988218e-17
    outer loop
      vertex 3.0616169978683832e-18 0.027778511650980095 -0.041573480615127278
      vertex 2.9391523179536477e-18 0.033941125496954272 -0.033941125496954293
      vertex 3.0616169978683832e-18 0.035355339059327369 -0.035355339059327383
    endloop
  endfacet
  facet normal -1 3.9033341450561142e-17 -4.7562264172988088e-17
    outer loop
      vertex 3.0616169978683832e-18 0.027778511650980095 -0.041573480615127278
      vertex 2.9391523179536477e-18 0.026667371184940888 -0.039910541390522185
      vertex 2.9391523179536477e-18 0.033941125496954272 -0.033941125496954293
    endloop
  endfacet
  facet normal -1 4.7562264172988101e-17 -3.9033341450561203e-17
    outer loop
      vertex 3.0616169978683832e-18 0.035355339059327369 -0.035355339059327383
      vertex 2.9391523179536477e-18 0.039910541390522171 -0.026667371184940905
      vertex 3.0616169978683832e-18 0.041573480615127265 -0.027778511650980109
    endloop
  endfacet
  facet normal -1 4.7562264172988212e-17 -3.9033341450561265e-17
    outer loop
      vertex 3.0616169978683832e-18 0.035355339059327369 -0.035355339059327383
      vertex 2.9391523179536477e-18 0.033941125496954272 -0.033941125496954293
      vertex 2.9391523179536477e-18 0.039910541390522171 -0.026667371184940905
    endloop
  endfacet
  facet normal -1 5.4263395756472099e-17 -2.9004389306339311e-17
    outer loop
      vertex 3.0616169978683832e-18 0.041573480615127265 -0.027778511650980109
      vertex 2.9391523179536477e-18 0.044346217560541752 -0.018368804753524339
      vertex 3.0616169978683832e-18 0.046193976625564327 -0.019134171618254522
    endloop
  endfacet
  facet normal -1 5.4263395756472117e-17 -2.9004389306339317e-17
    outer loop
      vertex 3.0616169978683832e-18 0.041573480615127265 -0.027778511650980109
      vertex 2.9391523179536477e-18 0.039910541390522171 -0.026667371184940905
      vertex 2.9391523179536477e-18 0.044346217560541752 -0.018368804753524339
    endloop
  endfacet
  facet normal -1 5.8879215472297952e-17 -1.7860814746923721e-17
    outer loop
      vertex 3.0616169978683832e-18 0.046193976625564327 -0.019134171618254522
      vertex 2.9391523179536477e-18 0.047077693459355058 -0.0093643354567741789
      vertex 3.0616169978683832e-18 0.049039264020161517 -0.0097545161008064374
    endloop
  endfacet
  facet normal -1 5.8879215472297853e-17 -1.7860814746923715e-17
    outer loop
      vertex 3.0616169978683832e-18 0.046193976625564327 -0.019134171618254522
      vertex 2.9391523179536477e-18 0.044346217560541752 -0.018368804753524339
      vertex 2.9391523179536477e-18 0.047077693459355058 -0.0093643354567741789
    endloop
  endfacet
  facet normal -1 6.1232339957367673e-17 -6.0308590932441402e-18
    outer loop
      vertex 3.0616169978683832e-18 0.049039264020161517 -0.0097545161008064374
      vertex 2.9391523179536477e-18 0.048000000000000001 0
      vertex 3.0616169978683832e-18 0.050000000000000003 0
    endloop
  endfacet
  facet normal -1 6.1232339957367747e-17 -6.0308590932441309e-18
    outer loop
      vertex 3.0616169978683832e-18 0.049039264020161517 -0.0097545161008064374
      vertex 2.9391523179536477e-18 0.047077693459355058 -0.0093643354567741789
      vertex 2.9391523179536477e-18 0.048000000000000001 0
    endloop
  endfacet
endsolid hemisphere_shell_ro0p05_ri0p048
