solid hemisphere_shell_ro0p05_ri0p048
  facet normal 0.9978219344369067 0.065400704855994904 0.0086101661382678666
    outer loop
      vertex 0.050000000000000003 0 0
      vertex 0.04957224306869052 0.0065263096110025794 0
      vertex 0.04957224306869052 0.0063039310036259542 0.0016891332215630912
    endloop
  endfacet
  facet normal 0.9978219344369067 0.060943754899833821 0.025243729821452923
    outer loop
      vertex 0.050000000000000003 0 0
      vertex 0.04957224306869052 0.0063039310036259542 0.0016891332215630912
      vertex 0.04957224306869052 0.0056519499160907717 0.0032631548055012892
    endloop
  endfacet
  facet normal 0.9978219344369067 0.052333588761565998 0.040156975034541978
    outer loop
      vertex 0.050000000000000003 0 0
      vertex 0.04957224306869052 0.0056519499160907717 0.0032631548055012892
      vertex 0.04957224306869052 0.0046147977820628636 0.0046147977820628627
    endloop
  endfacet
  facet normal 0.9978219344369067 0.040156975034541936 0.052333588761565936
    outer loop
      vertex 0.050000000000000003 0 0
      vertex 0.04957224306869052 0.0046147977820628636 0.0046147977820628627
      vertex 0.04957224306869052 0.0032631548055012905 0.0056519499160907708
    endloop
  endfacet
  facet normal 0.9978219344369067 0.025243729821452933 0.060943754899833814
    outer loop
      vertex 0.050000000000000003 0 0
      vertex 0.04957224306869052 0.0032631548055012905 0.0056519499160907708
      vertex 0.04957224306869052 0.0016891332215630912 0.0063039310036259542
    endloop
  endfacet
  facet normal 0.9978219344369067 0.0086101661382678683 0.065400704855994904
    outer loop
      vertex 0.050000000000000003 0 0
      vertex 0.04957224306869052 0.0016891332215630912 0.0063039310036259542
      vertex 0.04957224306869052 3.9962120876794585e-19 0.0065263096110025794
    endloop
  endfacet
  facet normal 0.9978219344369067 -0.0086101661382678701 0.065400704855994918
    outer loop
      vertex 0.050000000000000003 0 0
      vertex 0.04957224306869052 3.9962120876794585e-19 0.0065263096110025794
      vertex 0.04957224306869052 -0.0016891332215630904 0.0063039310036259542
    endloop
  endfacet
  facet normal 0.9978219344369067 -0.025243729821452919 0.060943754899833821
    outer loop
      vertex 0.050000000000000003 0 0
      vertex 0.04957224306869052 -0.0016891332215630904 0.0063039310036259542
      vertex 0.04957224306869052 -0.0032631548055012884 0.0056519499160907717
    endloop
  endfacet
  facet normal 0.9978219344369067 -0.040156975034541957 0.052333588761565998
    outer loop
      vertex 0.050000000000000003 0 0
      vertex 0.04957224306869052 -0.0032631548055012884 0.0056519499160907717
      vertex 0.04957224306869052 -0.0046147977820628627 0.0046147977820628636
    endloop
  endfacet
  facet normal 0.9978219344369067 -0.05233358876156595 0.040156975034541943
    outer loop
      vertex 0.050000000000000003 0 0
      vertex 0.04957224306869052 -0.0046147977820628627 0.0046147977820628636
      vertex 0.04957224306869052 -0.0056519499160907717 0.0032631548055012892
    endloop
  endfacet
  facet normal 0.99782193443690659 -0.060943754899833801 0.025243729821452943
    outer loop
      vertex 0.050000000000000003 0 0
      vertex 0.04957224306869052 -0.0056519499160907717 0.0032631548055012892
      vertex 0.04957224306869052 -0.0063039310036259542 0.001689133221563093
    endloop
  endfacet
  facet normal 0.9978219344369067 -0.065400704855994904 0.0086101661382678614
    outer loop
      vertex 0.050000000000000003 0 0
      vertex 0.04957224306869052 -0.0063039310036259542 0.001689133221563093
      vertex 0.04957224306869052 -0.0065263096110025794 7.992424175358917e-19
    endloop
  endfacet
  facet normal 0.9978219344369067 -0.065400704855994904 -0.0086101661382678614
    outer loop
      vertex 0.050000000000000003 0 0
      vertex 0.04957224306869052 -0.0065263096110025794 7.992424175358917e-19
      vertex 0.04957224306869052 -0.0063039310036259542 -0.0016891332215630914
    endloop
  endfacet
  facet normal 0.99782193443690659 -0.060943754899833821 -0.025243729821452905
    outer loop
      vertex 0.050000000000000003 0 0
      vertex 0.04957224306869052 -0.0063039310036259542 -0.0016891332215630914
      vertex 0.04957224306869052 -0.0056519499160907725 -0.0032631548055012879
    endloop
  endfacet
  facet normal 0.99782193443690659 -0.052333588761565956 -0.040156975034541964
    outer loop
      vertex 0.050000000000000003 0 0
      vertex 0.04957224306869052 -0.0056519499160907725 -0.0032631548055012879
      vertex 0.04957224306869052 -0.0046147977820628653 -0.0046147977820628601
    endloop
  endfacet
  facet normal 0.99782193443690659 -0.040156975034541999 -0.052333588761565915
    outer loop
      vertex 0.050000000000000003 0 0
      vertex 0.04957224306869052 -0.0046147977820628653 -0.0046147977820628601
      vertex 0.04957224306869052 -0.0032631548055012927 -0.0056519499160907699
    endloop
  endfacet
  facet normal 0.9978219344369067 -0.025243729821452929 -0.060943754899833814
    outer loop
      vertex 0.050000000000000003 0 0
      vertex 0.04957224306869052 -0.0032631548055012927 -0.0056519499160907699
      vertex 0.04957224306869052 -0.0016891332215630904 -0.0063039310036259542
    endloop
  endfacet
  facet normal 0.9978219344369067 -0.008610166138267877 -0.065400704855994904
    outer loop
      vertex 0.050000000000000003 0 0
      vertex 0.04957224306869052 -0.0016891332215630904 -0.0063039310036259542
      vertex 0.04957224306869052 -1.1988636263038375e-18 -0.0065263096110025794
    endloop
  endfacet
  facet normal 0.99782193443690659 0.0086101661382678388 -0.065400704855994904
    outer loop
      vertex 0.050000000000000003 0 0
      vertex 0.04957224306869052 -1.1988636263038375e-18 -0.0065263096110025794
      vertex 0.04957224306869052 0.0016891332215630882 -0.006303931003625955
    endloop
  endfacet
  facet normal 0.9978219344369067 0.025243729821452926 -0.060943754899833814
    outer loop
      vertex 0.050000000000000003 0 0
      vertex 0.04957224306869052 0.0016891332215630882 -0.006303931003625955
      vertex 0.04957224306869052 0.0032631548055012905 -0.0056519499160907708
    endloop
  endfacet
  facet normal 0.99782193443690659 0.040156975034541978 -0.05233358876156595
    outer loop
      vertex 0.050000000000000003 0 0
      vertex 0.04957224306869052 0.0032631548055012905 -0.0056519499160907708
      vertex 0.04957224306869052 0.0046147977820628619 -0.0046147977820628636
    endloop
  endfacet
  facet normal 0.9978219344369067 0.052333588761565929 -0.040156975034541992
    outer loop
      vertex 0.050000000000000003 0 0
      vertex 0.04957224306869052 0.0046147977820628619 -0.0046147977820628636
      vertex 0.04957224306869052 0.0056519499160907699 -0.0032631548055012927
    endloop
  endfacet
  facet normal 0.9978219344369067 0.060943754899833787 -0.025243729821452981
    outer loop
      vertex 0.050000000000000003 0 0
      vertex 0.04957224306869052 0.0056519499160907699 -0.0032631548055012927
      vertex 0.04957224306869052 0.0063039310036259533 -0.0016891332215630966
    endloop
  endfacet
  facet normal 0.99782193443690659 0.06540070485599489 -0.008610166138267877
    outer loop
      vertex 0.050000000000000003 0 0
      vertex 0.04957224306869052 0.0063039310036259533 -0.0016891332215630966
      vertex 0.04957224306869052 0.0065263096110025794 0
    endloop
  endfacet
  facet normal 0.98046194087886107 0.19502600578586773 0.025675660756203412
    outer loop
      vertex 0.04957224306869052 0.0065263096110025794 0
      vertex 0.04829629131445342 0.012940952255126037 0
      vertex 0.04829629131445342 0.012499999999999999 0.0033493649053890334
    endloop
  endfacet
  facet normal 0.98046194087886107 0.19502600578586771 0.025675660756203412
    outer loop
      vertex 0.04957224306869052 0.0065263096110025794 0
      vertex 0.04829629131445342 0.012499999999999999 0.0033493649053890334
      vertex 0.04957224306869052 0.0063039310036259542 0.0016891332215630912
    endloop
  endfacet
  facet normal 0.98046194087886085 0.18173530578727404 0.075277228419110512
    outer loop
      vertex 0.04957224306869052 0.0063039310036259542 0.0016891332215630912
      vertex 0.04829629131445342 0.012499999999999999 0.0033493649053890334
      vertex 0.04829629131445342 0.011207193402100669 0.0064704761275630176
    endloop
  endfacet
  facet normal 0.98046194087886085 0.18173530578727401 0.075277228419110512
    outer loop
      vertex 0.04957224306869052 0.0063039310036259542 0.0016891332215630912
      vertex 0.04829629131445342 0.011207193402100669 0.0064704761275630176
      vertex 0.04957224306869052 0.0056519499160907717 0.0032631548055012892
    endloop
  endfacet
  facet normal 0.98046194087886085 0.15605964503107056 0.11974877736675718
    outer loop
      vertex 0.04957224306869052 0.0056519499160907717 0.0032631548055012892
      vertex 0.04829629131445342 0.011207193402100669 0.0064704761275630176
      vertex 0.04829629131445342 0.0091506350946109656 0.0091506350946109639
    endloop
  endfacet
  facet normal 0.98046194087886085 0.15605964503107067 0.11974877736675713
    outer loop
      vertex 0.04957224306869052 0.0056519499160907717 0.0032631548055012892
      vertex 0.04829629131445342 0.0091506350946109656 0.0091506350946109639
      vertex 0.04957224306869052 0.0046147977820628636 0.0046147977820628627
    endloop
  endfacet
  facet normal 0.98046194087886085 0.11974877736675729 0.15605964503107059
    outer loop
      vertex 0.04957224306869052 0.0046147977820628636 0.0046147977820628627
      vertex 0.04829629131445342 0.0091506350946109656 0.0091506350946109639
      vertex 0.04829629131445342 0.0064704761275630202 0.011207193402100668
    endloop
  endfacet
  facet normal 0.98046194087886085 0.11974877736675713 0.15605964503107064
    outer loop
      vertex 0.04957224306869052 0.0046147977820628636 0.0046147977820628627
      vertex 0.04829629131445342 0.0064704761275630202 0.011207193402100668
      vertex 0.04957224306869052 0.0032631548055012905 0.0056519499160907708
    endloop
  endfacet
  facet normal 0.98046194087886107 0.075277228419110484 0.18173530578727404
    outer loop
      vertex 0.04957224306869052 0.0032631548055012905 0.0056519499160907708
      vertex 0.04829629131445342 0.0064704761275630202 0.011207193402100668
      vertex 0.04829629131445342 0.0033493649053890334 0.012499999999999999
    endloop
  endfacet
  facet normal 0.98046194087886085 0.075277228419110553 0.18173530578727404
    outer loop
      vertex 0.04957224306869052 0.0032631548055012905 0.0056519499160907708
      vertex 0.04829629131445342 0.0033493649053890334 0.012499999999999999
      vertex 0.04957224306869052 0.0016891332215630912 0.0063039310036259542
    endloop
  endfacet
  facet normal 0.98046194087886085 0.025675660756203412 0.19502600578586768
    outer loop
      vertex 0.04957224306869052 0.0016891332215630912 0.0063039310036259542
      vertex 0.04829629131445342 0.0033493649053890334 0.012499999999999999
      vertex 0.04829629131445342 7.9240478785794118e-19 0.012940952255126037
    endloop
  endfacet
  facet normal 0.98046194087886096 0.025675660756203422 0.19502600578586771
    outer loop
      vertex 0.04957224306869052 0.0016891332215630912 0.0063039310036259542
      vertex 0.04829629131445342 7.9240478785794118e-19 0.012940952255126037
      vertex 0.04957224306869052 3.9962120876794585e-19 0.0065263096110025794
    endloop
  endfacet
  facet normal 0.98046194087886085 -0.025675660756203412 0.19502600578586768
    outer loop
      vertex 0.04957224306869052 3.9962120876794585e-19 0.0065263096110025794
      vertex 0.04829629131445342 7.9240478785794118e-19 0.012940952255126037
      vertex 0.04829629131445342 -0.0033493649053890316 0.012499999999999999
    endloop
  endfacet
  facet normal 0.98046194087886096 -0.025675660756203422 0.19502600578586771
    outer loop
      vertex 0.04957224306869052 3.9962120876794585e-19 0.0065263096110025794
      vertex 0.04829629131445342 -0.0033493649053890316 0.012499999999999999
      vertex 0.04957224306869052 -0.0016891332215630904 0.0063039310036259542
    endloop
  endfacet
  facet normal 0.98046194087886085 -0.075277228419110512 0.18173530578727398
    outer loop
      vertex 0.04957224306869052 -0.0016891332215630904 0.0063039310036259542
      vertex 0.04829629131445342 -0.0033493649053890316 0.012499999999999999
      vertex 0.04829629131445342 -0.0064704761275630159 0.011207193402100669
    endloop
  endfacet
  facet normal 0.98046194087886085 -0.075277228419110512 0.18173530578727401
    outer loop
      vertex 0.04957224306869052 -0.0016891332215630904 0.0063039310036259542
      vertex 0.04829629131445342 -0.0064704761275630159 0.011207193402100669
      vertex 0.04957224306869052 -0.0032631548055012884 0.0056519499160907717
    endloop
  endfacet
  facet normal 0.98046194087886096 -0.11974877736675711 0.15605964503107062
    outer loop
      vertex 0.04957224306869052 -0.0032631548055012884 0.0056519499160907717
      vertex 0.04829629131445342 -0.0064704761275630159 0.011207193402100669
      vertex 0.04829629131445342 -0.0091506350946109639 0.0091506350946109656
    endloop
  endfacet
  facet normal 0.98046194087886107 -0.1197487773667571 0.15605964503107075
    outer loop
      vertex 0.04957224306869052 -0.0032631548055012884 0.0056519499160907717
      vertex 0.04829629131445342 -0.0091506350946109639 0.0091506350946109656
      vertex 0.04957224306869052 -0.0046147977820628627 0.0046147977820628636
    endloop
  endfacet
  facet normal 0.98046194087886096 -0.15605964503107062 0.11974877736675726
    outer loop
      vertex 0.04957224306869052 -0.0046147977820628627 0.0046147977820628636
      vertex 0.04829629131445342 -0.0091506350946109639 0.0091506350946109656
      vertex 0.04829629131445342 -0.011207193402100669 0.0064704761275630176
    endloop
  endfacet
  facet normal 0.98046194087886107 -0.15605964503107067 0.11974877736675713
    outer loop
      vertex 0.04957224306869052 -0.0046147977820628627 0.0046147977820628636
      vertex 0.04829629131445342 -0.011207193402100669 0.0064704761275630176
      vertex 0.04957224306869052 -0.0056519499160907717 0.0032631548055012892
    endloop
  endfacet
  facet normal 0.98046194087886107 -0.18173530578727407 0.075277228419110526
    outer loop
      vertex 0.04957224306869052 -0.0056519499160907717 0.0032631548055012892
      vertex 0.04829629131445342 -0.011207193402100669 0.0064704761275630176
      vertex 0.04829629131445342 -0.012499999999999997 0.0033493649053890368
    endloop
  endfacet
  facet normal 0.98046194087886096 -0.18173530578727407 0.075277228419110623
    outer loop
      vertex 0.04957224306869052 -0.0056519499160907717 0.0032631548055012892
      vertex 0.04829629131445342 -0.012499999999999997 0.0033493649053890368
      vertex 0.04957224306869052 -0.0063039310036259542 0.001689133221563093
    endloop
  endfacet
  facet normal 0.98046194087886096 -0.19502600578586773 0.025675660756203551
    outer loop
      vertex 0.04957224306869052 -0.0063039310036259542 0.001689133221563093
      vertex 0.04829629131445342 -0.012499999999999997 0.0033493649053890368
      vertex 0.04829629131445342 -0.012940952255126037 1.5848095757158824e-18
    endloop
  endfacet
  facet normal 0.98046194087886085 -0.19502600578586768 0.025675660756203398
    outer loop
      vertex 0.04957224306869052 -0.0063039310036259542 0.001689133221563093
      vertex 0.04829629131445342 -0.012940952255126037 1.5848095757158824e-18
      vertex 0.04957224306869052 -0.0065263096110025794 7.992424175358917e-19
    endloop
  endfacet
  facet normal 0.98046194087886107 -0.19502600578586773 -0.025675660756203398
    outer loop
      vertex 0.04957224306869052 -0.0065263096110025794 7.992424175358917e-19
      vertex 0.04829629131445342 -0.012940952255126037 1.5848095757158824e-18
      vertex 0.04829629131445342 -0.012499999999999999 -0.0033493649053890338
    endloop
  endfacet
  facet normal 0.98046194087886085 -0.19502600578586771 -0.025675660756203394
    outer loop
      vertex 0.04957224306869052 -0.0065263096110025794 7.992424175358917e-19
      vertex 0.04829629131445342 -0.012499999999999999 -0.0033493649053890338
      vertex 0.04957224306869052 -0.0063039310036259542 -0.0016891332215630914
    endloop
  endfacet
  facet normal 0.98046194087886107 -0.18173530578727407 -0.075277228419110595
    outer loop
      vertex 0.04957224306869052 -0.0063039310036259542 -0.0016891332215630914
      vertex 0.04829629131445342 -0.012499999999999999 -0.0033493649053890338
      vertex 0.04829629131445342 -0.011207193402100669 -0.006470476127563015
    endloop
  endfacet
  facet normal 0.98046194087886096 -0.18173530578727412 -0.075277228419110512
    outer loop
      vertex 0.04957224306869052 -0.0063039310036259542 -0.0016891332215630914
      vertex 0.04829629131445342 -0.011207193402100669 -0.006470476127563015
      vertex 0.04957224306869052 -0.0056519499160907725 -0.0032631548055012879
    endloop
  endfacet
  facet normal 0.98046194087886107 -0.15605964503107075 -0.11974877736675708
    outer loop
      vertex 0.04957224306869052 -0.0056519499160907725 -0.0032631548055012879
      vertex 0.04829629131445342 -0.011207193402100669 -0.006470476127563015
      vertex 0.04829629131445342 -0.0091506350946109708 -0.0091506350946109604
    endloop
  endfacet
  facet normal 0.98046194087886085 -0.15605964503107062 -0.1197487773667571
    outer loop
      vertex 0.04957224306869052 -0.0056519499160907725 -0.0032631548055012879
      vertex 0.04829629131445342 -0.0091506350946109708 -0.0091506350946109604
      vertex 0.04957224306869052 -0.0046147977820628653 -0.0046147977820628601
    endloop
  endfacet
  facet normal 0.98046194087886085 -0.11974877736675722 -0.15605964503107062
    outer loop
      vertex 0.04957224306869052 -0.0046147977820628653 -0.0046147977820628601
      vertex 0.04829629131445342 -0.0091506350946109708 -0.0091506350946109604
      vertex 0.04829629131445342 -0.0064704761275630246 -0.011207193402100664
    endloop
  endfacet
  facet normal 0.98046194087886107 -0.11974877736675731 -0.15605964503107056
    outer loop
      vertex 0.04957224306869052 -0.0046147977820628653 -0.0046147977820628601
      vertex 0.04829629131445342 -0.0064704761275630246 -0.011207193402100664
      vertex 0.04957224306869052 -0.0032631548055012927 -0.0056519499160907699
    endloop
  endfacet
  facet normal 0.98046194087886096 -0.075277228419110581 -0.18173530578727407
    outer loop
      vertex 0.04957224306869052 -0.0032631548055012927 -0.0056519499160907699
      vertex 0.04829629131445342 -0.0064704761275630246 -0.011207193402100664
      vertex 0.04829629131445342 -0.0033493649053890316 -0.012499999999999999
    endloop
  endfacet
  facet normal 0.98046194087886096 -0.075277228419110512 -0.18173530578727404
    outer loop
      vertex 0.04957224306869052 -0.0032631548055012927 -0.0056519499160907699
      vertex 0.04829629131445342 -0.0033493649053890316 -0.012499999999999999
      vertex 0.04957224306869052 -0.0016891332215630904 -0.0063039310036259542
    endloop
  endfacet
  facet normal 0.98046194087886107 -0.02567566075620344 -0.19502600578586771
    outer loop
      vertex 0.04957224306869052 -0.0016891332215630904 -0.0063039310036259542
      vertex 0.04829629131445342 -0.0033493649053890316 -0.012499999999999999
      vertex 0.04829629131445342 -2.3772143635738232e-18 -0.012940952255126037
    endloop
  endfacet
  facet normal 0.98046194087886096 -0.02567566075620345 -0.19502600578586773
    outer loop
      vertex 0.04957224306869052 -0.0016891332215630904 -0.0063039310036259542
      vertex 0.04829629131445342 -2.3772143635738232e-18 -0.012940952255126037
      vertex 0.04957224306869052 -1.1988636263038375e-18 -0.0065263096110025794
    endloop
  endfacet
  facet normal 0.98046194087886107 0.025675660756203363 -0.19502600578586773
    outer loop
      vertex 0.04957224306869052 -1.1988636263038375e-18 -0.0065263096110025794
      vertex 0.04829629131445342 -2.3772143635738232e-18 -0.012940952255126037
      vertex 0.04829629131445342 0.0033493649053890273 -0.012500000000000001
    endloop
  endfacet
  facet normal 0.98046194087886096 0.025675660756203339 -0.19502600578586771
    outer loop
      vertex 0.04957224306869052 -1.1988636263038375e-18 -0.0065263096110025794
      vertex 0.04829629131445342 0.0033493649053890273 -0.012500000000000001
      vertex 0.04957224306869052 0.0016891332215630882 -0.006303931003625955
    endloop
  endfacet
  facet normal 0.98046194087886096 0.07527722841911047 -0.18173530578727407
    outer loop
      vertex 0.04957224306869052 0.0016891332215630882 -0.006303931003625955
      vertex 0.04829629131445342 0.0033493649053890273 -0.012500000000000001
      vertex 0.04829629131445342 0.0064704761275630202 -0.011207193402100668
    endloop
  endfacet
  facet normal 0.98046194087886096 0.075277228419110498 -0.18173530578727401
    outer loop
      vertex 0.04957224306869052 0.0016891332215630882 -0.006303931003625955
      vertex 0.04829629131445342 0.0064704761275630202 -0.011207193402100668
      vertex 0.04957224306869052 0.0032631548055012905 -0.0056519499160907708
    endloop
  endfacet
  facet normal 0.98046194087886107 0.11974877736675719 -0.15605964503107067
    outer loop
      vertex 0.04957224306869052 0.0032631548055012905 -0.0056519499160907708
      vertex 0.04829629131445342 0.0064704761275630202 -0.011207193402100668
      vertex 0.04829629131445342 0.0091506350946109639 -0.0091506350946109673
    endloop
  endfacet
  facet normal 0.98046194087886085 0.11974877736675715 -0.15605964503107059
    outer loop
      vertex 0.04957224306869052 0.0032631548055012905 -0.0056519499160907708
      vertex 0.04829629131445342 0.0091506350946109639 -0.0091506350946109673
      vertex 0.04957224306869052 0.0046147977820628619 -0.0046147977820628636
    endloop
  endfacet
  facet normal 0.98046194087886107 0.15605964503107059 -0.11974877736675719
    outer loop
      vertex 0.04957224306869052 0.0046147977820628619 -0.0046147977820628636
      vertex 0.04829629131445342 0.0091506350946109639 -0.0091506350946109673
      vertex 0.04829629131445342 0.011207193402100664 -0.0064704761275630246
    endloop
  endfacet
  facet normal 0.98046194087886085 0.15605964503107053 -0.11974877736675725
    outer loop
      vertex 0.04957224306869052 0.0046147977820628619 -0.0046147977820628636
      vertex 0.04829629131445342 0.011207193402100664 -0.0064704761275630246
      vertex 0.04957224306869052 0.0056519499160907699 -0.0032631548055012927
    endloop
  endfacet
  facet normal 0.98046194087886107 0.18173530578727404 -0.07527722841911072
    outer loop
      vertex 0.04957224306869052 0.0056519499160907699 -0.0032631548055012927
      vertex 0.04829629131445342 0.011207193402100664 -0.0064704761275630246
      vertex 0.04829629131445342 0.012499999999999995 -0.0033493649053890442
    endloop
  endfacet
  facet normal 0.98046194087886085 0.18173530578727398 -0.075277228419110692
    outer loop
      vertex 0.04957224306869052 0.0056519499160907699 -0.0032631548055012927
      vertex 0.04829629131445342 0.012499999999999995 -0.0033493649053890442
      vertex 0.04957224306869052 0.0063039310036259533 -0.0016891332215630966
    endloop
  endfacet
  facet normal 0.98046194087886096 0.19502600578586771 -0.025675660756203485
    outer loop
      vertex 0.04957224306869052 0.0063039310036259533 -0.0016891332215630966
      vertex 0.04829629131445342 0.012499999999999995 -0.0033493649053890442
      vertex 0.04829629131445342 0.012940952255126037 0
    endloop
  endfacet
  facet normal 0.98046194087886096 0.19502600578586771 -0.025675660756203433
    outer loop
      vertex 0.04957224306869052 0.0063039310036259533 -0.0016891332215630966
      vertex 0.04829629131445342 0.012940952255126037 0
      vertex 0.04957224306869052 0.0065263096110025794 0
    endloop
  endfacet
  facet normal 0.94608336682615379 0.3211520281089395 0.042280466605799469
    outer loop
      vertex 0.04829629131445342 0.012940952255126037 0
      vertex 0.046193976625564341 0.019134171618254491 0
      vertex 0.046193976625564341 0.018482190530719308 0.0049522880270643811
    endloop
  endfacet
  facet normal 0.9460833668261539 0.32115202810893956 0.042280466605799441
    outer loop
      vertex 0.04829629131445342 0.012940952255126037 0
      vertex 0.046193976625564341 0.018482190530719308 0.0049522880270643811
      vertex 0.04829629131445342 0.012499999999999999 0.0033493649053890334
    endloop
  endfacet
  facet normal 0.9460833668261539 0.29926604812213548 0.12396005588998787
    outer loop
      vertex 0.04829629131445342 0.012499999999999999 0.0033493649053890334
      vertex 0.046193976625564341 0.018482190530719308 0.0049522880270643811
      vertex 0.046193976625564341 0.016570678701779591 0.0095670858091272439
    endloop
  endfacet
  facet normal 0.9460833668261539 0.29926604812213559 0.12396005588998778
    outer loop
      vertex 0.04829629131445342 0.012499999999999999 0.0033493649053890334
      vertex 0.046193976625564341 0.016570678701779591 0.0095670858091272439
      vertex 0.04829629131445342 0.011207193402100669 0.0064704761275630176
    endloop
  endfacet
  facet normal 0.9460833668261539 0.2569855815163361 0.19719197221895168
    outer loop
      vertex 0.04829629131445342 0.011207193402100669 0.0064704761275630176
      vertex 0.046193976625564341 0.016570678701779591 0.0095670858091272439
      vertex 0.046193976625564341 0.013529902503654927 0.013529902503654925
    endloop
  endfacet
  facet normal 0.9460833668261539 0.25698558151633594 0.19719197221895179
    outer loop
      vertex 0.04829629131445342 0.011207193402100669 0.0064704761275630176
      vertex 0.046193976625564341 0.013529902503654927 0.013529902503654925
      vertex 0.04829629131445342 0.0091506350946109656 0.0091506350946109639
    endloop
  endfacet
  facet normal 0.94608336682615379 0.19719197221895179 0.25698558151633594
    outer loop
      vertex 0.04829629131445342 0.0091506350946109656 0.0091506350946109639
      vertex 0.046193976625564341 0.013529902503654927 0.013529902503654925
      vertex 0.046193976625564341 0.0095670858091272473 0.016570678701779591
    endloop
  endfacet
  facet normal 0.9460833668261539 0.19719197221895182 0.25698558151633588
    outer loop
      vertex 0.04829629131445342 0.0091506350946109656 0.0091506350946109639
      vertex 0.046193976625564341 0.0095670858091272473 0.016570678701779591
      vertex 0.04829629131445342 0.0064704761275630202 0.011207193402100668
    endloop
  endfacet
  facet normal 0.94608336682615379 0.12396005588998779 0.29926604812213548
    outer loop
      vertex 0.04829629131445342 0.0064704761275630202 0.011207193402100668
      vertex 0.046193976625564341 0.0095670858091272473 0.016570678701779591
      vertex 0.046193976625564341 0.0049522880270643811 0.018482190530719308
    endloop
  endfacet
  facet normal 0.94608336682615379 0.12396005588998779 0.29926604812213548
    outer loop
      vertex 0.04829629131445342 0.0064704761275630202 0.011207193402100668
      vertex 0.046193976625564341 0.0049522880270643811 0.018482190530719308
      vertex 0.04829629131445342 0.0033493649053890334 0.012499999999999999
    endloop
  endfacet
  facet normal 0.94608336682615368 0.04228046660579949 0.3211520281089395
    outer loop
      vertex 0.04829629131445342 0.0033493649053890334 0.012499999999999999
      vertex 0.046193976625564341 0.0049522880270643811 0.018482190530719308
      vertex 0.046193976625564341 1.1716301013315747e-18 0.019134171618254491
    endloop
  endfacet
  facet normal 0.9460833668261539 0.042280466605799455 0.32115202810893956
    outer loop
      vertex 0.04829629131445342 0.0033493649053890334 0.012499999999999999
      vertex 0.046193976625564341 1.1716301013315747e-18 0.019134171618254491
      vertex 0.04829629131445342 7.9240478785794118e-19 0.012940952255126037
    endloop
  endfacet
  facet normal 0.94608336682615379 -0.042280466605799476 0.3211520281089395
    outer loop
      vertex 0.04829629131445342 7.9240478785794118e-19 0.012940952255126037
      vertex 0.046193976625564341 1.1716301013315747e-18 0.019134171618254491
      vertex 0.046193976625564341 -0.0049522880270643794 0.018482190530719308
    endloop
  endfacet
  facet normal 0.94608336682615368 -0.042280466605799441 0.32115202810893945
    outer loop
      vertex 0.04829629131445342 7.9240478785794118e-19 0.012940952255126037
      vertex 0.046193976625564341 -0.0049522880270643794 0.018482190530719308
      vertex 0.04829629131445342 -0.0033493649053890316 0.012499999999999999
    endloop
  endfacet
  facet normal 0.9460833668261539 -0.12396005588998787 0.29926604812213548
    outer loop
      vertex 0.04829629131445342 -0.0033493649053890316 0.012499999999999999
      vertex 0.046193976625564341 -0.0049522880270643794 0.018482190530719308
      vertex 0.046193976625564341 -0.0095670858091272421 0.016570678701779591
    endloop
  endfacet
  facet normal 0.9460833668261539 -0.12396005588998778 0.29926604812213559
    outer loop
      vertex 0.04829629131445342 -0.0033493649053890316 0.012499999999999999
      vertex 0.046193976625564341 -0.0095670858091272421 0.016570678701779591
      vertex 0.04829629131445342 -0.0064704761275630159 0.011207193402100669
    endloop
  endfacet
  facet normal 0.94608336682615379 -0.19719197221895163 0.25698558151633616
    outer loop
      vertex 0.04829629131445342 -0.0064704761275630159 0.011207193402100669
      vertex 0.046193976625564341 -0.0095670858091272421 0.016570678701779591
      vertex 0.046193976625564341 -0.013529902503654925 0.013529902503654927
    endloop
  endfacet
  facet normal 0.9460833668261539 -0.19719197221895174 0.25698558151633605
    outer loop
      vertex 0.04829629131445342 -0.0064704761275630159 0.011207193402100669
      vertex 0.046193976625564341 -0.013529902503654925 0.013529902503654927
      vertex 0.04829629131445342 -0.0091506350946109639 0.0091506350946109656
    endloop
  endfacet
  facet normal 0.94608336682615379 -0.25698558151633605 0.19719197221895171
    outer loop
      vertex 0.04829629131445342 -0.0091506350946109639 0.0091506350946109656
      vertex 0.046193976625564341 -0.013529902503654925 0.013529902503654927
      vertex 0.046193976625564341 -0.016570678701779591 0.0095670858091272439
    endloop
  endfacet
  facet normal 0.94608336682615379 -0.25698558151633599 0.19719197221895185
    outer loop
      vertex 0.04829629131445342 -0.0091506350946109639 0.0091506350946109656
      vertex 0.046193976625564341 -0.016570678701779591 0.0095670858091272439
      vertex 0.04829629131445342 -0.011207193402100669 0.0064704761275630176
    endloop
  endfacet
  facet normal 0.9460833668261539 -0.29926604812213548 0.12396005588998803
    outer loop
      vertex 0.04829629131445342 -0.011207193402100669 0.0064704761275630176
      vertex 0.046193976625564341 -0.016570678701779591 0.0095670858091272439
      vertex 0.046193976625564341 -0.018482190530719308 0.0049522880270643863
    endloop
  endfacet
  facet normal 0.94608336682615379 -0.29926604812213542 0.12396005588998768
    outer loop
      vertex 0.04829629131445342 -0.011207193402100669 0.0064704761275630176
      vertex 0.046193976625564341 -0.018482190530719308 0.0049522880270643863
      vertex 0.04829629131445342 -0.012499999999999997 0.0033493649053890368
    endloop
  endfacet
  facet normal 0.94608336682615379 -0.32115202810893945 0.042280466605799434
    outer loop
      vertex 0.04829629131445342 -0.012499999999999997 0.0033493649053890368
      vertex 0.046193976625564341 -0.018482190530719308 0.0049522880270643863
      vertex 0.046193976625564341 -0.019134171618254491 2.3432602026631494e-18
    endloop
  endfacet
  facet normal 0.9460833668261539 -0.32115202810893956 0.042280466605799594
    outer loop
      vertex 0.04829629131445342 -0.012499999999999997 0.0033493649053890368
      vertex 0.046193976625564341 -0.019134171618254491 2.3432602026631494e-18
      vertex 0.04829629131445342 -0.012940952255126037 1.5848095757158824e-18
    endloop
  endfacet
  facet normal 0.94608336682615379 -0.3211520281089395 -0.042280466605799434
    outer loop
      vertex 0.04829629131445342 -0.012940952255126037 1.5848095757158824e-18
      vertex 0.046193976625564341 -0.019134171618254491 2.3432602026631494e-18
      vertex 0.046193976625564341 -0.018482190530719308 -0.0049522880270643829
    endloop
  endfacet
  facet normal 0.9460833668261539 -0.32115202810893956 -0.042280466605799413
    outer loop
      vertex 0.04829629131445342 -0.012940952255126037 1.5848095757158824e-18
      vertex 0.046193976625564341 -0.018482190530719308 -0.0049522880270643829
      vertex 0.04829629131445342 -0.012499999999999999 -0.0033493649053890338
    endloop
  endfacet
  facet normal 0.9460833668261539 -0.29926604812213548 -0.12396005588998776
    outer loop
      vertex 0.04829629131445342 -0.012499999999999999 -0.0033493649053890338
      vertex 0.046193976625564341 -0.018482190530719308 -0.0049522880270643829
      vertex 0.046193976625564341 -0.016570678701779595 -0.0095670858091272404
    endloop
  endfacet
  facet normal 0.9460833668261539 -0.29926604812213536 -0.12396005588998781
    outer loop
      vertex 0.04829629131445342 -0.012499999999999999 -0.0033493649053890338
      vertex 0.046193976625564341 -0.016570678701779595 -0.0095670858091272404
      vertex 0.04829629131445342 -0.011207193402100669 -0.006470476127563015
    endloop
  endfacet
  facet normal 0.9460833668261539 -0.25698558151633599 -0.19719197221895163
    outer loop
      vertex 0.04829629131445342 -0.011207193402100669 -0.006470476127563015
      vertex 0.046193976625564341 -0.016570678701779595 -0.0095670858091272404
      vertex 0.046193976625564341 -0.013529902503654934 -0.013529902503654918
    endloop
  endfacet
  facet normal 0.94608336682615379 -0.25698558151633616 -0.19719197221895154
    outer loop
      vertex 0.04829629131445342 -0.011207193402100669 -0.006470476127563015
      vertex 0.046193976625564341 -0.013529902503654934 -0.013529902503654918
      vertex 0.04829629131445342 -0.0091506350946109708 -0.0091506350946109604
    endloop
  endfacet
  facet normal 0.94608336682615379 -0.19719197221895196 -0.25698558151633588
    outer loop
      vertex 0.04829629131445342 -0.0091506350946109708 -0.0091506350946109604
      vertex 0.046193976625564341 -0.013529902503654934 -0.013529902503654918
      vertex 0.046193976625564341 -0.0095670858091272543 -0.016570678701779588
    endloop
  endfacet
  facet normal 0.9460833668261539 -0.19719197221895177 -0.25698558151633594
    outer loop
      vertex 0.04829629131445342 -0.0091506350946109708 -0.0091506350946109604
      vertex 0.046193976625564341 -0.0095670858091272543 -0.016570678701779588
      vertex 0.04829629131445342 -0.0064704761275630246 -0.011207193402100664
    endloop
  endfacet
  facet normal 0.9460833668261539 -0.12396005588998775 -0.29926604812213542
    outer loop
      vertex 0.04829629131445342 -0.0064704761275630246 -0.011207193402100664
      vertex 0.046193976625564341 -0.0095670858091272543 -0.016570678701779588
      vertex 0.046193976625564341 -0.0049522880270643794 -0.018482190530719308
    endloop
  endfacet
  facet normal 0.9460833668261539 -0.12396005588998787 -0.29926604812213548
    outer loop
      vertex 0.04829629131445342 -0.0064704761275630246 -0.011207193402100664
      vertex 0.046193976625564341 -0.0049522880270643794 -0.018482190530719308
      vertex 0.04829629131445342 -0.0033493649053890316 -0.012499999999999999
    endloop
  endfacet
  facet normal 0.94608336682615368 -0.04228046660579951 -0.32115202810893945
    outer loop
      vertex 0.04829629131445342 -0.0033493649053890316 -0.012499999999999999
      vertex 0.046193976625564341 -0.0049522880270643794 -0.018482190530719308
      vertex 0.046193976625564341 -3.5148903039947242e-18 -0.019134171618254491
    endloop
  endfacet
  facet normal 0.94608336682615379 -0.04228046660579949 -0.3211520281089395
    outer loop
      vertex 0.04829629131445342 -0.0033493649053890316 -0.012499999999999999
      vertex 0.046193976625564341 -3.5148903039947242e-18 -0.019134171618254491
      vertex 0.04829629131445342 -2.3772143635738232e-18 -0.012940952255126037
    endloop
  endfacet
  facet normal 0.94608336682615368 0.042280466605799295 -0.32115202810893945
    outer loop
      vertex 0.04829629131445342 -2.3772143635738232e-18 -0.012940952255126037
      vertex 0.046193976625564341 -3.5148903039947242e-18 -0.019134171618254491
      vertex 0.046193976625564341 0.0049522880270643733 -0.018482190530719311
    endloop
  endfacet
  facet normal 0.94608336682615379 0.042280466605799323 -0.3211520281089395
    outer loop
      vertex 0.04829629131445342 -2.3772143635738232e-18 -0.012940952255126037
      vertex 0.046193976625564341 0.0049522880270643733 -0.018482190530719311
      vertex 0.04829629131445342 0.0033493649053890273 -0.012500000000000001
    endloop
  endfacet
  facet normal 0.9460833668261539 0.12396005588998778 -0.29926604812213542
    outer loop
      vertex 0.04829629131445342 0.0033493649053890273 -0.012500000000000001
      vertex 0.046193976625564341 0.0049522880270643733 -0.018482190530719311
      vertex 0.046193976625564341 0.0095670858091272473 -0.016570678701779591
    endloop
  endfacet
  facet normal 0.9460833668261539 0.12396005588998774 -0.29926604812213553
    outer loop
      vertex 0.04829629131445342 0.0033493649053890273 -0.012500000000000001
      vertex 0.046193976625564341 0.0095670858091272473 -0.016570678701779591
      vertex 0.04829629131445342 0.0064704761275630202 -0.011207193402100668
    endloop
  endfacet
  facet normal 0.9460833668261539 0.19719197221895166 -0.25698558151633599
    outer loop
      vertex 0.04829629131445342 0.0064704761275630202 -0.011207193402100668
      vertex 0.046193976625564341 0.0095670858091272473 -0.016570678701779591
      vertex 0.046193976625564341 0.013529902503654923 -0.01352990250365493
    endloop
  endfacet
  facet normal 0.94608336682615379 0.19719197221895168 -0.25698558151633599
    outer loop
      vertex 0.04829629131445342 0.0064704761275630202 -0.011207193402100668
      vertex 0.046193976625564341 0.013529902503654923 -0.01352990250365493
      vertex 0.04829629131445342 0.0091506350946109639 -0.0091506350946109673
    endloop
  endfacet
  facet normal 0.9460833668261539 0.25698558151633588 -0.19719197221895185
    outer loop
      vertex 0.04829629131445342 0.0091506350946109639 -0.0091506350946109673
      vertex 0.046193976625564341 0.013529902503654923 -0.01352990250365493
      vertex 0.046193976625564341 0.016570678701779588 -0.0095670858091272543
    endloop
  endfacet
  facet normal 0.94608336682615379 0.25698558151633594 -0.19719197221895168
    outer loop
      vertex 0.04829629131445342 0.0091506350946109639 -0.0091506350946109673
      vertex 0.046193976625564341 0.016570678701779588 -0.0095670858091272543
      vertex 0.04829629131445342 0.011207193402100664 -0.0064704761275630246
    endloop
  endfacet
  facet normal 0.9460833668261539 0.29926604812213531 -0.12396005588998797
    outer loop
      vertex 0.04829629131445342 0.011207193402100664 -0.0064704761275630246
      vertex 0.046193976625564341 0.016570678701779588 -0.0095670858091272543
      vertex 0.046193976625564341 0.018482190530719304 -0.0049522880270643976
    endloop
  endfacet
  facet normal 0.94608336682615379 0.29926604812213531 -0.12396005588998799
    outer loop
      vertex 0.04829629131445342 0.011207193402100664 -0.0064704761275630246
      vertex 0.046193976625564341 0.018482190530719304 -0.0049522880270643976
      vertex 0.04829629131445342 0.012499999999999995 -0.0033493649053890442
    endloop
  endfacet
  facet normal 0.9460833668261539 0.32115202810893945 -0.042280466605799538
    outer loop
      vertex 0.04829629131445342 0.012499999999999995 -0.0033493649053890442
      vertex 0.046193976625564341 0.018482190530719304 -0.0049522880270643976
      vertex 0.046193976625564341 0.019134171618254491 0
    endloop
  endfacet
  facet normal 0.9460833668261539 0.32115202810893956 -0.042280466605799635
    outer loop
      vertex 0.04829629131445342 0.012499999999999995 -0.0033493649053890442
      vertex 0.046193976625564341 0.019134171618254491 0
      vertex 0.04829629131445342 0.012940952255126037 0
    endloop
  endfacet
  facet normal 0.89535615203961216 0.44154079104732336 0.058129947928094478
    outer loop
      vertex 0.046193976625564341 0.019134171618254491 0
      vertex 0.04330127018922194 0.024999999999999998 0
      vertex 0.04330127018922194 0.024148145657226706 0.0064704761275630176
    endloop
  endfacet
  facet normal 0.89535615203961205 0.4415407910473233 0.05812994792809463
    outer loop
      vertex 0.046193976625564341 0.019134171618254491 0
      vertex 0.04330127018922194 0.024148145657226706 0.0064704761275630176
      vertex 0.046193976625564341 0.018482190530719308 0.0049522880270643811
    endloop
  endfacet
  facet normal 0.89535615203961216 0.41145051581810588 0.17042838389726511
    outer loop
      vertex 0.046193976625564341 0.018482190530719308 0.0049522880270643811
      vertex 0.04330127018922194 0.024148145657226706 0.0064704761275630176
      vertex 0.04330127018922194 0.021650635094610966 0.012499999999999997
    endloop
  endfacet
  facet normal 0.89535615203961205 0.41145051581810577 0.17042838389726511
    outer loop
      vertex 0.046193976625564341 0.018482190530719308 0.0049522880270643811
      vertex 0.04330127018922194 0.021650635094610966 0.012499999999999997
      vertex 0.046193976625564341 0.016570678701779591 0.0095670858091272439
    endloop
  endfacet
  facet normal 0.89535615203961216 0.35332056789001126 0.27111240715005819
    outer loop
      vertex 0.046193976625564341 0.016570678701779591 0.0095670858091272439
      vertex 0.04330127018922194 0.021650635094610966 0.012499999999999997
      vertex 0.04330127018922194 0.017677669529663688 0.017677669529663684
    endloop
  endfacet
  facet normal 0.89535615203961205 0.35332056789001137 0.27111240715005813
    outer loop
      vertex 0.046193976625564341 0.016570678701779591 0.0095670858091272439
      vertex 0.04330127018922194 0.017677669529663688 0.017677669529663684
      vertex 0.046193976625564341 0.013529902503654927 0.013529902503654925
    endloop
  endfacet
  facet normal 0.89535615203961216 0.2711124071500583 0.35332056789001132
    outer loop
      vertex 0.046193976625564341 0.013529902503654927 0.013529902503654925
      vertex 0.04330127018922194 0.017677669529663688 0.017677669529663684
      vertex 0.04330127018922194 0.012500000000000002 0.021650635094610963
    endloop
  endfacet
  facet normal 0.89535615203961205 0.2711124071500583 0.35332056789001126
    outer loop
      vertex 0.046193976625564341 0.013529902503654927 0.013529902503654925
      vertex 0.04330127018922194 0.012500000000000002 0.021650635094610963
      vertex 0.046193976625564341 0.0095670858091272473 0.016570678701779591
    endloop
  endfacet
  facet normal 0.89535615203961205 0.17042838389726528 0.41145051581810593
    outer loop
      vertex 0.046193976625564341 0.0095670858091272473 0.016570678701779591
      vertex 0.04330127018922194 0.012500000000000002 0.021650635094610963
      vertex 0.04330127018922194 0.0064704761275630176 0.024148145657226706
    endloop
  endfacet
  facet normal 0.89535615203961205 0.17042838389726506 0.41145051581810588
    outer loop
      vertex 0.046193976625564341 0.0095670858091272473 0.016570678701779591
      vertex 0.04330127018922194 0.0064704761275630176 0.024148145657226706
      vertex 0.046193976625564341 0.0049522880270643811 0.018482190530719308
    endloop
  endfacet
  facet normal 0.89535615203961216 0.058129947928094478 0.4415407910473233
    outer loop
      vertex 0.046193976625564341 0.0049522880270643811 0.018482190530719308
      vertex 0.04330127018922194 0.0064704761275630176 0.024148145657226706
      vertex 0.04330127018922194 1.5308084989341914e-18 0.024999999999999998
    endloop
  endfacet
  facet normal 0.89535615203961216 0.058129947928094658 0.44154079104732336
    outer loop
      vertex 0.046193976625564341 0.0049522880270643811 0.018482190530719308
      vertex 0.04330127018922194 1.5308084989341914e-18 0.024999999999999998
      vertex 0.046193976625564341 1.1716301013315747e-18 0.019134171618254491
    endloop
  endfacet
  facet normal 0.89535615203961216 -0.058129947928094484 0.44154079104732336
    outer loop
      vertex 0.046193976625564341 1.1716301013315747e-18 0.019134171618254491
      vertex 0.04330127018922194 1.5308084989341914e-18 0.024999999999999998
      vertex 0.04330127018922194 -0.006470476127563015 0.024148145657226706
    endloop
  endfacet
  facet normal 0.89535615203961216 -0.058129947928094644 0.4415407910473233
    outer loop
      vertex 0.046193976625564341 1.1716301013315747e-18 0.019134171618254491
      vertex 0.04330127018922194 -0.006470476127563015 0.024148145657226706
      vertex 0.046193976625564341 -0.0049522880270643794 0.018482190530719308
    endloop
  endfacet
  facet normal 0.89535615203961216 -0.17042838389726517 0.41145051581810593
    outer loop
      vertex 0.046193976625564341 -0.0049522880270643794 0.018482190530719308
      vertex 0.04330127018922194 -0.006470476127563015 0.024148145657226706
      vertex 0.04330127018922194 -0.012499999999999994 0.021650635094610966
    endloop
  endfacet
  facet normal 0.89535615203961205 -0.17042838389726514 0.41145051581810582
    outer loop
      vertex 0.046193976625564341 -0.0049522880270643794 0.018482190530719308
      vertex 0.04330127018922194 -0.012499999999999994 0.021650635094610966
      vertex 0.046193976625564341 -0.0095670858091272421 0.016570678701779591
    endloop
  endfacet
  facet normal 0.89535615203961216 -0.27111240715005813 0.35332056789001148
    outer loop
      vertex 0.046193976625564341 -0.0095670858091272421 0.016570678701779591
      vertex 0.04330127018922194 -0.012499999999999994 0.021650635094610966
      vertex 0.04330127018922194 -0.017677669529663684 0.017677669529663688
    endloop
  endfacet
  facet normal 0.89535615203961205 -0.27111240715005808 0.35332056789001143
    outer loop
      vertex 0.046193976625564341 -0.0095670858091272421 0.016570678701779591
      vertex 0.04330127018922194 -0.017677669529663684 0.017677669529663688
      vertex 0.046193976625564341 -0.013529902503654925 0.013529902503654927
    endloop
  endfacet
  facet normal 0.89535615203961205 -0.35332056789001132 0.2711124071500583
    outer loop
      vertex 0.046193976625564341 -0.013529902503654925 0.013529902503654927
      vertex 0.04330127018922194 -0.017677669529663684 0.017677669529663688
      vertex 0.04330127018922194 -0.021650635094610966 0.012499999999999997
    endloop
  endfacet
  facet normal 0.89535615203961216 -0.35332056789001132 0.27111240715005808
    outer loop
      vertex 0.046193976625564341 -0.013529902503654925 0.013529902503654927
      vertex 0.04330127018922194 -0.021650635094610966 0.012499999999999997
      vertex 0.046193976625564341 -0.016570678701779591 0.0095670858091272439
    endloop
  endfacet
  facet normal 0.89535615203961216 -0.41145051581810588 0.17042838389726511
    outer loop
      vertex 0.046193976625564341 -0.016570678701779591 0.0095670858091272439
      vertex 0.04330127018922194 -0.021650635094610966 0.012499999999999997
      vertex 0.04330127018922194 -0.024148145657226703 0.0064704761275630246
    endloop
  endfacet
  facet normal 0.89535615203961205 -0.41145051581810599 0.17042838389726539
    outer loop
      vertex 0.046193976625564341 -0.016570678701779591 0.0095670858091272439
      vertex 0.04330127018922194 -0.024148145657226703 0.0064704761275630246
      vertex 0.046193976625564341 -0.018482190530719308 0.0049522880270643863
    endloop
  endfacet
  facet normal 0.89535615203961205 -0.44154079104732341 0.058129947928094693
    outer loop
      vertex 0.046193976625564341 -0.018482190530719308 0.0049522880270643863
      vertex 0.04330127018922194 -0.024148145657226703 0.0064704761275630246
      vertex 0.04330127018922194 -0.024999999999999998 3.0616169978683828e-18
    endloop
  endfacet
  facet normal 0.89535615203961216 -0.44154079104732341 0.058129947928094616
    outer loop
      vertex 0.046193976625564341 -0.018482190530719308 0.0049522880270643863
      vertex 0.04330127018922194 -0.024999999999999998 3.0616169978683828e-18
      vertex 0.046193976625564341 -0.019134171618254491 2.3432602026631494e-18
    endloop
  endfacet
  facet normal 0.89535615203961205 -0.44154079104732336 -0.058129947928094422
    outer loop
      vertex 0.046193976625564341 -0.019134171618254491 2.3432602026631494e-18
      vertex 0.04330127018922194 -0.024999999999999998 3.0616169978683828e-18
      vertex 0.04330127018922194 -0.024148145657226706 -0.0064704761275630194
    endloop
  endfacet
  facet normal 0.89535615203961216 -0.4415407910473233 -0.058129947928094582
    outer loop
      vertex 0.046193976625564341 -0.019134171618254491 2.3432602026631494e-18
      vertex 0.04330127018922194 -0.024148145657226706 -0.0064704761275630194
      vertex 0.046193976625564341 -0.018482190530719308 -0.0049522880270643829
    endloop
  endfacet
  facet normal 0.89535615203961205 -0.41145051581810588 -0.17042838389726506
    outer loop
      vertex 0.046193976625564341 -0.018482190530719308 -0.0049522880270643829
      vertex 0.04330127018922194 -0.024148145657226706 -0.0064704761275630194
      vertex 0.04330127018922194 -0.02165063509461097 -0.012499999999999992
    endloop
  endfacet
  facet normal 0.89535615203961205 -0.41145051581810588 -0.17042838389726506
    outer loop
      vertex 0.046193976625564341 -0.018482190530719308 -0.0049522880270643829
      vertex 0.04330127018922194 -0.02165063509461097 -0.012499999999999992
      vertex 0.046193976625564341 -0.016570678701779595 -0.0095670858091272404
    endloop
  endfacet
  facet normal 0.89535615203961216 -0.35332056789001137 -0.27111240715005808
    outer loop
      vertex 0.046193976625564341 -0.016570678701779595 -0.0095670858091272404
      vertex 0.04330127018922194 -0.02165063509461097 -0.012499999999999992
      vertex 0.04330127018922194 -0.017677669529663695 -0.017677669529663678
    endloop
  endfacet
  facet normal 0.89535615203961194 -0.35332056789001143 -0.27111240715005808
    outer loop
      vertex 0.046193976625564341 -0.016570678701779595 -0.0095670858091272404
      vertex 0.04330127018922194 -0.017677669529663695 -0.017677669529663678
      vertex 0.046193976625564341 -0.013529902503654934 -0.013529902503654918
    endloop
  endfacet
  facet normal 0.89535615203961216 -0.2711124071500583 -0.35332056789001132
    outer loop
      vertex 0.046193976625564341 -0.013529902503654934 -0.013529902503654918
      vertex 0.04330127018922194 -0.017677669529663695 -0.017677669529663678
      vertex 0.04330127018922194 -0.012500000000000009 -0.021650635094610956
    endloop
  endfacet
  facet normal 0.89535615203961194 -0.27111240715005863 -0.35332056789001126
    outer loop
      vertex 0.046193976625564341 -0.013529902503654934 -0.013529902503654918
      vertex 0.04330127018922194 -0.012500000000000009 -0.021650635094610956
      vertex 0.046193976625564341 -0.0095670858091272543 -0.016570678701779588
    endloop
  endfacet
  facet normal 0.89535615203961194 -0.17042838389726545 -0.41145051581810599
    outer loop
      vertex 0.046193976625564341 -0.0095670858091272543 -0.016570678701779588
      vertex 0.04330127018922194 -0.012500000000000009 -0.021650635094610956
      vertex 0.04330127018922194 -0.006470476127563015 -0.024148145657226706
    endloop
  endfacet
  facet normal 0.89535615203961216 -0.17042838389726508 -0.41145051581810599
    outer loop
      vertex 0.046193976625564341 -0.0095670858091272543 -0.016570678701779588
      vertex 0.04330127018922194 -0.006470476127563015 -0.024148145657226706
      vertex 0.046193976625564341 -0.0049522880270643794 -0.018482190530719308
    endloop
  endfacet
  facet normal 0.89535615203961216 -0.058129947928094526 -0.44154079104732324
    outer loop
      vertex 0.046193976625564341 -0.0049522880270643794 -0.018482190530719308
      vertex 0.04330127018922194 -0.006470476127563015 -0.024148145657226706
      vertex 0.04330127018922194 -4.5924254968025736e-18 -0.024999999999999998
    endloop
  endfacet
  facet normal 0.89535615203961194 -0.058129947928094693 -0.4415407910473233
    outer loop
      vertex 0.046193976625564341 -0.0049522880270643794 -0.018482190530719308
      vertex 0.04330127018922194 -4.5924254968025736e-18 -0.024999999999999998
      vertex 0.046193976625564341 -3.5148903039947242e-18 -0.019134171618254491
    endloop
  endfacet
  facet normal 0.89535615203961205 0.058129947928094283 -0.44154079104732336
    outer loop
      vertex 0.046193976625564341 -3.5148903039947242e-18 -0.019134171618254491
      vertex 0.04330127018922194 -4.5924254968025736e-18 -0.024999999999999998
      vertex 0.04330127018922194 0.0064704761275630072 -0.02414814565722671
    endloop
  endfacet
  facet normal 0.89535615203961205 0.058129947928094387 -0.44154079104732336
    outer loop
      vertex 0.046193976625564341 -3.5148903039947242e-18 -0.019134171618254491
      vertex 0.04330127018922194 0.0064704761275630072 -0.02414814565722671
      vertex 0.046193976625564341 0.0049522880270643733 -0.018482190530719311
    endloop
  endfacet
  facet normal 0.89535615203961216 0.17042838389726514 -0.41145051581810588
    outer loop
      vertex 0.046193976625564341 0.0049522880270643733 -0.018482190530719311
      vertex 0.04330127018922194 0.0064704761275630072 -0.02414814565722671
      vertex 0.04330127018922194 0.012500000000000002 -0.021650635094610963
    endloop
  endfacet
  facet normal 0.89535615203961205 0.17042838389726511 -0.41145051581810599
    outer loop
      vertex 0.046193976625564341 0.0049522880270643733 -0.018482190530719311
      vertex 0.04330127018922194 0.012500000000000002 -0.021650635094610963
      vertex 0.046193976625564341 0.0095670858091272473 -0.016570678701779591
    endloop
  endfacet
  facet normal 0.89535615203961216 0.27111240715005824 -0.35332056789001143
    outer loop
      vertex 0.046193976625564341 0.0095670858091272473 -0.016570678701779591
      vertex 0.04330127018922194 0.012500000000000002 -0.021650635094610963
      vertex 0.04330127018922194 0.017677669529663681 -0.017677669529663691
    endloop
  endfacet
  facet normal 0.89535615203961205 0.27111240715005819 -0.35332056789001143
    outer loop
      vertex 0.046193976625564341 0.0095670858091272473 -0.016570678701779591
      vertex 0.04330127018922194 0.017677669529663681 -0.017677669529663691
      vertex 0.046193976625564341 0.013529902503654923 -0.01352990250365493
    endloop
  endfacet
  facet normal 0.89535615203961205 0.35332056789001137 -0.2711124071500583
    outer loop
      vertex 0.046193976625564341 0.013529902503654923 -0.01352990250365493
      vertex 0.04330127018922194 0.017677669529663681 -0.017677669529663691
      vertex 0.04330127018922194 0.021650635094610956 -0.012500000000000009
    endloop
  endfacet
  facet normal 0.89535615203961194 0.35332056789001132 -0.27111240715005847
    outer loop
      vertex 0.046193976625564341 0.013529902503654923 -0.01352990250365493
      vertex 0.04330127018922194 0.021650635094610956 -0.012500000000000009
      vertex 0.046193976625564341 0.016570678701779588 -0.0095670858091272543
    endloop
  endfacet
  facet normal 0.89535615203961205 0.41145051581810593 -0.17042838389726567
    outer loop
      vertex 0.046193976625564341 0.016570678701779588 -0.0095670858091272543
      vertex 0.04330127018922194 0.021650635094610956 -0.012500000000000009
      vertex 0.04330127018922194 0.024148145657226699 -0.0064704761275630384
    endloop
  endfacet
  facet normal 0.89535615203961205 0.41145051581810593 -0.17042838389726539
    outer loop
      vertex 0.046193976625564341 0.016570678701779588 -0.0095670858091272543
      vertex 0.04330127018922194 0.024148145657226699 -0.0064704761275630384
      vertex 0.046193976625564341 0.018482190530719304 -0.0049522880270643976
    endloop
  endfacet
  facet normal 0.89535615203961205 0.44154079104732336 -0.058129947928094762
    outer loop
      vertex 0.046193976625564341 0.018482190530719304 -0.0049522880270643976
      vertex 0.04330127018922194 0.024148145657226699 -0.0064704761275630384
      vertex 0.04330127018922194 0.024999999999999998 0
    endloop
  endfacet
  facet normal 0.89535615203961205 0.44154079104732336 -0.058129947928094755
    outer loop
      vertex 0.046193976625564341 0.018482190530719304 -0.0049522880270643976
      vertex 0.04330127018922194 0.024999999999999998 0
      vertex 0.046193976625564341 0.019134171618254491 0
    endloop
  endfacet
  facet normal 0.82925440563155695 0.55409007924347231 0.07294734282080112
    outer loop
      vertex 0.04330127018922194 0.024999999999999998 0
      vertex 0.039667667014561758 0.030438071450436033 0
      vertex 0.039667667014561758 0.029400919316408126 0.0078779525875641524
    endloop
  endfacet
  facet normal 0.82925440563155706 0.55409007924347231 0.072947342820801106
    outer loop
      vertex 0.04330127018922194 0.024999999999999998 0
      vertex 0.039667667014561758 0.029400919316408126 0.0078779525875641524
      vertex 0.04330127018922194 0.024148145657226706 0.0064704761275630176
    endloop
  endfacet
  facet normal 0.82925440563155717 0.51632975602018039 0.21387078760034994
    outer loop
      vertex 0.04330127018922194 0.024148145657226706 0.0064704761275630176
      vertex 0.039667667014561758 0.029400919316408126 0.0078779525875641524
      vertex 0.039667667014561758 0.026360143118283462 0.015219035725218015
    endloop
  endfacet
  facet normal 0.82925440563155706 0.51632975602018039 0.21387078760034992
    outer loop
      vertex 0.04330127018922194 0.024148145657226706 0.0064704761275630176
      vertex 0.039667667014561758 0.026360143118283462 0.015219035725218015
      vertex 0.04330127018922194 0.021650635094610966 0.012499999999999997
    endloop
  endfacet
  facet normal 0.82925440563155717 0.4433824131993791 0.34021929164312253
    outer loop
      vertex 0.04330127018922194 0.021650635094610966 0.012499999999999997
      vertex 0.039667667014561758 0.026360143118283462 0.015219035725218015
      vertex 0.039667667014561758 0.021522966728843972 0.021522966728843969
    endloop
  endfacet
  facet normal 0.82925440563155706 0.44338241319937904 0.34021929164312248
    outer loop
      vertex 0.04330127018922194 0.021650635094610966 0.012499999999999997
      vertex 0.039667667014561758 0.021522966728843972 0.021522966728843969
      vertex 0.04330127018922194 0.017677669529663688 0.017677669529663684
    endloop
  endfacet
  facet normal 0.82925440563155706 0.34021929164312259 0.44338241319937904
    outer loop
      vertex 0.04330127018922194 0.017677669529663688 0.017677669529663684
      vertex 0.039667667014561758 0.021522966728843972 0.021522966728843969
      vertex 0.039667667014561758 0.01521903572521802 0.026360143118283458
    endloop
  endfacet
  facet normal 0.82925440563155706 0.34021929164312259 0.44338241319937916
    outer loop
      vertex 0.04330127018922194 0.017677669529663688 0.017677669529663684
      vertex 0.039667667014561758 0.01521903572521802 0.026360143118283458
      vertex 0.04330127018922194 0.012500000000000002 0.021650635094610963
    endloop
  endfacet
  facet normal 0.82925440563155695 0.21387078760034997 0.51632975602018027
    outer loop
      vertex 0.04330127018922194 0.012500000000000002 0.021650635094610963
      vertex 0.039667667014561758 0.01521903572521802 0.026360143118283458
      vertex 0.039667667014561758 0.0078779525875641524 0.029400919316408126
    endloop
  endfacet
  facet normal 0.82925440563155706 0.21387078760034994 0.51632975602018016
    outer loop
      vertex 0.04330127018922194 0.012500000000000002 0.021650635094610963
      vertex 0.039667667014561758 0.0078779525875641524 0.029400919316408126
      vertex 0.04330127018922194 0.0064704761275630176 0.024148145657226706
    endloop
  endfacet
  facet normal 0.82925440563155706 0.072947342820801064 0.55409007924347231
    outer loop
      vertex 0.04330127018922194 0.0064704761275630176 0.024148145657226706
      vertex 0.039667667014561758 0.0078779525875641524 0.029400919316408126
      vertex 0.039667667014561758 1.8637943386997461e-18 0.030438071450436033
    endloop
  endfacet
  facet normal 0.82925440563155706 0.072947342820801148 0.55409007924347242
    outer loop
      vertex 0.04330127018922194 0.0064704761275630176 0.024148145657226706
      vertex 0.039667667014561758 1.8637943386997461e-18 0.030438071450436033
      vertex 0.04330127018922194 1.5308084989341914e-18 0.024999999999999998
    endloop
  endfacet
  facet normal 0.82925440563155706 -0.072947342820801148 0.55409007924347242
    outer loop
      vertex 0.04330127018922194 1.5308084989341914e-18 0.024999999999999998
      vertex 0.039667667014561758 1.8637943386997461e-18 0.030438071450436033
      vertex 0.039667667014561758 -0.0078779525875641489 0.029400919316408126
    endloop
  endfacet
  facet normal 0.82925440563155706 -0.072947342820801134 0.55409007924347242
    outer loop
      vertex 0.04330127018922194 1.5308084989341914e-18 0.024999999999999998
      vertex 0.039667667014561758 -0.0078779525875641489 0.029400919316408126
      vertex 0.04330127018922194 -0.006470476127563015 0.024148145657226706
    endloop
  endfacet
  facet normal 0.82925440563155706 -0.21387078760035 0.51632975602018039
    outer loop
      vertex 0.04330127018922194 -0.006470476127563015 0.024148145657226706
      vertex 0.039667667014561758 -0.0078779525875641489 0.029400919316408126
      vertex 0.039667667014561758 -0.015219035725218009 0.026360143118283462
    endloop
  endfacet
  facet normal 0.82925440563155706 -0.21387078760034994 0.51632975602018039
    outer loop
      vertex 0.04330127018922194 -0.006470476127563015 0.024148145657226706
      vertex 0.039667667014561758 -0.015219035725218009 0.026360143118283462
      vertex 0.04330127018922194 -0.012499999999999994 0.021650635094610966
    endloop
  endfacet
  facet normal 0.82925440563155706 -0.34021929164312237 0.44338241319937927
    outer loop
      vertex 0.04330127018922194 -0.012499999999999994 0.021650635094610966
      vertex 0.039667667014561758 -0.015219035725218009 0.026360143118283462
      vertex 0.039667667014561758 -0.021522966728843969 0.021522966728843972
    endloop
  endfacet
  facet normal 0.82925440563155717 -0.34021929164312237 0.44338241319937927
    outer loop
      vertex 0.04330127018922194 -0.012499999999999994 0.021650635094610966
      vertex 0.039667667014561758 -0.021522966728843969 0.021522966728843972
      vertex 0.04330127018922194 -0.017677669529663684 0.017677669529663688
    endloop
  endfacet
  facet normal 0.82925440563155706 -0.4433824131993791 0.34021929164312253
    outer loop
      vertex 0.04330127018922194 -0.017677669529663684 0.017677669529663688
      vertex 0.039667667014561758 -0.021522966728843969 0.021522966728843972
      vertex 0.039667667014561758 -0.026360143118283462 0.015219035725218015
    endloop
  endfacet
  facet normal 0.82925440563155706 -0.44338241319937904 0.34021929164312253
    outer loop
      vertex 0.04330127018922194 -0.017677669529663684 0.017677669529663688
      vertex 0.039667667014561758 -0.026360143118283462 0.015219035725218015
      vertex 0.04330127018922194 -0.021650635094610966 0.012499999999999997
    endloop
  endfacet
  facet normal 0.82925440563155706 -0.51632975602018039 0.21387078760034994
    outer loop
      vertex 0.04330127018922194 -0.021650635094610966 0.012499999999999997
      vertex 0.039667667014561758 -0.026360143118283462 0.015219035725218015
      vertex 0.039667667014561758 -0.029400919316408123 0.0078779525875641611
    endloop
  endfacet
  facet normal 0.82925440563155706 -0.51632975602018027 0.21387078760034983
    outer loop
      vertex 0.04330127018922194 -0.021650635094610966 0.012499999999999997
      vertex 0.039667667014561758 -0.029400919316408123 0.0078779525875641611
      vertex 0.04330127018922194 -0.024148145657226703 0.0064704761275630246
    endloop
  endfacet
  facet normal 0.82925440563155706 -0.55409007924347231 0.072947342820801259
    outer loop
      vertex 0.04330127018922194 -0.024148145657226703 0.0064704761275630246
      vertex 0.039667667014561758 -0.029400919316408123 0.0078779525875641611
      vertex 0.039667667014561758 -0.030438071450436033 3.7275886773994921e-18
    endloop
  endfacet
  facet normal 0.82925440563155695 -0.55409007924347242 0.072947342820801384
    outer loop
      vertex 0.04330127018922194 -0.024148145657226703 0.0064704761275630246
      vertex 0.039667667014561758 -0.030438071450436033 3.7275886773994921e-18
      vertex 0.04330127018922194 -0.024999999999999998 3.0616169978683828e-18
    endloop
  endfacet
  facet normal 0.82925440563155706 -0.55409007924347242 -0.072947342820801078
    outer loop
      vertex 0.04330127018922194 -0.024999999999999998 3.0616169978683828e-18
      vertex 0.039667667014561758 -0.030438071450436033 3.7275886773994921e-18
      vertex 0.039667667014561758 -0.029400919316408126 -0.0078779525875641541
    endloop
  endfacet
  facet normal 0.82925440563155717 -0.55409007924347242 -0.072947342820801078
    outer loop
      vertex 0.04330127018922194 -0.024999999999999998 3.0616169978683828e-18
      vertex 0.039667667014561758 -0.029400919316408126 -0.0078779525875641541
      vertex 0.04330127018922194 -0.024148145657226706 -0.0064704761275630194
    endloop
  endfacet
  facet normal 0.82925440563155706 -0.51632975602018027 -0.21387078760035
    outer loop
      vertex 0.04330127018922194 -0.024148145657226706 -0.0064704761275630194
      vertex 0.039667667014561758 -0.029400919316408126 -0.0078779525875641541
      vertex 0.039667667014561758 -0.026360143118283465 -0.015219035725218008
    endloop
  endfacet
  facet normal 0.82925440563155706 -0.51632975602018039 -0.21387078760034989
    outer loop
      vertex 0.04330127018922194 -0.024148145657226706 -0.0064704761275630194
      vertex 0.039667667014561758 -0.026360143118283465 -0.015219035725218008
      vertex 0.04330127018922194 -0.02165063509461097 -0.012499999999999992
    endloop
  endfacet
  facet normal 0.82925440563155706 -0.44338241319937921 -0.34021929164312231
    outer loop
      vertex 0.04330127018922194 -0.02165063509461097 -0.012499999999999992
      vertex 0.039667667014561758 -0.026360143118283465 -0.015219035725218008
      vertex 0.039667667014561758 -0.021522966728843983 -0.021522966728843958
    endloop
  endfacet
  facet normal 0.82925440563155706 -0.44338241319937921 -0.34021929164312237
    outer loop
      vertex 0.04330127018922194 -0.02165063509461097 -0.012499999999999992
      vertex 0.039667667014561758 -0.021522966728843983 -0.021522966728843958
      vertex 0.04330127018922194 -0.017677669529663695 -0.017677669529663678
    endloop
  endfacet
  facet normal 0.82925440563155717 -0.34021929164312276 -0.44338241319937893
    outer loop
      vertex 0.04330127018922194 -0.017677669529663695 -0.017677669529663678
      vertex 0.039667667014561758 -0.021522966728843983 -0.021522966728843958
      vertex 0.039667667014561758 -0.01521903572521803 -0.026360143118283452
    endloop
  endfacet
  facet normal 0.82925440563155728 -0.34021929164312253 -0.44338241319937904
    outer loop
      vertex 0.04330127018922194 -0.017677669529663695 -0.017677669529663678
      vertex 0.039667667014561758 -0.01521903572521803 -0.026360143118283452
      vertex 0.04330127018922194 -0.012500000000000009 -0.021650635094610956
    endloop
  endfacet
  facet normal 0.82925440563155706 -0.21387078760035003 -0.51632975602018016
    outer loop
      vertex 0.04330127018922194 -0.012500000000000009 -0.021650635094610956
      vertex 0.039667667014561758 -0.01521903572521803 -0.026360143118283452
      vertex 0.039667667014561758 -0.0078779525875641489 -0.029400919316408126
    endloop
  endfacet
  facet normal 0.82925440563155706 -0.21387078760035019 -0.51632975602018027
    outer loop
      vertex 0.04330127018922194 -0.012500000000000009 -0.021650635094610956
      vertex 0.039667667014561758 -0.0078779525875641489 -0.029400919316408126
      vertex 0.04330127018922194 -0.006470476127563015 -0.024148145657226706
    endloop
  endfacet
  facet normal 0.82925440563155706 -0.072947342820801134 -0.55409007924347231
    outer loop
      vertex 0.04330127018922194 -0.006470476127563015 -0.024148145657226706
      vertex 0.039667667014561758 -0.0078779525875641489 -0.029400919316408126
      vertex 0.039667667014561758 -5.5913830160992382e-18 -0.030438071450436033
    endloop
  endfacet
  facet normal 0.82925440563155706 -0.072947342820801203 -0.55409007924347242
    outer loop
      vertex 0.04330127018922194 -0.006470476127563015 -0.024148145657226706
      vertex 0.039667667014561758 -5.5913830160992382e-18 -0.030438071450436033
      vertex 0.04330127018922194 -4.5924254968025736e-18 -0.024999999999999998
    endloop
  endfacet
  facet normal 0.82925440563155717 0.072947342820800939 -0.55409007924347242
    outer loop
      vertex 0.04330127018922194 -4.5924254968025736e-18 -0.024999999999999998
      vertex 0.039667667014561758 -5.5913830160992382e-18 -0.030438071450436033
      vertex 0.039667667014561758 0.0078779525875641385 -0.02940091931640813
    endloop
  endfacet
  facet normal 0.82925440563155706 0.072947342820800912 -0.55409007924347242
    outer loop
      vertex 0.04330127018922194 -4.5924254968025736e-18 -0.024999999999999998
      vertex 0.039667667014561758 0.0078779525875641385 -0.02940091931640813
      vertex 0.04330127018922194 0.0064704761275630072 -0.02414814565722671
    endloop
  endfacet
  facet normal 0.82925440563155706 0.21387078760034997 -0.5163297560201805
    outer loop
      vertex 0.04330127018922194 0.0064704761275630072 -0.02414814565722671
      vertex 0.039667667014561758 0.0078779525875641385 -0.02940091931640813
      vertex 0.039667667014561758 0.01521903572521802 -0.026360143118283458
    endloop
  endfacet
  facet normal 0.82925440563155706 0.21387078760034994 -0.51632975602018039
    outer loop
      vertex 0.04330127018922194 0.0064704761275630072 -0.02414814565722671
      vertex 0.039667667014561758 0.01521903572521802 -0.026360143118283458
      vertex 0.04330127018922194 0.012500000000000002 -0.021650635094610963
    endloop
  endfacet
  facet normal 0.82925440563155717 0.34021929164312248 -0.44338241319937904
    outer loop
      vertex 0.04330127018922194 0.012500000000000002 -0.021650635094610963
      vertex 0.039667667014561758 0.01521903572521802 -0.026360143118283458
      vertex 0.039667667014561758 0.021522966728843965 -0.021522966728843976
    endloop
  endfacet
  facet normal 0.82925440563155706 0.34021929164312253 -0.44338241319937921
    outer loop
      vertex 0.04330127018922194 0.012500000000000002 -0.021650635094610963
      vertex 0.039667667014561758 0.021522966728843965 -0.021522966728843976
      vertex 0.04330127018922194 0.017677669529663681 -0.017677669529663691
    endloop
  endfacet
  facet normal 0.82925440563155706 0.44338241319937904 -0.34021929164312259
    outer loop
      vertex 0.04330127018922194 0.017677669529663681 -0.017677669529663691
      vertex 0.039667667014561758 0.021522966728843965 -0.021522966728843976
      vertex 0.039667667014561758 0.026360143118283452 -0.01521903572521803
    endloop
  endfacet
  facet normal 0.82925440563155717 0.44338241319937904 -0.34021929164312248
    outer loop
      vertex 0.04330127018922194 0.017677669529663681 -0.017677669529663691
      vertex 0.039667667014561758 0.026360143118283452 -0.01521903572521803
      vertex 0.04330127018922194 0.021650635094610956 -0.012500000000000009
    endloop
  endfacet
  facet normal 0.82925440563155728 0.51632975602018005 -0.21387078760035033
    outer loop
      vertex 0.04330127018922194 0.021650635094610956 -0.012500000000000009
      vertex 0.039667667014561758 0.026360143118283452 -0.01521903572521803
      vertex 0.039667667014561758 0.02940091931640812 -0.0078779525875641784
    endloop
  endfacet
  facet normal 0.82925440563155728 0.51632975602018005 -0.21387078760035036
    outer loop
      vertex 0.04330127018922194 0.021650635094610956 -0.012500000000000009
      vertex 0.039667667014561758 0.02940091931640812 -0.0078779525875641784
      vertex 0.04330127018922194 0.024148145657226699 -0.0064704761275630384
    endloop
  endfacet
  facet normal 0.82925440563155717 0.5540900792434722 -0.072947342820801259
    outer loop
      vertex 0.04330127018922194 0.024148145657226699 -0.0064704761275630384
      vertex 0.039667667014561758 0.02940091931640812 -0.0078779525875641784
      vertex 0.039667667014561758 0.030438071450436033 0
    endloop
  endfacet
  facet normal 0.82925440563155706 0.55409007924347231 -0.072947342820801481
    outer loop
      vertex 0.04330127018922194 0.024148145657226699 -0.0064704761275630384
      vertex 0.039667667014561758 0.030438071450436033 0
      vertex 0.04330127018922194 0.024999999999999998 0
    endloop
  endfacet
  facet normal 0.74902314924020419 0.65687567212036924 0.086479322839046094
    outer loop
      vertex 0.039667667014561758 0.030438071450436033 0
      vertex 0.035355339059327383 0.035355339059327376 0
      vertex 0.035355339059327383 0.034150635094610964 0.0091506350946109656
    endloop
  endfacet
  facet normal 0.74902314924020374 0.65687567212036968 0.086479322839045802
    outer loop
      vertex 0.039667667014561758 0.030438071450436033 0
      vertex 0.035355339059327383 0.034150635094610964 0.0091506350946109656
      vertex 0.039667667014561758 0.029400919316408126 0.0078779525875641524
    endloop
  endfacet
  facet normal 0.74902314924020386 0.61211068060374074 0.25354454557949491
    outer loop
      vertex 0.039667667014561758 0.029400919316408126 0.0078779525875641524
      vertex 0.035355339059327383 0.034150635094610964 0.0091506350946109656
      vertex 0.035355339059327383 0.030618621784789728 0.017677669529663684
    endloop
  endfacet
  facet normal 0.74902314924020408 0.61211068060374041 0.25354454557949507
    outer loop
      vertex 0.039667667014561758 0.029400919316408126 0.0078779525875641524
      vertex 0.035355339059327383 0.030618621784789728 0.017677669529663684
      vertex 0.039667667014561758 0.026360143118283462 0.015219035725218015
    endloop
  endfacet
  facet normal 0.74902314924020408 0.52563135776469438 0.40333112654087422
    outer loop
      vertex 0.039667667014561758 0.026360143118283462 0.015219035725218015
      vertex 0.035355339059327383 0.030618621784789728 0.017677669529663684
      vertex 0.035355339059327383 0.025000000000000001 0.024999999999999998
    endloop
  endfacet
  facet normal 0.74902314924020419 0.52563135776469427 0.40333112654087427
    outer loop
      vertex 0.039667667014561758 0.026360143118283462 0.015219035725218015
      vertex 0.035355339059327383 0.025000000000000001 0.024999999999999998
      vertex 0.039667667014561758 0.021522966728843972 0.021522966728843969
    endloop
  endfacet
  facet normal 0.74902314924020419 0.40333112654087433 0.52563135776469416
    outer loop
      vertex 0.039667667014561758 0.021522966728843972 0.021522966728843969
      vertex 0.035355339059327383 0.025000000000000001 0.024999999999999998
      vertex 0.035355339059327383 0.017677669529663691 0.030618621784789725
    endloop
  endfacet
  facet normal 0.74902314924020419 0.40333112654087433 0.52563135776469416
    outer loop
      vertex 0.039667667014561758 0.021522966728843972 0.021522966728843969
      vertex 0.035355339059327383 0.017677669529663691 0.030618621784789725
      vertex 0.039667667014561758 0.01521903572521802 0.026360143118283458
    endloop
  endfacet
  facet normal 0.74902314924020408 0.25354454557949485 0.61211068060374041
    outer loop
      vertex 0.039667667014561758 0.01521903572521802 0.026360143118283458
      vertex 0.035355339059327383 0.017677669529663691 0.030618621784789725
      vertex 0.035355339059327383 0.0091506350946109656 0.034150635094610964
    endloop
  endfacet
  facet normal 0.74902314924020386 0.2535445455794953 0.61211068060374052
    outer loop
      vertex 0.039667667014561758 0.01521903572521802 0.026360143118283458
      vertex 0.035355339059327383 0.0091506350946109656 0.034150635094610964
      vertex 0.039667667014561758 0.0078779525875641524 0.029400919316408126
    endloop
  endfacet
  facet normal 0.74902314924020386 0.086479322839046219 0.65687567212036968
    outer loop
      vertex 0.039667667014561758 0.0078779525875641524 0.029400919316408126
      vertex 0.035355339059327383 0.0091506350946109656 0.034150635094610964
      vertex 0.035355339059327383 2.1648901405887331e-18 0.035355339059327376
    endloop
  endfacet
  facet normal 0.74902314924020408 0.086479322839045775 0.65687567212036924
    outer loop
      vertex 0.039667667014561758 0.0078779525875641524 0.029400919316408126
      vertex 0.035355339059327383 2.1648901405887331e-18 0.035355339059327376
      vertex 0.039667667014561758 1.8637943386997461e-18 0.030438071450436033
    endloop
  endfacet
  facet normal 0.74902314924020419 -0.086479322839046122 0.65687567212036924
    outer loop
      vertex 0.039667667014561758 1.8637943386997461e-18 0.030438071450436033
      vertex 0.035355339059327383 2.1648901405887331e-18 0.035355339059327376
      vertex 0.035355339059327383 -0.0091506350946109621 0.034150635094610964
    endloop
  endfacet
  facet normal 0.74902314924020397 -0.08647932283904583 0.65687567212036968
    outer loop
      vertex 0.039667667014561758 1.8637943386997461e-18 0.030438071450436033
      vertex 0.035355339059327383 -0.0091506350946109621 0.034150635094610964
      vertex 0.039667667014561758 -0.0078779525875641489 0.029400919316408126
    endloop
  endfacet
  facet normal 0.74902314924020386 -0.25354454557949491 0.61211068060374074
    outer loop
      vertex 0.039667667014561758 -0.0078779525875641489 0.029400919316408126
      vertex 0.035355339059327383 -0.0091506350946109621 0.034150635094610964
      vertex 0.035355339059327383 -0.017677669529663681 0.030618621784789728
    endloop
  endfacet
  facet normal 0.74902314924020408 -0.25354454557949513 0.6121106806037403
    outer loop
      vertex 0.039667667014561758 -0.0078779525875641489 0.029400919316408126
      vertex 0.035355339059327383 -0.017677669529663681 0.030618621784789728
      vertex 0.039667667014561758 -0.015219035725218009 0.026360143118283462
    endloop
  endfacet
  facet normal 0.74902314924020419 -0.40333112654087411 0.52563135776469438
    outer loop
      vertex 0.039667667014561758 -0.015219035725218009 0.026360143118283462
      vertex 0.035355339059327383 -0.017677669529663681 0.030618621784789728
      vertex 0.035355339059327383 -0.024999999999999998 0.025000000000000001
    endloop
  endfacet
  facet normal 0.74902314924020419 -0.40333112654087411 0.5256313577646945
    outer loop
      vertex 0.039667667014561758 -0.015219035725218009 0.026360143118283462
      vertex 0.035355339059327383 -0.024999999999999998 0.025000000000000001
      vertex 0.039667667014561758 -0.021522966728843969 0.021522966728843972
    endloop
  endfacet
  facet normal 0.74902314924020419 -0.52563135776469427 0.40333112654087416
    outer loop
      vertex 0.039667667014561758 -0.021522966728843969 0.021522966728843972
      vertex 0.035355339059327383 -0.024999999999999998 0.025000000000000001
      vertex 0.035355339059327383 -0.030618621784789728 0.017677669529663684
    endloop
  endfacet
  facet normal 0.74902314924020408 -0.52563135776469438 0.40333112654087444
    outer loop
      vertex 0.039667667014561758 -0.021522966728843969 0.021522966728843972
      vertex 0.035355339059327383 -0.030618621784789728 0.017677669529663684
      vertex 0.039667667014561758 -0.026360143118283462 0.015219035725218015
    endloop
  endfacet
  facet normal 0.74902314924020419 -0.61211068060374041 0.25354454557949513
    outer loop
      vertex 0.039667667014561758 -0.026360143118283462 0.015219035725218015
      vertex 0.035355339059327383 -0.030618621784789728 0.017677669529663684
      vertex 0.035355339059327383 -0.034150635094610964 0.0091506350946109743
    endloop
  endfacet
  facet normal 0.74902314924020408 -0.6121106806037403 0.25354454557949507
    outer loop
      vertex 0.039667667014561758 -0.026360143118283462 0.015219035725218015
      vertex 0.035355339059327383 -0.034150635094610964 0.0091506350946109743
      vertex 0.039667667014561758 -0.029400919316408123 0.0078779525875641611
    endloop
  endfacet
  facet normal 0.74902314924020408 -0.65687567212036935 0.086479322839046066
    outer loop
      vertex 0.039667667014561758 -0.029400919316408123 0.0078779525875641611
      vertex 0.035355339059327383 -0.034150635094610964 0.0091506350946109743
      vertex 0.035355339059327383 -0.035355339059327376 4.3297802811774661e-18
    endloop
  endfacet
  facet normal 0.74902314924020419 -0.65687567212036924 0.086479322839045997
    outer loop
      vertex 0.039667667014561758 -0.029400919316408123 0.0078779525875641611
      vertex 0.035355339059327383 -0.035355339059327376 4.3297802811774661e-18
      vertex 0.039667667014561758 -0.030438071450436033 3.7275886773994921e-18
    endloop
  endfacet
  facet normal 0.74902314924020419 -0.65687567212036924 -0.086479322839046052
    outer loop
      vertex 0.039667667014561758 -0.030438071450436033 3.7275886773994921e-18
      vertex 0.035355339059327383 -0.035355339059327376 4.3297802811774661e-18
      vertex 0.035355339059327383 -0.034150635094610964 -0.0091506350946109673
    endloop
  endfacet
  facet normal 0.74902314924020386 -0.65687567212036968 -0.086479322839045761
    outer loop
      vertex 0.039667667014561758 -0.030438071450436033 3.7275886773994921e-18
      vertex 0.035355339059327383 -0.034150635094610964 -0.0091506350946109673
      vertex 0.039667667014561758 -0.029400919316408126 -0.0078779525875641541
    endloop
  endfacet
  facet normal 0.74902314924020397 -0.61211068060374074 -0.25354454557949496
    outer loop
      vertex 0.039667667014561758 -0.029400919316408126 -0.0078779525875641541
      vertex 0.035355339059327383 -0.034150635094610964 -0.0091506350946109673
      vertex 0.035355339059327383 -0.030618621784789732 -0.017677669529663678
    endloop
  endfacet
  facet normal 0.74902314924020408 -0.6121106806037403 -0.25354454557949507
    outer loop
      vertex 0.039667667014561758 -0.029400919316408126 -0.0078779525875641541
      vertex 0.035355339059327383 -0.030618621784789732 -0.017677669529663678
      vertex 0.039667667014561758 -0.026360143118283465 -0.015219035725218008
    endloop
  endfacet
  facet normal 0.74902314924020408 -0.52563135776469461 -0.40333112654087416
    outer loop
      vertex 0.039667667014561758 -0.026360143118283465 -0.015219035725218008
      vertex 0.035355339059327383 -0.030618621784789732 -0.017677669529663678
      vertex 0.035355339059327383 -0.025000000000000012 -0.024999999999999984
    endloop
  endfacet
  facet normal 0.74902314924020408 -0.52563135776469461 -0.40333112654087416
    outer loop
      vertex 0.039667667014561758 -0.026360143118283465 -0.015219035725218008
      vertex 0.035355339059327383 -0.025000000000000012 -0.024999999999999984
      vertex 0.039667667014561758 -0.021522966728843983 -0.021522966728843958
    endloop
  endfacet
  facet normal 0.74902314924020408 -0.40333112654087483 -0.52563135776469394
    outer loop
      vertex 0.039667667014561758 -0.021522966728843983 -0.021522966728843958
      vertex 0.035355339059327383 -0.025000000000000012 -0.024999999999999984
      vertex 0.035355339059327383 -0.017677669529663705 -0.030618621784789718
    endloop
  endfacet
  facet normal 0.7490231492402043 -0.4033311265408745 -0.52563135776469405
    outer loop
      vertex 0.039667667014561758 -0.021522966728843983 -0.021522966728843958
      vertex 0.035355339059327383 -0.017677669529663705 -0.030618621784789718
      vertex 0.039667667014561758 -0.01521903572521803 -0.026360143118283452
    endloop
  endfacet
  facet normal 0.7490231492402043 -0.2535445455794948 -0.61211068060374041
    outer loop
      vertex 0.039667667014561758 -0.01521903572521803 -0.026360143118283452
      vertex 0.035355339059327383 -0.017677669529663705 -0.030618621784789718
      vertex 0.035355339059327383 -0.0091506350946109621 -0.034150635094610964
    endloop
  endfacet
  facet normal 0.74902314924020386 -0.25354454557949535 -0.61211068060374063
    outer loop
      vertex 0.039667667014561758 -0.01521903572521803 -0.026360143118283452
      vertex 0.035355339059327383 -0.0091506350946109621 -0.034150635094610964
      vertex 0.039667667014561758 -0.0078779525875641489 -0.029400919316408126
    endloop
  endfacet
  facet normal 0.74902314924020386 -0.086479322839046302 -0.65687567212036957
    outer loop
      vertex 0.039667667014561758 -0.0078779525875641489 -0.029400919316408126
      vertex 0.035355339059327383 -0.0091506350946109621 -0.034150635094610964
      vertex 0.035355339059327383 -6.4946704217661992e-18 -0.035355339059327376
    endloop
  endfacet
  facet normal 0.7490231492402043 -0.086479322839045858 -0.65687567212036935
    outer loop
      vertex 0.039667667014561758 -0.0078779525875641489 -0.029400919316408126
      vertex 0.035355339059327383 -6.4946704217661992e-18 -0.035355339059327376
      vertex 0.039667667014561758 -5.5913830160992382e-18 -0.030438071450436033
    endloop
  endfacet
  facet normal 0.74902314924020419 0.086479322839045761 -0.65687567212036946
    outer loop
      vertex 0.039667667014561758 -5.5913830160992382e-18 -0.030438071450436033
      vertex 0.035355339059327383 -6.4946704217661992e-18 -0.035355339059327376
      vertex 0.035355339059327383 0.00915063509461095 -0.03415063509461097
    endloop
  endfacet
  facet normal 0.74902314924020408 0.086479322839045594 -0.65687567212036935
    outer loop
      vertex 0.039667667014561758 -5.5913830160992382e-18 -0.030438071450436033
      vertex 0.035355339059327383 0.00915063509461095 -0.03415063509461097
      vertex 0.039667667014561758 0.0078779525875641385 -0.02940091931640813
    endloop
  endfacet
  facet normal 0.74902314924020408 0.25354454557949496 -0.61211068060374041
    outer loop
      vertex 0.039667667014561758 0.0078779525875641385 -0.02940091931640813
      vertex 0.035355339059327383 0.00915063509461095 -0.03415063509461097
      vertex 0.035355339059327383 0.017677669529663691 -0.030618621784789725
    endloop
  endfacet
  facet normal 0.74902314924020408 0.25354454557949502 -0.61211068060374041
    outer loop
      vertex 0.039667667014561758 0.0078779525875641385 -0.02940091931640813
      vertex 0.035355339059327383 0.017677669529663691 -0.030618621784789725
      vertex 0.039667667014561758 0.01521903572521802 -0.026360143118283458
    endloop
  endfacet
  facet normal 0.7490231492402043 0.40333112654087427 -0.52563135776469438
    outer loop
      vertex 0.039667667014561758 0.01521903572521802 -0.026360143118283458
      vertex 0.035355339059327383 0.017677669529663691 -0.030618621784789725
      vertex 0.035355339059327383 0.024999999999999994 -0.025000000000000005
    endloop
  endfacet
  facet normal 0.7490231492402043 0.40333112654087427 -0.52563135776469427
    outer loop
      vertex 0.039667667014561758 0.01521903572521802 -0.026360143118283458
      vertex 0.035355339059327383 0.024999999999999994 -0.025000000000000005
      vertex 0.039667667014561758 0.021522966728843965 -0.021522966728843976
    endloop
  endfacet
  facet normal 0.7490231492402043 0.52563135776469416 -0.40333112654087455
    outer loop
      vertex 0.039667667014561758 0.021522966728843965 -0.021522966728843976
      vertex 0.035355339059327383 0.024999999999999994 -0.025000000000000005
      vertex 0.035355339059327383 0.030618621784789718 -0.017677669529663705
    endloop
  endfacet
  facet normal 0.7490231492402043 0.52563135776469405 -0.40333112654087444
    outer loop
      vertex 0.039667667014561758 0.021522966728843965 -0.021522966728843976
      vertex 0.035355339059327383 0.030618621784789718 -0.017677669529663705
      vertex 0.039667667014561758 0.026360143118283452 -0.01521903572521803
    endloop
  endfacet
  facet normal 0.7490231492402043 0.61211068060374019 -0.25354454557949524
    outer loop
      vertex 0.039667667014561758 0.026360143118283452 -0.01521903572521803
      vertex 0.035355339059327383 0.030618621784789718 -0.017677669529663705
      vertex 0.035355339059327383 0.034150635094610957 -0.0091506350946109951
    endloop
  endfacet
  facet normal 0.74902314924020397 0.6121106806037403 -0.25354454557949568
    outer loop
      vertex 0.039667667014561758 0.026360143118283452 -0.01521903572521803
      vertex 0.035355339059327383 0.034150635094610957 -0.0091506350946109951
      vertex 0.039667667014561758 0.02940091931640812 -0.0078779525875641784
    endloop
  endfacet
  facet normal 0.74902314924020397 0.65687567212036946 -0.086479322839046358
    outer loop
      vertex 0.039667667014561758 0.02940091931640812 -0.0078779525875641784
      vertex 0.035355339059327383 0.034150635094610957 -0.0091506350946109951
      vertex 0.035355339059327383 0.035355339059327376 0
    endloop
  endfacet
  facet normal 0.74902314924020408 0.65687567212036913 -0.086479322839046052
    outer loop
      vertex 0.039667667014561758 0.02940091931640812 -0.0078779525875641784
      vertex 0.035355339059327383 0.035355339059327376 0
      vertex 0.039667667014561758 0.030438071450436033 0
    endloop
  endfacet
  facet normal 0.65613943403785135 0.74818363060591198 0.098500243623274031
    outer loop
      vertex 0.035355339059327383 0.035355339059327376 0
      vertex 0.030438071450436033 0.039667667014561758 0
      vertex 0.030438071450436033 0.038316024038000183 0.010266747698153634
    endloop
  endfacet
  facet normal 0.65613943403785147 0.74818363060591198 0.0985002436232741
    outer loop
      vertex 0.035355339059327383 0.035355339059327376 0
      vertex 0.030438071450436033 0.038316024038000183 0.010266747698153634
      vertex 0.035355339059327383 0.034150635094610964 0.0091506350946109656
    endloop
  endfacet
  facet normal 0.65613943403785147 0.69719615261202916 0.28878810204624467
    outer loop
      vertex 0.035355339059327383 0.034150635094610964 0.0091506350946109656
      vertex 0.030438071450436033 0.038316024038000183 0.010266747698153634
      vertex 0.030438071450436033 0.034353207343472504 0.019833833507280876
    endloop
  endfacet
  facet normal 0.65613943403785102 0.6971961526120295 0.2887881020462445
    outer loop
      vertex 0.035355339059327383 0.034150635094610964 0.0091506350946109656
      vertex 0.030438071450436033 0.034353207343472504 0.019833833507280876
      vertex 0.035355339059327383 0.030618621784789728 0.017677669529663684
    endloop
  endfacet
  facet normal 0.65613943403785113 0.59869590898875558 0.45939552855966725
    outer loop
      vertex 0.035355339059327383 0.030618621784789728 0.017677669529663684
      vertex 0.030438071450436033 0.034353207343472504 0.019833833507280876
      vertex 0.030438071450436033 0.028049276339846552 0.028049276339846548
    endloop
  endfacet
  facet normal 0.65613943403785135 0.59869590898875535 0.45939552855966737
    outer loop
      vertex 0.035355339059327383 0.030618621784789728 0.017677669529663684
      vertex 0.030438071450436033 0.028049276339846552 0.028049276339846548
      vertex 0.035355339059327383 0.025000000000000001 0.024999999999999998
    endloop
  endfacet
  facet normal 0.65613943403785124 0.45939552855966737 0.59869590898875513
    outer loop
      vertex 0.035355339059327383 0.025000000000000001 0.024999999999999998
      vertex 0.030438071450436033 0.028049276339846552 0.028049276339846548
      vertex 0.030438071450436033 0.019833833507280883 0.034353207343472504
    endloop
  endfacet
  facet normal 0.65613943403785135 0.45939552855966753 0.59869590898875524
    outer loop
      vertex 0.035355339059327383 0.025000000000000001 0.024999999999999998
      vertex 0.030438071450436033 0.019833833507280883 0.034353207343472504
      vertex 0.035355339059327383 0.017677669529663691 0.030618621784789725
    endloop
  endfacet
  facet normal 0.65613943403785147 0.28878810204624444 0.69719615261202927
    outer loop
      vertex 0.035355339059327383 0.017677669529663691 0.030618621784789725
      vertex 0.030438071450436033 0.019833833507280883 0.034353207343472504
      vertex 0.030438071450436033 0.010266747698153634 0.038316024038000183
    endloop
  endfacet
  facet normal 0.65613943403785147 0.28878810204624444 0.69719615261202927
    outer loop
      vertex 0.035355339059327383 0.017677669529663691 0.030618621784789725
      vertex 0.030438071450436033 0.010266747698153634 0.038316024038000183
      vertex 0.035355339059327383 0.0091506350946109656 0.034150635094610964
    endloop
  endfacet
  facet normal 0.65613943403785135 0.098500243623274003 0.74818363060591186
    outer loop
      vertex 0.035355339059327383 0.0091506350946109656 0.034150635094610964
      vertex 0.030438071450436033 0.010266747698153634 0.038316024038000183
      vertex 0.030438071450436033 2.4289440719513051e-18 0.039667667014561758
    endloop
  endfacet
  facet normal 0.65613943403785135 0.098500243623274114 0.74818363060591198
    outer loop
      vertex 0.035355339059327383 0.0091506350946109656 0.034150635094610964
      vertex 0.030438071450436033 2.4289440719513051e-18 0.039667667014561758
      vertex 0.035355339059327383 2.1648901405887331e-18 0.035355339059327376
    endloop
  endfacet
  facet normal 0.65613943403785124 -0.098500243623274045 0.74818363060591198
    outer loop
      vertex 0.035355339059327383 2.1648901405887331e-18 0.035355339059327376
      vertex 0.030438071450436033 2.4289440719513051e-18 0.039667667014561758
      vertex 0.030438071450436033 -0.01026674769815363 0.038316024038000183
    endloop
  endfacet
  facet normal 0.65613943403785135 -0.0985002436232741 0.74818363060591198
    outer loop
      vertex 0.035355339059327383 2.1648901405887331e-18 0.035355339059327376
      vertex 0.030438071450436033 -0.01026674769815363 0.038316024038000183
      vertex 0.035355339059327383 -0.0091506350946109621 0.034150635094610964
    endloop
  endfacet
  facet normal 0.65613943403785147 -0.28878810204624472 0.69719615261202905
    outer loop
      vertex 0.035355339059327383 -0.0091506350946109621 0.034150635094610964
      vertex 0.030438071450436033 -0.01026674769815363 0.038316024038000183
      vertex 0.030438071450436033 -0.019833833507280869 0.034353207343472504
    endloop
  endfacet
  facet normal 0.65613943403785091 -0.2887881020462445 0.69719615261202961
    outer loop
      vertex 0.035355339059327383 -0.0091506350946109621 0.034150635094610964
      vertex 0.030438071450436033 -0.019833833507280869 0.034353207343472504
      vertex 0.035355339059327383 -0.017677669529663681 0.030618621784789728
    endloop
  endfacet
  facet normal 0.65613943403785102 -0.45939552855966709 0.59869590898875569
    outer loop
      vertex 0.035355339059327383 -0.017677669529663681 0.030618621784789728
      vertex 0.030438071450436033 -0.019833833507280869 0.034353207343472504
      vertex 0.030438071450436033 -0.028049276339846548 0.028049276339846552
    endloop
  endfacet
  facet normal 0.65613943403785135 -0.4593955285596672 0.59869590898875535
    outer loop
      vertex 0.035355339059327383 -0.017677669529663681 0.030618621784789728
      vertex 0.030438071450436033 -0.028049276339846548 0.028049276339846552
      vertex 0.035355339059327383 -0.024999999999999998 0.025000000000000001
    endloop
  endfacet
  facet normal 0.65613943403785135 -0.59869590898875547 0.45939552855966731
    outer loop
      vertex 0.035355339059327383 -0.024999999999999998 0.025000000000000001
      vertex 0.030438071450436033 -0.028049276339846548 0.028049276339846552
      vertex 0.030438071450436033 -0.034353207343472504 0.019833833507280876
    endloop
  endfacet
  facet normal 0.65613943403785113 -0.59869590898875535 0.45939552855966748
    outer loop
      vertex 0.035355339059327383 -0.024999999999999998 0.025000000000000001
      vertex 0.030438071450436033 -0.034353207343472504 0.019833833507280876
      vertex 0.035355339059327383 -0.030618621784789728 0.017677669529663684
    endloop
  endfacet
  facet normal 0.65613943403785124 -0.69719615261202927 0.28878810204624505
    outer loop
      vertex 0.035355339059327383 -0.030618621784789728 0.017677669529663684
      vertex 0.030438071450436033 -0.034353207343472504 0.019833833507280876
      vertex 0.030438071450436033 -0.038316024038000183 0.010266747698153646
    endloop
  endfacet
  facet normal 0.65613943403785147 -0.69719615261202916 0.28878810204624461
    outer loop
      vertex 0.035355339059327383 -0.030618621784789728 0.017677669529663684
      vertex 0.030438071450436033 -0.038316024038000183 0.010266747698153646
      vertex 0.035355339059327383 -0.034150635094610964 0.0091506350946109743
    endloop
  endfacet
  facet normal 0.65613943403785147 -0.74818363060591186 0.09850024362327392
    outer loop
      vertex 0.035355339059327383 -0.034150635094610964 0.0091506350946109743
      vertex 0.030438071450436033 -0.038316024038000183 0.010266747698153646
      vertex 0.030438071450436033 -0.039667667014561758 4.8578881439026103e-18
    endloop
  endfacet
  facet normal 0.65613943403785135 -0.74818363060591209 0.098500243623274045
    outer loop
      vertex 0.035355339059327383 -0.034150635094610964 0.0091506350946109743
      vertex 0.030438071450436033 -0.039667667014561758 4.8578881439026103e-18
      vertex 0.035355339059327383 -0.035355339059327376 4.3297802811774661e-18
    endloop
  endfacet
  facet normal 0.65613943403785135 -0.74818363060591209 -0.098500243623273989
    outer loop
      vertex 0.035355339059327383 -0.035355339059327376 4.3297802811774661e-18
      vertex 0.030438071450436033 -0.039667667014561758 4.8578881439026103e-18
      vertex 0.030438071450436033 -0.038316024038000183 -0.010266747698153635
    endloop
  endfacet
  facet normal 0.65613943403785147 -0.74818363060591186 -0.098500243623274031
    outer loop
      vertex 0.035355339059327383 -0.035355339059327376 4.3297802811774661e-18
      vertex 0.030438071450436033 -0.038316024038000183 -0.010266747698153635
      vertex 0.035355339059327383 -0.034150635094610964 -0.0091506350946109673
    endloop
  endfacet
  facet normal 0.65613943403785135 -0.69719615261202905 -0.28878810204624439
    outer loop
      vertex 0.035355339059327383 -0.034150635094610964 -0.0091506350946109673
      vertex 0.030438071450436033 -0.038316024038000183 -0.010266747698153635
      vertex 0.030438071450436033 -0.034353207343472511 -0.019833833507280869
    endloop
  endfacet
  facet normal 0.65613943403785135 -0.69719615261202927 -0.28878810204624439
    outer loop
      vertex 0.035355339059327383 -0.034150635094610964 -0.0091506350946109673
      vertex 0.030438071450436033 -0.034353207343472511 -0.019833833507280869
      vertex 0.035355339059327383 -0.030618621784789732 -0.017677669529663678
    endloop
  endfacet
  facet normal 0.65613943403785147 -0.59869590898875547 -0.45939552855966714
    outer loop
      vertex 0.035355339059327383 -0.030618621784789732 -0.017677669529663678
      vertex 0.030438071450436033 -0.034353207343472511 -0.019833833507280869
      vertex 0.030438071450436033 -0.028049276339846566 -0.028049276339846534
    endloop
  endfacet
  facet normal 0.65613943403785158 -0.59869590898875524 -0.45939552855966714
    outer loop
      vertex 0.035355339059327383 -0.030618621784789732 -0.017677669529663678
      vertex 0.030438071450436033 -0.028049276339846566 -0.028049276339846534
      vertex 0.035355339059327383 -0.025000000000000012 -0.024999999999999984
    endloop
  endfacet
  facet normal 0.65613943403785158 -0.4593955285596677 -0.59869590898875491
    outer loop
      vertex 0.035355339059327383 -0.025000000000000012 -0.024999999999999984
      vertex 0.030438071450436033 -0.028049276339846566 -0.028049276339846534
      vertex 0.030438071450436033 -0.019833833507280896 -0.034353207343472497
    endloop
  endfacet
  facet normal 0.65613943403785147 -0.45939552855966798 -0.59869590898875491
    outer loop
      vertex 0.035355339059327383 -0.025000000000000012 -0.024999999999999984
      vertex 0.030438071450436033 -0.019833833507280896 -0.034353207343472497
      vertex 0.035355339059327383 -0.017677669529663705 -0.030618621784789718
    endloop
  endfacet
  facet normal 0.65613943403785147 -0.28878810204624444 -0.69719615261202927
    outer loop
      vertex 0.035355339059327383 -0.017677669529663705 -0.030618621784789718
      vertex 0.030438071450436033 -0.019833833507280896 -0.034353207343472497
      vertex 0.030438071450436033 -0.01026674769815363 -0.038316024038000183
    endloop
  endfacet
  facet normal 0.65613943403785147 -0.28878810204624433 -0.69719615261202916
    outer loop
      vertex 0.035355339059327383 -0.017677669529663705 -0.030618621784789718
      vertex 0.030438071450436033 -0.01026674769815363 -0.038316024038000183
      vertex 0.035355339059327383 -0.0091506350946109621 -0.034150635094610964
    endloop
  endfacet
  facet normal 0.65613943403785135 -0.098500243623274086 -0.74818363060591186
    outer loop
      vertex 0.035355339059327383 -0.0091506350946109621 -0.034150635094610964
      vertex 0.030438071450436033 -0.01026674769815363 -0.038316024038000183
      vertex 0.030438071450436033 -7.2868322158539143e-18 -0.039667667014561758
    endloop
  endfacet
  facet normal 0.65613943403785135 -0.098500243623274197 -0.74818363060591198
    outer loop
      vertex 0.035355339059327383 -0.0091506350946109621 -0.034150635094610964
      vertex 0.030438071450436033 -7.2868322158539143e-18 -0.039667667014561758
      vertex 0.035355339059327383 -6.4946704217661992e-18 -0.035355339059327376
    endloop
  endfacet
  facet normal 0.65613943403785135 0.098500243623273628 -0.74818363060591198
    outer loop
      vertex 0.035355339059327383 -6.4946704217661992e-18 -0.035355339059327376
      vertex 0.030438071450436033 -7.2868322158539143e-18 -0.039667667014561758
      vertex 0.030438071450436033 0.010266747698153616 -0.03831602403800019
    endloop
  endfacet
  facet normal 0.65613943403785135 0.098500243623273614 -0.74818363060591209
    outer loop
      vertex 0.035355339059327383 -6.4946704217661992e-18 -0.035355339059327376
      vertex 0.030438071450436033 0.010266747698153616 -0.03831602403800019
      vertex 0.035355339059327383 0.00915063509461095 -0.03415063509461097
    endloop
  endfacet
  facet normal 0.65613943403785135 0.28878810204624444 -0.69719615261202939
    outer loop
      vertex 0.035355339059327383 0.00915063509461095 -0.03415063509461097
      vertex 0.030438071450436033 0.010266747698153616 -0.03831602403800019
      vertex 0.030438071450436033 0.019833833507280883 -0.034353207343472504
    endloop
  endfacet
  facet normal 0.65613943403785135 0.28878810204624444 -0.69719615261202916
    outer loop
      vertex 0.035355339059327383 0.00915063509461095 -0.03415063509461097
      vertex 0.030438071450436033 0.019833833507280883 -0.034353207343472504
      vertex 0.035355339059327383 0.017677669529663691 -0.030618621784789725
    endloop
  endfacet
  facet normal 0.65613943403785147 0.45939552855966742 -0.59869590898875524
    outer loop
      vertex 0.035355339059327383 0.017677669529663691 -0.030618621784789725
      vertex 0.030438071450436033 0.019833833507280883 -0.034353207343472504
      vertex 0.030438071450436033 0.028049276339846545 -0.028049276339846555
    endloop
  endfacet
  facet normal 0.65613943403785135 0.45939552855966742 -0.59869590898875524
    outer loop
      vertex 0.035355339059327383 0.017677669529663691 -0.030618621784789725
      vertex 0.030438071450436033 0.028049276339846545 -0.028049276339846555
      vertex 0.035355339059327383 0.024999999999999994 -0.025000000000000005
    endloop
  endfacet
  facet normal 0.65613943403785124 0.59869590898875491 -0.45939552855966764
    outer loop
      vertex 0.035355339059327383 0.024999999999999994 -0.025000000000000005
      vertex 0.030438071450436033 0.028049276339846545 -0.028049276339846555
      vertex 0.030438071450436033 0.034353207343472497 -0.019833833507280896
    endloop
  endfacet
  facet normal 0.65613943403785135 0.59869590898875502 -0.4593955285596677
    outer loop
      vertex 0.035355339059327383 0.024999999999999994 -0.025000000000000005
      vertex 0.030438071450436033 0.034353207343472497 -0.019833833507280896
      vertex 0.035355339059327383 0.030618621784789718 -0.017677669529663705
    endloop
  endfacet
  facet normal 0.65613943403785147 0.69719615261202905 -0.28878810204624489
    outer loop
      vertex 0.035355339059327383 0.030618621784789718 -0.017677669529663705
      vertex 0.030438071450436033 0.034353207343472497 -0.019833833507280896
      vertex 0.030438071450436033 0.038316024038000177 -0.010266747698153667
    endloop
  endfacet
  facet normal 0.65613943403785147 0.69719615261202894 -0.28878810204624483
    outer loop
      vertex 0.035355339059327383 0.030618621784789718 -0.017677669529663705
      vertex 0.030438071450436033 0.038316024038000177 -0.010266747698153667
      vertex 0.035355339059327383 0.034150635094610957 -0.0091506350946109951
    endloop
  endfacet
  facet normal 0.65613943403785147 0.74818363060591186 -0.09850024362327417
    outer loop
      vertex 0.035355339059327383 0.034150635094610957 -0.0091506350946109951
      vertex 0.030438071450436033 0.038316024038000177 -0.010266747698153667
      vertex 0.030438071450436033 0.039667667014561758 0
    endloop
  endfacet
  facet normal 0.65613943403785124 0.74818363060591209 -0.09850024362327435
    outer loop
      vertex 0.035355339059327383 0.034150635094610957 -0.0091506350946109951
      vertex 0.030438071450436033 0.039667667014561758 0
      vertex 0.035355339059327383 0.035355339059327376 0
    endloop
  endfacet
  facet normal 0.55227126403397164 0.82653235630779454 0.10881504904471662
    outer loop
      vertex 0.030438071450436033 0.039667667014561758 0
      vertex 0.025000000000000008 0.043301270189221933 0
      vertex 0.025000000000000008 0.041825815186890394 0.011207193402100668
    endloop
  endfacet
  facet normal 0.55227126403397175 0.82653235630779465 0.10881504904471667
    outer loop
      vertex 0.030438071450436033 0.039667667014561758 0
      vertex 0.025000000000000008 0.041825815186890394 0.011207193402100668
      vertex 0.030438071450436033 0.038316024038000183 0.010266747698153634
    endloop
  endfacet
  facet normal 0.55227126403397175 0.7702055421347197 0.31902958136712278
    outer loop
      vertex 0.030438071450436033 0.038316024038000183 0.010266747698153634
      vertex 0.025000000000000008 0.041825815186890394 0.011207193402100668
      vertex 0.025000000000000008 0.037500000000000006 0.021650635094610963
    endloop
  endfacet
  facet normal 0.5522712640339722 0.77020554213471926 0.31902958136712301
    outer loop
      vertex 0.030438071450436033 0.038316024038000183 0.010266747698153634
      vertex 0.025000000000000008 0.037500000000000006 0.021650635094610963
      vertex 0.030438071450436033 0.034353207343472504 0.019833833507280876
    endloop
  endfacet
  facet normal 0.55227126403397209 0.66139049309000275 0.50750277494067131
    outer loop
      vertex 0.030438071450436033 0.034353207343472504 0.019833833507280876
      vertex 0.025000000000000008 0.037500000000000006 0.021650635094610963
      vertex 0.025000000000000008 0.030618621784789728 0.030618621784789725
    endloop
  endfacet
  facet normal 0.55227126403397175 0.66139049309000331 0.50750277494067142
    outer loop
      vertex 0.030438071450436033 0.034353207343472504 0.019833833507280876
      vertex 0.025000000000000008 0.030618621784789728 0.030618621784789725
      vertex 0.030438071450436033 0.028049276339846552 0.028049276339846548
    endloop
  endfacet
  facet normal 0.55227126403397175 0.50750277494067142 0.66139049309000297
    outer loop
      vertex 0.030438071450436033 0.028049276339846552 0.028049276339846548
      vertex 0.025000000000000008 0.030618621784789728 0.030618621784789725
      vertex 0.025000000000000008 0.02165063509461097 0.037499999999999999
    endloop
  endfacet
  facet normal 0.55227126403397153 0.50750277494067153 0.66139049309000297
    outer loop
      vertex 0.030438071450436033 0.028049276339846552 0.028049276339846548
      vertex 0.025000000000000008 0.02165063509461097 0.037499999999999999
      vertex 0.030438071450436033 0.019833833507280883 0.034353207343472504
    endloop
  endfacet
  facet normal 0.55227126403397153 0.31902958136712306 0.7702055421347197
    outer loop
      vertex 0.030438071450436033 0.019833833507280883 0.034353207343472504
      vertex 0.025000000000000008 0.02165063509461097 0.037499999999999999
      vertex 0.025000000000000008 0.011207193402100668 0.041825815186890394
    endloop
  endfacet
  facet normal 0.55227126403397164 0.31902958136712295 0.7702055421347197
    outer loop
      vertex 0.030438071450436033 0.019833833507280883 0.034353207343472504
      vertex 0.025000000000000008 0.011207193402100668 0.041825815186890394
      vertex 0.030438071450436033 0.010266747698153634 0.038316024038000183
    endloop
  endfacet
  facet normal 0.55227126403397164 0.10881504904471666 0.82653235630779454
    outer loop
      vertex 0.030438071450436033 0.010266747698153634 0.038316024038000183
      vertex 0.025000000000000008 0.011207193402100668 0.041825815186890394
      vertex 0.025000000000000008 2.6514380968122674e-18 0.043301270189221933
    endloop
  endfacet
  facet normal 0.55227126403397164 0.10881504904471667 0.82653235630779454
    outer loop
      vertex 0.030438071450436033 0.010266747698153634 0.038316024038000183
      vertex 0.025000000000000008 2.6514380968122674e-18 0.043301270189221933
      vertex 0.030438071450436033 2.4289440719513051e-18 0.039667667014561758
    endloop
  endfacet
  facet normal 0.55227126403397164 -0.10881504904471666 0.82653235630779454
    outer loop
      vertex 0.030438071450436033 2.4289440719513051e-18 0.039667667014561758
      vertex 0.025000000000000008 2.6514380968122674e-18 0.043301270189221933
      vertex 0.025000000000000008 -0.011207193402100663 0.041825815186890394
    endloop
  endfacet
  facet normal 0.55227126403397164 -0.10881504904471667 0.82653235630779454
    outer loop
      vertex 0.030438071450436033 2.4289440719513051e-18 0.039667667014561758
      vertex 0.025000000000000008 -0.011207193402100663 0.041825815186890394
      vertex 0.030438071450436033 -0.01026674769815363 0.038316024038000183
    endloop
  endfacet
  facet normal 0.55227126403397164 -0.31902958136712284 0.77020554213471981
    outer loop
      vertex 0.030438071450436033 -0.01026674769815363 0.038316024038000183
      vertex 0.025000000000000008 -0.011207193402100663 0.041825815186890394
      vertex 0.025000000000000008 -0.021650635094610956 0.037500000000000006
    endloop
  endfacet
  facet normal 0.5522712640339722 -0.31902958136712312 0.77020554213471926
    outer loop
      vertex 0.030438071450436033 -0.01026674769815363 0.038316024038000183
      vertex 0.025000000000000008 -0.021650635094610956 0.037500000000000006
      vertex 0.030438071450436033 -0.019833833507280869 0.034353207343472504
    endloop
  endfacet
  facet normal 0.5522712640339722 -0.50750277494067109 0.66139049309000297
    outer loop
      vertex 0.030438071450436033 -0.019833833507280869 0.034353207343472504
      vertex 0.025000000000000008 -0.021650635094610956 0.037500000000000006
      vertex 0.025000000000000008 -0.030618621784789725 0.030618621784789728
    endloop
  endfacet
  facet normal 0.55227126403397164 -0.50750277494067098 0.66139049309000331
    outer loop
      vertex 0.030438071450436033 -0.019833833507280869 0.034353207343472504
      vertex 0.025000000000000008 -0.030618621784789725 0.030618621784789728
      vertex 0.030438071450436033 -0.028049276339846548 0.028049276339846552
    endloop
  endfacet
  facet normal 0.55227126403397175 -0.66139049309000286 0.50750277494067164
    outer loop
      vertex 0.030438071450436033 -0.028049276339846548 0.028049276339846552
      vertex 0.025000000000000008 -0.030618621784789725 0.030618621784789728
      vertex 0.025000000000000008 -0.037500000000000006 0.021650635094610963
    endloop
  endfacet
  facet normal 0.5522712640339722 -0.66139049309000286 0.50750277494067109
    outer loop
      vertex 0.030438071450436033 -0.028049276339846548 0.028049276339846552
      vertex 0.025000000000000008 -0.037500000000000006 0.021650635094610963
      vertex 0.030438071450436033 -0.034353207343472504 0.019833833507280876
    endloop
  endfacet
  facet normal 0.5522712640339722 -0.77020554213471915 0.31902958136712301
    outer loop
      vertex 0.030438071450436033 -0.034353207343472504 0.019833833507280876
      vertex 0.025000000000000008 -0.037500000000000006 0.021650635094610963
      vertex 0.025000000000000008 -0.041825815186890394 0.01120719340210068
    endloop
  endfacet
  facet normal 0.55227126403397153 -0.77020554213471948 0.3190295813671235
    outer loop
      vertex 0.030438071450436033 -0.034353207343472504 0.019833833507280876
      vertex 0.025000000000000008 -0.041825815186890394 0.01120719340210068
      vertex 0.030438071450436033 -0.038316024038000183 0.010266747698153646
    endloop
  endfacet
  facet normal 0.55227126403397164 -0.82653235630779454 0.10881504904471656
    outer loop
      vertex 0.030438071450436033 -0.038316024038000183 0.010266747698153646
      vertex 0.025000000000000008 -0.041825815186890394 0.01120719340210068
      vertex 0.025000000000000008 -0.043301270189221933 5.3028761936245347e-18
    endloop
  endfacet
  facet normal 0.55227126403397164 -0.82653235630779465 0.1088150490447166
    outer loop
      vertex 0.030438071450436033 -0.038316024038000183 0.010266747698153646
      vertex 0.025000000000000008 -0.043301270189221933 5.3028761936245347e-18
      vertex 0.030438071450436033 -0.039667667014561758 4.8578881439026103e-18
    endloop
  endfacet
  facet normal 0.55227126403397164 -0.82653235630779465 -0.10881504904471656
    outer loop
      vertex 0.030438071450436033 -0.039667667014561758 4.8578881439026103e-18
      vertex 0.025000000000000008 -0.043301270189221933 5.3028761936245347e-18
      vertex 0.025000000000000008 -0.041825815186890394 -0.011207193402100671
    endloop
  endfacet
  facet normal 0.55227126403397175 -0.82653235630779465 -0.1088150490447166
    outer loop
      vertex 0.030438071450436033 -0.039667667014561758 4.8578881439026103e-18
      vertex 0.025000000000000008 -0.041825815186890394 -0.011207193402100671
      vertex 0.030438071450436033 -0.038316024038000183 -0.010266747698153635
    endloop
  endfacet
  facet normal 0.55227126403397164 -0.77020554213471959 -0.31902958136712306
    outer loop
      vertex 0.030438071450436033 -0.038316024038000183 -0.010266747698153635
      vertex 0.025000000000000008 -0.041825815186890394 -0.011207193402100671
      vertex 0.025000000000000008 -0.037500000000000006 -0.021650635094610956
    endloop
  endfacet
  facet normal 0.55227126403397153 -0.7702055421347197 -0.31902958136712295
    outer loop
      vertex 0.030438071450436033 -0.038316024038000183 -0.010266747698153635
      vertex 0.025000000000000008 -0.037500000000000006 -0.021650635094610956
      vertex 0.030438071450436033 -0.034353207343472511 -0.019833833507280869
    endloop
  endfacet
  facet normal 0.55227126403397153 -0.6613904930900032 -0.5075027749406712
    outer loop
      vertex 0.030438071450436033 -0.034353207343472511 -0.019833833507280869
      vertex 0.025000000000000008 -0.037500000000000006 -0.021650635094610956
      vertex 0.025000000000000008 -0.030618621784789742 -0.030618621784789708
    endloop
  endfacet
  facet normal 0.55227126403397142 -0.66139049309000331 -0.50750277494067131
    outer loop
      vertex 0.030438071450436033 -0.034353207343472511 -0.019833833507280869
      vertex 0.025000000000000008 -0.030618621784789742 -0.030618621784789708
      vertex 0.030438071450436033 -0.028049276339846566 -0.028049276339846534
    endloop
  endfacet
  facet normal 0.55227126403397153 -0.5075027749406722 -0.66139049309000264
    outer loop
      vertex 0.030438071450436033 -0.028049276339846566 -0.028049276339846534
      vertex 0.025000000000000008 -0.030618621784789742 -0.030618621784789708
      vertex 0.025000000000000008 -0.021650635094610987 -0.037499999999999992
    endloop
  endfacet
  facet normal 0.55227126403397164 -0.50750277494067186 -0.66139049309000253
    outer loop
      vertex 0.030438071450436033 -0.028049276339846566 -0.028049276339846534
      vertex 0.025000000000000008 -0.021650635094610987 -0.037499999999999992
      vertex 0.030438071450436033 -0.019833833507280896 -0.034353207343472497
    endloop
  endfacet
  facet normal 0.55227126403397164 -0.31902958136712289 -0.77020554213471959
    outer loop
      vertex 0.030438071450436033 -0.019833833507280896 -0.034353207343472497
      vertex 0.025000000000000008 -0.021650635094610987 -0.037499999999999992
      vertex 0.025000000000000008 -0.011207193402100663 -0.041825815186890394
    endloop
  endfacet
  facet normal 0.55227126403397164 -0.31902958136712301 -0.7702055421347197
    outer loop
      vertex 0.030438071450436033 -0.019833833507280896 -0.034353207343472497
      vertex 0.025000000000000008 -0.011207193402100663 -0.041825815186890394
      vertex 0.030438071450436033 -0.01026674769815363 -0.038316024038000183
    endloop
  endfacet
  facet normal 0.55227126403397164 -0.10881504904471677 -0.82653235630779442
    outer loop
      vertex 0.030438071450436033 -0.01026674769815363 -0.038316024038000183
      vertex 0.025000000000000008 -0.011207193402100663 -0.041825815186890394
      vertex 0.025000000000000008 -7.9543142904368009e-18 -0.043301270189221933
    endloop
  endfacet
  facet normal 0.55227126403397164 -0.10881504904471678 -0.82653235630779465
    outer loop
      vertex 0.030438071450436033 -0.01026674769815363 -0.038316024038000183
      vertex 0.025000000000000008 -7.9543142904368009e-18 -0.043301270189221933
      vertex 0.030438071450436033 -7.2868322158539143e-18 -0.039667667014561758
    endloop
  endfacet
  facet normal 0.55227126403397153 0.10881504904471621 -0.82653235630779454
    outer loop
      vertex 0.030438071450436033 -7.2868322158539143e-18 -0.039667667014561758
      vertex 0.025000000000000008 -7.9543142904368009e-18 -0.043301270189221933
      vertex 0.025000000000000008 0.011207193402100649 -0.041825815186890401
    endloop
  endfacet
  facet normal 0.55227126403397153 0.10881504904471623 -0.82653235630779465
    outer loop
      vertex 0.030438071450436033 -7.2868322158539143e-18 -0.039667667014561758
      vertex 0.025000000000000008 0.011207193402100649 -0.041825815186890401
      vertex 0.030438071450436033 0.010266747698153616 -0.03831602403800019
    endloop
  endfacet
  facet normal 0.55227126403397153 0.31902958136712301 -0.7702055421347197
    outer loop
      vertex 0.030438071450436033 0.010266747698153616 -0.03831602403800019
      vertex 0.025000000000000008 0.011207193402100649 -0.041825815186890401
      vertex 0.025000000000000008 0.02165063509461097 -0.037499999999999999
    endloop
  endfacet
  facet normal 0.55227126403397153 0.31902958136712301 -0.7702055421347197
    outer loop
      vertex 0.030438071450436033 0.010266747698153616 -0.03831602403800019
      vertex 0.025000000000000008 0.02165063509461097 -0.037499999999999999
      vertex 0.030438071450436033 0.019833833507280883 -0.034353207343472504
    endloop
  endfacet
  facet normal 0.55227126403397153 0.50750277494067153 -0.66139049309000308
    outer loop
      vertex 0.030438071450436033 0.019833833507280883 -0.034353207343472504
      vertex 0.025000000000000008 0.02165063509461097 -0.037499999999999999
      vertex 0.025000000000000008 0.030618621784789718 -0.030618621784789732
    endloop
  endfacet
  facet normal 0.55227126403397142 0.50750277494067153 -0.66139049309000308
    outer loop
      vertex 0.030438071450436033 0.019833833507280883 -0.034353207343472504
      vertex 0.025000000000000008 0.030618621784789718 -0.030618621784789732
      vertex 0.030438071450436033 0.028049276339846545 -0.028049276339846555
    endloop
  endfacet
  facet normal 0.55227126403397153 0.66139049309000275 -0.50750277494067209
    outer loop
      vertex 0.030438071450436033 0.028049276339846545 -0.028049276339846555
      vertex 0.025000000000000008 0.030618621784789718 -0.030618621784789732
      vertex 0.025000000000000008 0.037499999999999992 -0.021650635094610987
    endloop
  endfacet
  facet normal 0.55227126403397175 0.66139049309000275 -0.50750277494067175
    outer loop
      vertex 0.030438071450436033 0.028049276339846545 -0.028049276339846555
      vertex 0.025000000000000008 0.037499999999999992 -0.021650635094610987
      vertex 0.030438071450436033 0.034353207343472497 -0.019833833507280896
    endloop
  endfacet
  facet normal 0.55227126403397164 0.77020554213471948 -0.31902958136712356
    outer loop
      vertex 0.030438071450436033 0.034353207343472497 -0.019833833507280896
      vertex 0.025000000000000008 0.037499999999999992 -0.021650635094610987
      vertex 0.025000000000000008 0.041825815186890387 -0.011207193402100704
    endloop
  endfacet
  facet normal 0.55227126403397175 0.77020554213471948 -0.3190295813671235
    outer loop
      vertex 0.030438071450436033 0.034353207343472497 -0.019833833507280896
      vertex 0.025000000000000008 0.041825815186890387 -0.011207193402100704
      vertex 0.030438071450436033 0.038316024038000177 -0.010266747698153667
    endloop
  endfacet
  facet normal 0.55227126403397175 0.82653235630779442 -0.10881504904471681
    outer loop
      vertex 0.030438071450436033 0.038316024038000177 -0.010266747698153667
      vertex 0.025000000000000008 0.041825815186890387 -0.011207193402100704
      vertex 0.025000000000000008 0.043301270189221933 0
    endloop
  endfacet
  facet normal 0.55227126403397164 0.82653235630779454 -0.10881504904471688
    outer loop
      vertex 0.030438071450436033 0.038316024038000177 -0.010266747698153667
      vertex 0.025000000000000008 0.043301270189221933 0
      vertex 0.030438071450436033 0.039667667014561758 0
    endloop
  endfacet
  facet normal 0.4392374014492087 0.89068533999000576 0.11726094957416307
    outer loop
      vertex 0.025000000000000008 0.043301270189221933 0
      vertex 0.019134171618254495 0.046193976625564341 0
      vertex 0.019134171618254495 0.044619955041626143 0.011955880919716727
    endloop
  endfacet
  facet normal 0.43923740144920886 0.89068533999000565 0.11726094957416321
    outer loop
      vertex 0.025000000000000008 0.043301270189221933 0
      vertex 0.019134171618254495 0.044619955041626143 0.011955880919716727
      vertex 0.025000000000000008 0.041825815186890394 0.011207193402100668
    endloop
  endfacet
  facet normal 0.43923740144920892 0.82998660599680629 0.34379170879189164
    outer loop
      vertex 0.025000000000000008 0.041825815186890394 0.011207193402100668
      vertex 0.019134171618254495 0.044619955041626143 0.011955880919716727
      vertex 0.019134171618254495 0.04000515725956328 0.023096988312782167
    endloop
  endfacet
  facet normal 0.43923740144920814 0.82998660599680674 0.34379170879189136
    outer loop
      vertex 0.025000000000000008 0.041825815186890394 0.011207193402100668
      vertex 0.019134171618254495 0.04000515725956328 0.023096988312782167
      vertex 0.025000000000000008 0.037500000000000006 0.021650635094610963
    endloop
  endfacet
  facet normal 0.43923740144920825 0.71272565642264341 0.5468936311981144
    outer loop
      vertex 0.025000000000000008 0.037500000000000006 0.021650635094610963
      vertex 0.019134171618254495 0.04000515725956328 0.023096988312782167
      vertex 0.019134171618254495 0.032664074121909414 0.032664074121909414
    endloop
  endfacet
  facet normal 0.43923740144920848 0.71272565642264329 0.5468936311981144
    outer loop
      vertex 0.025000000000000008 0.037500000000000006 0.021650635094610963
      vertex 0.019134171618254495 0.032664074121909414 0.032664074121909414
      vertex 0.025000000000000008 0.030618621784789728 0.030618621784789725
    endloop
  endfacet
  facet normal 0.43923740144920842 0.5468936311981144 0.71272565642264307
    outer loop
      vertex 0.025000000000000008 0.030618621784789728 0.030618621784789725
      vertex 0.019134171618254495 0.032664074121909414 0.032664074121909414
      vertex 0.019134171618254495 0.023096988312782174 0.04000515725956328
    endloop
  endfacet
  facet normal 0.43923740144920892 0.54689363119811418 0.71272565642264307
    outer loop
      vertex 0.025000000000000008 0.030618621784789728 0.030618621784789725
      vertex 0.019134171618254495 0.023096988312782174 0.04000515725956328
      vertex 0.025000000000000008 0.02165063509461097 0.037499999999999999
    endloop
  endfacet
  facet normal 0.43923740144920898 0.34379170879189141 0.82998660599680618
    outer loop
      vertex 0.025000000000000008 0.02165063509461097 0.037499999999999999
      vertex 0.019134171618254495 0.023096988312782174 0.04000515725956328
      vertex 0.019134171618254495 0.011955880919716727 0.044619955041626143
    endloop
  endfacet
  facet normal 0.43923740144920886 0.34379170879189153 0.8299866059968064
    outer loop
      vertex 0.025000000000000008 0.02165063509461097 0.037499999999999999
      vertex 0.019134171618254495 0.011955880919716727 0.044619955041626143
      vertex 0.025000000000000008 0.011207193402100668 0.041825815186890394
    endloop
  endfacet
  facet normal 0.43923740144920886 0.11726094957416311 0.89068533999000576
    outer loop
      vertex 0.025000000000000008 0.011207193402100668 0.041825815186890394
      vertex 0.019134171618254495 0.011955880919716727 0.044619955041626143
      vertex 0.019134171618254495 2.828565280719251e-18 0.046193976625564341
    endloop
  endfacet
  facet normal 0.43923740144920875 0.11726094957416325 0.89068533999000576
    outer loop
      vertex 0.025000000000000008 0.011207193402100668 0.041825815186890394
      vertex 0.019134171618254495 2.828565280719251e-18 0.046193976625564341
      vertex 0.025000000000000008 2.6514380968122674e-18 0.043301270189221933
    endloop
  endfacet
  facet normal 0.4392374014492087 -0.11726094957416308 0.89068533999000576
    outer loop
      vertex 0.025000000000000008 2.6514380968122674e-18 0.043301270189221933
      vertex 0.019134171618254495 2.828565280719251e-18 0.046193976625564341
      vertex 0.019134171618254495 -0.011955880919716722 0.044619955041626143
    endloop
  endfacet
  facet normal 0.43923740144920886 -0.11726094957416321 0.89068533999000565
    outer loop
      vertex 0.025000000000000008 2.6514380968122674e-18 0.043301270189221933
      vertex 0.019134171618254495 -0.011955880919716722 0.044619955041626143
      vertex 0.025000000000000008 -0.011207193402100663 0.041825815186890394
    endloop
  endfacet
  facet normal 0.43923740144920892 -0.34379170879189169 0.82998660599680618
    outer loop
      vertex 0.025000000000000008 -0.011207193402100663 0.041825815186890394
      vertex 0.019134171618254495 -0.011955880919716722 0.044619955041626143
      vertex 0.019134171618254495 -0.02309698831278216 0.04000515725956328
    endloop
  endfacet
  facet normal 0.43923740144920825 -0.34379170879189141 0.82998660599680674
    outer loop
      vertex 0.025000000000000008 -0.011207193402100663 0.041825815186890394
      vertex 0.019134171618254495 -0.02309698831278216 0.04000515725956328
      vertex 0.025000000000000008 -0.021650635094610956 0.037500000000000006
    endloop
  endfacet
  facet normal 0.4392374014492082 -0.54689363119811407 0.71272565642264352
    outer loop
      vertex 0.025000000000000008 -0.021650635094610956 0.037500000000000006
      vertex 0.019134171618254495 -0.02309698831278216 0.04000515725956328
      vertex 0.019134171618254495 -0.032664074121909414 0.032664074121909414
    endloop
  endfacet
  facet normal 0.43923740144920842 -0.54689363119811418 0.71272565642264352
    outer loop
      vertex 0.025000000000000008 -0.021650635094610956 0.037500000000000006
      vertex 0.019134171618254495 -0.032664074121909414 0.032664074121909414
      vertex 0.025000000000000008 -0.030618621784789725 0.030618621784789728
    endloop
  endfacet
  facet normal 0.43923740144920842 -0.71272565642264341 0.54689363119811429
    outer loop
      vertex 0.025000000000000008 -0.030618621784789725 0.030618621784789728
      vertex 0.019134171618254495 -0.032664074121909414 0.032664074121909414
      vertex 0.019134171618254495 -0.04000515725956328 0.023096988312782167
    endloop
  endfacet
  facet normal 0.43923740144920831 -0.71272565642264329 0.5468936311981144
    outer loop
      vertex 0.025000000000000008 -0.030618621784789725 0.030618621784789728
      vertex 0.019134171618254495 -0.04000515725956328 0.023096988312782167
      vertex 0.025000000000000008 -0.037500000000000006 0.021650635094610963
    endloop
  endfacet
  facet normal 0.43923740144920814 -0.82998660599680651 0.34379170879189164
    outer loop
      vertex 0.025000000000000008 -0.037500000000000006 0.021650635094610963
      vertex 0.019134171618254495 -0.04000515725956328 0.023096988312782167
      vertex 0.019134171618254495 -0.044619955041626136 0.011955880919716739
    endloop
  endfacet
  facet normal 0.4392374014492082 -0.82998660599680663 0.34379170879189164
    outer loop
      vertex 0.025000000000000008 -0.037500000000000006 0.021650635094610963
      vertex 0.019134171618254495 -0.044619955041626136 0.011955880919716739
      vertex 0.025000000000000008 -0.041825815186890394 0.01120719340210068
    endloop
  endfacet
  facet normal 0.43923740144920803 -0.89068533999000599 0.11726094957416357
    outer loop
      vertex 0.025000000000000008 -0.041825815186890394 0.01120719340210068
      vertex 0.019134171618254495 -0.044619955041626136 0.011955880919716739
      vertex 0.019134171618254495 -0.046193976625564341 5.6571305614385021e-18
    endloop
  endfacet
  facet normal 0.4392374014492087 -0.89068533999000588 0.11726094957416316
    outer loop
      vertex 0.025000000000000008 -0.041825815186890394 0.01120719340210068
      vertex 0.019134171618254495 -0.046193976625564341 5.6571305614385021e-18
      vertex 0.025000000000000008 -0.043301270189221933 5.3028761936245347e-18
    endloop
  endfacet
  facet normal 0.4392374014492087 -0.89068533999000588 -0.11726094957416301
    outer loop
      vertex 0.025000000000000008 -0.043301270189221933 5.3028761936245347e-18
      vertex 0.019134171618254495 -0.046193976625564341 5.6571305614385021e-18
      vertex 0.019134171618254495 -0.044619955041626143 -0.011955880919716728
    endloop
  endfacet
  facet normal 0.43923740144920881 -0.89068533999000576 -0.11726094957416311
    outer loop
      vertex 0.025000000000000008 -0.043301270189221933 5.3028761936245347e-18
      vertex 0.019134171618254495 -0.044619955041626143 -0.011955880919716728
      vertex 0.025000000000000008 -0.041825815186890394 -0.011207193402100671
    endloop
  endfacet
  facet normal 0.43923740144920875 -0.8299866059968064 -0.34379170879189153
    outer loop
      vertex 0.025000000000000008 -0.041825815186890394 -0.011207193402100671
      vertex 0.019134171618254495 -0.044619955041626143 -0.011955880919716728
      vertex 0.019134171618254495 -0.040005157259563287 -0.023096988312782157
    endloop
  endfacet
  facet normal 0.4392374014492087 -0.8299866059968064 -0.34379170879189147
    outer loop
      vertex 0.025000000000000008 -0.041825815186890394 -0.011207193402100671
      vertex 0.019134171618254495 -0.040005157259563287 -0.023096988312782157
      vertex 0.025000000000000008 -0.037500000000000006 -0.021650635094610956
    endloop
  endfacet
  facet normal 0.43923740144920864 -0.71272565642264363 -0.54689363119811374
    outer loop
      vertex 0.025000000000000008 -0.037500000000000006 -0.021650635094610956
      vertex 0.019134171618254495 -0.040005157259563287 -0.023096988312782157
      vertex 0.019134171618254495 -0.032664074121909435 -0.032664074121909401
    endloop
  endfacet
  facet normal 0.43923740144920936 -0.71272565642264307 -0.54689363119811374
    outer loop
      vertex 0.025000000000000008 -0.037500000000000006 -0.021650635094610956
      vertex 0.019134171618254495 -0.032664074121909435 -0.032664074121909401
      vertex 0.025000000000000008 -0.030618621784789742 -0.030618621784789708
    endloop
  endfacet
  facet normal 0.43923740144920942 -0.54689363119811418 -0.71272565642264296
    outer loop
      vertex 0.025000000000000008 -0.030618621784789742 -0.030618621784789708
      vertex 0.019134171618254495 -0.032664074121909435 -0.032664074121909401
      vertex 0.019134171618254495 -0.023096988312782191 -0.040005157259563266
    endloop
  endfacet
  facet normal 0.4392374014492082 -0.54689363119811496 -0.71272565642264285
    outer loop
      vertex 0.025000000000000008 -0.030618621784789742 -0.030618621784789708
      vertex 0.019134171618254495 -0.023096988312782191 -0.040005157259563266
      vertex 0.025000000000000008 -0.021650635094610987 -0.037499999999999992
    endloop
  endfacet
  facet normal 0.43923740144920814 -0.34379170879189186 -0.82998660599680651
    outer loop
      vertex 0.025000000000000008 -0.021650635094610987 -0.037499999999999992
      vertex 0.019134171618254495 -0.023096988312782191 -0.040005157259563266
      vertex 0.019134171618254495 -0.011955880919716722 -0.044619955041626143
    endloop
  endfacet
  facet normal 0.43923740144920881 -0.3437917087918913 -0.8299866059968064
    outer loop
      vertex 0.025000000000000008 -0.021650635094610987 -0.037499999999999992
      vertex 0.019134171618254495 -0.011955880919716722 -0.044619955041626143
      vertex 0.025000000000000008 -0.011207193402100663 -0.041825815186890394
    endloop
  endfacet
  facet normal 0.43923740144920886 -0.11726094957416321 -0.89068533999000565
    outer loop
      vertex 0.025000000000000008 -0.011207193402100663 -0.041825815186890394
      vertex 0.019134171618254495 -0.011955880919716722 -0.044619955041626143
      vertex 0.019134171618254495 -8.4856958421577535e-18 -0.046193976625564341
    endloop
  endfacet
  facet normal 0.43923740144920864 -0.11726094957416337 -0.89068533999000588
    outer loop
      vertex 0.025000000000000008 -0.011207193402100663 -0.041825815186890394
      vertex 0.019134171618254495 -8.4856958421577535e-18 -0.046193976625564341
      vertex 0.025000000000000008 -7.9543142904368009e-18 -0.043301270189221933
    endloop
  endfacet
  facet normal 0.4392374014492087 0.11726094957416267 -0.89068533999000588
    outer loop
      vertex 0.025000000000000008 -7.9543142904368009e-18 -0.043301270189221933
      vertex 0.019134171618254495 -8.4856958421577535e-18 -0.046193976625564341
      vertex 0.019134171618254495 0.011955880919716706 -0.04461995504162615
    endloop
  endfacet
  facet normal 0.43923740144920881 0.11726094957416276 -0.89068533999000576
    outer loop
      vertex 0.025000000000000008 -7.9543142904368009e-18 -0.043301270189221933
      vertex 0.019134171618254495 0.011955880919716706 -0.04461995504162615
      vertex 0.025000000000000008 0.011207193402100649 -0.041825815186890401
    endloop
  endfacet
  facet normal 0.43923740144920892 0.34379170879189136 -0.82998660599680651
    outer loop
      vertex 0.025000000000000008 0.011207193402100649 -0.041825815186890401
      vertex 0.019134171618254495 0.011955880919716706 -0.04461995504162615
      vertex 0.019134171618254495 0.023096988312782174 -0.04000515725956328
    endloop
  endfacet
  facet normal 0.43923740144920898 0.34379170879189141 -0.8299866059968064
    outer loop
      vertex 0.025000000000000008 0.011207193402100649 -0.041825815186890401
      vertex 0.019134171618254495 0.023096988312782174 -0.04000515725956328
      vertex 0.025000000000000008 0.02165063509461097 -0.037499999999999999
    endloop
  endfacet
  facet normal 0.43923740144920892 0.5468936311981144 -0.71272565642264307
    outer loop
      vertex 0.025000000000000008 0.02165063509461097 -0.037499999999999999
      vertex 0.019134171618254495 0.023096988312782174 -0.04000515725956328
      vertex 0.019134171618254495 0.032664074121909407 -0.032664074121909421
    endloop
  endfacet
  facet normal 0.43923740144920875 0.54689363119811429 -0.71272565642264318
    outer loop
      vertex 0.025000000000000008 0.02165063509461097 -0.037499999999999999
      vertex 0.019134171618254495 0.032664074121909407 -0.032664074121909421
      vertex 0.025000000000000008 0.030618621784789718 -0.030618621784789732
    endloop
  endfacet
  facet normal 0.43923740144920881 0.71272565642264307 -0.54689363119811452
    outer loop
      vertex 0.025000000000000008 0.030618621784789718 -0.030618621784789732
      vertex 0.019134171618254495 0.032664074121909407 -0.032664074121909421
      vertex 0.019134171618254495 0.040005157259563266 -0.023096988312782191
    endloop
  endfacet
  facet normal 0.43923740144920831 0.71272565642264307 -0.54689363119811496
    outer loop
      vertex 0.025000000000000008 0.030618621784789718 -0.030618621784789732
      vertex 0.019134171618254495 0.040005157259563266 -0.023096988312782191
      vertex 0.025000000000000008 0.037499999999999992 -0.021650635094610987
    endloop
  endfacet
  facet normal 0.4392374014492082 0.82998660599680607 -0.34379170879189253
    outer loop
      vertex 0.025000000000000008 0.037499999999999992 -0.021650635094610987
      vertex 0.019134171618254495 0.040005157259563266 -0.023096988312782191
      vertex 0.019134171618254495 0.044619955041626136 -0.011955880919716765
    endloop
  endfacet
  facet normal 0.43923740144920886 0.82998660599680607 -0.34379170879189197
    outer loop
      vertex 0.025000000000000008 0.037499999999999992 -0.021650635094610987
      vertex 0.019134171618254495 0.044619955041626136 -0.011955880919716765
      vertex 0.025000000000000008 0.041825815186890387 -0.011207193402100704
    endloop
  endfacet
  facet normal 0.43923740144920886 0.89068533999000576 -0.11726094957416322
    outer loop
      vertex 0.025000000000000008 0.041825815186890387 -0.011207193402100704
      vertex 0.019134171618254495 0.044619955041626136 -0.011955880919716765
      vertex 0.019134171618254495 0.046193976625564341 0
    endloop
  endfacet
  facet normal 0.4392374014492087 0.89068533999000576 -0.11726094957416339
    outer loop
      vertex 0.025000000000000008 0.041825815186890387 -0.011207193402100704
      vertex 0.019134171618254495 0.046193976625564341 0
      vertex 0.025000000000000008 0.043301270189221933 0
    endloop
  endfacet
  facet normal 0.3189703761068976 0.93965642727516174 0.123708115524824
    outer loop
      vertex 0.019134171618254495 0.046193976625564341 0
      vertex 0.012940952255126037 0.04829629131445342 0
      vertex 0.012940952255126037 0.046650635094610975 0.012500000000000001
    endloop
  endfacet
  facet normal 0.31897037610689788 0.93965642727516141 0.12370811552482418
    outer loop
      vertex 0.019134171618254495 0.046193976625564341 0
      vertex 0.012940952255126037 0.046650635094610975 0.012500000000000001
      vertex 0.019134171618254495 0.044619955041626143 0.011955880919716727
    endloop
  endfacet
  facet normal 0.31897037610689793 0.8756203946120269 0.36269384293878315
    outer loop
      vertex 0.019134171618254495 0.044619955041626143 0.011955880919716727
      vertex 0.012940952255126037 0.046650635094610975 0.012500000000000001
      vertex 0.012940952255126037 0.041825815186890401 0.024148145657226706
    endloop
  endfacet
  facet normal 0.31897037610689755 0.8756203946120269 0.36269384293878293
    outer loop
      vertex 0.019134171618254495 0.044619955041626143 0.011955880919716727
      vertex 0.012940952255126037 0.041825815186890401 0.024148145657226706
      vertex 0.019134171618254495 0.04000515725956328 0.023096988312782167
    endloop
  endfacet
  facet normal 0.31897037610689749 0.7519122790872026 0.57696258433637881
    outer loop
      vertex 0.019134171618254495 0.04000515725956328 0.023096988312782167
      vertex 0.012940952255126037 0.041825815186890401 0.024148145657226706
      vertex 0.012940952255126037 0.03415063509461097 0.034150635094610964
    endloop
  endfacet
  facet normal 0.31897037610689727 0.75191227908720282 0.57696258433637881
    outer loop
      vertex 0.019134171618254495 0.04000515725956328 0.023096988312782167
      vertex 0.012940952255126037 0.03415063509461097 0.034150635094610964
      vertex 0.019134171618254495 0.032664074121909414 0.032664074121909414
    endloop
  endfacet
  facet normal 0.31897037610689705 0.57696258433637904 0.7519122790872026
    outer loop
      vertex 0.019134171618254495 0.032664074121909414 0.032664074121909414
      vertex 0.012940952255126037 0.03415063509461097 0.034150635094610964
      vertex 0.012940952255126037 0.024148145657226717 0.041825815186890394
    endloop
  endfacet
  facet normal 0.31897037610689699 0.57696258433637904 0.7519122790872026
    outer loop
      vertex 0.019134171618254495 0.032664074121909414 0.032664074121909414
      vertex 0.012940952255126037 0.024148145657226717 0.041825815186890394
      vertex 0.019134171618254495 0.023096988312782174 0.04000515725956328
    endloop
  endfacet
  facet normal 0.31897037610689694 0.36269384293878337 0.87562039461202701
    outer loop
      vertex 0.019134171618254495 0.023096988312782174 0.04000515725956328
      vertex 0.012940952255126037 0.024148145657226717 0.041825815186890394
      vertex 0.012940952255126037 0.012500000000000001 0.046650635094610975
    endloop
  endfacet
  facet normal 0.31897037610689788 0.36269384293878265 0.8756203946120269
    outer loop
      vertex 0.019134171618254495 0.023096988312782174 0.04000515725956328
      vertex 0.012940952255126037 0.012500000000000001 0.046650635094610975
      vertex 0.019134171618254495 0.011955880919716727 0.044619955041626143
    endloop
  endfacet
  facet normal 0.31897037610689793 0.123708115524824 0.93965642727516152
    outer loop
      vertex 0.019134171618254495 0.011955880919716727 0.044619955041626143
      vertex 0.012940952255126037 0.012500000000000001 0.046650635094610975
      vertex 0.012940952255126037 2.9572949284466749e-18 0.04829629131445342
    endloop
  endfacet
  facet normal 0.31897037610689749 0.12370811552482422 0.93965642727516152
    outer loop
      vertex 0.019134171618254495 0.011955880919716727 0.044619955041626143
      vertex 0.012940952255126037 2.9572949284466749e-18 0.04829629131445342
      vertex 0.019134171618254495 2.828565280719251e-18 0.046193976625564341
    endloop
  endfacet
  facet normal 0.31897037610689755 -0.123708115524824 0.93965642727516174
    outer loop
      vertex 0.019134171618254495 2.828565280719251e-18 0.046193976625564341
      vertex 0.012940952255126037 2.9572949284466749e-18 0.04829629131445342
      vertex 0.012940952255126037 -0.012499999999999995 0.046650635094610975
    endloop
  endfacet
  facet normal 0.31897037610689793 -0.12370811552482419 0.93965642727516141
    outer loop
      vertex 0.019134171618254495 2.828565280719251e-18 0.046193976625564341
      vertex 0.012940952255126037 -0.012499999999999995 0.046650635094610975
      vertex 0.019134171618254495 -0.011955880919716722 0.044619955041626143
    endloop
  endfacet
  facet normal 0.31897037610689788 -0.36269384293878315 0.8756203946120269
    outer loop
      vertex 0.019134171618254495 -0.011955880919716722 0.044619955041626143
      vertex 0.012940952255126037 -0.012499999999999995 0.046650635094610975
      vertex 0.012940952255126037 -0.024148145657226699 0.041825815186890401
    endloop
  endfacet
  facet normal 0.3189703761068976 -0.36269384293878298 0.8756203946120269
    outer loop
      vertex 0.019134171618254495 -0.011955880919716722 0.044619955041626143
      vertex 0.012940952255126037 -0.024148145657226699 0.041825815186890401
      vertex 0.019134171618254495 -0.02309698831278216 0.04000515725956328
    endloop
  endfacet
  facet normal 0.31897037610689755 -0.57696258433637859 0.75191227908720282
    outer loop
      vertex 0.019134171618254495 -0.02309698831278216 0.04000515725956328
      vertex 0.012940952255126037 -0.024148145657226699 0.041825815186890401
      vertex 0.012940952255126037 -0.034150635094610964 0.03415063509461097
    endloop
  endfacet
  facet normal 0.31897037610689716 -0.57696258433637859 0.75191227908720304
    outer loop
      vertex 0.019134171618254495 -0.02309698831278216 0.04000515725956328
      vertex 0.012940952255126037 -0.034150635094610964 0.03415063509461097
      vertex 0.019134171618254495 -0.032664074121909414 0.032664074121909414
    endloop
  endfacet
  facet normal 0.3189703761068971 -0.75191227908720271 0.57696258433637904
    outer loop
      vertex 0.019134171618254495 -0.032664074121909414 0.032664074121909414
      vertex 0.012940952255126037 -0.034150635094610964 0.03415063509461097
      vertex 0.012940952255126037 -0.041825815186890401 0.024148145657226706
    endloop
  endfacet
  facet normal 0.31897037610689766 -0.75191227908720271 0.5769625843363787
    outer loop
      vertex 0.019134171618254495 -0.032664074121909414 0.032664074121909414
      vertex 0.012940952255126037 -0.041825815186890401 0.024148145657226706
      vertex 0.019134171618254495 -0.04000515725956328 0.023096988312782167
    endloop
  endfacet
  facet normal 0.3189703761068976 -0.8756203946120269 0.36269384293878304
    outer loop
      vertex 0.019134171618254495 -0.04000515725956328 0.023096988312782167
      vertex 0.012940952255126037 -0.041825815186890401 0.024148145657226706
      vertex 0.012940952255126037 -0.046650635094610968 0.012500000000000015
    endloop
  endfacet
  facet normal 0.31897037610689799 -0.87562039461202679 0.36269384293878276
    outer loop
      vertex 0.019134171618254495 -0.04000515725956328 0.023096988312782167
      vertex 0.012940952255126037 -0.046650635094610968 0.012500000000000015
      vertex 0.019134171618254495 -0.044619955041626136 0.011955880919716739
    endloop
  endfacet
  facet normal 0.31897037610689799 -0.93965642727516141 0.12370811552482441
    outer loop
      vertex 0.019134171618254495 -0.044619955041626136 0.011955880919716739
      vertex 0.012940952255126037 -0.046650635094610968 0.012500000000000015
      vertex 0.012940952255126037 -0.04829629131445342 5.9145898568933498e-18
    endloop
  endfacet
  facet normal 0.31897037610689749 -0.93965642727516163 0.12370811552482469
    outer loop
      vertex 0.019134171618254495 -0.044619955041626136 0.011955880919716739
      vertex 0.012940952255126037 -0.04829629131445342 5.9145898568933498e-18
      vertex 0.019134171618254495 -0.046193976625564341 5.6571305614385021e-18
    endloop
  endfacet
  facet normal 0.3189703761068976 -0.93965642727516174 -0.12370811552482394
    outer loop
      vertex 0.019134171618254495 -0.046193976625564341 5.6571305614385021e-18
      vertex 0.012940952255126037 -0.04829629131445342 5.9145898568933498e-18
      vertex 0.012940952255126037 -0.046650635094610975 -0.012500000000000002
    endloop
  endfacet
  facet normal 0.31897037610689793 -0.93965642727516141 -0.12370811552482411
    outer loop
      vertex 0.019134171618254495 -0.046193976625564341 5.6571305614385021e-18
      vertex 0.012940952255126037 -0.046650635094610975 -0.012500000000000002
      vertex 0.019134171618254495 -0.044619955041626143 -0.011955880919716728
    endloop
  endfacet
  facet normal 0.31897037610689782 -0.87562039461202679 -0.36269384293878293
    outer loop
      vertex 0.019134171618254495 -0.044619955041626143 -0.011955880919716728
      vertex 0.012940952255126037 -0.046650635094610975 -0.012500000000000002
      vertex 0.012940952255126037 -0.041825815186890408 -0.024148145657226696
    endloop
  endfacet
  facet normal 0.31897037610689755 -0.87562039461202701 -0.36269384293878282
    outer loop
      vertex 0.019134171618254495 -0.044619955041626143 -0.011955880919716728
      vertex 0.012940952255126037 -0.041825815186890408 -0.024148145657226696
      vertex 0.019134171618254495 -0.040005157259563287 -0.023096988312782157
    endloop
  endfacet
  facet normal 0.31897037610689755 -0.75191227908720293 -0.57696258433637826
    outer loop
      vertex 0.019134171618254495 -0.040005157259563287 -0.023096988312782157
      vertex 0.012940952255126037 -0.041825815186890408 -0.024148145657226696
      vertex 0.012940952255126037 -0.034150635094610991 -0.03415063509461095
    endloop
  endfacet
  facet normal 0.31897037610689716 -0.75191227908720337 -0.57696258433637826
    outer loop
      vertex 0.019134171618254495 -0.040005157259563287 -0.023096988312782157
      vertex 0.012940952255126037 -0.034150635094610991 -0.03415063509461095
      vertex 0.019134171618254495 -0.032664074121909435 -0.032664074121909401
    endloop
  endfacet
  facet normal 0.3189703761068971 -0.57696258433637915 -0.7519122790872026
    outer loop
      vertex 0.019134171618254495 -0.032664074121909435 -0.032664074121909401
      vertex 0.012940952255126037 -0.034150635094610991 -0.03415063509461095
      vertex 0.012940952255126037 -0.024148145657226731 -0.041825815186890387
    endloop
  endfacet
  facet normal 0.31897037610689755 -0.57696258433637881 -0.7519122790872026
    outer loop
      vertex 0.019134171618254495 -0.032664074121909435 -0.032664074121909401
      vertex 0.012940952255126037 -0.024148145657226731 -0.041825815186890387
      vertex 0.019134171618254495 -0.023096988312782191 -0.040005157259563266
    endloop
  endfacet
  facet normal 0.31897037610689755 -0.36269384293878326 -0.8756203946120269
    outer loop
      vertex 0.019134171618254495 -0.023096988312782191 -0.040005157259563266
      vertex 0.012940952255126037 -0.024148145657226731 -0.041825815186890387
      vertex 0.012940952255126037 -0.012499999999999995 -0.046650635094610975
    endloop
  endfacet
  facet normal 0.31897037610689799 -0.36269384293878304 -0.87562039461202679
    outer loop
      vertex 0.019134171618254495 -0.023096988312782191 -0.040005157259563266
      vertex 0.012940952255126037 -0.012499999999999995 -0.046650635094610975
      vertex 0.019134171618254495 -0.011955880919716722 -0.044619955041626143
    endloop
  endfacet
  facet normal 0.31897037610689793 -0.12370811552482411 -0.93965642727516152
    outer loop
      vertex 0.019134171618254495 -0.011955880919716722 -0.044619955041626143
      vertex 0.012940952255126037 -0.012499999999999995 -0.046650635094610975
      vertex 0.012940952255126037 -8.8718847853400232e-18 -0.04829629131445342
    endloop
  endfacet
  facet normal 0.31897037610689755 -0.12370811552482432 -0.93965642727516152
    outer loop
      vertex 0.019134171618254495 -0.011955880919716722 -0.044619955041626143
      vertex 0.012940952255126037 -8.8718847853400232e-18 -0.04829629131445342
      vertex 0.019134171618254495 -8.4856958421577535e-18 -0.046193976625564341
    endloop
  endfacet
  facet normal 0.31897037610689755 0.12370811552482412 -0.93965642727516163
    outer loop
      vertex 0.019134171618254495 -8.4856958421577535e-18 -0.046193976625564341
      vertex 0.012940952255126037 -8.8718847853400232e-18 -0.04829629131445342
      vertex 0.012940952255126037 0.012499999999999978 -0.046650635094610975
    endloop
  endfacet
  facet normal 0.31897037610689688 0.1237081155248238 -0.93965642727516185
    outer loop
      vertex 0.019134171618254495 -8.4856958421577535e-18 -0.046193976625564341
      vertex 0.012940952255126037 0.012499999999999978 -0.046650635094610975
      vertex 0.019134171618254495 0.011955880919716706 -0.04461995504162615
    endloop
  endfacet
  facet normal 0.31897037610689688 0.36269384293878271 -0.87562039461202723
    outer loop
      vertex 0.019134171618254495 0.011955880919716706 -0.04461995504162615
      vertex 0.012940952255126037 0.012499999999999978 -0.046650635094610975
      vertex 0.012940952255126037 0.024148145657226717 -0.041825815186890394
    endloop
  endfacet
  facet normal 0.31897037610689688 0.36269384293878271 -0.87562039461202723
    outer loop
      vertex 0.019134171618254495 0.011955880919716706 -0.04461995504162615
      vertex 0.012940952255126037 0.024148145657226717 -0.041825815186890394
      vertex 0.019134171618254495 0.023096988312782174 -0.04000515725956328
    endloop
  endfacet
  facet normal 0.31897037610689705 0.5769625843363787 -0.75191227908720304
    outer loop
      vertex 0.019134171618254495 0.023096988312782174 -0.04000515725956328
      vertex 0.012940952255126037 0.024148145657226717 -0.041825815186890394
      vertex 0.012940952255126037 0.034150635094610964 -0.034150635094610977
    endloop
  endfacet
  facet normal 0.31897037610689777 0.57696258433637881 -0.75191227908720248
    outer loop
      vertex 0.019134171618254495 0.023096988312782174 -0.04000515725956328
      vertex 0.012940952255126037 0.034150635094610964 -0.034150635094610977
      vertex 0.019134171618254495 0.032664074121909407 -0.032664074121909421
    endloop
  endfacet
  facet normal 0.31897037610689782 0.75191227908720248 -0.57696258433637881
    outer loop
      vertex 0.019134171618254495 0.032664074121909407 -0.032664074121909421
      vertex 0.012940952255126037 0.034150635094610964 -0.034150635094610977
      vertex 0.012940952255126037 0.041825815186890387 -0.024148145657226731
    endloop
  endfacet
  facet normal 0.31897037610689766 0.75191227908720248 -0.57696258433637893
    outer loop
      vertex 0.019134171618254495 0.032664074121909407 -0.032664074121909421
      vertex 0.012940952255126037 0.041825815186890387 -0.024148145657226731
      vertex 0.019134171618254495 0.040005157259563266 -0.023096988312782191
    endloop
  endfacet
  facet normal 0.3189703761068976 0.87562039461202668 -0.36269384293878354
    outer loop
      vertex 0.019134171618254495 0.040005157259563266 -0.023096988312782191
      vertex 0.012940952255126037 0.041825815186890387 -0.024148145657226731
      vertex 0.012940952255126037 0.046650635094610961 -0.012500000000000041
    endloop
  endfacet
  facet normal 0.3189703761068971 0.87562039461202679 -0.36269384293878393
    outer loop
      vertex 0.019134171618254495 0.040005157259563266 -0.023096988312782191
      vertex 0.012940952255126037 0.046650635094610961 -0.012500000000000041
      vertex 0.019134171618254495 0.044619955041626136 -0.011955880919716765
    endloop
  endfacet
  facet normal 0.31897037610689699 0.93965642727516174 -0.12370811552482464
    outer loop
      vertex 0.019134171618254495 0.044619955041626136 -0.011955880919716765
      vertex 0.012940952255126037 0.046650635094610961 -0.012500000000000041
      vertex 0.012940952255126037 0.04829629131445342 0
    endloop
  endfacet
  facet normal 0.31897037610689749 0.93965642727516163 -0.12370811552482434
    outer loop
      vertex 0.019134171618254495 0.044619955041626136 -0.011955880919716765
      vertex 0.012940952255126037 0.04829629131445342 0
      vertex 0.019134171618254495 0.046193976625564341 0
    endloop
  endfacet
  facet normal 0.19348403839956449 0.97270994734212768 0.12805969399569528
    outer loop
      vertex 0.012940952255126037 0.04829629131445342 0
      vertex 0.0065263096110025863 0.04957224306869052 0
      vertex 0.0065263096110025863 0.047883109847127431 0.012830240614628534
    endloop
  endfacet
  facet normal 0.19348403839956427 0.97270994734212768 0.12805969399569517
    outer loop
      vertex 0.012940952255126037 0.04829629131445342 0
      vertex 0.0065263096110025863 0.047883109847127431 0.012830240614628534
      vertex 0.012940952255126037 0.046650635094610975 0.012500000000000001
    endloop
  endfacet
  facet normal 0.1934840383995643 0.90642137190995398 0.37545202546992995
    outer loop
      vertex 0.012940952255126037 0.046650635094610975 0.012500000000000001
      vertex 0.0065263096110025863 0.047883109847127431 0.012830240614628534
      vertex 0.0065263096110025863 0.042930821820063053 0.024786121534345257
    endloop
  endfacet
  facet normal 0.19348403839956502 0.90642137190995364 0.37545202546993023
    outer loop
      vertex 0.012940952255126037 0.046650635094610975 0.012500000000000001
      vertex 0.0065263096110025863 0.042930821820063053 0.024786121534345257
      vertex 0.012940952255126037 0.041825815186890401 0.024148145657226706
    endloop
  endfacet
  facet normal 0.19348403839956496 0.77836167791425814 0.59725792187219795
    outer loop
      vertex 0.012940952255126037 0.041825815186890401 0.024148145657226706
      vertex 0.0065263096110025863 0.042930821820063053 0.024786121534345257
      vertex 0.0065263096110025863 0.035052869232498896 0.035052869232498889
    endloop
  endfacet
  facet normal 0.19348403839956446 0.77836167791425825 0.59725792187219773
    outer loop
      vertex 0.012940952255126037 0.041825815186890401 0.024148145657226706
      vertex 0.0065263096110025863 0.035052869232498896 0.035052869232498889
      vertex 0.012940952255126037 0.03415063509461097 0.034150635094610964
    endloop
  endfacet
  facet normal 0.19348403839956452 0.59725792187219806 0.77836167791425814
    outer loop
      vertex 0.012940952255126037 0.03415063509461097 0.034150635094610964
      vertex 0.0065263096110025863 0.035052869232498896 0.035052869232498889
      vertex 0.0065263096110025863 0.024786121534345267 0.042930821820063046
    endloop
  endfacet
  facet normal 0.19348403839956482 0.59725792187219784 0.77836167791425825
    outer loop
      vertex 0.012940952255126037 0.03415063509461097 0.034150635094610964
      vertex 0.0065263096110025863 0.024786121534345267 0.042930821820063046
      vertex 0.012940952255126037 0.024148145657226717 0.041825815186890394
    endloop
  endfacet
  facet normal 0.19348403839956502 0.37545202546993001 0.90642137190995375
    outer loop
      vertex 0.012940952255126037 0.024148145657226717 0.041825815186890394
      vertex 0.0065263096110025863 0.024786121534345267 0.042930821820063046
      vertex 0.0065263096110025863 0.012830240614628534 0.047883109847127431
    endloop
  endfacet
  facet normal 0.19348403839956427 0.37545202546993039 0.90642137190995364
    outer loop
      vertex 0.012940952255126037 0.024148145657226717 0.041825815186890394
      vertex 0.0065263096110025863 0.012830240614628534 0.047883109847127431
      vertex 0.012940952255126037 0.012500000000000001 0.046650635094610975
    endloop
  endfacet
  facet normal 0.1934840383995643 0.12805969399569533 0.97270994734212779
    outer loop
      vertex 0.012940952255126037 0.012500000000000001 0.046650635094610975
      vertex 0.0065263096110025863 0.012830240614628534 0.047883109847127431
      vertex 0.0065263096110025863 3.0354244400313206e-18 0.04957224306869052
    endloop
  endfacet
  facet normal 0.19348403839956452 0.12805969399569522 0.97270994734212768
    outer loop
      vertex 0.012940952255126037 0.012500000000000001 0.046650635094610975
      vertex 0.0065263096110025863 3.0354244400313206e-18 0.04957224306869052
      vertex 0.012940952255126037 2.9572949284466749e-18 0.04829629131445342
    endloop
  endfacet
  facet normal 0.19348403839956452 -0.12805969399569533 0.97270994734212768
    outer loop
      vertex 0.012940952255126037 2.9572949284466749e-18 0.04829629131445342
      vertex 0.0065263096110025863 3.0354244400313206e-18 0.04957224306869052
      vertex 0.0065263096110025863 -0.012830240614628527 0.047883109847127431
    endloop
  endfacet
  facet normal 0.19348403839956421 -0.1280596939956952 0.97270994734212768
    outer loop
      vertex 0.012940952255126037 2.9572949284466749e-18 0.04829629131445342
      vertex 0.0065263096110025863 -0.012830240614628527 0.047883109847127431
      vertex 0.012940952255126037 -0.012499999999999995 0.046650635094610975
    endloop
  endfacet
  facet normal 0.19348403839956418 -0.37545202546992995 0.90642137190995398
    outer loop
      vertex 0.012940952255126037 -0.012499999999999995 0.046650635094610975
      vertex 0.0065263096110025863 -0.012830240614628527 0.047883109847127431
      vertex 0.0065263096110025863 -0.02478612153434525 0.042930821820063053
    endloop
  endfacet
  facet normal 0.19348403839956504 -0.37545202546993028 0.90642137190995364
    outer loop
      vertex 0.012940952255126037 -0.012499999999999995 0.046650635094610975
      vertex 0.0065263096110025863 -0.02478612153434525 0.042930821820063053
      vertex 0.012940952255126037 -0.024148145657226699 0.041825815186890401
    endloop
  endfacet
  facet normal 0.19348403839956493 -0.59725792187219762 0.77836167791425825
    outer loop
      vertex 0.012940952255126037 -0.024148145657226699 0.041825815186890401
      vertex 0.0065263096110025863 -0.02478612153434525 0.042930821820063053
      vertex 0.0065263096110025863 -0.035052869232498889 0.035052869232498896
    endloop
  endfacet
  facet normal 0.19348403839956455 -0.59725792187219739 0.77836167791425859
    outer loop
      vertex 0.012940952255126037 -0.024148145657226699 0.041825815186890401
      vertex 0.0065263096110025863 -0.035052869232498889 0.035052869232498896
      vertex 0.012940952255126037 -0.034150635094610964 0.03415063509461097
    endloop
  endfacet
  facet normal 0.19348403839956449 -0.77836167791425814 0.59725792187219806
    outer loop
      vertex 0.012940952255126037 -0.034150635094610964 0.03415063509461097
      vertex 0.0065263096110025863 -0.035052869232498889 0.035052869232498896
      vertex 0.0065263096110025863 -0.042930821820063053 0.024786121534345257
    endloop
  endfacet
  facet normal 0.19348403839956496 -0.77836167791425825 0.59725792187219773
    outer loop
      vertex 0.012940952255126037 -0.034150635094610964 0.03415063509461097
      vertex 0.0065263096110025863 -0.042930821820063053 0.024786121534345257
      vertex 0.012940952255126037 -0.041825815186890401 0.024148145657226706
    endloop
  endfacet
  facet normal 0.19348403839956499 -0.90642137190995375 0.37545202546992978
    outer loop
      vertex 0.012940952255126037 -0.041825815186890401 0.024148145657226706
      vertex 0.0065263096110025863 -0.042930821820063053 0.024786121534345257
      vertex 0.0065263096110025863 -0.047883109847127424 0.012830240614628547
    endloop
  endfacet
  facet normal 0.19348403839956421 -0.90642137190995375 0.37545202546993017
    outer loop
      vertex 0.012940952255126037 -0.041825815186890401 0.024148145657226706
      vertex 0.0065263096110025863 -0.047883109847127424 0.012830240614628547
      vertex 0.012940952255126037 -0.046650635094610968 0.012500000000000015
    endloop
  endfacet
  facet normal 0.1934840383995643 -0.97270994734212768 0.12805969399569572
    outer loop
      vertex 0.012940952255126037 -0.046650635094610968 0.012500000000000015
      vertex 0.0065263096110025863 -0.047883109847127424 0.012830240614628547
      vertex 0.0065263096110025863 -0.04957224306869052 6.0708488800626411e-18
    endloop
  endfacet
  facet normal 0.19348403839956446 -0.97270994734212757 0.12805969399569561
    outer loop
      vertex 0.012940952255126037 -0.046650635094610968 0.012500000000000015
      vertex 0.0065263096110025863 -0.04957224306869052 6.0708488800626411e-18
      vertex 0.012940952255126037 -0.04829629131445342 5.9145898568933498e-18
    endloop
  endfacet
  facet normal 0.19348403839956452 -0.97270994734212768 -0.12805969399569522
    outer loop
      vertex 0.012940952255126037 -0.04829629131445342 5.9145898568933498e-18
      vertex 0.0065263096110025863 -0.04957224306869052 6.0708488800626411e-18
      vertex 0.0065263096110025863 -0.047883109847127431 -0.012830240614628535
    endloop
  endfacet
  facet normal 0.19348403839956424 -0.97270994734212779 -0.12805969399569511
    outer loop
      vertex 0.012940952255126037 -0.04829629131445342 5.9145898568933498e-18
      vertex 0.0065263096110025863 -0.047883109847127431 -0.012830240614628535
      vertex 0.012940952255126037 -0.046650635094610975 -0.012500000000000002
    endloop
  endfacet
  facet normal 0.19348403839956427 -0.90642137190995375 -0.37545202546993028
    outer loop
      vertex 0.012940952255126037 -0.046650635094610975 -0.012500000000000002
      vertex 0.0065263096110025863 -0.047883109847127431 -0.012830240614628535
      vertex 0.0065263096110025863 -0.042930821820063053 -0.024786121534345246
    endloop
  endfacet
  facet normal 0.1934840383995641 -0.90642137190995387 -0.37545202546993012
    outer loop
      vertex 0.012940952255126037 -0.046650635094610975 -0.012500000000000002
      vertex 0.0065263096110025863 -0.042930821820063053 -0.024786121534345246
      vertex 0.012940952255126037 -0.041825815186890408 -0.024148145657226696
    endloop
  endfacet
  facet normal 0.19348403839956418 -0.77836167791425892 -0.59725792187219706
    outer loop
      vertex 0.012940952255126037 -0.041825815186890408 -0.024148145657226696
      vertex 0.0065263096110025863 -0.042930821820063053 -0.024786121534345246
      vertex 0.0065263096110025863 -0.035052869232498916 -0.035052869232498875
    endloop
  endfacet
  facet normal 0.19348403839956446 -0.7783616779142587 -0.59725792187219717
    outer loop
      vertex 0.012940952255126037 -0.041825815186890408 -0.024148145657226696
      vertex 0.0065263096110025863 -0.035052869232498916 -0.035052869232498875
      vertex 0.012940952255126037 -0.034150635094610991 -0.03415063509461095
    endloop
  endfacet
  facet normal 0.19348403839956452 -0.59725792187219773 -0.77836167791425837
    outer loop
      vertex 0.012940952255126037 -0.034150635094610991 -0.03415063509461095
      vertex 0.0065263096110025863 -0.035052869232498916 -0.035052869232498875
      vertex 0.0065263096110025863 -0.024786121534345281 -0.042930821820063032
    endloop
  endfacet
  facet normal 0.19348403839956421 -0.59725792187219795 -0.77836167791425825
    outer loop
      vertex 0.012940952255126037 -0.034150635094610991 -0.03415063509461095
      vertex 0.0065263096110025863 -0.024786121534345281 -0.042930821820063032
      vertex 0.012940952255126037 -0.024148145657226731 -0.041825815186890387
    endloop
  endfacet
  facet normal 0.19348403839956407 -0.37545202546993039 -0.90642137190995375
    outer loop
      vertex 0.012940952255126037 -0.024148145657226731 -0.041825815186890387
      vertex 0.0065263096110025863 -0.024786121534345281 -0.042930821820063032
      vertex 0.0065263096110025863 -0.012830240614628527 -0.047883109847127431
    endloop
  endfacet
  facet normal 0.19348403839956424 -0.37545202546993045 -0.90642137190995387
    outer loop
      vertex 0.012940952255126037 -0.024148145657226731 -0.041825815186890387
      vertex 0.0065263096110025863 -0.012830240614628527 -0.047883109847127431
      vertex 0.012940952255126037 -0.012499999999999995 -0.046650635094610975
    endloop
  endfacet
  facet normal 0.19348403839956427 -0.12805969399569544 -0.97270994734212757
    outer loop
      vertex 0.012940952255126037 -0.012499999999999995 -0.046650635094610975
      vertex 0.0065263096110025863 -0.012830240614628527 -0.047883109847127431
      vertex 0.0065263096110025863 -9.1062733200939617e-18 -0.04957224306869052
    endloop
  endfacet
  facet normal 0.19348403839956457 -0.12805969399569531 -0.97270994734212768
    outer loop
      vertex 0.012940952255126037 -0.012499999999999995 -0.046650635094610975
      vertex 0.0065263096110025863 -9.1062733200939617e-18 -0.04957224306869052
      vertex 0.012940952255126037 -8.8718847853400232e-18 -0.04829629131445342
    endloop
  endfacet
  facet normal 0.19348403839956455 0.12805969399569492 -0.97270994734212779
    outer loop
      vertex 0.012940952255126037 -8.8718847853400232e-18 -0.04829629131445342
      vertex 0.0065263096110025863 -9.1062733200939617e-18 -0.04957224306869052
      vertex 0.0065263096110025863 0.012830240614628511 -0.047883109847127438
    endloop
  endfacet
  facet normal 0.19348403839956532 0.12805969399569531 -0.97270994734212757
    outer loop
      vertex 0.012940952255126037 -8.8718847853400232e-18 -0.04829629131445342
      vertex 0.0065263096110025863 0.012830240614628511 -0.047883109847127438
      vertex 0.012940952255126037 0.012499999999999978 -0.046650635094610975
    endloop
  endfacet
  facet normal 0.19348403839956524 0.37545202546992984 -0.90642137190995375
    outer loop
      vertex 0.012940952255126037 0.012499999999999978 -0.046650635094610975
      vertex 0.0065263096110025863 0.012830240614628511 -0.047883109847127438
      vertex 0.0065263096110025863 0.024786121534345267 -0.042930821820063046
    endloop
  endfacet
  facet normal 0.19348403839956499 0.37545202546992973 -0.90642137190995387
    outer loop
      vertex 0.012940952255126037 0.012499999999999978 -0.046650635094610975
      vertex 0.0065263096110025863 0.024786121534345267 -0.042930821820063046
      vertex 0.012940952255126037 0.024148145657226717 -0.041825815186890394
    endloop
  endfacet
  facet normal 0.19348403839956499 0.59725792187219762 -0.77836167791425837
    outer loop
      vertex 0.012940952255126037 0.024148145657226717 -0.041825815186890394
      vertex 0.0065263096110025863 0.024786121534345267 -0.042930821820063046
      vertex 0.0065263096110025863 0.035052869232498889 -0.035052869232498902
    endloop
  endfacet
  facet normal 0.19348403839956457 0.59725792187219751 -0.77836167791425859
    outer loop
      vertex 0.012940952255126037 0.024148145657226717 -0.041825815186890394
      vertex 0.0065263096110025863 0.035052869232498889 -0.035052869232498902
      vertex 0.012940952255126037 0.034150635094610964 -0.034150635094610977
    endloop
  endfacet
  facet normal 0.19348403839956449 0.77836167791425848 -0.59725792187219762
    outer loop
      vertex 0.012940952255126037 0.034150635094610964 -0.034150635094610977
      vertex 0.0065263096110025863 0.035052869232498889 -0.035052869232498902
      vertex 0.0065263096110025863 0.042930821820063032 -0.024786121534345281
    endloop
  endfacet
  facet normal 0.19348403839956418 0.77836167791425837 -0.59725792187219784
    outer loop
      vertex 0.012940952255126037 0.034150635094610964 -0.034150635094610977
      vertex 0.0065263096110025863 0.042930821820063032 -0.024786121534345281
      vertex 0.012940952255126037 0.041825815186890387 -0.024148145657226731
    endloop
  endfacet
  facet normal 0.19348403839956407 0.90642137190995364 -0.37545202546993073
    outer loop
      vertex 0.012940952255126037 0.041825815186890387 -0.024148145657226731
      vertex 0.0065263096110025863 0.042930821820063032 -0.024786121534345281
      vertex 0.0065263096110025863 0.047883109847127417 -0.012830240614628573
    endloop
  endfacet
  facet normal 0.19348403839956418 0.90642137190995364 -0.37545202546993073
    outer loop
      vertex 0.012940952255126037 0.041825815186890387 -0.024148145657226731
      vertex 0.0065263096110025863 0.047883109847127417 -0.012830240614628573
      vertex 0.012940952255126037 0.046650635094610961 -0.012500000000000041
    endloop
  endfacet
  facet normal 0.19348403839956427 0.97270994734212757 -0.12805969399569592
    outer loop
      vertex 0.012940952255126037 0.046650635094610961 -0.012500000000000041
      vertex 0.0065263096110025863 0.047883109847127417 -0.012830240614628573
      vertex 0.0065263096110025863 0.04957224306869052 0
    endloop
  endfacet
  facet normal 0.19348403839956443 0.97270994734212768 -0.12805969399569583
    outer loop
      vertex 0.012940952255126037 0.046650635094610961 -0.012500000000000041
      vertex 0.0065263096110025863 0.04957224306869052 0
      vertex 0.012940952255126037 0.04829629131445342 0
    endloop
  endfacet
  facet normal 0.064845959335906964 0.98935815336309163 0.13025147189870465
    outer loop
      vertex 0.0065263096110025863 0.04957224306869052 0
      vertex 3.0616169978683832e-18 0.050000000000000003 0
      vertex 3.0616169978683832e-18 0.04829629131445342 0.012940952255126037
    endloop
  endfacet
  facet normal 0.064845959335907116 0.98935815336309163 0.13025147189870473
    outer loop
      vertex 0.0065263096110025863 0.04957224306869052 0
      vertex 3.0616169978683832e-18 0.04829629131445342 0.012940952255126037
      vertex 0.0065263096110025863 0.047883109847127431 0.012830240614628534
    endloop
  endfacet
  facet normal 0.064845959335907033 0.92193503020305045 0.38187799313695248
    outer loop
      vertex 0.0065263096110025863 0.047883109847127431 0.012830240614628534
      vertex 3.0616169978683832e-18 0.04829629131445342 0.012940952255126037
      vertex 3.0616169978683832e-18 0.04330127018922194 0.024999999999999998
    endloop
  endfacet
  facet normal 0.064845959335906936 0.92193503020305045 0.38187799313695237
    outer loop
      vertex 0.0065263096110025863 0.047883109847127431 0.012830240614628534
      vertex 3.0616169978683832e-18 0.04330127018922194 0.024999999999999998
      vertex 0.0065263096110025863 0.042930821820063053 0.024786121534345257
    endloop
  endfacet
  facet normal 0.064845959335906908 0.79168355830434567 0.60748016022613904
    outer loop
      vertex 0.0065263096110025863 0.042930821820063053 0.024786121534345257
      vertex 3.0616169978683832e-18 0.04330127018922194 0.024999999999999998
      vertex 3.0616169978683832e-18 0.035355339059327383 0.035355339059327376
    endloop
  endfacet
  facet normal 0.064845959335907866 0.79168355830434534 0.60748016022613949
    outer loop
      vertex 0.0065263096110025863 0.042930821820063053 0.024786121534345257
      vertex 3.0616169978683832e-18 0.035355339059327383 0.035355339059327376
      vertex 0.0065263096110025863 0.035052869232498896 0.035052869232498889
    endloop
  endfacet
  facet normal 0.064845959335907838 0.60748016022613927 0.79168355830434545
    outer loop
      vertex 0.0065263096110025863 0.035052869232498896 0.035052869232498889
      vertex 3.0616169978683832e-18 0.035355339059327383 0.035355339059327376
      vertex 3.0616169978683832e-18 0.025000000000000008 0.043301270189221933
    endloop
  endfacet
  facet normal 0.064845959335906755 0.6074801602261396 0.79168355830434534
    outer loop
      vertex 0.0065263096110025863 0.035052869232498896 0.035052869232498889
      vertex 3.0616169978683832e-18 0.025000000000000008 0.043301270189221933
      vertex 0.0065263096110025863 0.024786121534345267 0.042930821820063046
    endloop
  endfacet
  facet normal 0.064845959335906894 0.38187799313695259 0.92193503020305034
    outer loop
      vertex 0.0065263096110025863 0.024786121534345267 0.042930821820063046
      vertex 3.0616169978683832e-18 0.025000000000000008 0.043301270189221933
      vertex 3.0616169978683832e-18 0.012940952255126037 0.04829629131445342
    endloop
  endfacet
  facet normal 0.064845959335907033 0.38187799313695253 0.92193503020305045
    outer loop
      vertex 0.0065263096110025863 0.024786121534345267 0.042930821820063046
      vertex 3.0616169978683832e-18 0.012940952255126037 0.04829629131445342
      vertex 0.0065263096110025863 0.012830240614628534 0.047883109847127431
    endloop
  endfacet
  facet normal 0.064845959335907102 0.1302514718987047 0.98935815336309163
    outer loop
      vertex 0.0065263096110025863 0.012830240614628534 0.047883109847127431
      vertex 3.0616169978683832e-18 0.012940952255126037 0.04829629131445342
      vertex 3.0616169978683832e-18 3.0616169978683832e-18 0.050000000000000003
    endloop
  endfacet
  facet normal 0.064845959335906977 0.13025147189870478 0.98935815336309174
    outer loop
      vertex 0.0065263096110025863 0.012830240614628534 0.047883109847127431
      vertex 3.0616169978683832e-18 3.0616169978683832e-18 0.050000000000000003
      vertex 0.0065263096110025863 3.0354244400313206e-18 0.04957224306869052
    endloop
  endfacet
  facet normal 0.064845959335906977 -0.1302514718987047 0.98935815336309174
    outer loop
      vertex 0.0065263096110025863 3.0354244400313206e-18 0.04957224306869052
      vertex 3.0616169978683832e-18 3.0616169978683832e-18 0.050000000000000003
      vertex 3.0616169978683832e-18 -0.012940952255126032 0.04829629131445342
    endloop
  endfacet
  facet normal 0.064845959335907144 -0.13025147189870478 0.98935815336309174
    outer loop
      vertex 0.0065263096110025863 3.0354244400313206e-18 0.04957224306869052
      vertex 3.0616169978683832e-18 -0.012940952255126032 0.04829629131445342
      vertex 0.0065263096110025863 -0.012830240614628527 0.047883109847127431
    endloop
  endfacet
  facet normal 0.064845959335907144 -0.38187799313695253 0.92193503020305045
    outer loop
      vertex 0.0065263096110025863 -0.012830240614628527 0.047883109847127431
      vertex 3.0616169978683832e-18 -0.012940952255126032 0.04829629131445342
      vertex 3.0616169978683832e-18 -0.024999999999999991 0.04330127018922194
    endloop
  endfacet
  facet normal 0.064845959335906936 -0.38187799313695237 0.92193503020305045
    outer loop
      vertex 0.0065263096110025863 -0.012830240614628527 0.047883109847127431
      vertex 3.0616169978683832e-18 -0.024999999999999991 0.04330127018922194
      vertex 0.0065263096110025863 -0.02478612153434525 0.042930821820063053
    endloop
  endfacet
  facet normal 0.064845959335906922 -0.60748016022613882 0.79168355830434589
    outer loop
      vertex 0.0065263096110025863 -0.02478612153434525 0.042930821820063053
      vertex 3.0616169978683832e-18 -0.024999999999999991 0.04330127018922194
      vertex 3.0616169978683832e-18 -0.035355339059327376 0.035355339059327383
    endloop
  endfacet
  facet normal 0.064845959335907824 -0.60748016022613915 0.79168355830434545
    outer loop
      vertex 0.0065263096110025863 -0.02478612153434525 0.042930821820063053
      vertex 3.0616169978683832e-18 -0.035355339059327376 0.035355339059327383
      vertex 0.0065263096110025863 -0.035052869232498889 0.035052869232498896
    endloop
  endfacet
  facet normal 0.064845959335907852 -0.79168355830434545 0.60748016022613927
    outer loop
      vertex 0.0065263096110025863 -0.035052869232498889 0.035052869232498896
      vertex 3.0616169978683832e-18 -0.035355339059327376 0.035355339059327383
      vertex 3.0616169978683832e-18 -0.04330127018922194 0.024999999999999998
    endloop
  endfacet
  facet normal 0.064845959335906866 -0.79168355830434534 0.60748016022613949
    outer loop
      vertex 0.0065263096110025863 -0.035052869232498889 0.035052869232498896
      vertex 3.0616169978683832e-18 -0.04330127018922194 0.024999999999999998
      vertex 0.0065263096110025863 -0.042930821820063053 0.024786121534345257
    endloop
  endfacet
  facet normal 0.064845959335906908 -0.92193503020305057 0.38187799313695237
    outer loop
      vertex 0.0065263096110025863 -0.042930821820063053 0.024786121534345257
      vertex 3.0616169978683832e-18 -0.04330127018922194 0.024999999999999998
      vertex 3.0616169978683832e-18 -0.048296291314453413 0.012940952255126051
    endloop
  endfacet
  facet normal 0.064845959335907005 -0.92193503020305057 0.3818779931369522
    outer loop
      vertex 0.0065263096110025863 -0.042930821820063053 0.024786121534345257
      vertex 3.0616169978683832e-18 -0.048296291314453413 0.012940952255126051
      vertex 0.0065263096110025863 -0.047883109847127424 0.012830240614628547
    endloop
  endfacet
  facet normal 0.064845959335907102 -0.98935815336309163 0.13025147189870512
    outer loop
      vertex 0.0065263096110025863 -0.047883109847127424 0.012830240614628547
      vertex 3.0616169978683832e-18 -0.048296291314453413 0.012940952255126051
      vertex 3.0616169978683832e-18 -0.050000000000000003 6.1232339957367663e-18
    endloop
  endfacet
  facet normal 0.064845959335906991 -0.98935815336309163 0.13025147189870517
    outer loop
      vertex 0.0065263096110025863 -0.047883109847127424 0.012830240614628547
      vertex 3.0616169978683832e-18 -0.050000000000000003 6.1232339957367663e-18
      vertex 0.0065263096110025863 -0.04957224306869052 6.0708488800626411e-18
    endloop
  endfacet
  facet normal 0.06484595933590695 -0.98935815336309163 -0.13025147189870456
    outer loop
      vertex 0.0065263096110025863 -0.04957224306869052 6.0708488800626411e-18
      vertex 3.0616169978683832e-18 -0.050000000000000003 6.1232339957367663e-18
      vertex 3.0616169978683832e-18 -0.04829629131445342 -0.01294095225512604
    endloop
  endfacet
  facet normal 0.064845959335907116 -0.98935815336309163 -0.13025147189870467
    outer loop
      vertex 0.0065263096110025863 -0.04957224306869052 6.0708488800626411e-18
      vertex 3.0616169978683832e-18 -0.04829629131445342 -0.01294095225512604
      vertex 0.0065263096110025863 -0.047883109847127431 -0.012830240614628535
    endloop
  endfacet
  facet normal 0.064845959335907144 -0.92193503020305057 -0.38187799313695237
    outer loop
      vertex 0.0065263096110025863 -0.047883109847127431 -0.012830240614628535
      vertex 3.0616169978683832e-18 -0.04829629131445342 -0.01294095225512604
      vertex 3.0616169978683832e-18 -0.043301270189221946 -0.024999999999999988
    endloop
  endfacet
  facet normal 0.064845959335907866 -0.92193503020305023 -0.38187799313695264
    outer loop
      vertex 0.0065263096110025863 -0.047883109847127431 -0.012830240614628535
      vertex 3.0616169978683832e-18 -0.043301270189221946 -0.024999999999999988
      vertex 0.0065263096110025863 -0.042930821820063053 -0.024786121534345246
    endloop
  endfacet
  facet normal 0.064845959335907741 -0.79168355830434556 -0.60748016022613904
    outer loop
      vertex 0.0065263096110025863 -0.042930821820063053 -0.024786121534345246
      vertex 3.0616169978683832e-18 -0.043301270189221946 -0.024999999999999988
      vertex 3.0616169978683832e-18 -0.035355339059327397 -0.035355339059327355
    endloop
  endfacet
  facet normal 0.064845959335906339 -0.79168355830434611 -0.6074801602261386
    outer loop
      vertex 0.0065263096110025863 -0.042930821820063053 -0.024786121534345246
      vertex 3.0616169978683832e-18 -0.035355339059327397 -0.035355339059327355
      vertex 0.0065263096110025863 -0.035052869232498916 -0.035052869232498875
    endloop
  endfacet
  facet normal 0.064845959335906381 -0.6074801602261396 -0.79168355830434534
    outer loop
      vertex 0.0065263096110025863 -0.035052869232498916 -0.035052869232498875
      vertex 3.0616169978683832e-18 -0.035355339059327397 -0.035355339059327355
      vertex 3.0616169978683832e-18 -0.025000000000000022 -0.043301270189221919
    endloop
  endfacet
  facet normal 0.064845959335906894 -0.60748016022613938 -0.79168355830434545
    outer loop
      vertex 0.0065263096110025863 -0.035052869232498916 -0.035052869232498875
      vertex 3.0616169978683832e-18 -0.025000000000000022 -0.043301270189221919
      vertex 0.0065263096110025863 -0.024786121534345281 -0.042930821820063032
    endloop
  endfacet
  facet normal 0.064845959335906908 -0.38187799313695303 -0.92193503020305023
    outer loop
      vertex 0.0065263096110025863 -0.024786121534345281 -0.042930821820063032
      vertex 3.0616169978683832e-18 -0.025000000000000022 -0.043301270189221919
      vertex 3.0616169978683832e-18 -0.012940952255126032 -0.04829629131445342
    endloop
  endfacet
  facet normal 0.064845959335907075 -0.38187799313695292 -0.92193503020305034
    outer loop
      vertex 0.0065263096110025863 -0.024786121534345281 -0.042930821820063032
      vertex 3.0616169978683832e-18 -0.012940952255126032 -0.04829629131445342
      vertex 0.0065263096110025863 -0.012830240614628527 -0.047883109847127431
    endloop
  endfacet
  facet normal 0.064845959335907116 -0.13025147189870478 -0.98935815336309163
    outer loop
      vertex 0.0065263096110025863 -0.012830240614628527 -0.047883109847127431
      vertex 3.0616169978683832e-18 -0.012940952255126032 -0.04829629131445342
      vertex 3.0616169978683832e-18 -9.1848509936051487e-18 -0.050000000000000003
    endloop
  endfacet
  facet normal 0.06484595933590695 -0.1302514718987049 -0.98935815336309174
    outer loop
      vertex 0.0065263096110025863 -0.012830240614628527 -0.047883109847127431
      vertex 3.0616169978683832e-18 -9.1848509936051487e-18 -0.050000000000000003
      vertex 0.0065263096110025863 -9.1062733200939617e-18 -0.04957224306869052
    endloop
  endfacet
  facet normal 0.064845959335906977 0.13025147189870426 -0.98935815336309174
    outer loop
      vertex 0.0065263096110025863 -9.1062733200939617e-18 -0.04957224306869052
      vertex 3.0616169978683832e-18 -9.1848509936051487e-18 -0.050000000000000003
      vertex 3.0616169978683832e-18 0.012940952255126016 -0.048296291314453427
    endloop
  endfacet
  facet normal 0.064845959335907116 0.13025147189870434 -0.98935815336309174
    outer loop
      vertex 0.0065263096110025863 -9.1062733200939617e-18 -0.04957224306869052
      vertex 3.0616169978683832e-18 0.012940952255126016 -0.048296291314453427
      vertex 0.0065263096110025863 0.012830240614628511 -0.047883109847127438
    endloop
  endfacet
  facet normal 0.06484595933590713 0.38187799313695253 -0.92193503020305045
    outer loop
      vertex 0.0065263096110025863 0.012830240614628511 -0.047883109847127438
      vertex 3.0616169978683832e-18 0.012940952255126016 -0.048296291314453427
      vertex 3.0616169978683832e-18 0.025000000000000008 -0.043301270189221933
    endloop
  endfacet
  facet normal 0.064845959335906922 0.38187799313695237 -0.92193503020305057
    outer loop
      vertex 0.0065263096110025863 0.012830240614628511 -0.047883109847127438
      vertex 3.0616169978683832e-18 0.025000000000000008 -0.043301270189221933
      vertex 0.0065263096110025863 0.024786121534345267 -0.042930821820063046
    endloop
  endfacet
  facet normal 0.064845959335906908 0.60748016022613949 -0.79168355830434545
    outer loop
      vertex 0.0065263096110025863 0.024786121534345267 -0.042930821820063046
      vertex 3.0616169978683832e-18 0.025000000000000008 -0.043301270189221933
      vertex 3.0616169978683832e-18 0.035355339059327369 -0.035355339059327383
    endloop
  endfacet
  facet normal 0.064845959335906353 0.60748016022613915 -0.79168355830434556
    outer loop
      vertex 0.0065263096110025863 0.024786121534345267 -0.042930821820063046
      vertex 3.0616169978683832e-18 0.035355339059327369 -0.035355339059327383
      vertex 0.0065263096110025863 0.035052869232498889 -0.035052869232498902
    endloop
  endfacet
  facet normal 0.064845959335906381 0.79168355830434545 -0.6074801602261396
    outer loop
      vertex 0.0065263096110025863 0.035052869232498889 -0.035052869232498902
      vertex 3.0616169978683832e-18 0.035355339059327369 -0.035355339059327383
      vertex 3.0616169978683832e-18 0.043301270189221919 -0.025000000000000022
    endloop
  endfacet
  facet normal 0.064845959335906991 0.79168355830434556 -0.60748016022613915
    outer loop
      vertex 0.0065263096110025863 0.035052869232498889 -0.035052869232498902
      vertex 3.0616169978683832e-18 0.043301270189221919 -0.025000000000000022
      vertex 0.0065263096110025863 0.042930821820063032 -0.024786121534345281
    endloop
  endfacet
  facet normal 0.064845959335906908 0.92193503020305012 -0.38187799313695331
    outer loop
      vertex 0.0065263096110025863 0.042930821820063032 -0.024786121534345281
      vertex 3.0616169978683832e-18 0.043301270189221919 -0.025000000000000022
      vertex 3.0616169978683832e-18 0.048296291314453406 -0.012940952255126079
    endloop
  endfacet
  facet normal 0.064845959335907227 0.92193503020305012 -0.3818779931369532
    outer loop
      vertex 0.0065263096110025863 0.042930821820063032 -0.024786121534345281
      vertex 3.0616169978683832e-18 0.048296291314453406 -0.012940952255126079
      vertex 0.0065263096110025863 0.047883109847127417 -0.012830240614628573
    endloop
  endfacet
  facet normal 0.064845959335907144 0.98935815336309163 -0.13025147189870528
    outer loop
      vertex 0.0065263096110025863 0.047883109847127417 -0.012830240614628573
      vertex 3.0616169978683832e-18 0.048296291314453406 -0.012940952255126079
      vertex 3.0616169978683832e-18 0.050000000000000003 0
    endloop
  endfacet
  facet normal 0.06484595933590695 0.98935815336309163 -0.1302514718987054
    outer loop
      vertex 0.0065263096110025863 0.047883109847127417 -0.012830240614628573
      vertex 3.0616169978683832e-18 0.050000000000000003 0
      vertex 0.0065263096110025863 0.04957224306869052 0
    endloop
  endfacet
  facet normal -0.9978219344369067 -0.065400704855994557 -0.0086101661382677851
    outer loop
      vertex 0.048000000000000001 0 0
      vertex 0.0475893533459429 0.0060517737634809164 0.0016215678927005675
      vertex 0.0475893533459429 0.006265257226562476 0
    endloop
  endfacet
  facet normal -0.9978219344369067 -0.060943754899833461 -0.025243729821452791
    outer loop
      vertex 0.048000000000000001 0 0
      vertex 0.0475893533459429 0.0054258719194471405 0.0031326286132812376
      vertex 0.0475893533459429 0.0060517737634809164 0.0016215678927005675
    endloop
  endfacet
  facet normal -0.9978219344369067 -0.052333588761565686 -0.04015697503454177
    outer loop
      vertex 0.048000000000000001 0 0
      vertex 0.0475893533459429 0.0044302058707803484 0.0044302058707803476
      vertex 0.0475893533459429 0.0054258719194471405 0.0031326286132812376
    endloop
  endfacet
  facet normal -0.9978219344369067 -0.040156975034541811 -0.052333588761565665
    outer loop
      vertex 0.048000000000000001 0 0
      vertex 0.0475893533459429 0.0031326286132812389 0.0054258719194471405
      vertex 0.0475893533459429 0.0044302058707803484 0.0044302058707803476
    endloop
  endfacet
  facet normal -0.99782193443690681 -0.02524372982145278 -0.060943754899833495
    outer loop
      vertex 0.048000000000000001 0 0
      vertex 0.0475893533459429 0.0016215678927005675 0.0060517737634809164
      vertex 0.0475893533459429 0.0031326286132812389 0.0054258719194471405
    endloop
  endfacet
  facet normal -0.9978219344369067 -0.0086101661382677868 -0.065400704855994557
    outer loop
      vertex 0.048000000000000001 0 0
      vertex 0.0475893533459429 3.8363636041722798e-19 0.006265257226562476
      vertex 0.0475893533459429 0.0016215678927005675 0.0060517737634809164
    endloop
  endfacet
  facet normal -0.9978219344369067 0.0086101661382677885 -0.065400704855994557
    outer loop
      vertex 0.048000000000000001 0 0
      vertex 0.0475893533459429 -0.0016215678927005669 0.0060517737634809164
      vertex 0.0475893533459429 3.8363636041722798e-19 0.006265257226562476
    endloop
  endfacet
  facet normal -0.99782193443690681 0.025243729821452805 -0.060943754899833502
    outer loop
      vertex 0.048000000000000001 0 0
      vertex 0.0475893533459429 -0.0031326286132812367 0.0054258719194471405
      vertex 0.0475893533459429 -0.0016215678927005669 0.0060517737634809164
    endloop
  endfacet
  facet normal -0.9978219344369067 0.040156975034541749 -0.052333588761565679
    outer loop
      vertex 0.048000000000000001 0 0
      vertex 0.0475893533459429 -0.0044302058707803476 0.0044302058707803484
      vertex 0.0475893533459429 -0.0031326286132812367 0.0054258719194471405
    endloop
  endfacet
  facet normal -0.9978219344369067 0.052333588761565693 -0.040156975034541784
    outer loop
      vertex 0.048000000000000001 0 0
      vertex 0.0475893533459429 -0.0054258719194471405 0.0031326286132812376
      vertex 0.0475893533459429 -0.0044302058707803476 0.0044302058707803484
    endloop
  endfacet
  facet normal -0.99782193443690681 0.060943754899833488 -0.025243729821452787
    outer loop
      vertex 0.048000000000000001 0 0
      vertex 0.0475893533459429 -0.0060517737634809155 0.0016215678927005693
      vertex 0.0475893533459429 -0.0054258719194471405 0.0031326286132812376
    endloop
  endfacet
  facet normal -0.9978219344369067 0.065400704855994557 -0.0086101661382678232
    outer loop
      vertex 0.048000000000000001 0 0
      vertex 0.0475893533459429 -0.006265257226562476 7.6727272083445597e-19
      vertex 0.0475893533459429 -0.0060517737634809155 0.0016215678927005693
    endloop
  endfacet
  facet normal -0.9978219344369067 0.065400704855994557 0.0086101661382677799
    outer loop
      vertex 0.048000000000000001 0 0
      vertex 0.0475893533459429 -0.0060517737634809164 -0.0016215678927005677
      vertex 0.0475893533459429 -0.006265257226562476 7.6727272083445597e-19
    endloop
  endfacet
  facet normal -0.9978219344369067 0.060943754899833467 0.025243729821452815
    outer loop
      vertex 0.048000000000000001 0 0
      vertex 0.0475893533459429 -0.0054258719194471413 -0.0031326286132812363
      vertex 0.0475893533459429 -0.0060517737634809164 -0.0016215678927005677
    endloop
  endfacet
  facet normal -0.9978219344369067 0.052333588761565686 0.0401569750345417
    outer loop
      vertex 0.048000000000000001 0 0
      vertex 0.0475893533459429 -0.004430205870780351 -0.0044302058707803458
      vertex 0.0475893533459429 -0.0054258719194471413 -0.0031326286132812363
    endloop
  endfacet
  facet normal -0.9978219344369067 0.040156975034541791 0.052333588761565679
    outer loop
      vertex 0.048000000000000001 0 0
      vertex 0.0475893533459429 -0.0031326286132812406 -0.0054258719194471387
      vertex 0.0475893533459429 -0.004430205870780351 -0.0044302058707803458
    endloop
  endfacet
  facet normal -0.9978219344369067 0.025243729821452818 0.060943754899833481
    outer loop
      vertex 0.048000000000000001 0 0
      vertex 0.0475893533459429 -0.0016215678927005669 -0.0060517737634809164
      vertex 0.0475893533459429 -0.0031326286132812406 -0.0054258719194471387
    endloop
  endfacet
  facet normal -0.9978219344369067 0.0086101661382677955 0.065400704855994557
    outer loop
      vertex 0.048000000000000001 0 0
      vertex 0.0475893533459429 -1.1509090812516839e-18 -0.006265257226562476
      vertex 0.0475893533459429 -0.0016215678927005669 -0.0060517737634809164
    endloop
  endfacet
  facet normal -0.9978219344369067 -0.0086101661382677955 0.065400704855994557
    outer loop
      vertex 0.048000000000000001 0 0
      vertex 0.0475893533459429 0.0016215678927005647 -0.0060517737634809164
      vertex 0.0475893533459429 -1.1509090812516839e-18 -0.006265257226562476
    endloop
  endfacet
  facet normal -0.9978219344369067 -0.025243729821452735 0.060943754899833502
    outer loop
      vertex 0.048000000000000001 0 0
      vertex 0.0475893533459429 0.0031326286132812389 -0.0054258719194471405
      vertex 0.0475893533459429 0.0016215678927005647 -0.0060517737634809164
    endloop
  endfacet
  facet normal -0.9978219344369067 -0.040156975034541784 0.052333588761565665
    outer loop
      vertex 0.048000000000000001 0 0
      vertex 0.0475893533459429 0.0044302058707803476 -0.0044302058707803493
      vertex 0.0475893533459429 0.0031326286132812389 -0.0054258719194471405
    endloop
  endfacet
  facet normal -0.9978219344369067 -0.052333588761565672 0.04015697503454177
    outer loop
      vertex 0.048000000000000001 0 0
      vertex 0.0475893533459429 0.0054258719194471387 -0.0031326286132812406
      vertex 0.0475893533459429 0.0044302058707803476 -0.0044302058707803493
    endloop
  endfacet
  facet normal -0.99782193443690681 -0.060943754899833461 0.025243729821452825
    outer loop
      vertex 0.048000000000000001 0 0
      vertex 0.0475893533459429 0.0060517737634809146 -0.0016215678927005727
      vertex 0.0475893533459429 0.0054258719194471387 -0.0031326286132812406
    endloop
  endfacet
  facet normal -0.9978219344369067 -0.065400704855994557 0.0086101661382678406
    outer loop
      vertex 0.048000000000000001 0 0
      vertex 0.0475893533459429 0.006265257226562476 0
      vertex 0.0475893533459429 0.0060517737634809146 -0.0016215678927005727
    endloop
  endfacet
  facet normal -0.98046194087886074 -0.19502600578586865 -0.025675660756203516
    outer loop
      vertex 0.0475893533459429 0.006265257226562476 0
      vertex 0.046364439661875277 0.012 0.0032153903091734722
      vertex 0.046364439661875277 0.012423314164920997 0
    endloop
  endfacet
  facet normal -0.98046194087886085 -0.19502600578586871 -0.025675660756203485
    outer loop
      vertex 0.0475893533459429 0.006265257226562476 0
      vertex 0.0475893533459429 0.0060517737634809164 0.0016215678927005675
      vertex 0.046364439661875277 0.012 0.0032153903091734722
    endloop
  endfacet
  facet normal -0.98046194087886074 -0.18173530578727495 -0.075277228419110845
    outer loop
      vertex 0.0475893533459429 0.0060517737634809164 0.0016215678927005675
      vertex 0.046364439661875277 0.010758905666016644 0.0062116570824604974
      vertex 0.046364439661875277 0.012 0.0032153903091734722
    endloop
  endfacet
  facet normal -0.98046194087886085 -0.18173530578727487 -0.075277228419110942
    outer loop
      vertex 0.0475893533459429 0.0060517737634809164 0.0016215678927005675
      vertex 0.0475893533459429 0.0054258719194471405 0.0031326286132812376
      vertex 0.046364439661875277 0.010758905666016644 0.0062116570824604974
    endloop
  endfacet
  facet normal -0.98046194087886074 -0.15605964503107136 -0.11974877736675775
    outer loop
      vertex 0.0475893533459429 0.0054258719194471405 0.0031326286132812376
      vertex 0.046364439661875277 0.0087846096908265284 0.0087846096908265267
      vertex 0.046364439661875277 0.010758905666016644 0.0062116570824604974
    endloop
  endfacet
  facet normal -0.98046194087886074 -0.15605964503107134 -0.11974877736675772
    outer loop
      vertex 0.0475893533459429 0.0054258719194471405 0.0031326286132812376
      vertex 0.0475893533459429 0.0044302058707803484 0.0044302058707803476
      vertex 0.046364439661875277 0.0087846096908265284 0.0087846096908265267
    endloop
  endfacet
  facet normal -0.98046194087886074 -0.11974877736675774 -0.15605964503107134
    outer loop
      vertex 0.0475893533459429 0.0044302058707803484 0.0044302058707803476
      vertex 0.046364439661875277 0.0062116570824605 0.010758905666016642
      vertex 0.046364439661875277 0.0087846096908265284 0.0087846096908265267
    endloop
  endfacet
  facet normal -0.98046194087886085 -0.11974877736675786 -0.15605964503107134
    outer loop
      vertex 0.0475893533459429 0.0044302058707803484 0.0044302058707803476
      vertex 0.0475893533459429 0.0031326286132812389 0.0054258719194471405
      vertex 0.046364439661875277 0.0062116570824605 0.010758905666016642
    endloop
  endfacet
  facet normal -0.98046194087886074 -0.075277228419110859 -0.1817353057872749
    outer loop
      vertex 0.0475893533459429 0.0031326286132812389 0.0054258719194471405
      vertex 0.046364439661875277 0.0032153903091734722 0.012
      vertex 0.046364439661875277 0.0062116570824605 0.010758905666016642
    endloop
  endfacet
  facet normal -0.98046194087886085 -0.075277228419110914 -0.18173530578727495
    outer loop
      vertex 0.0475893533459429 0.0031326286132812389 0.0054258719194471405
      vertex 0.0475893533459429 0.0016215678927005675 0.0060517737634809164
      vertex 0.046364439661875277 0.0032153903091734722 0.012
    endloop
  endfacet
  facet normal -0.98046194087886074 -0.025675660756203526 -0.19502600578586868
    outer loop
      vertex 0.0475893533459429 0.0016215678927005675 0.0060517737634809164
      vertex 0.046364439661875277 7.6070859634362358e-19 0.012423314164920997
      vertex 0.046364439661875277 0.0032153903091734722 0.012
    endloop
  endfacet
  facet normal -0.98046194087886085 -0.025675660756203485 -0.19502600578586865
    outer loop
      vertex 0.0475893533459429 0.0016215678927005675 0.0060517737634809164
      vertex 0.0475893533459429 3.8363636041722798e-19 0.006265257226562476
      vertex 0.046364439661875277 7.6070859634362358e-19 0.012423314164920997
    endloop
  endfacet
  facet normal -0.98046194087886074 0.025675660756203519 -0.19502600578586865
    outer loop
      vertex 0.0475893533459429 3.8363636041722798e-19 0.006265257226562476
      vertex 0.046364439661875277 -0.0032153903091734709 0.012
      vertex 0.046364439661875277 7.6070859634362358e-19 0.012423314164920997
    endloop
  endfacet
  facet normal -0.98046194087886085 0.025675660756203485 -0.19502600578586871
    outer loop
      vertex 0.0475893533459429 3.8363636041722798e-19 0.006265257226562476
      vertex 0.0475893533459429 -0.0016215678927005669 0.0060517737634809164
      vertex 0.046364439661875277 -0.0032153903091734709 0.012
    endloop
  endfacet
  facet normal -0.98046194087886074 0.075277228419110873 -0.18173530578727498
    outer loop
      vertex 0.0475893533459429 -0.0016215678927005669 0.0060517737634809164
      vertex 0.046364439661875277 -0.0062116570824604957 0.010758905666016644
      vertex 0.046364439661875277 -0.0032153903091734709 0.012
    endloop
  endfacet
  facet normal -0.98046194087886074 0.075277228419110942 -0.18173530578727484
    outer loop
      vertex 0.0475893533459429 -0.0016215678927005669 0.0060517737634809164
      vertex 0.0475893533459429 -0.0031326286132812367 0.0054258719194471405
      vertex 0.046364439661875277 -0.0062116570824604957 0.010758905666016644
    endloop
  endfacet
  facet normal -0.98046194087886074 0.11974877736675771 -0.15605964503107142
    outer loop
      vertex 0.0475893533459429 -0.0031326286132812367 0.0054258719194471405
      vertex 0.046364439661875277 -0.0087846096908265267 0.0087846096908265284
      vertex 0.046364439661875277 -0.0062116570824604957 0.010758905666016644
    endloop
  endfacet
  facet normal -0.98046194087886085 0.11974877736675771 -0.15605964503107142
    outer loop
      vertex 0.0475893533459429 -0.0031326286132812367 0.0054258719194471405
      vertex 0.0475893533459429 -0.0044302058707803476 0.0044302058707803484
      vertex 0.046364439661875277 -0.0087846096908265267 0.0087846096908265284
    endloop
  endfacet
  facet normal -0.98046194087886074 0.15605964503107136 -0.11974877736675779
    outer loop
      vertex 0.0475893533459429 -0.0044302058707803476 0.0044302058707803484
      vertex 0.046364439661875277 -0.010758905666016644 0.0062116570824604974
      vertex 0.046364439661875277 -0.0087846096908265267 0.0087846096908265284
    endloop
  endfacet
  facet normal -0.98046194087886085 0.15605964503107136 -0.11974877736675776
    outer loop
      vertex 0.0475893533459429 -0.0044302058707803476 0.0044302058707803484
      vertex 0.0475893533459429 -0.0054258719194471405 0.0031326286132812376
      vertex 0.046364439661875277 -0.010758905666016644 0.0062116570824604974
    endloop
  endfacet
  facet normal -0.98046194087886074 0.18173530578727493 -0.075277228419110845
    outer loop
      vertex 0.0475893533459429 -0.0054258719194471405 0.0031326286132812376
      vertex 0.046364439661875277 -0.011999999999999999 0.0032153903091734757
      vertex 0.046364439661875277 -0.010758905666016644 0.0062116570824604974
    endloop
  endfacet
  facet normal -0.98046194087886085 0.18173530578727493 -0.075277228419110956
    outer loop
      vertex 0.0475893533459429 -0.0054258719194471405 0.0031326286132812376
      vertex 0.0475893533459429 -0.0060517737634809155 0.0016215678927005693
      vertex 0.046364439661875277 -0.011999999999999999 0.0032153903091734757
    endloop
  endfacet
  facet normal -0.98046194087886063 0.19502600578586865 -0.025675660756203623
    outer loop
      vertex 0.0475893533459429 -0.0060517737634809155 0.0016215678927005693
      vertex 0.046364439661875277 -0.012423314164920997 1.5214171926872472e-18
      vertex 0.046364439661875277 -0.011999999999999999 0.0032153903091734757
    endloop
  endfacet
  facet normal -0.98046194087886074 0.19502600578586862 -0.025675660756203561
    outer loop
      vertex 0.0475893533459429 -0.0060517737634809155 0.0016215678927005693
      vertex 0.0475893533459429 -0.006265257226562476 7.6727272083445597e-19
      vertex 0.046364439661875277 -0.012423314164920997 1.5214171926872472e-18
    endloop
  endfacet
  facet normal -0.98046194087886074 0.19502600578586868 0.025675660756203502
    outer loop
      vertex 0.0475893533459429 -0.006265257226562476 7.6727272083445597e-19
      vertex 0.046364439661875277 -0.012 -0.0032153903091734727
      vertex 0.046364439661875277 -0.012423314164920997 1.5214171926872472e-18
    endloop
  endfacet
  facet normal -0.98046194087886085 0.19502600578586871 0.02567566075620346
    outer loop
      vertex 0.0475893533459429 -0.006265257226562476 7.6727272083445597e-19
      vertex 0.0475893533459429 -0.0060517737634809164 -0.0016215678927005677
      vertex 0.046364439661875277 -0.012 -0.0032153903091734727
    endloop
  endfacet
  facet normal -0.98046194087886074 0.18173530578727493 0.075277228419110928
    outer loop
      vertex 0.0475893533459429 -0.0060517737634809164 -0.0016215678927005677
      vertex 0.046364439661875277 -0.010758905666016644 -0.0062116570824604948
      vertex 0.046364439661875277 -0.012 -0.0032153903091734727
    endloop
  endfacet
  facet normal -0.98046194087886085 0.18173530578727493 0.075277228419110942
    outer loop
      vertex 0.0475893533459429 -0.0060517737634809164 -0.0016215678927005677
      vertex 0.0475893533459429 -0.0054258719194471413 -0.0031326286132812363
      vertex 0.046364439661875277 -0.010758905666016644 -0.0062116570824604948
    endloop
  endfacet
  facet normal -0.98046194087886074 0.15605964503107148 0.11974877736675769
    outer loop
      vertex 0.0475893533459429 -0.0054258719194471413 -0.0031326286132812363
      vertex 0.046364439661875277 -0.0087846096908265319 -0.0087846096908265232
      vertex 0.046364439661875277 -0.010758905666016644 -0.0062116570824604948
    endloop
  endfacet
  facet normal -0.98046194087886085 0.1560596450310715 0.11974877736675768
    outer loop
      vertex 0.0475893533459429 -0.0054258719194471413 -0.0031326286132812363
      vertex 0.0475893533459429 -0.004430205870780351 -0.0044302058707803458
      vertex 0.046364439661875277 -0.0087846096908265319 -0.0087846096908265232
    endloop
  endfacet
  facet normal -0.98046194087886074 0.11974877736675778 0.15605964503107134
    outer loop
      vertex 0.0475893533459429 -0.004430205870780351 -0.0044302058707803458
      vertex 0.046364439661875277 -0.0062116570824605035 -0.010758905666016639
      vertex 0.046364439661875277 -0.0087846096908265319 -0.0087846096908265232
    endloop
  endfacet
  facet normal -0.98046194087886085 0.11974877736675783 0.15605964503107139
    outer loop
      vertex 0.0475893533459429 -0.004430205870780351 -0.0044302058707803458
      vertex 0.0475893533459429 -0.0031326286132812406 -0.0054258719194471387
      vertex 0.046364439661875277 -0.0062116570824605035 -0.010758905666016639
    endloop
  endfacet
  facet normal -0.98046194087886085 0.075277228419110942 0.18173530578727493
    outer loop
      vertex 0.0475893533459429 -0.0031326286132812406 -0.0054258719194471387
      vertex 0.046364439661875277 -0.0032153903091734709 -0.012
      vertex 0.046364439661875277 -0.0062116570824605035 -0.010758905666016639
    endloop
  endfacet
  facet normal -0.98046194087886074 0.075277228419110997 0.18173530578727493
    outer loop
      vertex 0.0475893533459429 -0.0031326286132812406 -0.0054258719194471387
      vertex 0.0475893533459429 -0.0016215678927005669 -0.0060517737634809164
      vertex 0.046364439661875277 -0.0032153903091734709 -0.012
    endloop
  endfacet
  facet normal -0.98046194087886074 0.025675660756203547 0.19502600578586868
    outer loop
      vertex 0.0475893533459429 -0.0016215678927005669 -0.0060517737634809164
      vertex 0.046364439661875277 -2.2821257890308706e-18 -0.012423314164920997
      vertex 0.046364439661875277 -0.0032153903091734709 -0.012
    endloop
  endfacet
  facet normal -0.98046194087886085 0.025675660756203506 0.19502600578586865
    outer loop
      vertex 0.0475893533459429 -0.0016215678927005669 -0.0060517737634809164
      vertex 0.0475893533459429 -1.1509090812516839e-18 -0.006265257226562476
      vertex 0.046364439661875277 -2.2821257890308706e-18 -0.012423314164920997
    endloop
  endfacet
  facet normal -0.98046194087886074 -0.025675660756203415 0.19502600578586862
    outer loop
      vertex 0.0475893533459429 -1.1509090812516839e-18 -0.006265257226562476
      vertex 0.046364439661875277 0.0032153903091734666 -0.012000000000000002
      vertex 0.046364439661875277 -2.2821257890308706e-18 -0.012423314164920997
    endloop
  endfacet
  facet normal -0.98046194087886085 -0.025675660756203499 0.19502600578586862
    outer loop
      vertex 0.0475893533459429 -1.1509090812516839e-18 -0.006265257226562476
      vertex 0.0475893533459429 0.0016215678927005647 -0.0060517737634809164
      vertex 0.046364439661875277 0.0032153903091734666 -0.012000000000000002
    endloop
  endfacet
  facet normal -0.98046194087886085 -0.075277228419110845 0.18173530578727495
    outer loop
      vertex 0.0475893533459429 0.0016215678927005647 -0.0060517737634809164
      vertex 0.046364439661875277 0.0062116570824605 -0.010758905666016642
      vertex 0.046364439661875277 0.0032153903091734666 -0.012000000000000002
    endloop
  endfacet
  facet normal -0.98046194087886074 -0.075277228419110775 0.18173530578727495
    outer loop
      vertex 0.0475893533459429 0.0016215678927005647 -0.0060517737634809164
      vertex 0.0475893533459429 0.0031326286132812389 -0.0054258719194471405
      vertex 0.046364439661875277 0.0062116570824605 -0.010758905666016642
    endloop
  endfacet
  facet normal -0.98046194087886074 -0.11974877736675774 0.15605964503107139
    outer loop
      vertex 0.0475893533459429 0.0031326286132812389 -0.0054258719194471405
      vertex 0.046364439661875277 0.008784609690826525 -0.0087846096908265302
      vertex 0.046364439661875277 0.0062116570824605 -0.010758905666016642
    endloop
  endfacet
  facet normal -0.98046194087886063 -0.11974877736675774 0.15605964503107134
    outer loop
      vertex 0.0475893533459429 0.0031326286132812389 -0.0054258719194471405
      vertex 0.0475893533459429 0.0044302058707803476 -0.0044302058707803493
      vertex 0.046364439661875277 0.008784609690826525 -0.0087846096908265302
    endloop
  endfacet
  facet normal -0.98046194087886074 -0.15605964503107134 0.11974877736675778
    outer loop
      vertex 0.0475893533459429 0.0044302058707803476 -0.0044302058707803493
      vertex 0.046364439661875277 0.010758905666016639 -0.0062116570824605035
      vertex 0.046364439661875277 0.008784609690826525 -0.0087846096908265302
    endloop
  endfacet
  facet normal -0.98046194087886085 -0.15605964503107139 0.11974877736675778
    outer loop
      vertex 0.0475893533459429 0.0044302058707803476 -0.0044302058707803493
      vertex 0.0475893533459429 0.0054258719194471387 -0.0031326286132812406
      vertex 0.046364439661875277 0.010758905666016639 -0.0062116570824605035
    endloop
  endfacet
  facet normal -0.98046194087886074 -0.18173530578727487 0.075277228419111053
    outer loop
      vertex 0.0475893533459429 0.0054258719194471387 -0.0031326286132812406
      vertex 0.046364439661875277 0.011999999999999997 -0.0032153903091734827
      vertex 0.046364439661875277 0.010758905666016639 -0.0062116570824605035
    endloop
  endfacet
  facet normal -0.98046194087886085 -0.18173530578727487 0.075277228419111053
    outer loop
      vertex 0.0475893533459429 0.0054258719194471387 -0.0031326286132812406
      vertex 0.0475893533459429 0.0060517737634809146 -0.0016215678927005727
      vertex 0.046364439661875277 0.011999999999999997 -0.0032153903091734827
    endloop
  endfacet
  facet normal -0.98046194087886085 -0.19502600578586868 0.025675660756203606
    outer loop
      vertex 0.0475893533459429 0.0060517737634809146 -0.0016215678927005727
      vertex 0.046364439661875277 0.012423314164920997 0
      vertex 0.046364439661875277 0.011999999999999997 -0.0032153903091734827
    endloop
  endfacet
  facet normal -0.98046194087886074 -0.19502600578586862 0.025675660756203603
    outer loop
      vertex 0.0475893533459429 0.0060517737634809146 -0.0016215678927005727
      vertex 0.0475893533459429 0.006265257226562476 0
      vertex 0.046364439661875277 0.012423314164920997 0
    endloop
  endfacet
  facet normal -0.94608336682615413 -0.32115202810893895 -0.042280466605799351
    outer loop
      vertex 0.046364439661875277 0.012423314164920997 0
      vertex 0.044346217560541766 0.017742902909490536 0.0047541965059818064
      vertex 0.044346217560541766 0.018368804753524311 0
    endloop
  endfacet
  facet normal -0.94608336682615413 -0.32115202810893895 -0.042280466605799337
    outer loop
      vertex 0.046364439661875277 0.012423314164920997 0
      vertex 0.046364439661875277 0.012 0.0032153903091734722
      vertex 0.044346217560541766 0.017742902909490536 0.0047541965059818064
    endloop
  endfacet
  facet normal -0.94608336682615413 -0.29926604812213492 -0.12396005588998756
    outer loop
      vertex 0.046364439661875277 0.012 0.0032153903091734722
      vertex 0.044346217560541766 0.01590785155370841 0.009184402376762154
      vertex 0.044346217560541766 0.017742902909490536 0.0047541965059818064
    endloop
  endfacet
  facet normal -0.94608336682615413 -0.29926604812213498 -0.12396005588998751
    outer loop
      vertex 0.046364439661875277 0.012 0.0032153903091734722
      vertex 0.046364439661875277 0.010758905666016644 0.0062116570824604974
      vertex 0.044346217560541766 0.01590785155370841 0.009184402376762154
    endloop
  endfacet
  facet normal -0.94608336682615402 -0.25698558151633555 -0.19719197221895141
    outer loop
      vertex 0.046364439661875277 0.010758905666016644 0.0062116570824604974
      vertex 0.044346217560541766 0.012988706403508731 0.012988706403508727
      vertex 0.044346217560541766 0.01590785155370841 0.009184402376762154
    endloop
  endfacet
  facet normal -0.94608336682615413 -0.25698558151633555 -0.19719197221895143
    outer loop
      vertex 0.046364439661875277 0.010758905666016644 0.0062116570824604974
      vertex 0.046364439661875277 0.0087846096908265284 0.0087846096908265267
      vertex 0.044346217560541766 0.012988706403508731 0.012988706403508727
    endloop
  endfacet
  facet normal -0.94608336682615413 -0.19719197221895141 -0.25698558151633555
    outer loop
      vertex 0.046364439661875277 0.0087846096908265284 0.0087846096908265267
      vertex 0.044346217560541766 0.0091844023767621574 0.015907851553708406
      vertex 0.044346217560541766 0.012988706403508731 0.012988706403508727
    endloop
  endfacet
  facet normal -0.9460833668261539 -0.19719197221895146 -0.25698558151633555
    outer loop
      vertex 0.046364439661875277 0.0087846096908265284 0.0087846096908265267
      vertex 0.046364439661875277 0.0062116570824605 0.010758905666016642
      vertex 0.044346217560541766 0.0091844023767621574 0.015907851553708406
    endloop
  endfacet
  facet normal -0.94608336682615402 -0.12396005588998769 -0.29926604812213492
    outer loop
      vertex 0.046364439661875277 0.0062116570824605 0.010758905666016642
      vertex 0.044346217560541766 0.0047541965059818064 0.017742902909490536
      vertex 0.044346217560541766 0.0091844023767621574 0.015907851553708406
    endloop
  endfacet
  facet normal -0.94608336682615402 -0.12396005588998754 -0.29926604812213486
    outer loop
      vertex 0.046364439661875277 0.0062116570824605 0.010758905666016642
      vertex 0.046364439661875277 0.0032153903091734722 0.012
      vertex 0.044346217560541766 0.0047541965059818064 0.017742902909490536
    endloop
  endfacet
  facet normal -0.94608336682615402 -0.042280466605799309 -0.32115202810893889
    outer loop
      vertex 0.046364439661875277 0.0032153903091734722 0.012
      vertex 0.044346217560541766 1.1247648972783117e-18 0.018368804753524311
      vertex 0.044346217560541766 0.0047541965059818064 0.017742902909490536
    endloop
  endfacet
  facet normal -0.9460833668261539 -0.042280466605799344 -0.32115202810893889
    outer loop
      vertex 0.046364439661875277 0.0032153903091734722 0.012
      vertex 0.046364439661875277 7.6070859634362358e-19 0.012423314164920997
      vertex 0.044346217560541766 1.1247648972783117e-18 0.018368804753524311
    endloop
  endfacet
  facet normal -0.94608336682615402 0.042280466605799365 -0.32115202810893884
    outer loop
      vertex 0.046364439661875277 7.6070859634362358e-19 0.012423314164920997
      vertex 0.044346217560541766 -0.0047541965059818038 0.017742902909490536
      vertex 0.044346217560541766 1.1247648972783117e-18 0.018368804753524311
    endloop
  endfacet
  facet normal -0.9460833668261539 0.042280466605799344 -0.32115202810893895
    outer loop
      vertex 0.046364439661875277 7.6070859634362358e-19 0.012423314164920997
      vertex 0.046364439661875277 -0.0032153903091734709 0.012
      vertex 0.044346217560541766 -0.0047541965059818038 0.017742902909490536
    endloop
  endfacet
  facet normal -0.94608336682615413 0.12396005588998754 -0.29926604812213486
    outer loop
      vertex 0.046364439661875277 -0.0032153903091734709 0.012
      vertex 0.044346217560541766 -0.0091844023767621522 0.01590785155370841
      vertex 0.044346217560541766 -0.0047541965059818038 0.017742902909490536
    endloop
  endfacet
  facet normal -0.94608336682615413 0.12396005588998754 -0.29926604812213498
    outer loop
      vertex 0.046364439661875277 -0.0032153903091734709 0.012
      vertex 0.046364439661875277 -0.0062116570824604957 0.010758905666016644
      vertex 0.044346217560541766 -0.0091844023767621522 0.01590785155370841
    endloop
  endfacet
  facet normal -0.94608336682615413 0.19719197221895135 -0.2569855815163356
    outer loop
      vertex 0.046364439661875277 -0.0062116570824604957 0.010758905666016644
      vertex 0.044346217560541766 -0.012988706403508727 0.012988706403508731
      vertex 0.044346217560541766 -0.0091844023767621522 0.01590785155370841
    endloop
  endfacet
  facet normal -0.94608336682615402 0.19719197221895132 -0.2569855815163356
    outer loop
      vertex 0.046364439661875277 -0.0062116570824604957 0.010758905666016644
      vertex 0.046364439661875277 -0.0087846096908265267 0.0087846096908265284
      vertex 0.044346217560541766 -0.012988706403508727 0.012988706403508731
    endloop
  endfacet
  facet normal -0.94608336682615402 0.25698558151633549 -0.19719197221895143
    outer loop
      vertex 0.046364439661875277 -0.0087846096908265267 0.0087846096908265284
      vertex 0.044346217560541766 -0.01590785155370841 0.009184402376762154
      vertex 0.044346217560541766 -0.012988706403508727 0.012988706403508731
    endloop
  endfacet
  facet normal -0.94608336682615402 0.25698558151633549 -0.19719197221895143
    outer loop
      vertex 0.046364439661875277 -0.0087846096908265267 0.0087846096908265284
      vertex 0.046364439661875277 -0.010758905666016644 0.0062116570824604974
      vertex 0.044346217560541766 -0.01590785155370841 0.009184402376762154
    endloop
  endfacet
  facet normal -0.94608336682615402 0.29926604812213498 -0.12396005588998744
    outer loop
      vertex 0.046364439661875277 -0.010758905666016644 0.0062116570824604974
      vertex 0.044346217560541766 -0.017742902909490533 0.0047541965059818116
      vertex 0.044346217560541766 -0.01590785155370841 0.009184402376762154
    endloop
  endfacet
  facet normal -0.94608336682615402 0.29926604812213498 -0.1239600558899875
    outer loop
      vertex 0.046364439661875277 -0.010758905666016644 0.0062116570824604974
      vertex 0.046364439661875277 -0.011999999999999999 0.0032153903091734757
      vertex 0.044346217560541766 -0.017742902909490533 0.0047541965059818116
    endloop
  endfacet
  facet normal -0.94608336682615402 0.32115202810893895 -0.042280466605799497
    outer loop
      vertex 0.046364439661875277 -0.011999999999999999 0.0032153903091734757
      vertex 0.044346217560541766 -0.018368804753524311 2.2495297945566234e-18
      vertex 0.044346217560541766 -0.017742902909490533 0.0047541965059818116
    endloop
  endfacet
  facet normal -0.94608336682615413 0.32115202810893895 -0.04228046660579949
    outer loop
      vertex 0.046364439661875277 -0.011999999999999999 0.0032153903091734757
      vertex 0.046364439661875277 -0.012423314164920997 1.5214171926872472e-18
      vertex 0.044346217560541766 -0.018368804753524311 2.2495297945566234e-18
    endloop
  endfacet
  facet normal -0.94608336682615402 0.32115202810893895 0.042280466605799323
    outer loop
      vertex 0.046364439661875277 -0.012423314164920997 1.5214171926872472e-18
      vertex 0.044346217560541766 -0.017742902909490536 -0.0047541965059818073
      vertex 0.044346217560541766 -0.018368804753524311 2.2495297945566234e-18
    endloop
  endfacet
  facet normal -0.94608336682615413 0.32115202810893895 0.042280466605799316
    outer loop
      vertex 0.046364439661875277 -0.012423314164920997 1.5214171926872472e-18
      vertex 0.046364439661875277 -0.012 -0.0032153903091734727
      vertex 0.044346217560541766 -0.017742902909490536 -0.0047541965059818073
    endloop
  endfacet
  facet normal -0.94608336682615402 0.29926604812213481 0.12396005588998765
    outer loop
      vertex 0.046364439661875277 -0.012 -0.0032153903091734727
      vertex 0.044346217560541766 -0.01590785155370841 -0.0091844023767621505
      vertex 0.044346217560541766 -0.017742902909490536 -0.0047541965059818073
    endloop
  endfacet
  facet normal -0.94608336682615402 0.29926604812213492 0.12396005588998762
    outer loop
      vertex 0.046364439661875277 -0.012 -0.0032153903091734727
      vertex 0.046364439661875277 -0.010758905666016644 -0.0062116570824604948
      vertex 0.044346217560541766 -0.01590785155370841 -0.0091844023767621505
    endloop
  endfacet
  facet normal -0.94608336682615402 0.25698558151633566 0.19719197221895124
    outer loop
      vertex 0.046364439661875277 -0.010758905666016644 -0.0062116570824604948
      vertex 0.044346217560541766 -0.012988706403508736 -0.012988706403508722
      vertex 0.044346217560541766 -0.01590785155370841 -0.0091844023767621505
    endloop
  endfacet
  facet normal -0.94608336682615413 0.25698558151633571 0.19719197221895121
    outer loop
      vertex 0.046364439661875277 -0.010758905666016644 -0.0062116570824604948
      vertex 0.046364439661875277 -0.0087846096908265319 -0.0087846096908265232
      vertex 0.044346217560541766 -0.012988706403508736 -0.012988706403508722
    endloop
  endfacet
  facet normal -0.94608336682615413 0.19719197221895152 0.25698558151633544
    outer loop
      vertex 0.046364439661875277 -0.0087846096908265319 -0.0087846096908265232
      vertex 0.044346217560541766 -0.0091844023767621644 -0.015907851553708403
      vertex 0.044346217560541766 -0.012988706403508736 -0.012988706403508722
    endloop
  endfacet
  facet normal -0.94608336682615413 0.19719197221895143 0.25698558151633549
    outer loop
      vertex 0.046364439661875277 -0.0087846096908265319 -0.0087846096908265232
      vertex 0.046364439661875277 -0.0062116570824605035 -0.010758905666016639
      vertex 0.044346217560541766 -0.0091844023767621644 -0.015907851553708403
    endloop
  endfacet
  facet normal -0.94608336682615402 0.12396005588998761 0.29926604812213481
    outer loop
      vertex 0.046364439661875277 -0.0062116570824605035 -0.010758905666016639
      vertex 0.044346217560541766 -0.0047541965059818038 -0.017742902909490536
      vertex 0.044346217560541766 -0.0091844023767621644 -0.015907851553708403
    endloop
  endfacet
  facet normal -0.94608336682615413 0.12396005588998771 0.29926604812213486
    outer loop
      vertex 0.046364439661875277 -0.0062116570824605035 -0.010758905666016639
      vertex 0.046364439661875277 -0.0032153903091734709 -0.012
      vertex 0.044346217560541766 -0.0047541965059818038 -0.017742902909490536
    endloop
  endfacet
  facet normal -0.94608336682615402 0.042280466605799351 0.32115202810893895
    outer loop
      vertex 0.046364439661875277 -0.0032153903091734709 -0.012
      vertex 0.044346217560541766 -3.3742946918349348e-18 -0.018368804753524311
      vertex 0.044346217560541766 -0.0047541965059818038 -0.017742902909490536
    endloop
  endfacet
  facet normal -0.94608336682615402 0.042280466605799386 0.32115202810893895
    outer loop
      vertex 0.046364439661875277 -0.0032153903091734709 -0.012
      vertex 0.046364439661875277 -2.2821257890308706e-18 -0.012423314164920997
      vertex 0.044346217560541766 -3.3742946918349348e-18 -0.018368804753524311
    endloop
  endfacet
  facet normal -0.94608336682615402 -0.04228046660579917 0.32115202810893889
    outer loop
      vertex 0.046364439661875277 -2.2821257890308706e-18 -0.012423314164920997
      vertex 0.044346217560541766 0.0047541965059817977 -0.01774290290949054
      vertex 0.044346217560541766 -3.3742946918349348e-18 -0.018368804753524311
    endloop
  endfacet
  facet normal -0.94608336682615413 -0.042280466605799205 0.32115202810893889
    outer loop
      vertex 0.046364439661875277 -2.2821257890308706e-18 -0.012423314164920997
      vertex 0.046364439661875277 0.0032153903091734666 -0.012000000000000002
      vertex 0.044346217560541766 0.0047541965059817977 -0.01774290290949054
    endloop
  endfacet
  facet normal -0.94608336682615413 -0.12396005588998765 0.29926604812213486
    outer loop
      vertex 0.046364439661875277 0.0032153903091734666 -0.012000000000000002
      vertex 0.044346217560541766 0.0091844023767621574 -0.015907851553708406
      vertex 0.044346217560541766 0.0047541965059817977 -0.01774290290949054
    endloop
  endfacet
  facet normal -0.94608336682615413 -0.12396005588998756 0.29926604812213503
    outer loop
      vertex 0.046364439661875277 0.0032153903091734666 -0.012000000000000002
      vertex 0.046364439661875277 0.0062116570824605 -0.010758905666016642
      vertex 0.044346217560541766 0.0091844023767621574 -0.015907851553708406
    endloop
  endfacet
  facet normal -0.94608336682615402 -0.19719197221895138 0.2569855815163356
    outer loop
      vertex 0.046364439661875277 0.0062116570824605 -0.010758905666016642
      vertex 0.044346217560541766 0.012988706403508726 -0.012988706403508733
      vertex 0.044346217560541766 0.0091844023767621574 -0.015907851553708406
    endloop
  endfacet
  facet normal -0.94608336682615402 -0.19719197221895135 0.25698558151633555
    outer loop
      vertex 0.046364439661875277 0.0062116570824605 -0.010758905666016642
      vertex 0.046364439661875277 0.008784609690826525 -0.0087846096908265302
      vertex 0.044346217560541766 0.012988706403508726 -0.012988706403508733
    endloop
  endfacet
  facet normal -0.94608336682615402 -0.25698558151633544 0.19719197221895146
    outer loop
      vertex 0.046364439661875277 0.008784609690826525 -0.0087846096908265302
      vertex 0.044346217560541766 0.015907851553708403 -0.0091844023767621644
      vertex 0.044346217560541766 0.012988706403508726 -0.012988706403508733
    endloop
  endfacet
  facet normal -0.94608336682615413 -0.25698558151633549 0.19719197221895135
    outer loop
      vertex 0.046364439661875277 0.008784609690826525 -0.0087846096908265302
      vertex 0.046364439661875277 0.010758905666016639 -0.0062116570824605035
      vertex 0.044346217560541766 0.015907851553708403 -0.0091844023767621644
    endloop
  endfacet
  facet normal -0.94608336682615402 -0.29926604812213475 0.12396005588998785
    outer loop
      vertex 0.046364439661875277 0.010758905666016639 -0.0062116570824605035
      vertex 0.044346217560541766 0.017742902909490533 -0.0047541965059818211
      vertex 0.044346217560541766 0.015907851553708403 -0.0091844023767621644
    endloop
  endfacet
  facet normal -0.94608336682615402 -0.29926604812213475 0.12396005588998779
    outer loop
      vertex 0.046364439661875277 0.010758905666016639 -0.0062116570824605035
      vertex 0.046364439661875277 0.011999999999999997 -0.0032153903091734827
      vertex 0.044346217560541766 0.017742902909490533 -0.0047541965059818211
    endloop
  endfacet
  facet normal -0.94608336682615402 -0.32115202810893884 0.042280466605799441
    outer loop
      vertex 0.046364439661875277 0.011999999999999997 -0.0032153903091734827
      vertex 0.044346217560541766 0.018368804753524311 0
      vertex 0.044346217560541766 0.017742902909490533 -0.0047541965059818211
    endloop
  endfacet
  facet normal -0.94608336682615413 -0.32115202810893895 0.042280466605799552
    outer loop
      vertex 0.046364439661875277 0.011999999999999997 -0.0032153903091734827
      vertex 0.046364439661875277 0.012423314164920997 0
      vertex 0.044346217560541766 0.018368804753524311 0
    endloop
  endfacet
  facet normal -0.89535615203961205 -0.44154079104732341 -0.058129947928094665
    outer loop
      vertex 0.044346217560541766 0.018368804753524311 0
      vertex 0.041569219381653061 0.023182219830937635 0.0062116570824604974
      vertex 0.041569219381653061 0.023999999999999997 0
    endloop
  endfacet
  facet normal -0.89535615203961205 -0.44154079104732347 -0.058129947928094568
    outer loop
      vertex 0.044346217560541766 0.018368804753524311 0
      vertex 0.044346217560541766 0.017742902909490536 0.0047541965059818064
      vertex 0.041569219381653061 0.023182219830937635 0.0062116570824604974
    endloop
  endfacet
  facet normal -0.89535615203961205 -0.41145051581810616 -0.17042838389726508
    outer loop
      vertex 0.044346217560541766 0.017742902909490536 0.0047541965059818064
      vertex 0.041569219381653061 0.020784609690826527 0.011999999999999997
      vertex 0.041569219381653061 0.023182219830937635 0.0062116570824604974
    endloop
  endfacet
  facet normal -0.89535615203961216 -0.41145051581810599 -0.17042838389726511
    outer loop
      vertex 0.044346217560541766 0.017742902909490536 0.0047541965059818064
      vertex 0.044346217560541766 0.01590785155370841 0.009184402376762154
      vertex 0.041569219381653061 0.020784609690826527 0.011999999999999997
    endloop
  endfacet
  facet normal -0.89535615203961205 -0.35332056789001132 -0.27111240715005824
    outer loop
      vertex 0.044346217560541766 0.01590785155370841 0.009184402376762154
      vertex 0.041569219381653061 0.016970562748477139 0.016970562748477136
      vertex 0.041569219381653061 0.020784609690826527 0.011999999999999997
    endloop
  endfacet
  facet normal -0.89535615203961205 -0.35332056789001143 -0.27111240715005824
    outer loop
      vertex 0.044346217560541766 0.01590785155370841 0.009184402376762154
      vertex 0.044346217560541766 0.012988706403508731 0.012988706403508727
      vertex 0.041569219381653061 0.016970562748477139 0.016970562748477136
    endloop
  endfacet
  facet normal -0.89535615203961205 -0.27111240715005835 -0.35332056789001132
    outer loop
      vertex 0.044346217560541766 0.012988706403508731 0.012988706403508727
      vertex 0.041569219381653061 0.012000000000000002 0.020784609690826523
      vertex 0.041569219381653061 0.016970562748477139 0.016970562748477136
    endloop
  endfacet
  facet normal -0.89535615203961205 -0.27111240715005819 -0.35332056789001132
    outer loop
      vertex 0.044346217560541766 0.012988706403508731 0.012988706403508727
      vertex 0.044346217560541766 0.0091844023767621574 0.015907851553708406
      vertex 0.041569219381653061 0.012000000000000002 0.020784609690826523
    endloop
  endfacet
  facet normal -0.89535615203961216 -0.17042838389726506 -0.41145051581810599
    outer loop
      vertex 0.044346217560541766 0.0091844023767621574 0.015907851553708406
      vertex 0.041569219381653061 0.0062116570824604974 0.023182219830937635
      vertex 0.041569219381653061 0.012000000000000002 0.020784609690826523
    endloop
  endfacet
  facet normal -0.89535615203961194 -0.17042838389726533 -0.41145051581810599
    outer loop
      vertex 0.044346217560541766 0.0091844023767621574 0.015907851553708406
      vertex 0.044346217560541766 0.0047541965059818064 0.017742902909490536
      vertex 0.041569219381653061 0.0062116570824604974 0.023182219830937635
    endloop
  endfacet
  facet normal -0.89535615203961205 -0.058129947928094727 -0.44154079104732347
    outer loop
      vertex 0.044346217560541766 0.0047541965059818064 0.017742902909490536
      vertex 0.041569219381653061 1.4695761589768237e-18 0.023999999999999997
      vertex 0.041569219381653061 0.0062116570824604974 0.023182219830937635
    endloop
  endfacet
  facet normal -0.89535615203961205 -0.058129947928094561 -0.44154079104732336
    outer loop
      vertex 0.044346217560541766 0.0047541965059818064 0.017742902909490536
      vertex 0.044346217560541766 1.1247648972783117e-18 0.018368804753524311
      vertex 0.041569219381653061 1.4695761589768237e-18 0.023999999999999997
    endloop
  endfacet
  facet normal -0.89535615203961205 0.058129947928094686 -0.44154079104732336
    outer loop
      vertex 0.044346217560541766 1.1247648972783117e-18 0.018368804753524311
      vertex 0.041569219381653061 -0.0062116570824604939 0.023182219830937635
      vertex 0.041569219381653061 1.4695761589768237e-18 0.023999999999999997
    endloop
  endfacet
  facet normal -0.89535615203961194 0.058129947928094582 -0.44154079104732347
    outer loop
      vertex 0.044346217560541766 1.1247648972783117e-18 0.018368804753524311
      vertex 0.044346217560541766 -0.0047541965059818038 0.017742902909490536
      vertex 0.041569219381653061 -0.0062116570824604939 0.023182219830937635
    endloop
  endfacet
  facet normal -0.89535615203961205 0.17042838389726508 -0.41145051581810616
    outer loop
      vertex 0.044346217560541766 -0.0047541965059818038 0.017742902909490536
      vertex 0.041569219381653061 -0.011999999999999993 0.020784609690826527
      vertex 0.041569219381653061 -0.0062116570824604939 0.023182219830937635
    endloop
  endfacet
  facet normal -0.89535615203961205 0.17042838389726508 -0.41145051581810604
    outer loop
      vertex 0.044346217560541766 -0.0047541965059818038 0.017742902909490536
      vertex 0.044346217560541766 -0.0091844023767621522 0.01590785155370841
      vertex 0.041569219381653061 -0.011999999999999993 0.020784609690826527
    endloop
  endfacet
  facet normal -0.89535615203961205 0.27111240715005824 -0.35332056789001148
    outer loop
      vertex 0.044346217560541766 -0.0091844023767621522 0.01590785155370841
      vertex 0.041569219381653061 -0.016970562748477136 0.016970562748477139
      vertex 0.041569219381653061 -0.011999999999999993 0.020784609690826527
    endloop
  endfacet
  facet normal -0.89535615203961205 0.27111240715005819 -0.35332056789001143
    outer loop
      vertex 0.044346217560541766 -0.0091844023767621522 0.01590785155370841
      vertex 0.044346217560541766 -0.012988706403508727 0.012988706403508731
      vertex 0.041569219381653061 -0.016970562748477136 0.016970562748477139
    endloop
  endfacet
  facet normal -0.89535615203961216 0.35332056789001137 -0.27111240715005841
    outer loop
      vertex 0.044346217560541766 -0.012988706403508727 0.012988706403508731
      vertex 0.041569219381653061 -0.020784609690826527 0.011999999999999997
      vertex 0.041569219381653061 -0.016970562748477136 0.016970562748477139
    endloop
  endfacet
  facet normal -0.89535615203961205 0.35332056789001132 -0.2711124071500583
    outer loop
      vertex 0.044346217560541766 -0.012988706403508727 0.012988706403508731
      vertex 0.044346217560541766 -0.01590785155370841 0.009184402376762154
      vertex 0.041569219381653061 -0.020784609690826527 0.011999999999999997
    endloop
  endfacet
  facet normal -0.89535615203961194 0.41145051581810593 -0.17042838389726517
    outer loop
      vertex 0.044346217560541766 -0.01590785155370841 0.009184402376762154
      vertex 0.041569219381653061 -0.023182219830937635 0.0062116570824605035
      vertex 0.041569219381653061 -0.020784609690826527 0.011999999999999997
    endloop
  endfacet
  facet normal -0.89535615203961216 0.41145051581810599 -0.17042838389726497
    outer loop
      vertex 0.044346217560541766 -0.01590785155370841 0.009184402376762154
      vertex 0.044346217560541766 -0.017742902909490533 0.0047541965059818116
      vertex 0.041569219381653061 -0.023182219830937635 0.0062116570824605035
    endloop
  endfacet
  facet normal -0.89535615203961216 0.44154079104732319 -0.058129947928094561
    outer loop
      vertex 0.044346217560541766 -0.017742902909490533 0.0047541965059818116
      vertex 0.041569219381653061 -0.023999999999999997 2.9391523179536474e-18
      vertex 0.041569219381653061 -0.023182219830937635 0.0062116570824605035
    endloop
  endfacet
  facet normal -0.89535615203961205 0.44154079104732336 -0.058129947928094831
    outer loop
      vertex 0.044346217560541766 -0.017742902909490533 0.0047541965059818116
      vertex 0.044346217560541766 -0.018368804753524311 2.2495297945566234e-18
      vertex 0.041569219381653061 -0.023999999999999997 2.9391523179536474e-18
    endloop
  endfacet
  facet normal -0.89535615203961216 0.44154079104732352 0.05812994792809463
    outer loop
      vertex 0.044346217560541766 -0.018368804753524311 2.2495297945566234e-18
      vertex 0.041569219381653061 -0.023182219830937635 -0.0062116570824604983
      vertex 0.041569219381653061 -0.023999999999999997 2.9391523179536474e-18
    endloop
  endfacet
  facet normal -0.89535615203961194 0.44154079104732347 0.058129947928094519
    outer loop
      vertex 0.044346217560541766 -0.018368804753524311 2.2495297945566234e-18
      vertex 0.044346217560541766 -0.017742902909490536 -0.0047541965059818073
      vertex 0.041569219381653061 -0.023182219830937635 -0.0062116570824604983
    endloop
  endfacet
  facet normal -0.89535615203961205 0.41145051581810616 0.170428383897265
    outer loop
      vertex 0.044346217560541766 -0.017742902909490536 -0.0047541965059818073
      vertex 0.041569219381653061 -0.02078460969082653 -0.011999999999999992
      vertex 0.041569219381653061 -0.023182219830937635 -0.0062116570824604983
    endloop
  endfacet
  facet normal -0.89535615203961216 0.41145051581810577 0.1704283838972652
    outer loop
      vertex 0.044346217560541766 -0.017742902909490536 -0.0047541965059818073
      vertex 0.044346217560541766 -0.01590785155370841 -0.0091844023767621505
      vertex 0.041569219381653061 -0.02078460969082653 -0.011999999999999992
    endloop
  endfacet
  facet normal -0.89535615203961216 0.35332056789001137 0.27111240715005813
    outer loop
      vertex 0.044346217560541766 -0.01590785155370841 -0.0091844023767621505
      vertex 0.041569219381653061 -0.016970562748477146 -0.016970562748477129
      vertex 0.041569219381653061 -0.02078460969082653 -0.011999999999999992
    endloop
  endfacet
  facet normal -0.89535615203961216 0.35332056789001159 0.27111240715005802
    outer loop
      vertex 0.044346217560541766 -0.01590785155370841 -0.0091844023767621505
      vertex 0.044346217560541766 -0.012988706403508736 -0.012988706403508722
      vertex 0.041569219381653061 -0.016970562748477146 -0.016970562748477129
    endloop
  endfacet
  facet normal -0.89535615203961205 0.27111240715005852 0.35332056789001126
    outer loop
      vertex 0.044346217560541766 -0.012988706403508736 -0.012988706403508722
      vertex 0.041569219381653061 -0.012000000000000009 -0.02078460969082652
      vertex 0.041569219381653061 -0.016970562748477146 -0.016970562748477129
    endloop
  endfacet
  facet normal -0.89535615203961205 0.27111240715005835 0.35332056789001115
    outer loop
      vertex 0.044346217560541766 -0.012988706403508736 -0.012988706403508722
      vertex 0.044346217560541766 -0.0091844023767621644 -0.015907851553708403
      vertex 0.041569219381653061 -0.012000000000000009 -0.02078460969082652
    endloop
  endfacet
  facet normal -0.89535615203961216 0.17042838389726503 0.41145051581810604
    outer loop
      vertex 0.044346217560541766 -0.0091844023767621644 -0.015907851553708403
      vertex 0.041569219381653061 -0.0062116570824604939 -0.023182219830937635
      vertex 0.041569219381653061 -0.012000000000000009 -0.02078460969082652
    endloop
  endfacet
  facet normal -0.89535615203961194 0.17042838389726528 0.4114505158181061
    outer loop
      vertex 0.044346217560541766 -0.0091844023767621644 -0.015907851553708403
      vertex 0.044346217560541766 -0.0047541965059818038 -0.017742902909490536
      vertex 0.041569219381653061 -0.0062116570824604939 -0.023182219830937635
    endloop
  endfacet
  facet normal -0.89535615203961194 0.058129947928094776 0.44154079104732341
    outer loop
      vertex 0.044346217560541766 -0.0047541965059818038 -0.017742902909490536
      vertex 0.041569219381653061 -4.408728476930471e-18 -0.023999999999999997
      vertex 0.041569219381653061 -0.0062116570824604939 -0.023182219830937635
    endloop
  endfacet
  facet normal -0.89535615203961205 0.058129947928094623 0.4415407910473233
    outer loop
      vertex 0.044346217560541766 -0.0047541965059818038 -0.017742902909490536
      vertex 0.044346217560541766 -3.3742946918349348e-18 -0.018368804753524311
      vertex 0.041569219381653061 -4.408728476930471e-18 -0.023999999999999997
    endloop
  endfacet
  facet normal -0.89535615203961216 -0.058129947928094464 0.44154079104732341
    outer loop
      vertex 0.044346217560541766 -3.3742946918349348e-18 -0.018368804753524311
      vertex 0.041569219381653061 0.0062116570824604861 -0.023182219830937639
      vertex 0.041569219381653061 -4.408728476930471e-18 -0.023999999999999997
    endloop
  endfacet
  facet normal -0.89535615203961194 -0.058129947928094311 0.44154079104732358
    outer loop
      vertex 0.044346217560541766 -3.3742946918349348e-18 -0.018368804753524311
      vertex 0.044346217560541766 0.0047541965059817977 -0.01774290290949054
      vertex 0.041569219381653061 0.0062116570824604861 -0.023182219830937639
    endloop
  endfacet
  facet normal -0.89535615203961194 -0.17042838389726506 0.41145051581810604
    outer loop
      vertex 0.044346217560541766 0.0047541965059817977 -0.01774290290949054
      vertex 0.041569219381653061 0.012000000000000002 -0.020784609690826523
      vertex 0.041569219381653061 0.0062116570824604861 -0.023182219830937639
    endloop
  endfacet
  facet normal -0.89535615203961205 -0.17042838389726525 0.41145051581810588
    outer loop
      vertex 0.044346217560541766 0.0047541965059817977 -0.01774290290949054
      vertex 0.044346217560541766 0.0091844023767621574 -0.015907851553708406
      vertex 0.041569219381653061 0.012000000000000002 -0.020784609690826523
    endloop
  endfacet
  facet normal -0.89535615203961216 -0.27111240715005813 0.35332056789001137
    outer loop
      vertex 0.044346217560541766 0.0091844023767621574 -0.015907851553708406
      vertex 0.041569219381653061 0.016970562748477136 -0.016970562748477143
      vertex 0.041569219381653061 0.012000000000000002 -0.020784609690826523
    endloop
  endfacet
  facet normal -0.89535615203961216 -0.27111240715005808 0.35332056789001132
    outer loop
      vertex 0.044346217560541766 0.0091844023767621574 -0.015907851553708406
      vertex 0.044346217560541766 0.012988706403508726 -0.012988706403508733
      vertex 0.041569219381653061 0.016970562748477136 -0.016970562748477143
    endloop
  endfacet
  facet normal -0.89535615203961216 -0.35332056789001126 0.27111240715005819
    outer loop
      vertex 0.044346217560541766 0.012988706403508726 -0.012988706403508733
      vertex 0.041569219381653061 0.02078460969082652 -0.012000000000000009
      vertex 0.041569219381653061 0.016970562748477136 -0.016970562748477143
    endloop
  endfacet
  facet normal -0.89535615203961216 -0.35332056789001121 0.27111240715005835
    outer loop
      vertex 0.044346217560541766 0.012988706403508726 -0.012988706403508733
      vertex 0.044346217560541766 0.015907851553708403 -0.0091844023767621644
      vertex 0.041569219381653061 0.02078460969082652 -0.012000000000000009
    endloop
  endfacet
  facet normal -0.89535615203961216 -0.41145051581810577 0.17042838389726536
    outer loop
      vertex 0.044346217560541766 0.015907851553708403 -0.0091844023767621644
      vertex 0.041569219381653061 0.023182219830937632 -0.0062116570824605173
      vertex 0.041569219381653061 0.02078460969082652 -0.012000000000000009
    endloop
  endfacet
  facet normal -0.89535615203961205 -0.41145051581810577 0.17042838389726553
    outer loop
      vertex 0.044346217560541766 0.015907851553708403 -0.0091844023767621644
      vertex 0.044346217560541766 0.017742902909490533 -0.0047541965059818211
      vertex 0.041569219381653061 0.023182219830937632 -0.0062116570824605173
    endloop
  endfacet
  facet normal -0.89535615203961205 -0.44154079104732341 0.058129947928094686
    outer loop
      vertex 0.044346217560541766 0.017742902909490533 -0.0047541965059818211
      vertex 0.041569219381653061 0.023999999999999997 0
      vertex 0.041569219381653061 0.023182219830937632 -0.0062116570824605173
    endloop
  endfacet
  facet normal -0.89535615203961205 -0.44154079104732341 0.058129947928094686
    outer loop
      vertex 0.044346217560541766 0.017742902909490533 -0.0047541965059818211
      vertex 0.044346217560541766 0.018368804753524311 0
      vertex 0.041569219381653061 0.023999999999999997 0
    endloop
  endfacet
  facet normal -0.82925440563155706 -0.55409007924347231 -0.072947342820801231
    outer loop
      vertex 0.041569219381653061 0.023999999999999997 0
      vertex 0.038080960333979286 0.0282248825437518 0.0075628344840615869
      vertex 0.038080960333979286 0.029220548592418592 0
    endloop
  endfacet
  facet normal -0.82925440563155706 -0.55409007924347231 -0.0729473428208013
    outer loop
      vertex 0.041569219381653061 0.023999999999999997 0
      vertex 0.041569219381653061 0.023182219830937635 0.0062116570824604974
      vertex 0.038080960333979286 0.0282248825437518 0.0075628344840615869
    endloop
  endfacet
  facet normal -0.82925440563155717 -0.51632975602018039 -0.21387078760034989
    outer loop
      vertex 0.041569219381653061 0.023182219830937635 0.0062116570824604974
      vertex 0.038080960333979286 0.025305737393552123 0.014610274296209294
      vertex 0.038080960333979286 0.0282248825437518 0.0075628344840615869
    endloop
  endfacet
  facet normal -0.82925440563155706 -0.51632975602018061 -0.2138707876003498
    outer loop
      vertex 0.041569219381653061 0.023182219830937635 0.0062116570824604974
      vertex 0.041569219381653061 0.020784609690826527 0.011999999999999997
      vertex 0.038080960333979286 0.025305737393552123 0.014610274296209294
    endloop
  endfacet
  facet normal -0.82925440563155717 -0.44338241319937916 -0.34021929164312259
    outer loop
      vertex 0.041569219381653061 0.020784609690826527 0.011999999999999997
      vertex 0.038080960333979286 0.020662048059690213 0.02066204805969021
      vertex 0.038080960333979286 0.025305737393552123 0.014610274296209294
    endloop
  endfacet
  facet normal -0.82925440563155706 -0.44338241319937916 -0.34021929164312253
    outer loop
      vertex 0.041569219381653061 0.020784609690826527 0.011999999999999997
      vertex 0.041569219381653061 0.016970562748477139 0.016970562748477136
      vertex 0.038080960333979286 0.020662048059690213 0.02066204805969021
    endloop
  endfacet
  facet normal -0.82925440563155695 -0.34021929164312259 -0.4433824131993791
    outer loop
      vertex 0.041569219381653061 0.016970562748477139 0.016970562748477136
      vertex 0.038080960333979286 0.0146102742962093 0.02530573739355212
      vertex 0.038080960333979286 0.020662048059690213 0.02066204805969021
    endloop
  endfacet
  facet normal -0.82925440563155695 -0.34021929164312259 -0.44338241319937904
    outer loop
      vertex 0.041569219381653061 0.016970562748477139 0.016970562748477136
      vertex 0.041569219381653061 0.012000000000000002 0.020784609690826523
      vertex 0.038080960333979286 0.0146102742962093 0.02530573739355212
    endloop
  endfacet
  facet normal -0.82925440563155706 -0.21387078760035005 -0.5163297560201805
    outer loop
      vertex 0.041569219381653061 0.012000000000000002 0.020784609690826523
      vertex 0.038080960333979286 0.0075628344840615869 0.0282248825437518
      vertex 0.038080960333979286 0.0146102742962093 0.02530573739355212
    endloop
  endfacet
  facet normal -0.82925440563155717 -0.21387078760034983 -0.51632975602018039
    outer loop
      vertex 0.041569219381653061 0.012000000000000002 0.020784609690826523
      vertex 0.041569219381653061 0.0062116570824604974 0.023182219830937635
      vertex 0.038080960333979286 0.0075628344840615869 0.0282248825437518
    endloop
  endfacet
  facet normal -0.82925440563155717 -0.072947342820801175 -0.55409007924347242
    outer loop
      vertex 0.041569219381653061 0.0062116570824604974 0.023182219830937635
      vertex 0.038080960333979286 1.7892425651517561e-18 0.029220548592418592
      vertex 0.038080960333979286 0.0075628344840615869 0.0282248825437518
    endloop
  endfacet
  facet normal -0.82925440563155717 -0.072947342820801328 -0.55409007924347242
    outer loop
      vertex 0.041569219381653061 0.0062116570824604974 0.023182219830937635
      vertex 0.041569219381653061 1.4695761589768237e-18 0.023999999999999997
      vertex 0.038080960333979286 1.7892425651517561e-18 0.029220548592418592
    endloop
  endfacet
  facet normal -0.82925440563155717 0.072947342820801245 -0.55409007924347242
    outer loop
      vertex 0.041569219381653061 1.4695761589768237e-18 0.023999999999999997
      vertex 0.038080960333979286 -0.0075628344840615834 0.0282248825437518
      vertex 0.038080960333979286 1.7892425651517561e-18 0.029220548592418592
    endloop
  endfacet
  facet normal -0.82925440563155717 0.072947342820801314 -0.55409007924347231
    outer loop
      vertex 0.041569219381653061 1.4695761589768237e-18 0.023999999999999997
      vertex 0.041569219381653061 -0.0062116570824604939 0.023182219830937635
      vertex 0.038080960333979286 -0.0075628344840615834 0.0282248825437518
    endloop
  endfacet
  facet normal -0.82925440563155717 0.21387078760034992 -0.51632975602018039
    outer loop
      vertex 0.041569219381653061 -0.0062116570824604939 0.023182219830937635
      vertex 0.038080960333979286 -0.014610274296209289 0.025305737393552123
      vertex 0.038080960333979286 -0.0075628344840615834 0.0282248825437518
    endloop
  endfacet
  facet normal -0.82925440563155695 0.2138707876003498 -0.51632975602018061
    outer loop
      vertex 0.041569219381653061 -0.0062116570824604939 0.023182219830937635
      vertex 0.041569219381653061 -0.011999999999999993 0.020784609690826527
      vertex 0.038080960333979286 -0.014610274296209289 0.025305737393552123
    endloop
  endfacet
  facet normal -0.82925440563155706 0.34021929164312248 -0.44338241319937938
    outer loop
      vertex 0.041569219381653061 -0.011999999999999993 0.020784609690826527
      vertex 0.038080960333979286 -0.02066204805969021 0.020662048059690213
      vertex 0.038080960333979286 -0.014610274296209289 0.025305737393552123
    endloop
  endfacet
  facet normal -0.82925440563155706 0.34021929164312242 -0.44338241319937927
    outer loop
      vertex 0.041569219381653061 -0.011999999999999993 0.020784609690826527
      vertex 0.041569219381653061 -0.016970562748477136 0.016970562748477139
      vertex 0.038080960333979286 -0.02066204805969021 0.020662048059690213
    endloop
  endfacet
  facet normal -0.82925440563155706 0.44338241319937916 -0.34021929164312259
    outer loop
      vertex 0.041569219381653061 -0.016970562748477136 0.016970562748477139
      vertex 0.038080960333979286 -0.025305737393552123 0.014610274296209294
      vertex 0.038080960333979286 -0.02066204805969021 0.020662048059690213
    endloop
  endfacet
  facet normal -0.82925440563155717 0.4433824131993791 -0.34021929164312259
    outer loop
      vertex 0.041569219381653061 -0.016970562748477136 0.016970562748477139
      vertex 0.041569219381653061 -0.020784609690826527 0.011999999999999997
      vertex 0.038080960333979286 -0.025305737393552123 0.014610274296209294
    endloop
  endfacet
  facet normal -0.82925440563155706 0.5163297560201805 -0.21387078760034997
    outer loop
      vertex 0.041569219381653061 -0.020784609690826527 0.011999999999999997
      vertex 0.038080960333979286 -0.028224882543751797 0.0075628344840615947
      vertex 0.038080960333979286 -0.025305737393552123 0.014610274296209294
    endloop
  endfacet
  facet normal -0.82925440563155695 0.51632975602018039 -0.21387078760034997
    outer loop
      vertex 0.041569219381653061 -0.020784609690826527 0.011999999999999997
      vertex 0.041569219381653061 -0.023182219830937635 0.0062116570824605035
      vertex 0.038080960333979286 -0.028224882543751797 0.0075628344840615947
    endloop
  endfacet
  facet normal -0.82925440563155706 0.55409007924347253 -0.072947342820801425
    outer loop
      vertex 0.041569219381653061 -0.023182219830937635 0.0062116570824605035
      vertex 0.038080960333979286 -0.029220548592418592 3.5784851303035123e-18
      vertex 0.038080960333979286 -0.028224882543751797 0.0075628344840615947
    endloop
  endfacet
  facet normal -0.82925440563155706 0.55409007924347242 -0.072947342820801273
    outer loop
      vertex 0.041569219381653061 -0.023182219830937635 0.0062116570824605035
      vertex 0.041569219381653061 -0.023999999999999997 2.9391523179536474e-18
      vertex 0.038080960333979286 -0.029220548592418592 3.5784851303035123e-18
    endloop
  endfacet
  facet normal -0.82925440563155706 0.55409007924347253 0.072947342820801203
    outer loop
      vertex 0.041569219381653061 -0.023999999999999997 2.9391523179536474e-18
      vertex 0.038080960333979286 -0.0282248825437518 -0.0075628344840615886
      vertex 0.038080960333979286 -0.029220548592418592 3.5784851303035123e-18
    endloop
  endfacet
  facet normal -0.82925440563155717 0.55409007924347231 0.072947342820801259
    outer loop
      vertex 0.041569219381653061 -0.023999999999999997 2.9391523179536474e-18
      vertex 0.041569219381653061 -0.023182219830937635 -0.0062116570824604983
      vertex 0.038080960333979286 -0.0282248825437518 -0.0075628344840615886
    endloop
  endfacet
  facet normal -0.82925440563155717 0.51632975602018027 0.21387078760034989
    outer loop
      vertex 0.041569219381653061 -0.023182219830937635 -0.0062116570824604983
      vertex 0.038080960333979286 -0.025305737393552127 -0.014610274296209287
      vertex 0.038080960333979286 -0.0282248825437518 -0.0075628344840615886
    endloop
  endfacet
  facet normal -0.82925440563155706 0.51632975602018061 0.21387078760034975
    outer loop
      vertex 0.041569219381653061 -0.023182219830937635 -0.0062116570824604983
      vertex 0.041569219381653061 -0.02078460969082653 -0.011999999999999992
      vertex 0.038080960333979286 -0.025305737393552127 -0.014610274296209287
    endloop
  endfacet
  facet normal -0.82925440563155695 0.44338241319937932 0.34021929164312242
    outer loop
      vertex 0.041569219381653061 -0.02078460969082653 -0.011999999999999992
      vertex 0.038080960333979286 -0.020662048059690224 -0.0206620480596902
      vertex 0.038080960333979286 -0.025305737393552127 -0.014610274296209287
    endloop
  endfacet
  facet normal -0.82925440563155706 0.44338241319937921 0.34021929164312242
    outer loop
      vertex 0.041569219381653061 -0.02078460969082653 -0.011999999999999992
      vertex 0.041569219381653061 -0.016970562748477146 -0.016970562748477129
      vertex 0.038080960333979286 -0.020662048059690224 -0.0206620480596902
    endloop
  endfacet
  facet normal -0.82925440563155706 0.34021929164312276 0.44338241319937899
    outer loop
      vertex 0.041569219381653061 -0.016970562748477146 -0.016970562748477129
      vertex 0.038080960333979286 -0.014610274296209308 -0.025305737393552113
      vertex 0.038080960333979286 -0.020662048059690224 -0.0206620480596902
    endloop
  endfacet
  facet normal -0.82925440563155695 0.34021929164312292 0.44338241319937904
    outer loop
      vertex 0.041569219381653061 -0.016970562748477146 -0.016970562748477129
      vertex 0.041569219381653061 -0.012000000000000009 -0.02078460969082652
      vertex 0.038080960333979286 -0.014610274296209308 -0.025305737393552113
    endloop
  endfacet
  facet normal -0.82925440563155695 0.21387078760035014 0.51632975602018061
    outer loop
      vertex 0.041569219381653061 -0.012000000000000009 -0.02078460969082652
      vertex 0.038080960333979286 -0.0075628344840615834 -0.0282248825437518
      vertex 0.038080960333979286 -0.014610274296209308 -0.025305737393552113
    endloop
  endfacet
  facet normal -0.82925440563155706 0.21387078760034975 0.51632975602018039
    outer loop
      vertex 0.041569219381653061 -0.012000000000000009 -0.02078460969082652
      vertex 0.041569219381653061 -0.0062116570824604939 -0.023182219830937635
      vertex 0.038080960333979286 -0.0075628344840615834 -0.0282248825437518
    endloop
  endfacet
  facet normal -0.82925440563155717 0.072947342820801231 0.55409007924347231
    outer loop
      vertex 0.041569219381653061 -0.0062116570824604939 -0.023182219830937635
      vertex 0.038080960333979286 -5.3677276954552684e-18 -0.029220548592418592
      vertex 0.038080960333979286 -0.0075628344840615834 -0.0282248825437518
    endloop
  endfacet
  facet normal -0.82925440563155717 0.072947342820801411 0.55409007924347253
    outer loop
      vertex 0.041569219381653061 -0.0062116570824604939 -0.023182219830937635
      vertex 0.041569219381653061 -4.408728476930471e-18 -0.023999999999999997
      vertex 0.038080960333979286 -5.3677276954552684e-18 -0.029220548592418592
    endloop
  endfacet
  facet normal -0.82925440563155717 -0.072947342820801064 0.55409007924347242
    outer loop
      vertex 0.041569219381653061 -4.408728476930471e-18 -0.023999999999999997
      vertex 0.038080960333979286 0.0075628344840615739 -0.028224882543751804
      vertex 0.038080960333979286 -5.3677276954552684e-18 -0.029220548592418592
    endloop
  endfacet
  facet normal -0.82925440563155717 -0.072947342820801078 0.55409007924347242
    outer loop
      vertex 0.041569219381653061 -4.408728476930471e-18 -0.023999999999999997
      vertex 0.041569219381653061 0.0062116570824604861 -0.023182219830937639
      vertex 0.038080960333979286 0.0075628344840615739 -0.028224882543751804
    endloop
  endfacet
  facet normal -0.82925440563155717 -0.21387078760034986 0.51632975602018039
    outer loop
      vertex 0.041569219381653061 0.0062116570824604861 -0.023182219830937639
      vertex 0.038080960333979286 0.0146102742962093 -0.02530573739355212
      vertex 0.038080960333979286 0.0075628344840615739 -0.028224882543751804
    endloop
  endfacet
  facet normal -0.82925440563155706 -0.21387078760034978 0.5163297560201805
    outer loop
      vertex 0.041569219381653061 0.0062116570824604861 -0.023182219830937639
      vertex 0.041569219381653061 0.012000000000000002 -0.020784609690826523
      vertex 0.038080960333979286 0.0146102742962093 -0.02530573739355212
    endloop
  endfacet
  facet normal -0.82925440563155706 -0.34021929164312259 0.44338241319937916
    outer loop
      vertex 0.041569219381653061 0.012000000000000002 -0.020784609690826523
      vertex 0.038080960333979286 0.020662048059690206 -0.020662048059690217
      vertex 0.038080960333979286 0.0146102742962093 -0.02530573739355212
    endloop
  endfacet
  facet normal -0.82925440563155683 -0.34021929164312253 0.44338241319937938
    outer loop
      vertex 0.041569219381653061 0.012000000000000002 -0.020784609690826523
      vertex 0.041569219381653061 0.016970562748477136 -0.016970562748477143
      vertex 0.038080960333979286 0.020662048059690206 -0.020662048059690217
    endloop
  endfacet
  facet normal -0.82925440563155695 -0.44338241319937927 0.34021929164312276
    outer loop
      vertex 0.041569219381653061 0.016970562748477136 -0.016970562748477143
      vertex 0.038080960333979286 0.025305737393552113 -0.014610274296209308
      vertex 0.038080960333979286 0.020662048059690206 -0.020662048059690217
    endloop
  endfacet
  facet normal -0.82925440563155695 -0.44338241319937927 0.3402192916431227
    outer loop
      vertex 0.041569219381653061 0.016970562748477136 -0.016970562748477143
      vertex 0.041569219381653061 0.02078460969082652 -0.012000000000000009
      vertex 0.038080960333979286 0.025305737393552113 -0.014610274296209308
    endloop
  endfacet
  facet normal -0.82925440563155695 -0.51632975602018027 0.21387078760035041
    outer loop
      vertex 0.041569219381653061 0.02078460969082652 -0.012000000000000009
      vertex 0.038080960333979286 0.028224882543751793 -0.0075628344840616112
      vertex 0.038080960333979286 0.025305737393552113 -0.014610274296209308
    endloop
  endfacet
  facet normal -0.82925440563155695 -0.51632975602018027 0.21387078760035028
    outer loop
      vertex 0.041569219381653061 0.02078460969082652 -0.012000000000000009
      vertex 0.041569219381653061 0.023182219830937632 -0.0062116570824605173
      vertex 0.038080960333979286 0.028224882543751793 -0.0075628344840616112
    endloop
  endfacet
  facet normal -0.82925440563155695 -0.55409007924347242 0.072947342820801508
    outer loop
      vertex 0.041569219381653061 0.023182219830937632 -0.0062116570824605173
      vertex 0.038080960333979286 0.029220548592418592 0
      vertex 0.038080960333979286 0.028224882543751793 -0.0075628344840616112
    endloop
  endfacet
  facet normal -0.82925440563155706 -0.55409007924347242 0.072947342820801397
    outer loop
      vertex 0.041569219381653061 0.023182219830937632 -0.0062116570824605173
      vertex 0.041569219381653061 0.023999999999999997 0
      vertex 0.038080960333979286 0.029220548592418592 0
    endloop
  endfacet
  facet normal -0.74902314924020397 -0.65687567212036946 -0.086479322839045858
    outer loop
      vertex 0.038080960333979286 0.029220548592418592 0
      vertex 0.033941125496954286 0.032784609690826527 0.0087846096908265267
      vertex 0.033941125496954286 0.033941125496954279 0
    endloop
  endfacet
  facet normal -0.74902314924020408 -0.65687567212036935 -0.086479322839045927
    outer loop
      vertex 0.038080960333979286 0.029220548592418592 0
      vertex 0.038080960333979286 0.0282248825437518 0.0075628344840615869
      vertex 0.033941125496954286 0.032784609690826527 0.0087846096908265267
    endloop
  endfacet
  facet normal -0.74902314924020408 -0.61211068060374019 -0.25354454557949513
    outer loop
      vertex 0.038080960333979286 0.0282248825437518 0.0075628344840615869
      vertex 0.033941125496954286 0.029393876913398138 0.016970562748477136
      vertex 0.033941125496954286 0.032784609690826527 0.0087846096908265267
    endloop
  endfacet
  facet normal -0.74902314924020397 -0.61211068060374052 -0.25354454557949507
    outer loop
      vertex 0.038080960333979286 0.0282248825437518 0.0075628344840615869
      vertex 0.038080960333979286 0.025305737393552123 0.014610274296209294
      vertex 0.033941125496954286 0.029393876913398138 0.016970562748477136
    endloop
  endfacet
  facet normal -0.74902314924020397 -0.52563135776469461 -0.40333112654087427
    outer loop
      vertex 0.038080960333979286 0.025305737393552123 0.014610274296209294
      vertex 0.033941125496954286 0.024 0.023999999999999997
      vertex 0.033941125496954286 0.029393876913398138 0.016970562748477136
    endloop
  endfacet
  facet normal -0.7490231492402043 -0.52563135776469427 -0.40333112654087433
    outer loop
      vertex 0.038080960333979286 0.025305737393552123 0.014610274296209294
      vertex 0.038080960333979286 0.020662048059690213 0.02066204805969021
      vertex 0.033941125496954286 0.024 0.023999999999999997
    endloop
  endfacet
  facet normal -0.74902314924020419 -0.40333112654087422 -0.52563135776469427
    outer loop
      vertex 0.038080960333979286 0.020662048059690213 0.02066204805969021
      vertex 0.033941125496954286 0.016970562748477143 0.029393876913398134
      vertex 0.033941125496954286 0.024 0.023999999999999997
    endloop
  endfacet
  facet normal -0.74902314924020397 -0.4033311265408745 -0.52563135776469438
    outer loop
      vertex 0.038080960333979286 0.020662048059690213 0.02066204805969021
      vertex 0.038080960333979286 0.0146102742962093 0.02530573739355212
      vertex 0.033941125496954286 0.016970562748477143 0.029393876913398134
    endloop
  endfacet
  facet normal -0.74902314924020419 -0.25354454557949513 -0.61211068060374041
    outer loop
      vertex 0.038080960333979286 0.0146102742962093 0.02530573739355212
      vertex 0.033941125496954286 0.0087846096908265267 0.032784609690826527
      vertex 0.033941125496954286 0.016970562748477143 0.029393876913398134
    endloop
  endfacet
  facet normal -0.74902314924020408 -0.25354454557949513 -0.6121106806037403
    outer loop
      vertex 0.038080960333979286 0.0146102742962093 0.02530573739355212
      vertex 0.038080960333979286 0.0075628344840615869 0.0282248825437518
      vertex 0.033941125496954286 0.0087846096908265267 0.032784609690826527
    endloop
  endfacet
  facet normal -0.74902314924020419 -0.08647932283904583 -0.65687567212036935
    outer loop
      vertex 0.038080960333979286 0.0075628344840615869 0.0282248825437518
      vertex 0.033941125496954286 2.0782945349651837e-18 0.033941125496954279
      vertex 0.033941125496954286 0.0087846096908265267 0.032784609690826527
    endloop
  endfacet
  facet normal -0.74902314924020397 -0.086479322839045969 -0.65687567212036946
    outer loop
      vertex 0.038080960333979286 0.0075628344840615869 0.0282248825437518
      vertex 0.038080960333979286 1.7892425651517561e-18 0.029220548592418592
      vertex 0.033941125496954286 2.0782945349651837e-18 0.033941125496954279
    endloop
  endfacet
  facet normal -0.74902314924020397 0.086479322839045872 -0.65687567212036946
    outer loop
      vertex 0.038080960333979286 1.7892425651517561e-18 0.029220548592418592
      vertex 0.033941125496954286 -0.0087846096908265232 0.032784609690826527
      vertex 0.033941125496954286 2.0782945349651837e-18 0.033941125496954279
    endloop
  endfacet
  facet normal -0.74902314924020408 0.086479322839045941 -0.65687567212036924
    outer loop
      vertex 0.038080960333979286 1.7892425651517561e-18 0.029220548592418592
      vertex 0.038080960333979286 -0.0075628344840615834 0.0282248825437518
      vertex 0.033941125496954286 -0.0087846096908265232 0.032784609690826527
    endloop
  endfacet
  facet normal -0.74902314924020408 0.25354454557949513 -0.61211068060374019
    outer loop
      vertex 0.038080960333979286 -0.0075628344840615834 0.0282248825437518
      vertex 0.033941125496954286 -0.016970562748477133 0.029393876913398138
      vertex 0.033941125496954286 -0.0087846096908265232 0.032784609690826527
    endloop
  endfacet
  facet normal -0.74902314924020408 0.25354454557949513 -0.61211068060374041
    outer loop
      vertex 0.038080960333979286 -0.0075628344840615834 0.0282248825437518
      vertex 0.038080960333979286 -0.014610274296209289 0.025305737393552123
      vertex 0.033941125496954286 -0.016970562748477133 0.029393876913398138
    endloop
  endfacet
  facet normal -0.74902314924020408 0.40333112654087411 -0.5256313577646945
    outer loop
      vertex 0.038080960333979286 -0.014610274296209289 0.025305737393552123
      vertex 0.033941125496954286 -0.023999999999999997 0.024
      vertex 0.033941125496954286 -0.016970562748477133 0.029393876913398138
    endloop
  endfacet
  facet normal -0.74902314924020408 0.40333112654087411 -0.52563135776469438
    outer loop
      vertex 0.038080960333979286 -0.014610274296209289 0.025305737393552123
      vertex 0.038080960333979286 -0.02066204805969021 0.020662048059690213
      vertex 0.033941125496954286 -0.023999999999999997 0.024
    endloop
  endfacet
  facet normal -0.74902314924020419 0.52563135776469438 -0.40333112654087416
    outer loop
      vertex 0.038080960333979286 -0.02066204805969021 0.020662048059690213
      vertex 0.033941125496954286 -0.029393876913398138 0.016970562748477136
      vertex 0.033941125496954286 -0.023999999999999997 0.024
    endloop
  endfacet
  facet normal -0.74902314924020397 0.52563135776469438 -0.40333112654087444
    outer loop
      vertex 0.038080960333979286 -0.02066204805969021 0.020662048059690213
      vertex 0.038080960333979286 -0.025305737393552123 0.014610274296209294
      vertex 0.033941125496954286 -0.029393876913398138 0.016970562748477136
    endloop
  endfacet
  facet normal -0.74902314924020397 0.61211068060374052 -0.25354454557949496
    outer loop
      vertex 0.038080960333979286 -0.025305737393552123 0.014610274296209294
      vertex 0.033941125496954286 -0.03278460969082652 0.0087846096908265354
      vertex 0.033941125496954286 -0.029393876913398138 0.016970562748477136
    endloop
  endfacet
  facet normal -0.74902314924020397 0.61211068060374063 -0.25354454557949513
    outer loop
      vertex 0.038080960333979286 -0.025305737393552123 0.014610274296209294
      vertex 0.038080960333979286 -0.028224882543751797 0.0075628344840615947
      vertex 0.033941125496954286 -0.03278460969082652 0.0087846096908265354
    endloop
  endfacet
  facet normal -0.74902314924020386 0.65687567212036957 -0.086479322839046288
    outer loop
      vertex 0.038080960333979286 -0.028224882543751797 0.0075628344840615947
      vertex 0.033941125496954286 -0.033941125496954279 4.1565890699303675e-18
      vertex 0.033941125496954286 -0.03278460969082652 0.0087846096908265354
    endloop
  endfacet
  facet normal -0.74902314924020408 0.65687567212036946 -0.086479322839046205
    outer loop
      vertex 0.038080960333979286 -0.028224882543751797 0.0075628344840615947
      vertex 0.038080960333979286 -0.029220548592418592 3.5784851303035123e-18
      vertex 0.033941125496954286 -0.033941125496954279 4.1565890699303675e-18
    endloop
  endfacet
  facet normal -0.74902314924020408 0.65687567212036946 0.086479322839045802
    outer loop
      vertex 0.038080960333979286 -0.029220548592418592 3.5784851303035123e-18
      vertex 0.033941125496954286 -0.032784609690826527 -0.0087846096908265284
      vertex 0.033941125496954286 -0.033941125496954279 4.1565890699303675e-18
    endloop
  endfacet
  facet normal -0.74902314924020408 0.65687567212036935 0.086479322839045886
    outer loop
      vertex 0.038080960333979286 -0.029220548592418592 3.5784851303035123e-18
      vertex 0.038080960333979286 -0.0282248825437518 -0.0075628344840615886
      vertex 0.033941125496954286 -0.032784609690826527 -0.0087846096908265284
    endloop
  endfacet
  facet normal -0.74902314924020408 0.61211068060374041 0.25354454557949513
    outer loop
      vertex 0.038080960333979286 -0.0282248825437518 -0.0075628344840615886
      vertex 0.033941125496954286 -0.029393876913398141 -0.016970562748477129
      vertex 0.033941125496954286 -0.032784609690826527 -0.0087846096908265284
    endloop
  endfacet
  facet normal -0.74902314924020408 0.61211068060374052 0.25354454557949507
    outer loop
      vertex 0.038080960333979286 -0.0282248825437518 -0.0075628344840615886
      vertex 0.038080960333979286 -0.025305737393552127 -0.014610274296209287
      vertex 0.033941125496954286 -0.029393876913398141 -0.016970562748477129
    endloop
  endfacet
  facet normal -0.74902314924020408 0.52563135776469472 0.40333112654087411
    outer loop
      vertex 0.038080960333979286 -0.025305737393552127 -0.014610274296209287
      vertex 0.033941125496954286 -0.024000000000000011 -0.023999999999999987
      vertex 0.033941125496954286 -0.029393876913398141 -0.016970562748477129
    endloop
  endfacet
  facet normal -0.7490231492402043 0.52563135776469461 0.40333112654087416
    outer loop
      vertex 0.038080960333979286 -0.025305737393552127 -0.014610274296209287
      vertex 0.038080960333979286 -0.020662048059690224 -0.0206620480596902
      vertex 0.033941125496954286 -0.024000000000000011 -0.023999999999999987
    endloop
  endfacet
  facet normal -0.7490231492402043 0.40333112654087439 0.52563135776469416
    outer loop
      vertex 0.038080960333979286 -0.020662048059690224 -0.0206620480596902
      vertex 0.033941125496954286 -0.016970562748477153 -0.029393876913398127
      vertex 0.033941125496954286 -0.024000000000000011 -0.023999999999999987
    endloop
  endfacet
  facet normal -0.74902314924020419 0.40333112654087455 0.52563135776469416
    outer loop
      vertex 0.038080960333979286 -0.020662048059690224 -0.0206620480596902
      vertex 0.038080960333979286 -0.014610274296209308 -0.025305737393552113
      vertex 0.033941125496954286 -0.016970562748477153 -0.029393876913398127
    endloop
  endfacet
  facet normal -0.74902314924020419 0.25354454557949513 0.6121106806037403
    outer loop
      vertex 0.038080960333979286 -0.014610274296209308 -0.025305737393552113
      vertex 0.033941125496954286 -0.0087846096908265232 -0.032784609690826527
      vertex 0.033941125496954286 -0.016970562748477153 -0.029393876913398127
    endloop
  endfacet
  facet normal -0.74902314924020419 0.25354454557949524 0.6121106806037403
    outer loop
      vertex 0.038080960333979286 -0.014610274296209308 -0.025305737393552113
      vertex 0.038080960333979286 -0.0075628344840615834 -0.0282248825437518
      vertex 0.033941125496954286 -0.0087846096908265232 -0.032784609690826527
    endloop
  endfacet
  facet normal -0.74902314924020408 0.086479322839045886 0.65687567212036935
    outer loop
      vertex 0.038080960333979286 -0.0075628344840615834 -0.0282248825437518
      vertex 0.033941125496954286 -6.2348836048955512e-18 -0.033941125496954279
      vertex 0.033941125496954286 -0.0087846096908265232 -0.032784609690826527
    endloop
  endfacet
  facet normal -0.74902314924020408 0.086479322839046052 0.65687567212036946
    outer loop
      vertex 0.038080960333979286 -0.0075628344840615834 -0.0282248825437518
      vertex 0.038080960333979286 -5.3677276954552684e-18 -0.029220548592418592
      vertex 0.033941125496954286 -6.2348836048955512e-18 -0.033941125496954279
    endloop
  endfacet
  facet normal -0.74902314924020386 -0.086479322839045941 0.65687567212036946
    outer loop
      vertex 0.038080960333979286 -5.3677276954552684e-18 -0.029220548592418592
      vertex 0.033941125496954286 0.0087846096908265111 -0.032784609690826527
      vertex 0.033941125496954286 -6.2348836048955512e-18 -0.033941125496954279
    endloop
  endfacet
  facet normal -0.74902314924020374 -0.086479322839045761 0.65687567212036968
    outer loop
      vertex 0.038080960333979286 -5.3677276954552684e-18 -0.029220548592418592
      vertex 0.038080960333979286 0.0075628344840615739 -0.028224882543751804
      vertex 0.033941125496954286 0.0087846096908265111 -0.032784609690826527
    endloop
  endfacet
  facet normal -0.74902314924020386 -0.25354454557949485 0.61211068060374074
    outer loop
      vertex 0.038080960333979286 0.0075628344840615739 -0.028224882543751804
      vertex 0.033941125496954286 0.016970562748477143 -0.029393876913398134
      vertex 0.033941125496954286 0.0087846096908265111 -0.032784609690826527
    endloop
  endfacet
  facet normal -0.74902314924020408 -0.25354454557949496 0.61211068060374041
    outer loop
      vertex 0.038080960333979286 0.0075628344840615739 -0.028224882543751804
      vertex 0.038080960333979286 0.0146102742962093 -0.02530573739355212
      vertex 0.033941125496954286 0.016970562748477143 -0.029393876913398134
    endloop
  endfacet
  facet normal -0.74902314924020419 -0.40333112654087427 0.52563135776469438
    outer loop
      vertex 0.038080960333979286 0.0146102742962093 -0.02530573739355212
      vertex 0.033941125496954286 0.023999999999999994 -0.024000000000000004
      vertex 0.033941125496954286 0.016970562748477143 -0.029393876913398134
    endloop
  endfacet
  facet normal -0.74902314924020419 -0.40333112654087427 0.52563135776469427
    outer loop
      vertex 0.038080960333979286 0.0146102742962093 -0.02530573739355212
      vertex 0.038080960333979286 0.020662048059690206 -0.020662048059690217
      vertex 0.033941125496954286 0.023999999999999994 -0.024000000000000004
    endloop
  endfacet
  facet normal -0.74902314924020419 -0.52563135776469427 0.40333112654087439
    outer loop
      vertex 0.038080960333979286 0.020662048059690206 -0.020662048059690217
      vertex 0.033941125496954286 0.029393876913398127 -0.016970562748477153
      vertex 0.033941125496954286 0.023999999999999994 -0.024000000000000004
    endloop
  endfacet
  facet normal -0.74902314924020419 -0.52563135776469427 0.40333112654087444
    outer loop
      vertex 0.038080960333979286 0.020662048059690206 -0.020662048059690217
      vertex 0.038080960333979286 0.025305737393552113 -0.014610274296209308
      vertex 0.033941125496954286 0.029393876913398127 -0.016970562748477153
    endloop
  endfacet
  facet normal -0.74902314924020419 -0.61211068060374019 0.25354454557949557
    outer loop
      vertex 0.038080960333979286 0.025305737393552113 -0.014610274296209308
      vertex 0.033941125496954286 0.03278460969082652 -0.0087846096908265545
      vertex 0.033941125496954286 0.029393876913398127 -0.016970562748477153
    endloop
  endfacet
  facet normal -0.74902314924020419 -0.61211068060374008 0.25354454557949557
    outer loop
      vertex 0.038080960333979286 0.025305737393552113 -0.014610274296209308
      vertex 0.038080960333979286 0.028224882543751793 -0.0075628344840616112
      vertex 0.033941125496954286 0.03278460969082652 -0.0087846096908265545
    endloop
  endfacet
  facet normal -0.74902314924020419 -0.65687567212036924 0.086479322839046024
    outer loop
      vertex 0.038080960333979286 0.028224882543751793 -0.0075628344840616112
      vertex 0.033941125496954286 0.033941125496954279 0
      vertex 0.033941125496954286 0.03278460969082652 -0.0087846096908265545
    endloop
  endfacet
  facet normal -0.74902314924020397 -0.65687567212036935 0.086479322839046274
    outer loop
      vertex 0.038080960333979286 0.028224882543751793 -0.0075628344840616112
      vertex 0.038080960333979286 0.029220548592418592 0
      vertex 0.033941125496954286 0.033941125496954279 0
    endloop
  endfacet
  facet normal -0.65613943403785158 -0.74818363060591186 -0.098500243623273614
    outer loop
      vertex 0.033941125496954286 0.033941125496954279 0
      vertex 0.029220548592418592 0.036783383076480179 0.0098560777902274872
      vertex 0.029220548592418592 0.038080960333979286 0
    endloop
  endfacet
  facet normal -0.65613943403785169 -0.74818363060591175 -0.098500243623273726
    outer loop
      vertex 0.033941125496954286 0.033941125496954279 0
      vertex 0.033941125496954286 0.032784609690826527 0.0087846096908265267
      vertex 0.029220548592418592 0.036783383076480179 0.0098560777902274872
    endloop
  endfacet
  facet normal -0.65613943403785169 -0.69719615261202905 -0.28878810204624455
    outer loop
      vertex 0.033941125496954286 0.032784609690826527 0.0087846096908265267
      vertex 0.029220548592418592 0.032979079049733608 0.019040480166989639
      vertex 0.029220548592418592 0.036783383076480179 0.0098560777902274872
    endloop
  endfacet
  facet normal -0.65613943403785169 -0.69719615261202883 -0.28878810204624455
    outer loop
      vertex 0.033941125496954286 0.032784609690826527 0.0087846096908265267
      vertex 0.033941125496954286 0.029393876913398138 0.016970562748477136
      vertex 0.029220548592418592 0.032979079049733608 0.019040480166989639
    endloop
  endfacet
  facet normal -0.6561394340378518 -0.59869590898875491 -0.45939552855966742
    outer loop
      vertex 0.033941125496954286 0.029393876913398138 0.016970562748477136
      vertex 0.029220548592418592 0.026927305286252687 0.026927305286252683
      vertex 0.029220548592418592 0.032979079049733608 0.019040480166989639
    endloop
  endfacet
  facet normal -0.65613943403785124 -0.59869590898875535 -0.45939552855966731
    outer loop
      vertex 0.033941125496954286 0.029393876913398138 0.016970562748477136
      vertex 0.033941125496954286 0.024 0.023999999999999997
      vertex 0.029220548592418592 0.026927305286252687 0.026927305286252683
    endloop
  endfacet
  facet normal -0.65613943403785124 -0.45939552855966753 -0.59869590898875513
    outer loop
      vertex 0.033941125496954286 0.024 0.023999999999999997
      vertex 0.029220548592418592 0.019040480166989646 0.032979079049733601
      vertex 0.029220548592418592 0.026927305286252687 0.026927305286252683
    endloop
  endfacet
  facet normal -0.65613943403785147 -0.45939552855966737 -0.59869590898875513
    outer loop
      vertex 0.033941125496954286 0.024 0.023999999999999997
      vertex 0.033941125496954286 0.016970562748477143 0.029393876913398134
      vertex 0.029220548592418592 0.019040480166989646 0.032979079049733601
    endloop
  endfacet
  facet normal -0.65613943403785147 -0.28878810204624483 -0.69719615261202894
    outer loop
      vertex 0.033941125496954286 0.016970562748477143 0.029393876913398134
      vertex 0.029220548592418592 0.0098560777902274872 0.036783383076480179
      vertex 0.029220548592418592 0.019040480166989646 0.032979079049733601
    endloop
  endfacet
  facet normal -0.65613943403785169 -0.28878810204624467 -0.69719615261202894
    outer loop
      vertex 0.033941125496954286 0.016970562748477143 0.029393876913398134
      vertex 0.033941125496954286 0.0087846096908265267 0.032784609690826527
      vertex 0.029220548592418592 0.0098560777902274872 0.036783383076480179
    endloop
  endfacet
  facet normal -0.65613943403785169 -0.098500243623273614 -0.74818363060591175
    outer loop
      vertex 0.033941125496954286 0.0087846096908265267 0.032784609690826527
      vertex 0.029220548592418592 2.3317863090732526e-18 0.038080960333979286
      vertex 0.029220548592418592 0.0098560777902274872 0.036783383076480179
    endloop
  endfacet
  facet normal -0.65613943403785158 -0.098500243623273753 -0.74818363060591186
    outer loop
      vertex 0.033941125496954286 0.0087846096908265267 0.032784609690826527
      vertex 0.033941125496954286 2.0782945349651837e-18 0.033941125496954279
      vertex 0.029220548592418592 2.3317863090732526e-18 0.038080960333979286
    endloop
  endfacet
  facet normal -0.65613943403785158 0.098500243623273642 -0.74818363060591186
    outer loop
      vertex 0.033941125496954286 2.0782945349651837e-18 0.033941125496954279
      vertex 0.029220548592418592 -0.0098560777902274837 0.036783383076480179
      vertex 0.029220548592418592 2.3317863090732526e-18 0.038080960333979286
    endloop
  endfacet
  facet normal -0.65613943403785169 0.098500243623273739 -0.74818363060591175
    outer loop
      vertex 0.033941125496954286 2.0782945349651837e-18 0.033941125496954279
      vertex 0.033941125496954286 -0.0087846096908265232 0.032784609690826527
      vertex 0.029220548592418592 -0.0098560777902274837 0.036783383076480179
    endloop
  endfacet
  facet normal -0.65613943403785169 0.28878810204624455 -0.69719615261202905
    outer loop
      vertex 0.033941125496954286 -0.0087846096908265232 0.032784609690826527
      vertex 0.029220548592418592 -0.019040480166989636 0.032979079049733608
      vertex 0.029220548592418592 -0.0098560777902274837 0.036783383076480179
    endloop
  endfacet
  facet normal -0.65613943403785169 0.28878810204624455 -0.69719615261202883
    outer loop
      vertex 0.033941125496954286 -0.0087846096908265232 0.032784609690826527
      vertex 0.033941125496954286 -0.016970562748477133 0.029393876913398138
      vertex 0.029220548592418592 -0.019040480166989636 0.032979079049733608
    endloop
  endfacet
  facet normal -0.6561394340378518 0.45939552855966737 -0.59869590898875502
    outer loop
      vertex 0.033941125496954286 -0.016970562748477133 0.029393876913398138
      vertex 0.029220548592418592 -0.026927305286252683 0.026927305286252687
      vertex 0.029220548592418592 -0.019040480166989636 0.032979079049733608
    endloop
  endfacet
  facet normal -0.65613943403785135 0.4593955285596672 -0.59869590898875558
    outer loop
      vertex 0.033941125496954286 -0.016970562748477133 0.029393876913398138
      vertex 0.033941125496954286 -0.023999999999999997 0.024
      vertex 0.029220548592418592 -0.026927305286252683 0.026927305286252687
    endloop
  endfacet
  facet normal -0.65613943403785135 0.59869590898875524 -0.45939552855966764
    outer loop
      vertex 0.033941125496954286 -0.023999999999999997 0.024
      vertex 0.029220548592418592 -0.032979079049733608 0.019040480166989639
      vertex 0.029220548592418592 -0.026927305286252683 0.026927305286252687
    endloop
  endfacet
  facet normal -0.65613943403785158 0.59869590898875513 -0.45939552855966714
    outer loop
      vertex 0.033941125496954286 -0.023999999999999997 0.024
      vertex 0.033941125496954286 -0.029393876913398138 0.016970562748477136
      vertex 0.029220548592418592 -0.032979079049733608 0.019040480166989639
    endloop
  endfacet
  facet normal -0.6561394340378518 0.69719615261202894 -0.28878810204624433
    outer loop
      vertex 0.033941125496954286 -0.029393876913398138 0.016970562748477136
      vertex 0.029220548592418592 -0.036783383076480172 0.0098560777902274993
      vertex 0.029220548592418592 -0.032979079049733608 0.019040480166989639
    endloop
  endfacet
  facet normal -0.6561394340378518 0.69719615261202883 -0.28878810204624433
    outer loop
      vertex 0.033941125496954286 -0.029393876913398138 0.016970562748477136
      vertex 0.033941125496954286 -0.03278460969082652 0.0087846096908265354
      vertex 0.029220548592418592 -0.036783383076480172 0.0098560777902274993
    endloop
  endfacet
  facet normal -0.6561394340378518 0.74818363060591175 -0.098500243623274086
    outer loop
      vertex 0.033941125496954286 -0.03278460969082652 0.0087846096908265354
      vertex 0.029220548592418592 -0.038080960333979286 4.6635726181465052e-18
      vertex 0.029220548592418592 -0.036783383076480172 0.0098560777902274993
    endloop
  endfacet
  facet normal -0.65613943403785158 0.74818363060591186 -0.098500243623274239
    outer loop
      vertex 0.033941125496954286 -0.03278460969082652 0.0087846096908265354
      vertex 0.033941125496954286 -0.033941125496954279 4.1565890699303675e-18
      vertex 0.029220548592418592 -0.038080960333979286 4.6635726181465052e-18
    endloop
  endfacet
  facet normal -0.65613943403785158 0.74818363060591186 0.098500243623273559
    outer loop
      vertex 0.033941125496954286 -0.033941125496954279 4.1565890699303675e-18
      vertex 0.029220548592418592 -0.036783383076480179 -0.0098560777902274906
      vertex 0.029220548592418592 -0.038080960333979286 4.6635726181465052e-18
    endloop
  endfacet
  facet normal -0.65613943403785169 0.74818363060591186 0.098500243623273656
    outer loop
      vertex 0.033941125496954286 -0.033941125496954279 4.1565890699303675e-18
      vertex 0.033941125496954286 -0.032784609690826527 -0.0087846096908265284
      vertex 0.029220548592418592 -0.036783383076480179 -0.0098560777902274906
    endloop
  endfacet
  facet normal -0.65613943403785169 0.69719615261202894 0.28878810204624483
    outer loop
      vertex 0.033941125496954286 -0.032784609690826527 -0.0087846096908265284
      vertex 0.029220548592418592 -0.032979079049733608 -0.019040480166989632
      vertex 0.029220548592418592 -0.036783383076480179 -0.0098560777902274906
    endloop
  endfacet
  facet normal -0.65613943403785135 0.69719615261202905 0.28878810204624467
    outer loop
      vertex 0.033941125496954286 -0.032784609690826527 -0.0087846096908265284
      vertex 0.033941125496954286 -0.029393876913398141 -0.016970562748477129
      vertex 0.029220548592418592 -0.032979079049733608 -0.019040480166989632
    endloop
  endfacet
  facet normal -0.65613943403785147 0.59869590898875547 0.45939552855966698
    outer loop
      vertex 0.033941125496954286 -0.029393876913398141 -0.016970562748477129
      vertex 0.029220548592418592 -0.026927305286252701 -0.026927305286252673
      vertex 0.029220548592418592 -0.032979079049733608 -0.019040480166989632
    endloop
  endfacet
  facet normal -0.65613943403785158 0.59869590898875547 0.45939552855966698
    outer loop
      vertex 0.033941125496954286 -0.029393876913398141 -0.016970562748477129
      vertex 0.033941125496954286 -0.024000000000000011 -0.023999999999999987
      vertex 0.029220548592418592 -0.026927305286252701 -0.026927305286252673
    endloop
  endfacet
  facet normal -0.65613943403785158 0.45939552855966764 0.59869590898875491
    outer loop
      vertex 0.033941125496954286 -0.024000000000000011 -0.023999999999999987
      vertex 0.029220548592418592 -0.01904048016698966 -0.032979079049733594
      vertex 0.029220548592418592 -0.026927305286252701 -0.026927305286252673
    endloop
  endfacet
  facet normal -0.65613943403785169 0.45939552855966748 0.59869590898875491
    outer loop
      vertex 0.033941125496954286 -0.024000000000000011 -0.023999999999999987
      vertex 0.033941125496954286 -0.016970562748477153 -0.029393876913398127
      vertex 0.029220548592418592 -0.01904048016698966 -0.032979079049733594
    endloop
  endfacet
  facet normal -0.65613943403785158 0.28878810204624483 0.69719615261202883
    outer loop
      vertex 0.033941125496954286 -0.016970562748477153 -0.029393876913398127
      vertex 0.029220548592418592 -0.0098560777902274837 -0.036783383076480179
      vertex 0.029220548592418592 -0.01904048016698966 -0.032979079049733594
    endloop
  endfacet
  facet normal -0.65613943403785158 0.28878810204624472 0.69719615261202883
    outer loop
      vertex 0.033941125496954286 -0.016970562748477153 -0.029393876913398127
      vertex 0.033941125496954286 -0.0087846096908265232 -0.032784609690826527
      vertex 0.029220548592418592 -0.0098560777902274837 -0.036783383076480179
    endloop
  endfacet
  facet normal -0.65613943403785158 0.098500243623273712 0.74818363060591175
    outer loop
      vertex 0.033941125496954286 -0.0087846096908265232 -0.032784609690826527
      vertex 0.029220548592418592 -6.9953589272197581e-18 -0.038080960333979286
      vertex 0.029220548592418592 -0.0098560777902274837 -0.036783383076480179
    endloop
  endfacet
  facet normal -0.65613943403785158 0.098500243623273837 0.74818363060591186
    outer loop
      vertex 0.033941125496954286 -0.0087846096908265232 -0.032784609690826527
      vertex 0.033941125496954286 -6.2348836048955512e-18 -0.033941125496954279
      vertex 0.029220548592418592 -6.9953589272197581e-18 -0.038080960333979286
    endloop
  endfacet
  facet normal -0.65613943403785147 -0.098500243623273712 0.74818363060591198
    outer loop
      vertex 0.033941125496954286 -6.2348836048955512e-18 -0.033941125496954279
      vertex 0.029220548592418592 0.0098560777902274715 -0.036783383076480179
      vertex 0.029220548592418592 -6.9953589272197581e-18 -0.038080960333979286
    endloop
  endfacet
  facet normal -0.65613943403785169 -0.098500243623273809 0.74818363060591175
    outer loop
      vertex 0.033941125496954286 -6.2348836048955512e-18 -0.033941125496954279
      vertex 0.033941125496954286 0.0087846096908265111 -0.032784609690826527
      vertex 0.029220548592418592 0.0098560777902274715 -0.036783383076480179
    endloop
  endfacet
  facet normal -0.6561394340378518 -0.28878810204624433 0.69719615261202905
    outer loop
      vertex 0.033941125496954286 0.0087846096908265111 -0.032784609690826527
      vertex 0.029220548592418592 0.019040480166989646 -0.032979079049733601
      vertex 0.029220548592418592 0.0098560777902274715 -0.036783383076480179
    endloop
  endfacet
  facet normal -0.65613943403785147 -0.28878810204624422 0.69719615261202927
    outer loop
      vertex 0.033941125496954286 0.0087846096908265111 -0.032784609690826527
      vertex 0.033941125496954286 0.016970562748477143 -0.029393876913398134
      vertex 0.029220548592418592 0.019040480166989646 -0.032979079049733601
    endloop
  endfacet
  facet normal -0.65613943403785147 -0.45939552855966725 0.59869590898875524
    outer loop
      vertex 0.033941125496954286 0.016970562748477143 -0.029393876913398134
      vertex 0.029220548592418592 0.02692730528625268 -0.026927305286252694
      vertex 0.029220548592418592 0.019040480166989646 -0.032979079049733601
    endloop
  endfacet
  facet normal -0.65613943403785158 -0.45939552855966725 0.59869590898875524
    outer loop
      vertex 0.033941125496954286 0.016970562748477143 -0.029393876913398134
      vertex 0.033941125496954286 0.023999999999999994 -0.024000000000000004
      vertex 0.029220548592418592 0.02692730528625268 -0.026927305286252694
    endloop
  endfacet
  facet normal -0.65613943403785158 -0.59869590898875502 0.45939552855966759
    outer loop
      vertex 0.033941125496954286 0.023999999999999994 -0.024000000000000004
      vertex 0.029220548592418592 0.032979079049733594 -0.01904048016698966
      vertex 0.029220548592418592 0.02692730528625268 -0.026927305286252694
    endloop
  endfacet
  facet normal -0.65613943403785169 -0.59869590898875491 0.45939552855966731
    outer loop
      vertex 0.033941125496954286 0.023999999999999994 -0.024000000000000004
      vertex 0.033941125496954286 0.029393876913398127 -0.016970562748477153
      vertex 0.029220548592418592 0.032979079049733594 -0.01904048016698966
    endloop
  endfacet
  facet normal -0.65613943403785158 -0.69719615261202894 0.28878810204624489
    outer loop
      vertex 0.033941125496954286 0.029393876913398127 -0.016970562748477153
      vertex 0.029220548592418592 0.036783383076480165 -0.0098560777902275201
      vertex 0.029220548592418592 0.032979079049733594 -0.01904048016698966
    endloop
  endfacet
  facet normal -0.65613943403785124 -0.69719615261202916 0.28878810204624533
    outer loop
      vertex 0.033941125496954286 0.029393876913398127 -0.016970562748477153
      vertex 0.033941125496954286 0.03278460969082652 -0.0087846096908265545
      vertex 0.029220548592418592 0.036783383076480165 -0.0098560777902275201
    endloop
  endfacet
  facet normal -0.65613943403785113 -0.74818363060591209 0.098500243623274406
    outer loop
      vertex 0.033941125496954286 0.03278460969082652 -0.0087846096908265545
      vertex 0.029220548592418592 0.038080960333979286 0
      vertex 0.029220548592418592 0.036783383076480165 -0.0098560777902275201
    endloop
  endfacet
  facet normal -0.65613943403785147 -0.74818363060591186 0.098500243623273989
    outer loop
      vertex 0.033941125496954286 0.03278460969082652 -0.0087846096908265545
      vertex 0.033941125496954286 0.033941125496954279 0
      vertex 0.029220548592418592 0.038080960333979286 0
    endloop
  endfacet
  facet normal -0.55227126403397164 -0.82653235630779465 -0.10881504904471656
    outer loop
      vertex 0.029220548592418592 0.038080960333979286 0
      vertex 0.024000000000000007 0.040152782579414778 0.01075890566601664
      vertex 0.024000000000000007 0.041569219381653054 0
    endloop
  endfacet
  facet normal -0.55227126403397109 -0.82653235630779487 -0.10881504904471628
    outer loop
      vertex 0.029220548592418592 0.038080960333979286 0
      vertex 0.029220548592418592 0.036783383076480179 0.0098560777902274872
      vertex 0.024000000000000007 0.040152782579414778 0.01075890566601664
    endloop
  endfacet
  facet normal -0.55227126403397131 -0.77020554213472003 -0.31902958136712295
    outer loop
      vertex 0.029220548592418592 0.036783383076480179 0.0098560777902274872
      vertex 0.024000000000000007 0.036000000000000004 0.020784609690826523
      vertex 0.024000000000000007 0.040152782579414778 0.01075890566601664
    endloop
  endfacet
  facet normal -0.55227126403397164 -0.7702055421347197 -0.31902958136712317
    outer loop
      vertex 0.029220548592418592 0.036783383076480179 0.0098560777902274872
      vertex 0.029220548592418592 0.032979079049733608 0.019040480166989639
      vertex 0.024000000000000007 0.036000000000000004 0.020784609690826523
    endloop
  endfacet
  facet normal -0.55227126403397164 -0.66139049309000297 -0.50750277494067164
    outer loop
      vertex 0.029220548592418592 0.032979079049733608 0.019040480166989639
      vertex 0.024000000000000007 0.029393876913398138 0.029393876913398134
      vertex 0.024000000000000007 0.036000000000000004 0.020784609690826523
    endloop
  endfacet
  facet normal -0.55227126403397164 -0.66139049309000275 -0.50750277494067153
    outer loop
      vertex 0.029220548592418592 0.032979079049733608 0.019040480166989639
      vertex 0.029220548592418592 0.026927305286252687 0.026927305286252683
      vertex 0.024000000000000007 0.029393876913398138 0.029393876913398134
    endloop
  endfacet
  facet normal -0.55227126403397186 -0.50750277494067142 -0.66139049309000286
    outer loop
      vertex 0.029220548592418592 0.026927305286252687 0.026927305286252683
      vertex 0.024000000000000007 0.02078460969082653 0.035999999999999997
      vertex 0.024000000000000007 0.029393876913398138 0.029393876913398134
    endloop
  endfacet
  facet normal -0.55227126403397153 -0.50750277494067153 -0.66139049309000286
    outer loop
      vertex 0.029220548592418592 0.026927305286252687 0.026927305286252683
      vertex 0.029220548592418592 0.019040480166989646 0.032979079049733601
      vertex 0.024000000000000007 0.02078460969082653 0.035999999999999997
    endloop
  endfacet
  facet normal -0.55227126403397164 -0.31902958136712312 -0.77020554213471959
    outer loop
      vertex 0.029220548592418592 0.019040480166989646 0.032979079049733601
      vertex 0.024000000000000007 0.01075890566601664 0.040152782579414778
      vertex 0.024000000000000007 0.02078460969082653 0.035999999999999997
    endloop
  endfacet
  facet normal -0.55227126403397131 -0.31902958136712356 -0.77020554213471981
    outer loop
      vertex 0.029220548592418592 0.019040480166989646 0.032979079049733601
      vertex 0.029220548592418592 0.0098560777902274872 0.036783383076480179
      vertex 0.024000000000000007 0.01075890566601664 0.040152782579414778
    endloop
  endfacet
  facet normal -0.5522712640339712 -0.10881504904471666 -0.82653235630779487
    outer loop
      vertex 0.029220548592418592 0.0098560777902274872 0.036783383076480179
      vertex 0.024000000000000007 2.5453805729397767e-18 0.041569219381653054
      vertex 0.024000000000000007 0.01075890566601664 0.040152782579414778
    endloop
  endfacet
  facet normal -0.55227126403397164 -0.10881504904471626 -0.82653235630779454
    outer loop
      vertex 0.029220548592418592 0.0098560777902274872 0.036783383076480179
      vertex 0.029220548592418592 2.3317863090732526e-18 0.038080960333979286
      vertex 0.024000000000000007 2.5453805729397767e-18 0.041569219381653054
    endloop
  endfacet
  facet normal -0.55227126403397164 0.10881504904471659 -0.82653235630779465
    outer loop
      vertex 0.029220548592418592 2.3317863090732526e-18 0.038080960333979286
      vertex 0.024000000000000007 -0.010758905666016637 0.040152782579414778
      vertex 0.024000000000000007 2.5453805729397767e-18 0.041569219381653054
    endloop
  endfacet
  facet normal -0.55227126403397109 0.1088150490447163 -0.82653235630779498
    outer loop
      vertex 0.029220548592418592 2.3317863090732526e-18 0.038080960333979286
      vertex 0.029220548592418592 -0.0098560777902274837 0.036783383076480179
      vertex 0.024000000000000007 -0.010758905666016637 0.040152782579414778
    endloop
  endfacet
  facet normal -0.55227126403397131 0.31902958136712306 -0.77020554213472003
    outer loop
      vertex 0.029220548592418592 -0.0098560777902274837 0.036783383076480179
      vertex 0.024000000000000007 -0.020784609690826517 0.036000000000000004
      vertex 0.024000000000000007 -0.010758905666016637 0.040152782579414778
    endloop
  endfacet
  facet normal -0.55227126403397142 0.31902958136712317 -0.7702055421347197
    outer loop
      vertex 0.029220548592418592 -0.0098560777902274837 0.036783383076480179
      vertex 0.029220548592418592 -0.019040480166989636 0.032979079049733608
      vertex 0.024000000000000007 -0.020784609690826517 0.036000000000000004
    endloop
  endfacet
  facet normal -0.55227126403397142 0.50750277494067142 -0.66139049309000331
    outer loop
      vertex 0.029220548592418592 -0.019040480166989636 0.032979079049733608
      vertex 0.024000000000000007 -0.029393876913398134 0.029393876913398138
      vertex 0.024000000000000007 -0.020784609690826517 0.036000000000000004
    endloop
  endfacet
  facet normal -0.55227126403397175 0.50750277494067142 -0.66139049309000286
    outer loop
      vertex 0.029220548592418592 -0.019040480166989636 0.032979079049733608
      vertex 0.029220548592418592 -0.026927305286252683 0.026927305286252687
      vertex 0.024000000000000007 -0.029393876913398134 0.029393876913398138
    endloop
  endfacet
  facet normal -0.55227126403397186 0.66139049309000286 -0.50750277494067164
    outer loop
      vertex 0.029220548592418592 -0.026927305286252683 0.026927305286252687
      vertex 0.024000000000000007 -0.036000000000000004 0.020784609690826523
      vertex 0.024000000000000007 -0.029393876913398134 0.029393876913398138
    endloop
  endfacet
  facet normal -0.55227126403397164 0.66139049309000286 -0.50750277494067175
    outer loop
      vertex 0.029220548592418592 -0.026927305286252683 0.026927305286252687
      vertex 0.029220548592418592 -0.032979079049733608 0.019040480166989639
      vertex 0.024000000000000007 -0.036000000000000004 0.020784609690826523
    endloop
  endfacet
  facet normal -0.55227126403397164 0.77020554213471959 -0.31902958136712317
    outer loop
      vertex 0.029220548592418592 -0.032979079049733608 0.019040480166989639
      vertex 0.024000000000000007 -0.040152782579414778 0.010758905666016652
      vertex 0.024000000000000007 -0.036000000000000004 0.020784609690826523
    endloop
  endfacet
  facet normal -0.55227126403397186 0.77020554213471948 -0.31902958136712289
    outer loop
      vertex 0.029220548592418592 -0.032979079049733608 0.019040480166989639
      vertex 0.029220548592418592 -0.036783383076480172 0.0098560777902274993
      vertex 0.024000000000000007 -0.040152782579414778 0.010758905666016652
    endloop
  endfacet
  facet normal -0.55227126403397198 0.82653235630779431 -0.10881504904471651
    outer loop
      vertex 0.029220548592418592 -0.036783383076480172 0.0098560777902274993
      vertex 0.024000000000000007 -0.041569219381653054 5.0907611458795533e-18
      vertex 0.024000000000000007 -0.040152782579414778 0.010758905666016652
    endloop
  endfacet
  facet normal -0.55227126403397164 0.82653235630779454 -0.10881504904471674
    outer loop
      vertex 0.029220548592418592 -0.036783383076480172 0.0098560777902274993
      vertex 0.029220548592418592 -0.038080960333979286 4.6635726181465052e-18
      vertex 0.024000000000000007 -0.041569219381653054 5.0907611458795533e-18
    endloop
  endfacet
  facet normal -0.55227126403397153 0.82653235630779454 0.10881504904471648
    outer loop
      vertex 0.029220548592418592 -0.038080960333979286 4.6635726181465052e-18
      vertex 0.024000000000000007 -0.040152782579414778 -0.010758905666016644
      vertex 0.024000000000000007 -0.041569219381653054 5.0907611458795533e-18
    endloop
  endfacet
  facet normal -0.55227126403397109 0.82653235630779487 0.10881504904471619
    outer loop
      vertex 0.029220548592418592 -0.038080960333979286 4.6635726181465052e-18
      vertex 0.029220548592418592 -0.036783383076480179 -0.0098560777902274906
      vertex 0.024000000000000007 -0.040152782579414778 -0.010758905666016644
    endloop
  endfacet
  facet normal -0.5522712640339712 0.77020554213471981 0.31902958136712323
    outer loop
      vertex 0.029220548592418592 -0.036783383076480179 -0.0098560777902274906
      vertex 0.024000000000000007 -0.036000000000000004 -0.020784609690826517
      vertex 0.024000000000000007 -0.040152782579414778 -0.010758905666016644
    endloop
  endfacet
  facet normal -0.55227126403397153 0.77020554213471948 0.31902958136712345
    outer loop
      vertex 0.029220548592418592 -0.036783383076480179 -0.0098560777902274906
      vertex 0.029220548592418592 -0.032979079049733608 -0.019040480166989632
      vertex 0.024000000000000007 -0.036000000000000004 -0.020784609690826517
    endloop
  endfacet
  facet normal -0.55227126403397164 0.6613904930900032 0.5075027749406712
    outer loop
      vertex 0.029220548592418592 -0.032979079049733608 -0.019040480166989632
      vertex 0.024000000000000007 -0.029393876913398152 -0.02939387691339812
      vertex 0.024000000000000007 -0.036000000000000004 -0.020784609690826517
    endloop
  endfacet
  facet normal -0.55227126403397142 0.66139049309000342 0.50750277494067109
    outer loop
      vertex 0.029220548592418592 -0.032979079049733608 -0.019040480166989632
      vertex 0.029220548592418592 -0.026927305286252701 -0.026927305286252673
      vertex 0.024000000000000007 -0.029393876913398152 -0.02939387691339812
    endloop
  endfacet
  facet normal -0.55227126403397153 0.50750277494067197 0.66139049309000286
    outer loop
      vertex 0.029220548592418592 -0.026927305286252701 -0.026927305286252673
      vertex 0.024000000000000007 -0.020784609690826544 -0.03599999999999999
      vertex 0.024000000000000007 -0.029393876913398152 -0.02939387691339812
    endloop
  endfacet
  facet normal -0.55227126403397153 0.50750277494067175 0.66139049309000275
    outer loop
      vertex 0.029220548592418592 -0.026927305286252701 -0.026927305286252673
      vertex 0.029220548592418592 -0.01904048016698966 -0.032979079049733594
      vertex 0.024000000000000007 -0.020784609690826544 -0.03599999999999999
    endloop
  endfacet
  facet normal -0.55227126403397164 0.31902958136712301 0.77020554213471959
    outer loop
      vertex 0.029220548592418592 -0.01904048016698966 -0.032979079049733594
      vertex 0.024000000000000007 -0.010758905666016637 -0.040152782579414778
      vertex 0.024000000000000007 -0.020784609690826544 -0.03599999999999999
    endloop
  endfacet
  facet normal -0.5522712640339712 0.31902958136712345 0.7702055421347197
    outer loop
      vertex 0.029220548592418592 -0.01904048016698966 -0.032979079049733594
      vertex 0.029220548592418592 -0.0098560777902274837 -0.036783383076480179
      vertex 0.024000000000000007 -0.010758905666016637 -0.040152782579414778
    endloop
  endfacet
  facet normal -0.5522712640339712 0.10881504904471674 0.82653235630779487
    outer loop
      vertex 0.029220548592418592 -0.0098560777902274837 -0.036783383076480179
      vertex 0.024000000000000007 -7.6361417188193296e-18 -0.041569219381653054
      vertex 0.024000000000000007 -0.010758905666016637 -0.040152782579414778
    endloop
  endfacet
  facet normal -0.55227126403397164 0.10881504904471637 0.82653235630779476
    outer loop
      vertex 0.029220548592418592 -0.0098560777902274837 -0.036783383076480179
      vertex 0.029220548592418592 -6.9953589272197581e-18 -0.038080960333979286
      vertex 0.024000000000000007 -7.6361417188193296e-18 -0.041569219381653054
    endloop
  endfacet
  facet normal -0.55227126403397164 -0.10881504904471614 0.82653235630779465
    outer loop
      vertex 0.029220548592418592 -6.9953589272197581e-18 -0.038080960333979286
      vertex 0.024000000000000007 0.010758905666016623 -0.040152782579414785
      vertex 0.024000000000000007 -7.6361417188193296e-18 -0.041569219381653054
    endloop
  endfacet
  facet normal -0.55227126403397186 -0.10881504904471632 0.82653235630779442
    outer loop
      vertex 0.029220548592418592 -6.9953589272197581e-18 -0.038080960333979286
      vertex 0.029220548592418592 0.0098560777902274715 -0.036783383076480179
      vertex 0.024000000000000007 0.010758905666016623 -0.040152782579414785
    endloop
  endfacet
  facet normal -0.55227126403397186 -0.31902958136712301 0.77020554213471948
    outer loop
      vertex 0.029220548592418592 0.0098560777902274715 -0.036783383076480179
      vertex 0.024000000000000007 0.02078460969082653 -0.035999999999999997
      vertex 0.024000000000000007 0.010758905666016623 -0.040152782579414785
    endloop
  endfacet
  facet normal -0.55227126403397164 -0.31902958136712301 0.77020554213471981
    outer loop
      vertex 0.029220548592418592 0.0098560777902274715 -0.036783383076480179
      vertex 0.029220548592418592 0.019040480166989646 -0.032979079049733601
      vertex 0.024000000000000007 0.02078460969082653 -0.035999999999999997
    endloop
  endfacet
  facet normal -0.55227126403397164 -0.5075027749406712 0.66139049309000308
    outer loop
      vertex 0.029220548592418592 0.019040480166989646 -0.032979079049733601
      vertex 0.024000000000000007 0.029393876913398131 -0.029393876913398145
      vertex 0.024000000000000007 0.02078460969082653 -0.035999999999999997
    endloop
  endfacet
  facet normal -0.55227126403397175 -0.5075027749406712 0.66139049309000308
    outer loop
      vertex 0.029220548592418592 0.019040480166989646 -0.032979079049733601
      vertex 0.029220548592418592 0.02692730528625268 -0.026927305286252694
      vertex 0.024000000000000007 0.029393876913398131 -0.029393876913398145
    endloop
  endfacet
  facet normal -0.55227126403397186 -0.66139049309000275 0.50750277494067164
    outer loop
      vertex 0.029220548592418592 0.02692730528625268 -0.026927305286252694
      vertex 0.024000000000000007 0.03599999999999999 -0.020784609690826544
      vertex 0.024000000000000007 0.029393876913398131 -0.029393876913398145
    endloop
  endfacet
  facet normal -0.55227126403397164 -0.66139049309000275 0.50750277494067164
    outer loop
      vertex 0.029220548592418592 0.02692730528625268 -0.026927305286252694
      vertex 0.029220548592418592 0.032979079049733594 -0.01904048016698966
      vertex 0.024000000000000007 0.03599999999999999 -0.020784609690826544
    endloop
  endfacet
  facet normal -0.55227126403397164 -0.77020554213471937 0.31902958136712367
    outer loop
      vertex 0.029220548592418592 0.032979079049733594 -0.01904048016698966
      vertex 0.024000000000000007 0.040152782579414771 -0.010758905666016675
      vertex 0.024000000000000007 0.03599999999999999 -0.020784609690826544
    endloop
  endfacet
  facet normal -0.55227126403397198 -0.77020554213471915 0.31902958136712334
    outer loop
      vertex 0.029220548592418592 0.032979079049733594 -0.01904048016698966
      vertex 0.029220548592418592 0.036783383076480165 -0.0098560777902275201
      vertex 0.024000000000000007 0.040152782579414771 -0.010758905666016675
    endloop
  endfacet
  facet normal -0.55227126403397186 -0.82653235630779431 0.10881504904471676
    outer loop
      vertex 0.029220548592418592 0.036783383076480165 -0.0098560777902275201
      vertex 0.024000000000000007 0.041569219381653054 0
      vertex 0.024000000000000007 0.040152782579414771 -0.010758905666016675
    endloop
  endfacet
  facet normal -0.55227126403397164 -0.82653235630779465 0.10881504904471703
    outer loop
      vertex 0.029220548592418592 0.036783383076480165 -0.0098560777902275201
      vertex 0.029220548592418592 0.038080960333979286 0
      vertex 0.024000000000000007 0.041569219381653054 0
    endloop
  endfacet
  facet normal -0.43923740144920853 -0.89068533999000599 -0.11726094957416278
    outer loop
      vertex 0.024000000000000007 0.041569219381653054 0
      vertex 0.018368804753524311 0.0428351568399611 0.011477645682928056
      vertex 0.018368804753524311 0.044346217560541766 0
    endloop
  endfacet
  facet normal -0.43923740144920914 -0.89068533999000565 -0.11726094957416312
    outer loop
      vertex 0.024000000000000007 0.041569219381653054 0
      vertex 0.024000000000000007 0.040152782579414778 0.01075890566601664
      vertex 0.018368804753524311 0.0428351568399611 0.011477645682928056
    endloop
  endfacet
  facet normal -0.43923740144920903 -0.82998660599680618 -0.34379170879189169
    outer loop
      vertex 0.024000000000000007 0.040152782579414778 0.01075890566601664
      vertex 0.018368804753524311 0.03840495096918075 0.02217310878027088
      vertex 0.018368804753524311 0.0428351568399611 0.011477645682928056
    endloop
  endfacet
  facet normal -0.4392374014492082 -0.82998660599680674 -0.34379170879189136
    outer loop
      vertex 0.024000000000000007 0.040152782579414778 0.01075890566601664
      vertex 0.024000000000000007 0.036000000000000004 0.020784609690826523
      vertex 0.018368804753524311 0.03840495096918075 0.02217310878027088
    endloop
  endfacet
  facet normal -0.43923740144920825 -0.71272565642264341 -0.5468936311981144
    outer loop
      vertex 0.024000000000000007 0.036000000000000004 0.020784609690826523
      vertex 0.018368804753524311 0.031357511157033037 0.031357511157033037
      vertex 0.018368804753524311 0.03840495096918075 0.02217310878027088
    endloop
  endfacet
  facet normal -0.43923740144920825 -0.71272565642264329 -0.5468936311981144
    outer loop
      vertex 0.024000000000000007 0.036000000000000004 0.020784609690826523
      vertex 0.024000000000000007 0.029393876913398138 0.029393876913398134
      vertex 0.018368804753524311 0.031357511157033037 0.031357511157033037
    endloop
  endfacet
  facet normal -0.43923740144920842 -0.54689363119811418 -0.71272565642264329
    outer loop
      vertex 0.024000000000000007 0.029393876913398138 0.029393876913398134
      vertex 0.018368804753524311 0.022173108780270886 0.038404950969180743
      vertex 0.018368804753524311 0.031357511157033037 0.031357511157033037
    endloop
  endfacet
  facet normal -0.43923740144920831 -0.5468936311981144 -0.71272565642264341
    outer loop
      vertex 0.024000000000000007 0.029393876913398138 0.029393876913398134
      vertex 0.024000000000000007 0.02078460969082653 0.035999999999999997
      vertex 0.018368804753524311 0.022173108780270886 0.038404950969180743
    endloop
  endfacet
  facet normal -0.4392374014492082 -0.34379170879189214 -0.8299866059968064
    outer loop
      vertex 0.024000000000000007 0.02078460969082653 0.035999999999999997
      vertex 0.018368804753524311 0.011477645682928056 0.0428351568399611
      vertex 0.018368804753524311 0.022173108780270886 0.038404950969180743
    endloop
  endfacet
  facet normal -0.43923740144920909 -0.34379170879189147 -0.82998660599680618
    outer loop
      vertex 0.024000000000000007 0.02078460969082653 0.035999999999999997
      vertex 0.024000000000000007 0.01075890566601664 0.040152782579414778
      vertex 0.018368804753524311 0.011477645682928056 0.0428351568399611
    endloop
  endfacet
  facet normal -0.43923740144920909 -0.1172609495741628 -0.89068533999000565
    outer loop
      vertex 0.024000000000000007 0.01075890566601664 0.040152782579414778
      vertex 0.018368804753524311 2.715422669490481e-18 0.044346217560541766
      vertex 0.018368804753524311 0.011477645682928056 0.0428351568399611
    endloop
  endfacet
  facet normal -0.43923740144920848 -0.11726094957416316 -0.89068533999000588
    outer loop
      vertex 0.024000000000000007 0.01075890566601664 0.040152782579414778
      vertex 0.024000000000000007 2.5453805729397767e-18 0.041569219381653054
      vertex 0.018368804753524311 2.715422669490481e-18 0.044346217560541766
    endloop
  endfacet
  facet normal -0.43923740144920853 0.1172609495741628 -0.89068533999000599
    outer loop
      vertex 0.024000000000000007 2.5453805729397767e-18 0.041569219381653054
      vertex 0.018368804753524311 -0.011477645682928053 0.0428351568399611
      vertex 0.018368804753524311 2.715422669490481e-18 0.044346217560541766
    endloop
  endfacet
  facet normal -0.43923740144920909 0.11726094957416315 -0.89068533999000576
    outer loop
      vertex 0.024000000000000007 2.5453805729397767e-18 0.041569219381653054
      vertex 0.024000000000000007 -0.010758905666016637 0.040152782579414778
      vertex 0.018368804753524311 -0.011477645682928053 0.0428351568399611
    endloop
  endfacet
  facet normal -0.43923740144920903 0.3437917087918918 -0.82998660599680607
    outer loop
      vertex 0.024000000000000007 -0.010758905666016637 0.040152782579414778
      vertex 0.018368804753524311 -0.022173108780270873 0.03840495096918075
      vertex 0.018368804753524311 -0.011477645682928053 0.0428351568399611
    endloop
  endfacet
  facet normal -0.4392374014492082 0.34379170879189141 -0.82998660599680651
    outer loop
      vertex 0.024000000000000007 -0.010758905666016637 0.040152782579414778
      vertex 0.024000000000000007 -0.020784609690826517 0.036000000000000004
      vertex 0.018368804753524311 -0.022173108780270873 0.03840495096918075
    endloop
  endfacet
  facet normal -0.4392374014492082 0.54689363119811418 -0.71272565642264352
    outer loop
      vertex 0.024000000000000007 -0.020784609690826517 0.036000000000000004
      vertex 0.018368804753524311 -0.031357511157033037 0.031357511157033037
      vertex 0.018368804753524311 -0.022173108780270873 0.03840495096918075
    endloop
  endfacet
  facet normal -0.43923740144920836 0.54689363119811418 -0.71272565642264352
    outer loop
      vertex 0.024000000000000007 -0.020784609690826517 0.036000000000000004
      vertex 0.024000000000000007 -0.029393876913398134 0.029393876913398138
      vertex 0.018368804753524311 -0.031357511157033037 0.031357511157033037
    endloop
  endfacet
  facet normal -0.43923740144920848 0.71272565642264329 -0.54689363119811429
    outer loop
      vertex 0.024000000000000007 -0.029393876913398134 0.029393876913398138
      vertex 0.018368804753524311 -0.03840495096918075 0.02217310878027088
      vertex 0.018368804753524311 -0.031357511157033037 0.031357511157033037
    endloop
  endfacet
  facet normal -0.43923740144920825 0.71272565642264318 -0.54689363119811452
    outer loop
      vertex 0.024000000000000007 -0.029393876913398134 0.029393876913398138
      vertex 0.024000000000000007 -0.036000000000000004 0.020784609690826523
      vertex 0.018368804753524311 -0.03840495096918075 0.02217310878027088
    endloop
  endfacet
  facet normal -0.43923740144920825 0.82998660599680663 -0.34379170879189175
    outer loop
      vertex 0.024000000000000007 -0.036000000000000004 0.020784609690826523
      vertex 0.018368804753524311 -0.042835156839961093 0.011477645682928068
      vertex 0.018368804753524311 -0.03840495096918075 0.02217310878027088
    endloop
  endfacet
  facet normal -0.43923740144920825 0.82998660599680651 -0.34379170879189169
    outer loop
      vertex 0.024000000000000007 -0.036000000000000004 0.020784609690826523
      vertex 0.024000000000000007 -0.040152782579414778 0.010758905666016652
      vertex 0.018368804753524311 -0.042835156839961093 0.011477645682928068
    endloop
  endfacet
  facet normal -0.4392374014492082 0.8906853399900061 -0.11726094957416328
    outer loop
      vertex 0.024000000000000007 -0.040152782579414778 0.010758905666016652
      vertex 0.018368804753524311 -0.044346217560541766 5.430845338980962e-18
      vertex 0.018368804753524311 -0.042835156839961093 0.011477645682928068
    endloop
  endfacet
  facet normal -0.43923740144920848 0.89068533999000588 -0.11726094957416308
    outer loop
      vertex 0.024000000000000007 -0.040152782579414778 0.010758905666016652
      vertex 0.024000000000000007 -0.041569219381653054 5.0907611458795533e-18
      vertex 0.018368804753524311 -0.044346217560541766 5.430845338980962e-18
    endloop
  endfacet
  facet normal -0.43923740144920848 0.89068533999000588 0.11726094957416269
    outer loop
      vertex 0.024000000000000007 -0.041569219381653054 5.0907611458795533e-18
      vertex 0.018368804753524311 -0.0428351568399611 -0.011477645682928059
      vertex 0.018368804753524311 -0.044346217560541766 5.430845338980962e-18
    endloop
  endfacet
  facet normal -0.43923740144920909 0.89068533999000565 0.11726094957416303
    outer loop
      vertex 0.024000000000000007 -0.041569219381653054 5.0907611458795533e-18
      vertex 0.024000000000000007 -0.040152782579414778 -0.010758905666016644
      vertex 0.018368804753524311 -0.0428351568399611 -0.011477645682928059
    endloop
  endfacet
  facet normal -0.43923740144920914 0.82998660599680629 0.34379170879189169
    outer loop
      vertex 0.024000000000000007 -0.040152782579414778 -0.010758905666016644
      vertex 0.018368804753524311 -0.038404950969180757 -0.022173108780270869
      vertex 0.018368804753524311 -0.0428351568399611 -0.011477645682928059
    endloop
  endfacet
  facet normal -0.43923740144920898 0.82998660599680629 0.34379170879189153
    outer loop
      vertex 0.024000000000000007 -0.040152782579414778 -0.010758905666016644
      vertex 0.024000000000000007 -0.036000000000000004 -0.020784609690826517
      vertex 0.018368804753524311 -0.038404950969180757 -0.022173108780270869
    endloop
  endfacet
  facet normal -0.4392374014492087 0.71272565642264363 0.54689363119811374
    outer loop
      vertex 0.024000000000000007 -0.036000000000000004 -0.020784609690826517
      vertex 0.018368804753524311 -0.031357511157033058 -0.031357511157033023
      vertex 0.018368804753524311 -0.038404950969180757 -0.022173108780270869
    endloop
  endfacet
  facet normal -0.43923740144920898 0.71272565642264341 0.54689363119811374
    outer loop
      vertex 0.024000000000000007 -0.036000000000000004 -0.020784609690826517
      vertex 0.024000000000000007 -0.029393876913398152 -0.02939387691339812
      vertex 0.018368804753524311 -0.031357511157033058 -0.031357511157033023
    endloop
  endfacet
  facet normal -0.43923740144920892 0.54689363119811429 0.71272565642264307
    outer loop
      vertex 0.024000000000000007 -0.029393876913398152 -0.02939387691339812
      vertex 0.018368804753524311 -0.022173108780270904 -0.038404950969180736
      vertex 0.018368804753524311 -0.031357511157033058 -0.031357511157033023
    endloop
  endfacet
  facet normal -0.43923740144920842 0.54689363119811474 0.71272565642264296
    outer loop
      vertex 0.024000000000000007 -0.029393876913398152 -0.02939387691339812
      vertex 0.024000000000000007 -0.020784609690826544 -0.03599999999999999
      vertex 0.018368804753524311 -0.022173108780270904 -0.038404950969180736
    endloop
  endfacet
  facet normal -0.43923740144920842 0.34379170879189191 0.82998660599680629
    outer loop
      vertex 0.024000000000000007 -0.020784609690826544 -0.03599999999999999
      vertex 0.018368804753524311 -0.011477645682928053 -0.0428351568399611
      vertex 0.018368804753524311 -0.022173108780270904 -0.038404950969180736
    endloop
  endfacet
  facet normal -0.43923740144920914 0.34379170879189153 0.82998660599680618
    outer loop
      vertex 0.024000000000000007 -0.020784609690826544 -0.03599999999999999
      vertex 0.024000000000000007 -0.010758905666016637 -0.040152782579414778
      vertex 0.018368804753524311 -0.011477645682928053 -0.0428351568399611
    endloop
  endfacet
  facet normal -0.43923740144920909 0.11726094957416287 0.89068533999000554
    outer loop
      vertex 0.024000000000000007 -0.010758905666016637 -0.040152782579414778
      vertex 0.018368804753524311 -8.146268008471443e-18 -0.044346217560541766
      vertex 0.018368804753524311 -0.011477645682928053 -0.0428351568399611
    endloop
  endfacet
  facet normal -0.43923740144920853 0.11726094957416329 0.89068533999000599
    outer loop
      vertex 0.024000000000000007 -0.010758905666016637 -0.040152782579414778
      vertex 0.024000000000000007 -7.6361417188193296e-18 -0.041569219381653054
      vertex 0.018368804753524311 -8.146268008471443e-18 -0.044346217560541766
    endloop
  endfacet
  facet normal -0.43923740144920848 -0.11726094957416289 0.89068533999000588
    outer loop
      vertex 0.024000000000000007 -7.6361417188193296e-18 -0.041569219381653054
      vertex 0.018368804753524311 0.011477645682928037 -0.0428351568399611
      vertex 0.018368804753524311 -8.146268008471443e-18 -0.044346217560541766
    endloop
  endfacet
  facet normal -0.43923740144920825 -0.11726094957416273 0.89068533999000621
    outer loop
      vertex 0.024000000000000007 -7.6361417188193296e-18 -0.041569219381653054
      vertex 0.024000000000000007 0.010758905666016623 -0.040152782579414785
      vertex 0.018368804753524311 0.011477645682928037 -0.0428351568399611
    endloop
  endfacet
  facet normal -0.43923740144920809 -0.34379170879189158 0.82998660599680651
    outer loop
      vertex 0.024000000000000007 0.010758905666016623 -0.040152782579414785
      vertex 0.018368804753524311 0.022173108780270886 -0.038404950969180743
      vertex 0.018368804753524311 0.011477645682928037 -0.0428351568399611
    endloop
  endfacet
  facet normal -0.43923740144920814 -0.34379170879189164 0.82998660599680651
    outer loop
      vertex 0.024000000000000007 0.010758905666016623 -0.040152782579414785
      vertex 0.024000000000000007 0.02078460969082653 -0.035999999999999997
      vertex 0.018368804753524311 0.022173108780270886 -0.038404950969180743
    endloop
  endfacet
  facet normal -0.4392374014492082 -0.54689363119811418 0.71272565642264341
    outer loop
      vertex 0.024000000000000007 0.02078460969082653 -0.035999999999999997
      vertex 0.018368804753524311 0.03135751115703303 -0.031357511157033044
      vertex 0.018368804753524311 0.022173108780270886 -0.038404950969180743
    endloop
  endfacet
  facet normal -0.43923740144920814 -0.54689363119811418 0.71272565642264363
    outer loop
      vertex 0.024000000000000007 0.02078460969082653 -0.035999999999999997
      vertex 0.024000000000000007 0.029393876913398131 -0.029393876913398145
      vertex 0.018368804753524311 0.03135751115703303 -0.031357511157033044
    endloop
  endfacet
  facet normal -0.43923740144920809 -0.71272565642264318 0.54689363119811474
    outer loop
      vertex 0.024000000000000007 0.029393876913398131 -0.029393876913398145
      vertex 0.018368804753524311 0.038404950969180736 -0.022173108780270904
      vertex 0.018368804753524311 0.03135751115703303 -0.031357511157033044
    endloop
  endfacet
  facet normal -0.43923740144920859 -0.71272565642264318 0.54689363119811452
    outer loop
      vertex 0.024000000000000007 0.029393876913398131 -0.029393876913398145
      vertex 0.024000000000000007 0.03599999999999999 -0.020784609690826544
      vertex 0.018368804753524311 0.038404950969180736 -0.022173108780270904
    endloop
  endfacet
  facet normal -0.43923740144920848 -0.82998660599680629 0.34379170879189225
    outer loop
      vertex 0.024000000000000007 0.03599999999999999 -0.020784609690826544
      vertex 0.018368804753524311 0.042835156839961086 -0.011477645682928094
      vertex 0.018368804753524311 0.038404950969180736 -0.022173108780270904
    endloop
  endfacet
  facet normal -0.43923740144920842 -0.82998660599680629 0.34379170879189225
    outer loop
      vertex 0.024000000000000007 0.03599999999999999 -0.020784609690826544
      vertex 0.024000000000000007 0.040152782579414771 -0.010758905666016675
      vertex 0.018368804753524311 0.042835156839961086 -0.011477645682928094
    endloop
  endfacet
  facet normal -0.43923740144920825 -0.89068533999000599 0.11726094957416346
    outer loop
      vertex 0.024000000000000007 0.040152782579414771 -0.010758905666016675
      vertex 0.018368804753524311 0.044346217560541766 0
      vertex 0.018368804753524311 0.042835156839961086 -0.011477645682928094
    endloop
  endfacet
  facet normal -0.43923740144920848 -0.89068533999000588 0.11726094957416335
    outer loop
      vertex 0.024000000000000007 0.040152782579414771 -0.010758905666016675
      vertex 0.024000000000000007 0.041569219381653054 0
      vertex 0.018368804753524311 0.044346217560541766 0
    endloop
  endfacet
  facet normal -0.31897037610689705 -0.93965642727516163 -0.12370811552482391
    outer loop
      vertex 0.018368804753524311 0.044346217560541766 0
      vertex 0.012423314164920997 0.044784609690826531 0.011999999999999999
      vertex 0.012423314164920997 0.046364439661875277 0
    endloop
  endfacet
  facet normal -0.31897037610689699 -0.93965642727516174 -0.12370811552482389
    outer loop
      vertex 0.018368804753524311 0.044346217560541766 0
      vertex 0.018368804753524311 0.0428351568399611 0.011477645682928056
      vertex 0.012423314164920997 0.044784609690826531 0.011999999999999999
    endloop
  endfacet
  facet normal -0.3189703761068971 -0.87562039461202712 -0.36269384293878293
    outer loop
      vertex 0.018368804753524311 0.0428351568399611 0.011477645682928056
      vertex 0.012423314164920997 0.040152782579414785 0.023182219830937635
      vertex 0.012423314164920997 0.044784609690826531 0.011999999999999999
    endloop
  endfacet
  facet normal -0.31897037610689755 -0.8756203946120269 -0.3626938429387831
    outer loop
      vertex 0.018368804753524311 0.0428351568399611 0.011477645682928056
      vertex 0.018368804753524311 0.03840495096918075 0.02217310878027088
      vertex 0.012423314164920997 0.040152782579414785 0.023182219830937635
    endloop
  endfacet
  facet normal -0.31897037610689744 -0.7519122790872026 -0.57696258433637881
    outer loop
      vertex 0.018368804753524311 0.03840495096918075 0.02217310878027088
      vertex 0.012423314164920997 0.032784609690826527 0.032784609690826527
      vertex 0.012423314164920997 0.040152782579414785 0.023182219830937635
    endloop
  endfacet
  facet normal -0.31897037610689738 -0.75191227908720271 -0.57696258433637881
    outer loop
      vertex 0.018368804753524311 0.03840495096918075 0.02217310878027088
      vertex 0.018368804753524311 0.031357511157033037 0.031357511157033037
      vertex 0.012423314164920997 0.032784609690826527 0.032784609690826527
    endloop
  endfacet
  facet normal -0.31897037610689732 -0.5769625843363787 -0.75191227908720271
    outer loop
      vertex 0.018368804753524311 0.031357511157033037 0.031357511157033037
      vertex 0.012423314164920997 0.023182219830937642 0.040152782579414778
      vertex 0.012423314164920997 0.032784609690826527 0.032784609690826527
    endloop
  endfacet
  facet normal -0.31897037610689744 -0.5769625843363787 -0.75191227908720271
    outer loop
      vertex 0.018368804753524311 0.031357511157033037 0.031357511157033037
      vertex 0.018368804753524311 0.022173108780270886 0.038404950969180743
      vertex 0.012423314164920997 0.023182219830937642 0.040152782579414778
    endloop
  endfacet
  facet normal -0.31897037610689755 -0.36269384293878321 -0.8756203946120269
    outer loop
      vertex 0.018368804753524311 0.022173108780270886 0.038404950969180743
      vertex 0.012423314164920997 0.011999999999999999 0.044784609690826531
      vertex 0.012423314164920997 0.023182219830937642 0.040152782579414778
    endloop
  endfacet
  facet normal -0.31897037610689705 -0.36269384293878343 -0.87562039461202701
    outer loop
      vertex 0.018368804753524311 0.022173108780270886 0.038404950969180743
      vertex 0.018368804753524311 0.011477645682928056 0.0428351568399611
      vertex 0.012423314164920997 0.011999999999999999 0.044784609690826531
    endloop
  endfacet
  facet normal -0.3189703761068971 -0.12370811552482401 -0.93965642727516185
    outer loop
      vertex 0.018368804753524311 0.011477645682928056 0.0428351568399611
      vertex 0.012423314164920997 2.8390031313088075e-18 0.046364439661875277
      vertex 0.012423314164920997 0.011999999999999999 0.044784609690826531
    endloop
  endfacet
  facet normal -0.3189703761068971 -0.12370811552482394 -0.93965642727516174
    outer loop
      vertex 0.018368804753524311 0.011477645682928056 0.0428351568399611
      vertex 0.018368804753524311 2.715422669490481e-18 0.044346217560541766
      vertex 0.012423314164920997 2.8390031313088075e-18 0.046364439661875277
    endloop
  endfacet
  facet normal -0.31897037610689716 0.12370811552482396 -0.93965642727516185
    outer loop
      vertex 0.018368804753524311 2.715422669490481e-18 0.044346217560541766
      vertex 0.012423314164920997 -0.011999999999999993 0.044784609690826531
      vertex 0.012423314164920997 2.8390031313088075e-18 0.046364439661875277
    endloop
  endfacet
  facet normal -0.31897037610689699 0.12370811552482389 -0.93965642727516174
    outer loop
      vertex 0.018368804753524311 2.715422669490481e-18 0.044346217560541766
      vertex 0.018368804753524311 -0.011477645682928053 0.0428351568399611
      vertex 0.012423314164920997 -0.011999999999999993 0.044784609690826531
    endloop
  endfacet
  facet normal -0.31897037610689694 0.36269384293878293 -0.87562039461202712
    outer loop
      vertex 0.018368804753524311 -0.011477645682928053 0.0428351568399611
      vertex 0.012423314164920997 -0.023182219830937628 0.040152782579414785
      vertex 0.012423314164920997 -0.011999999999999993 0.044784609690826531
    endloop
  endfacet
  facet normal -0.31897037610689749 0.36269384293878315 -0.8756203946120269
    outer loop
      vertex 0.018368804753524311 -0.011477645682928053 0.0428351568399611
      vertex 0.018368804753524311 -0.022173108780270873 0.03840495096918075
      vertex 0.012423314164920997 -0.023182219830937628 0.040152782579414785
    endloop
  endfacet
  facet normal -0.31897037610689749 0.5769625843363787 -0.75191227908720282
    outer loop
      vertex 0.018368804753524311 -0.022173108780270873 0.03840495096918075
      vertex 0.012423314164920997 -0.032784609690826527 0.032784609690826527
      vertex 0.012423314164920997 -0.023182219830937628 0.040152782579414785
    endloop
  endfacet
  facet normal -0.31897037610689721 0.57696258433637848 -0.75191227908720293
    outer loop
      vertex 0.018368804753524311 -0.022173108780270873 0.03840495096918075
      vertex 0.018368804753524311 -0.031357511157033037 0.031357511157033037
      vertex 0.012423314164920997 -0.032784609690826527 0.032784609690826527
    endloop
  endfacet
  facet normal -0.31897037610689738 0.75191227908720271 -0.57696258433637881
    outer loop
      vertex 0.018368804753524311 -0.031357511157033037 0.031357511157033037
      vertex 0.012423314164920997 -0.040152782579414785 0.023182219830937635
      vertex 0.012423314164920997 -0.032784609690826527 0.032784609690826527
    endloop
  endfacet
  facet normal -0.31897037610689738 0.75191227908720271 -0.57696258433637881
    outer loop
      vertex 0.018368804753524311 -0.031357511157033037 0.031357511157033037
      vertex 0.018368804753524311 -0.03840495096918075 0.02217310878027088
      vertex 0.012423314164920997 -0.040152782579414785 0.023182219830937635
    endloop
  endfacet
  facet normal -0.31897037610689755 0.87562039461202701 -0.36269384293878276
    outer loop
      vertex 0.018368804753524311 -0.03840495096918075 0.02217310878027088
      vertex 0.012423314164920997 -0.044784609690826524 0.012000000000000012
      vertex 0.012423314164920997 -0.040152782579414785 0.023182219830937635
    endloop
  endfacet
  facet normal -0.3189703761068971 0.87562039461202712 -0.36269384293878298
    outer loop
      vertex 0.018368804753524311 -0.03840495096918075 0.02217310878027088
      vertex 0.018368804753524311 -0.042835156839961093 0.011477645682928068
      vertex 0.012423314164920997 -0.044784609690826524 0.012000000000000012
    endloop
  endfacet
  facet normal -0.3189703761068971 0.93965642727516174 -0.12370811552482439
    outer loop
      vertex 0.018368804753524311 -0.042835156839961093 0.011477645682928068
      vertex 0.012423314164920997 -0.046364439661875277 5.678006262617615e-18
      vertex 0.012423314164920997 -0.044784609690826524 0.012000000000000012
    endloop
  endfacet
  facet normal -0.3189703761068971 0.93965642727516185 -0.1237081155248244
    outer loop
      vertex 0.018368804753524311 -0.042835156839961093 0.011477645682928068
      vertex 0.018368804753524311 -0.044346217560541766 5.430845338980962e-18
      vertex 0.012423314164920997 -0.046364439661875277 5.678006262617615e-18
    endloop
  endfacet
  facet normal -0.31897037610689705 0.93965642727516174 0.12370811552482383
    outer loop
      vertex 0.018368804753524311 -0.044346217560541766 5.430845338980962e-18
      vertex 0.012423314164920997 -0.044784609690826531 -0.012000000000000002
      vertex 0.012423314164920997 -0.046364439661875277 5.678006262617615e-18
    endloop
  endfacet
  facet normal -0.31897037610689705 0.93965642727516185 0.1237081155248238
    outer loop
      vertex 0.018368804753524311 -0.044346217560541766 5.430845338980962e-18
      vertex 0.018368804753524311 -0.0428351568399611 -0.011477645682928059
      vertex 0.012423314164920997 -0.044784609690826531 -0.012000000000000002
    endloop
  endfacet
  facet normal -0.3189703761068971 0.87562039461202701 0.36269384293878332
    outer loop
      vertex 0.018368804753524311 -0.0428351568399611 -0.011477645682928059
      vertex 0.012423314164920997 -0.040152782579414785 -0.023182219830937625
      vertex 0.012423314164920997 -0.044784609690826531 -0.012000000000000002
    endloop
  endfacet
  facet normal -0.31897037610689666 0.87562039461202723 0.36269384293878315
    outer loop
      vertex 0.018368804753524311 -0.0428351568399611 -0.011477645682928059
      vertex 0.018368804753524311 -0.038404950969180757 -0.022173108780270869
      vertex 0.012423314164920997 -0.040152782579414785 -0.023182219830937625
    endloop
  endfacet
  facet normal -0.31897037610689671 0.75191227908720337 0.57696258433637837
    outer loop
      vertex 0.018368804753524311 -0.038404950969180757 -0.022173108780270869
      vertex 0.012423314164920997 -0.032784609690826548 -0.032784609690826506
      vertex 0.012423314164920997 -0.040152782579414785 -0.023182219830937625
    endloop
  endfacet
  facet normal -0.31897037610689682 0.75191227908720326 0.57696258433637837
    outer loop
      vertex 0.018368804753524311 -0.038404950969180757 -0.022173108780270869
      vertex 0.018368804753524311 -0.031357511157033058 -0.031357511157033023
      vertex 0.012423314164920997 -0.032784609690826548 -0.032784609690826506
    endloop
  endfacet
  facet normal -0.3189703761068966 0.57696258433637915 0.75191227908720282
    outer loop
      vertex 0.018368804753524311 -0.031357511157033058 -0.031357511157033023
      vertex 0.012423314164920997 -0.023182219830937659 -0.040152782579414764
      vertex 0.012423314164920997 -0.032784609690826548 -0.032784609690826506
    endloop
  endfacet
  facet normal -0.31897037610689666 0.57696258433637915 0.75191227908720282
    outer loop
      vertex 0.018368804753524311 -0.031357511157033058 -0.031357511157033023
      vertex 0.018368804753524311 -0.022173108780270904 -0.038404950969180736
      vertex 0.012423314164920997 -0.023182219830937659 -0.040152782579414764
    endloop
  endfacet
  facet normal -0.31897037610689666 0.36269384293878354 0.8756203946120269
    outer loop
      vertex 0.018368804753524311 -0.022173108780270904 -0.038404950969180736
      vertex 0.012423314164920997 -0.011999999999999993 -0.044784609690826531
      vertex 0.012423314164920997 -0.023182219830937659 -0.040152782579414764
    endloop
  endfacet
  facet normal -0.3189703761068971 0.36269384293878332 0.87562039461202701
    outer loop
      vertex 0.018368804753524311 -0.022173108780270904 -0.038404950969180736
      vertex 0.018368804753524311 -0.011477645682928053 -0.0428351568399611
      vertex 0.012423314164920997 -0.011999999999999993 -0.044784609690826531
    endloop
  endfacet
  facet normal -0.31897037610689705 0.12370811552482409 0.93965642727516174
    outer loop
      vertex 0.018368804753524311 -0.011477645682928053 -0.0428351568399611
      vertex 0.012423314164920997 -8.5170093939264218e-18 -0.046364439661875277
      vertex 0.012423314164920997 -0.011999999999999993 -0.044784609690826531
    endloop
  endfacet
  facet normal -0.3189703761068971 0.12370811552482401 0.93965642727516174
    outer loop
      vertex 0.018368804753524311 -0.011477645682928053 -0.0428351568399611
      vertex 0.018368804753524311 -8.146268008471443e-18 -0.044346217560541766
      vertex 0.012423314164920997 -8.5170093939264218e-18 -0.046364439661875277
    endloop
  endfacet
  facet normal -0.31897037610689716 -0.12370811552482407 0.93965642727516174
    outer loop
      vertex 0.018368804753524311 -8.146268008471443e-18 -0.044346217560541766
      vertex 0.012423314164920997 0.011999999999999978 -0.044784609690826531
      vertex 0.012423314164920997 -8.5170093939264218e-18 -0.046364439661875277
    endloop
  endfacet
  facet normal -0.31897037610689705 -0.12370811552482401 0.93965642727516174
    outer loop
      vertex 0.018368804753524311 -8.146268008471443e-18 -0.044346217560541766
      vertex 0.018368804753524311 0.011477645682928037 -0.0428351568399611
      vertex 0.012423314164920997 0.011999999999999978 -0.044784609690826531
    endloop
  endfacet
  facet normal -0.31897037610689699 -0.3626938429387826 0.87562039461202723
    outer loop
      vertex 0.018368804753524311 0.011477645682928037 -0.0428351568399611
      vertex 0.012423314164920997 0.023182219830937642 -0.040152782579414778
      vertex 0.012423314164920997 0.011999999999999978 -0.044784609690826531
    endloop
  endfacet
  facet normal -0.3189703761068976 -0.36269384293878282 0.87562039461202701
    outer loop
      vertex 0.018368804753524311 0.011477645682928037 -0.0428351568399611
      vertex 0.018368804753524311 0.022173108780270886 -0.038404950969180743
      vertex 0.012423314164920997 0.023182219830937642 -0.040152782579414778
    endloop
  endfacet
  facet normal -0.31897037610689744 -0.57696258433637859 0.75191227908720271
    outer loop
      vertex 0.018368804753524311 0.022173108780270886 -0.038404950969180743
      vertex 0.012423314164920997 0.03278460969082652 -0.032784609690826534
      vertex 0.012423314164920997 0.023182219830937642 -0.040152782579414778
    endloop
  endfacet
  facet normal -0.31897037610689738 -0.5769625843363787 0.75191227908720282
    outer loop
      vertex 0.018368804753524311 0.022173108780270886 -0.038404950969180743
      vertex 0.018368804753524311 0.03135751115703303 -0.031357511157033044
      vertex 0.012423314164920997 0.03278460969082652 -0.032784609690826534
    endloop
  endfacet
  facet normal -0.31897037610689732 -0.75191227908720271 0.57696258433637881
    outer loop
      vertex 0.018368804753524311 0.03135751115703303 -0.031357511157033044
      vertex 0.012423314164920997 0.040152782579414764 -0.023182219830937659
      vertex 0.012423314164920997 0.03278460969082652 -0.032784609690826534
    endloop
  endfacet
  facet normal -0.31897037610689671 -0.7519122790872026 0.57696258433637926
    outer loop
      vertex 0.018368804753524311 0.03135751115703303 -0.031357511157033044
      vertex 0.018368804753524311 0.038404950969180736 -0.022173108780270904
      vertex 0.012423314164920997 0.040152782579414764 -0.023182219830937659
    endloop
  endfacet
  facet normal -0.3189703761068966 -0.87562039461202679 0.36269384293878376
    outer loop
      vertex 0.018368804753524311 0.038404950969180736 -0.022173108780270904
      vertex 0.012423314164920997 0.044784609690826517 -0.012000000000000037
      vertex 0.012423314164920997 0.040152782579414764 -0.023182219830937659
    endloop
  endfacet
  facet normal -0.3189703761068971 -0.8756203946120269 0.36269384293878354
    outer loop
      vertex 0.018368804753524311 0.038404950969180736 -0.022173108780270904
      vertex 0.018368804753524311 0.042835156839961086 -0.011477645682928094
      vertex 0.012423314164920997 0.044784609690826517 -0.012000000000000037
    endloop
  endfacet
  facet normal -0.31897037610689705 -0.93965642727516174 0.12370811552482461
    outer loop
      vertex 0.018368804753524311 0.042835156839961086 -0.011477645682928094
      vertex 0.012423314164920997 0.046364439661875277 0
      vertex 0.012423314164920997 0.044784609690826517 -0.012000000000000037
    endloop
  endfacet
  facet normal -0.3189703761068971 -0.93965642727516185 0.12370811552482462
    outer loop
      vertex 0.018368804753524311 0.042835156839961086 -0.011477645682928094
      vertex 0.018368804753524311 0.044346217560541766 0
      vertex 0.012423314164920997 0.046364439661875277 0
    endloop
  endfacet
  facet normal -0.19348403839956538 -0.97270994734212746 -0.12805969399569506
    outer loop
      vertex 0.012423314164920997 0.046364439661875277 0
      vertex 0.0062652572265624821 0.045967785453242337 0.012317030990043392
      vertex 0.0062652572265624821 0.0475893533459429 0
    endloop
  endfacet
  facet normal -0.19348403839956546 -0.97270994734212746 -0.12805969399569508
    outer loop
      vertex 0.012423314164920997 0.046364439661875277 0
      vertex 0.012423314164920997 0.044784609690826531 0.011999999999999999
      vertex 0.0062652572265624821 0.045967785453242337 0.012317030990043392
    endloop
  endfacet
  facet normal -0.19348403839956546 -0.90642137190995353 -0.37545202546993017
    outer loop
      vertex 0.012423314164920997 0.044784609690826531 0.011999999999999999
      vertex 0.0062652572265624821 0.041213588947260529 0.023794676672971447
      vertex 0.0062652572265624821 0.045967785453242337 0.012317030990043392
    endloop
  endfacet
  facet normal -0.19348403839956496 -0.90642137190995364 -0.3754520254699299
    outer loop
      vertex 0.012423314164920997 0.044784609690826531 0.011999999999999999
      vertex 0.012423314164920997 0.040152782579414785 0.023182219830937635
      vertex 0.0062652572265624821 0.041213588947260529 0.023794676672971447
    endloop
  endfacet
  facet normal -0.19348403839956504 -0.77836167791425837 -0.59725792187219762
    outer loop
      vertex 0.012423314164920997 0.040152782579414785 0.023182219830937635
      vertex 0.0062652572265624821 0.033650754463198942 0.033650754463198936
      vertex 0.0062652572265624821 0.041213588947260529 0.023794676672971447
    endloop
  endfacet
  facet normal -0.19348403839956535 -0.77836167791425814 -0.59725792187219762
    outer loop
      vertex 0.012423314164920997 0.040152782579414785 0.023182219830937635
      vertex 0.012423314164920997 0.032784609690826527 0.032784609690826527
      vertex 0.0062652572265624821 0.033650754463198942 0.033650754463198936
    endloop
  endfacet
  facet normal -0.19348403839956513 -0.59725792187219762 -0.77836167791425814
    outer loop
      vertex 0.012423314164920997 0.032784609690826527 0.032784609690826527
      vertex 0.0062652572265624821 0.023794676672971457 0.041213588947260522
      vertex 0.0062652572265624821 0.033650754463198942 0.033650754463198936
    endloop
  endfacet
  facet normal -0.19348403839956535 -0.59725792187219762 -0.77836167791425825
    outer loop
      vertex 0.012423314164920997 0.032784609690826527 0.032784609690826527
      vertex 0.012423314164920997 0.023182219830937642 0.040152782579414778
      vertex 0.0062652572265624821 0.023794676672971457 0.041213588947260522
    endloop
  endfacet
  facet normal -0.19348403839956518 -0.37545202546993039 -0.90642137190995353
    outer loop
      vertex 0.012423314164920997 0.023182219830937642 0.040152782579414778
      vertex 0.0062652572265624821 0.012317030990043392 0.045967785453242337
      vertex 0.0062652572265624821 0.023794676672971457 0.041213588947260522
    endloop
  endfacet
  facet normal -0.19348403839956554 -0.37545202546993017 -0.90642137190995353
    outer loop
      vertex 0.012423314164920997 0.023182219830937642 0.040152782579414778
      vertex 0.012423314164920997 0.011999999999999999 0.044784609690826531
      vertex 0.0062652572265624821 0.012317030990043392 0.045967785453242337
    endloop
  endfacet
  facet normal -0.19348403839956541 -0.12805969399569508 -0.97270994734212746
    outer loop
      vertex 0.012423314164920997 0.011999999999999999 0.044784609690826531
      vertex 0.0062652572265624821 2.9140074624300678e-18 0.0475893533459429
      vertex 0.0062652572265624821 0.012317030990043392 0.045967785453242337
    endloop
  endfacet
  facet normal -0.19348403839956541 -0.12805969399569508 -0.97270994734212746
    outer loop
      vertex 0.012423314164920997 0.011999999999999999 0.044784609690826531
      vertex 0.012423314164920997 2.8390031313088075e-18 0.046364439661875277
      vertex 0.0062652572265624821 2.9140074624300678e-18 0.0475893533459429
    endloop
  endfacet
  facet normal -0.19348403839956541 0.12805969399569508 -0.97270994734212746
    outer loop
      vertex 0.012423314164920997 2.8390031313088075e-18 0.046364439661875277
      vertex 0.0062652572265624821 -0.012317030990043387 0.045967785453242337
      vertex 0.0062652572265624821 2.9140074624300678e-18 0.0475893533459429
    endloop
  endfacet
  facet normal -0.19348403839956543 0.12805969399569508 -0.97270994734212746
    outer loop
      vertex 0.012423314164920997 2.8390031313088075e-18 0.046364439661875277
      vertex 0.012423314164920997 -0.011999999999999993 0.044784609690826531
      vertex 0.0062652572265624821 -0.012317030990043387 0.045967785453242337
    endloop
  endfacet
  facet normal -0.19348403839956552 0.37545202546993028 -0.90642137190995364
    outer loop
      vertex 0.012423314164920997 -0.011999999999999993 0.044784609690826531
      vertex 0.0062652572265624821 -0.02379467667297144 0.041213588947260529
      vertex 0.0062652572265624821 -0.012317030990043387 0.045967785453242337
    endloop
  endfacet
  facet normal -0.19348403839956493 0.37545202546993001 -0.90642137190995387
    outer loop
      vertex 0.012423314164920997 -0.011999999999999993 0.044784609690826531
      vertex 0.012423314164920997 -0.023182219830937628 0.040152782579414785
      vertex 0.0062652572265624821 -0.02379467667297144 0.041213588947260529
    endloop
  endfacet
  facet normal -0.19348403839956502 0.59725792187219728 -0.77836167791425848
    outer loop
      vertex 0.012423314164920997 -0.023182219830937628 0.040152782579414785
      vertex 0.0062652572265624821 -0.033650754463198936 0.033650754463198942
      vertex 0.0062652572265624821 -0.02379467667297144 0.041213588947260529
    endloop
  endfacet
  facet normal -0.19348403839956529 0.59725792187219739 -0.77836167791425848
    outer loop
      vertex 0.012423314164920997 -0.023182219830937628 0.040152782579414785
      vertex 0.012423314164920997 -0.032784609690826527 0.032784609690826527
      vertex 0.0062652572265624821 -0.033650754463198936 0.033650754463198942
    endloop
  endfacet
  facet normal -0.19348403839956516 0.77836167791425825 -0.59725792187219762
    outer loop
      vertex 0.012423314164920997 -0.032784609690826527 0.032784609690826527
      vertex 0.0062652572265624821 -0.041213588947260529 0.023794676672971447
      vertex 0.0062652572265624821 -0.033650754463198936 0.033650754463198942
    endloop
  endfacet
  facet normal -0.19348403839956499 0.77836167791425814 -0.59725792187219762
    outer loop
      vertex 0.012423314164920997 -0.032784609690826527 0.032784609690826527
      vertex 0.012423314164920997 -0.040152782579414785 0.023182219830937635
      vertex 0.0062652572265624821 -0.041213588947260529 0.023794676672971447
    endloop
  endfacet
  facet normal -0.19348403839956496 0.90642137190995375 -0.37545202546993006
    outer loop
      vertex 0.012423314164920997 -0.040152782579414785 0.023182219830937635
      vertex 0.0062652572265624821 -0.04596778545324233 0.012317030990043405
      vertex 0.0062652572265624821 -0.041213588947260529 0.023794676672971447
    endloop
  endfacet
  facet normal -0.19348403839956532 0.90642137190995375 -0.37545202546992984
    outer loop
      vertex 0.012423314164920997 -0.040152782579414785 0.023182219830937635
      vertex 0.012423314164920997 -0.044784609690826524 0.012000000000000012
      vertex 0.0062652572265624821 -0.04596778545324233 0.012317030990043405
    endloop
  endfacet
  facet normal -0.19348403839956541 0.97270994734212746 -0.12805969399569556
    outer loop
      vertex 0.012423314164920997 -0.044784609690826524 0.012000000000000012
      vertex 0.0062652572265624821 -0.0475893533459429 5.8280149248601357e-18
      vertex 0.0062652572265624821 -0.04596778545324233 0.012317030990043405
    endloop
  endfacet
  facet normal -0.19348403839956538 0.97270994734212735 -0.12805969399569553
    outer loop
      vertex 0.012423314164920997 -0.044784609690826524 0.012000000000000012
      vertex 0.012423314164920997 -0.046364439661875277 5.678006262617615e-18
      vertex 0.0062652572265624821 -0.0475893533459429 5.8280149248601357e-18
    endloop
  endfacet
  facet normal -0.19348403839956541 0.97270994734212746 0.12805969399569497
    outer loop
      vertex 0.012423314164920997 -0.046364439661875277 5.678006262617615e-18
      vertex 0.0062652572265624821 -0.045967785453242337 -0.012317030990043394
      vertex 0.0062652572265624821 -0.0475893533459429 5.8280149248601357e-18
    endloop
  endfacet
  facet normal -0.19348403839956541 0.97270994734212746 0.12805969399569497
    outer loop
      vertex 0.012423314164920997 -0.046364439661875277 5.678006262617615e-18
      vertex 0.012423314164920997 -0.044784609690826531 -0.012000000000000002
      vertex 0.0062652572265624821 -0.045967785453242337 -0.012317030990043394
    endloop
  endfacet
  facet normal -0.19348403839956538 0.90642137190995375 0.37545202546993001
    outer loop
      vertex 0.012423314164920997 -0.044784609690826531 -0.012000000000000002
      vertex 0.0062652572265624821 -0.041213588947260536 -0.023794676672971436
      vertex 0.0062652572265624821 -0.045967785453242337 -0.012317030990043394
    endloop
  endfacet
  facet normal -0.19348403839956588 0.90642137190995342 0.37545202546993028
    outer loop
      vertex 0.012423314164920997 -0.044784609690826531 -0.012000000000000002
      vertex 0.012423314164920997 -0.040152782579414785 -0.023182219830937625
      vertex 0.0062652572265624821 -0.041213588947260536 -0.023794676672971436
    endloop
  endfacet
  facet normal -0.19348403839956585 0.77836167791425825 0.59725792187219728
    outer loop
      vertex 0.012423314164920997 -0.040152782579414785 -0.023182219830937625
      vertex 0.0062652572265624821 -0.033650754463198956 -0.033650754463198922
      vertex 0.0062652572265624821 -0.041213588947260536 -0.023794676672971436
    endloop
  endfacet
  facet normal -0.19348403839956516 0.7783616779142587 0.59725792187219706
    outer loop
      vertex 0.012423314164920997 -0.040152782579414785 -0.023182219830937625
      vertex 0.012423314164920997 -0.032784609690826548 -0.032784609690826506
      vertex 0.0062652572265624821 -0.033650754463198956 -0.033650754463198922
    endloop
  endfacet
  facet normal -0.19348403839956538 0.59725792187219795 0.77836167791425792
    outer loop
      vertex 0.012423314164920997 -0.032784609690826548 -0.032784609690826506
      vertex 0.0062652572265624821 -0.023794676672971471 -0.041213588947260515
      vertex 0.0062652572265624821 -0.033650754463198956 -0.033650754463198922
    endloop
  endfacet
  facet normal -0.19348403839956593 0.59725792187219773 0.77836167791425792
    outer loop
      vertex 0.012423314164920997 -0.032784609690826548 -0.032784609690826506
      vertex 0.012423314164920997 -0.023182219830937659 -0.040152782579414764
      vertex 0.0062652572265624821 -0.023794676672971471 -0.041213588947260515
    endloop
  endfacet
  facet normal -0.19348403839956599 0.37545202546993023 0.90642137190995342
    outer loop
      vertex 0.012423314164920997 -0.023182219830937659 -0.040152782579414764
      vertex 0.0062652572265624821 -0.012317030990043387 -0.045967785453242337
      vertex 0.0062652572265624821 -0.023794676672971471 -0.041213588947260515
    endloop
  endfacet
  facet normal -0.19348403839956549 0.37545202546993051 0.90642137190995342
    outer loop
      vertex 0.012423314164920997 -0.023182219830937659 -0.040152782579414764
      vertex 0.012423314164920997 -0.011999999999999993 -0.044784609690826531
      vertex 0.0062652572265624821 -0.012317030990043387 -0.045967785453242337
    endloop
  endfacet
  facet normal -0.19348403839956541 0.1280596939956952 0.97270994734212746
    outer loop
      vertex 0.012423314164920997 -0.011999999999999993 -0.044784609690826531
      vertex 0.0062652572265624821 -8.7420223872902031e-18 -0.0475893533459429
      vertex 0.0062652572265624821 -0.012317030990043387 -0.045967785453242337
    endloop
  endfacet
  facet normal -0.19348403839956538 0.12805969399569522 0.97270994734212768
    outer loop
      vertex 0.012423314164920997 -0.011999999999999993 -0.044784609690826531
      vertex 0.012423314164920997 -8.5170093939264218e-18 -0.046364439661875277
      vertex 0.0062652572265624821 -8.7420223872902031e-18 -0.0475893533459429
    endloop
  endfacet
  facet normal -0.19348403839956541 -0.1280596939956952 0.97270994734212746
    outer loop
      vertex 0.012423314164920997 -8.5170093939264218e-18 -0.046364439661875277
      vertex 0.0062652572265624821 0.01231703099004337 -0.045967785453242337
      vertex 0.0062652572265624821 -8.7420223872902031e-18 -0.0475893533459429
    endloop
  endfacet
  facet normal -0.19348403839956535 -0.1280596939956952 0.97270994734212746
    outer loop
      vertex 0.012423314164920997 -8.5170093939264218e-18 -0.046364439661875277
      vertex 0.012423314164920997 0.011999999999999978 -0.044784609690826531
      vertex 0.0062652572265624821 0.01231703099004337 -0.045967785453242337
    endloop
  endfacet
  facet normal -0.19348403839956541 -0.37545202546992973 0.90642137190995375
    outer loop
      vertex 0.012423314164920997 0.011999999999999978 -0.044784609690826531
      vertex 0.0062652572265624821 0.023794676672971457 -0.041213588947260522
      vertex 0.0062652572265624821 0.01231703099004337 -0.045967785453242337
    endloop
  endfacet
  facet normal -0.19348403839956507 -0.37545202546992967 0.90642137190995387
    outer loop
      vertex 0.012423314164920997 0.011999999999999978 -0.044784609690826531
      vertex 0.012423314164920997 0.023182219830937642 -0.040152782579414778
      vertex 0.0062652572265624821 0.023794676672971457 -0.041213588947260522
    endloop
  endfacet
  facet normal -0.19348403839956535 -0.59725792187219751 0.77836167791425837
    outer loop
      vertex 0.012423314164920997 0.023182219830937642 -0.040152782579414778
      vertex 0.0062652572265624821 0.033650754463198929 -0.033650754463198949
      vertex 0.0062652572265624821 0.023794676672971457 -0.041213588947260522
    endloop
  endfacet
  facet normal -0.19348403839956532 -0.59725792187219751 0.77836167791425825
    outer loop
      vertex 0.012423314164920997 0.023182219830937642 -0.040152782579414778
      vertex 0.012423314164920997 0.03278460969082652 -0.032784609690826534
      vertex 0.0062652572265624821 0.033650754463198929 -0.033650754463198949
    endloop
  endfacet
  facet normal -0.19348403839956516 -0.77836167791425803 0.59725792187219795
    outer loop
      vertex 0.012423314164920997 0.03278460969082652 -0.032784609690826534
      vertex 0.0062652572265624821 0.041213588947260515 -0.023794676672971471
      vertex 0.0062652572265624821 0.033650754463198929 -0.033650754463198949
    endloop
  endfacet
  facet normal -0.19348403839956571 -0.77836167791425814 0.59725792187219762
    outer loop
      vertex 0.012423314164920997 0.03278460969082652 -0.032784609690826534
      vertex 0.012423314164920997 0.040152782579414764 -0.023182219830937659
      vertex 0.0062652572265624821 0.041213588947260515 -0.023794676672971471
    endloop
  endfacet
  facet normal -0.19348403839956593 -0.9064213719099532 0.37545202546993051
    outer loop
      vertex 0.012423314164920997 0.040152782579414764 -0.023182219830937659
      vertex 0.0062652572265624821 0.045967785453242323 -0.012317030990043431
      vertex 0.0062652572265624821 0.041213588947260515 -0.023794676672971471
    endloop
  endfacet
  facet normal -0.19348403839956549 -0.90642137190995331 0.37545202546993078
    outer loop
      vertex 0.012423314164920997 0.040152782579414764 -0.023182219830937659
      vertex 0.012423314164920997 0.044784609690826517 -0.012000000000000037
      vertex 0.0062652572265624821 0.045967785453242323 -0.012317030990043431
    endloop
  endfacet
  facet normal -0.19348403839956546 -0.97270994734212735 0.12805969399569572
    outer loop
      vertex 0.012423314164920997 0.044784609690826517 -0.012000000000000037
      vertex 0.0062652572265624821 0.0475893533459429 0
      vertex 0.0062652572265624821 0.045967785453242323 -0.012317030990043431
    endloop
  endfacet
  facet normal -0.19348403839956546 -0.97270994734212735 0.12805969399569581
    outer loop
      vertex 0.012423314164920997 0.044784609690826517 -0.012000000000000037
      vertex 0.012423314164920997 0.046364439661875277 0
      vertex 0.0062652572265624821 0.0475893533459429 0
    endloop
  endfacet
  facet normal -0.064845959335906603 -0.98935815336309152 -0.13025147189870495
    outer loop
      vertex 0.0062652572265624821 0.0475893533459429 0
      vertex 2.9391523179536477e-18 0.046364439661875277 0.012423314164920997
      vertex 2.9391523179536477e-18 0.048000000000000001 0
    endloop
  endfacet
  facet normal -0.064845959335905715 -0.98935815336309174 -0.13025147189870454
    outer loop
      vertex 0.0062652572265624821 0.0475893533459429 0
      vertex 0.0062652572265624821 0.045967785453242337 0.012317030990043392
      vertex 2.9391523179536477e-18 0.046364439661875277 0.012423314164920997
    endloop
  endfacet
  facet normal -0.064845959335905784 -0.92193503020305057 -0.3818779931369522
    outer loop
      vertex 0.0062652572265624821 0.045967785453242337 0.012317030990043392
      vertex 2.9391523179536477e-18 0.041569219381653061 0.023999999999999997
      vertex 2.9391523179536477e-18 0.046364439661875277 0.012423314164920997
    endloop
  endfacet
  facet normal -0.06484595933590695 -0.92193503020305034 -0.38187799313695264
    outer loop
      vertex 0.0062652572265624821 0.045967785453242337 0.012317030990043392
      vertex 0.0062652572265624821 0.041213588947260529 0.023794676672971447
      vertex 2.9391523179536477e-18 0.041569219381653061 0.023999999999999997
    endloop
  endfacet
  facet normal -0.06484595933590688 -0.79168355830434567 -0.60748016022613915
    outer loop
      vertex 0.0062652572265624821 0.041213588947260529 0.023794676672971447
      vertex 2.9391523179536477e-18 0.033941125496954286 0.033941125496954279
      vertex 2.9391523179536477e-18 0.041569219381653061 0.023999999999999997
    endloop
  endfacet
  facet normal -0.064845959335906853 -0.79168355830434556 -0.60748016022613904
    outer loop
      vertex 0.0062652572265624821 0.041213588947260529 0.023794676672971447
      vertex 0.0062652572265624821 0.033650754463198942 0.033650754463198936
      vertex 2.9391523179536477e-18 0.033941125496954286 0.033941125496954279
    endloop
  endfacet
  facet normal -0.064845959335906866 -0.60748016022613927 -0.79168355830434545
    outer loop
      vertex 0.0062652572265624821 0.033650754463198942 0.033650754463198936
      vertex 2.9391523179536477e-18 0.024000000000000007 0.041569219381653054
      vertex 2.9391523179536477e-18 0.033941125496954286 0.033941125496954279
    endloop
  endfacet
  facet normal -0.064845959335906866 -0.60748016022613927 -0.79168355830434545
    outer loop
      vertex 0.0062652572265624821 0.033650754463198942 0.033650754463198936
      vertex 0.0062652572265624821 0.023794676672971457 0.041213588947260522
      vertex 2.9391523179536477e-18 0.024000000000000007 0.041569219381653054
    endloop
  endfacet
  facet normal -0.064845959335906922 -0.38187799313695225 -0.92193503020305045
    outer loop
      vertex 0.0062652572265624821 0.023794676672971457 0.041213588947260522
      vertex 2.9391523179536477e-18 0.012423314164920997 0.046364439661875277
      vertex 2.9391523179536477e-18 0.024000000000000007 0.041569219381653054
    endloop
  endfacet
  facet normal -0.06484595933590577 -0.38187799313695292 -0.92193503020305045
    outer loop
      vertex 0.0062652572265624821 0.023794676672971457 0.041213588947260522
      vertex 0.0062652572265624821 0.012317030990043392 0.045967785453242337
      vertex 2.9391523179536477e-18 0.012423314164920997 0.046364439661875277
    endloop
  endfacet
  facet normal -0.064845959335905715 -0.13025147189870501 -0.98935815336309174
    outer loop
      vertex 0.0062652572265624821 0.012317030990043392 0.045967785453242337
      vertex 2.9391523179536477e-18 2.9391523179536477e-18 0.048000000000000001
      vertex 2.9391523179536477e-18 0.012423314164920997 0.046364439661875277
    endloop
  endfacet
  facet normal -0.064845959335906617 -0.13025147189870456 -0.98935815336309163
    outer loop
      vertex 0.0062652572265624821 0.012317030990043392 0.045967785453242337
      vertex 0.0062652572265624821 2.9140074624300678e-18 0.0475893533459429
      vertex 2.9391523179536477e-18 2.9391523179536477e-18 0.048000000000000001
    endloop
  endfacet
  facet normal -0.064845959335906603 0.13025147189870501 -0.98935815336309174
    outer loop
      vertex 0.0062652572265624821 2.9140074624300678e-18 0.0475893533459429
      vertex 2.9391523179536477e-18 -0.01242331416492099 0.046364439661875277
      vertex 2.9391523179536477e-18 2.9391523179536477e-18 0.048000000000000001
    endloop
  endfacet
  facet normal -0.064845959335905701 0.13025147189870456 -0.98935815336309174
    outer loop
      vertex 0.0062652572265624821 2.9140074624300678e-18 0.0475893533459429
      vertex 0.0062652572265624821 -0.012317030990043387 0.045967785453242337
      vertex 2.9391523179536477e-18 -0.01242331416492099 0.046364439661875277
    endloop
  endfacet
  facet normal -0.064845959335905687 0.3818779931369522 -0.92193503020305079
    outer loop
      vertex 0.0062652572265624821 -0.012317030990043387 0.045967785453242337
      vertex 2.9391523179536477e-18 -0.02399999999999999 0.041569219381653061
      vertex 2.9391523179536477e-18 -0.01242331416492099 0.046364439661875277
    endloop
  endfacet
  facet normal -0.064845959335906964 0.3818779931369527 -0.92193503020305034
    outer loop
      vertex 0.0062652572265624821 -0.012317030990043387 0.045967785453242337
      vertex 0.0062652572265624821 -0.02379467667297144 0.041213588947260529
      vertex 2.9391523179536477e-18 -0.02399999999999999 0.041569219381653061
    endloop
  endfacet
  facet normal -0.06484595933590688 0.60748016022613893 -0.79168355830434578
    outer loop
      vertex 0.0062652572265624821 -0.02379467667297144 0.041213588947260529
      vertex 2.9391523179536477e-18 -0.033941125496954279 0.033941125496954286
      vertex 2.9391523179536477e-18 -0.02399999999999999 0.041569219381653061
    endloop
  endfacet
  facet normal -0.064845959335906825 0.60748016022613882 -0.79168355830434578
    outer loop
      vertex 0.0062652572265624821 -0.02379467667297144 0.041213588947260529
      vertex 0.0062652572265624821 -0.033650754463198936 0.033650754463198942
      vertex 2.9391523179536477e-18 -0.033941125496954279 0.033941125496954286
    endloop
  endfacet
  facet normal -0.064845959335906866 0.79168355830434545 -0.60748016022613927
    outer loop
      vertex 0.0062652572265624821 -0.033650754463198936 0.033650754463198942
      vertex 2.9391523179536477e-18 -0.041569219381653061 0.023999999999999997
      vertex 2.9391523179536477e-18 -0.033941125496954279 0.033941125496954286
    endloop
  endfacet
  facet normal -0.064845959335906797 0.79168355830434545 -0.60748016022613927
    outer loop
      vertex 0.0062652572265624821 -0.033650754463198936 0.033650754463198942
      vertex 0.0062652572265624821 -0.041213588947260529 0.023794676672971447
      vertex 2.9391523179536477e-18 -0.041569219381653061 0.023999999999999997
    endloop
  endfacet
  facet normal -0.064845959335906908 0.92193503020305034 -0.38187799313695248
    outer loop
      vertex 0.0062652572265624821 -0.041213588947260529 0.023794676672971447
      vertex 2.9391523179536477e-18 -0.046364439661875277 0.012423314164921009
      vertex 2.9391523179536477e-18 -0.041569219381653061 0.023999999999999997
    endloop
  endfacet
  facet normal -0.064845959335906769 0.92193503020305045 -0.38187799313695259
    outer loop
      vertex 0.0062652572265624821 -0.041213588947260529 0.023794676672971447
      vertex 0.0062652572265624821 -0.04596778545324233 0.012317030990043405
      vertex 2.9391523179536477e-18 -0.046364439661875277 0.012423314164921009
    endloop
  endfacet
  facet normal -0.064845959335906797 0.98935815336309152 -0.1302514718987049
    outer loop
      vertex 0.0062652572265624821 -0.04596778545324233 0.012317030990043405
      vertex 2.9391523179536477e-18 -0.048000000000000001 5.8783046359072955e-18
      vertex 2.9391523179536477e-18 -0.046364439661875277 0.012423314164921009
    endloop
  endfacet
  facet normal -0.064845959335906603 0.98935815336309163 -0.13025147189870498
    outer loop
      vertex 0.0062652572265624821 -0.04596778545324233 0.012317030990043405
      vertex 0.0062652572265624821 -0.0475893533459429 5.8280149248601357e-18
      vertex 2.9391523179536477e-18 -0.048000000000000001 5.8783046359072955e-18
    endloop
  endfacet
  facet normal -0.064845959335906603 0.98935815336309174 0.1302514718987049
    outer loop
      vertex 0.0062652572265624821 -0.0475893533459429 5.8280149248601357e-18
      vertex 2.9391523179536477e-18 -0.046364439661875277 -0.012423314164920998
      vertex 2.9391523179536477e-18 -0.048000000000000001 5.8783046359072955e-18
    endloop
  endfacet
  facet normal -0.064845959335905742 0.98935815336309174 0.13025147189870448
    outer loop
      vertex 0.0062652572265624821 -0.0475893533459429 5.8280149248601357e-18
      vertex 0.0062652572265624821 -0.045967785453242337 -0.012317030990043394
      vertex 2.9391523179536477e-18 -0.046364439661875277 -0.012423314164920998
    endloop
  endfacet
  facet normal -0.064845959335905784 0.92193503020305045 0.38187799313695253
    outer loop
      vertex 0.0062652572265624821 -0.045967785453242337 -0.012317030990043394
      vertex 2.9391523179536477e-18 -0.041569219381653061 -0.023999999999999987
      vertex 2.9391523179536477e-18 -0.046364439661875277 -0.012423314164920998
    endloop
  endfacet
  facet normal -0.064845959335905895 0.92193503020305045 0.38187799313695259
    outer loop
      vertex 0.0062652572265624821 -0.045967785453242337 -0.012317030990043394
      vertex 0.0062652572265624821 -0.041213588947260536 -0.023794676672971436
      vertex 2.9391523179536477e-18 -0.041569219381653061 -0.023999999999999987
    endloop
  endfacet
  facet normal -0.064845959335906006 0.791683558304346 0.6074801602261386
    outer loop
      vertex 0.0062652572265624821 -0.041213588947260536 -0.023794676672971436
      vertex 2.9391523179536477e-18 -0.0339411254969543 -0.033941125496954265
      vertex 2.9391523179536477e-18 -0.041569219381653061 -0.023999999999999987
    endloop
  endfacet
  facet normal -0.064845959335906714 0.79168355830434578 0.60748016022613893
    outer loop
      vertex 0.0062652572265624821 -0.041213588947260536 -0.023794676672971436
      vertex 0.0062652572265624821 -0.033650754463198956 -0.033650754463198922
      vertex 2.9391523179536477e-18 -0.0339411254969543 -0.033941125496954265
    endloop
  endfacet
  facet normal -0.064845959335906866 0.60748016022613927 0.79168355830434545
    outer loop
      vertex 0.0062652572265624821 -0.033650754463198956 -0.033650754463198922
      vertex 2.9391523179536477e-18 -0.024000000000000021 -0.04156921938165304
      vertex 2.9391523179536477e-18 -0.0339411254969543 -0.033941125496954265
    endloop
  endfacet
  facet normal -0.064845959335905978 0.60748016022613971 0.79168355830434523
    outer loop
      vertex 0.0062652572265624821 -0.033650754463198956 -0.033650754463198922
      vertex 0.0062652572265624821 -0.023794676672971471 -0.041213588947260515
      vertex 2.9391523179536477e-18 -0.024000000000000021 -0.04156921938165304
    endloop
  endfacet
  facet normal -0.064845959335905895 0.3818779931369527 0.92193503020305045
    outer loop
      vertex 0.0062652572265624821 -0.023794676672971471 -0.041213588947260515
      vertex 2.9391523179536477e-18 -0.01242331416492099 -0.046364439661875277
      vertex 2.9391523179536477e-18 -0.024000000000000021 -0.04156921938165304
    endloop
  endfacet
  facet normal -0.064845959335905659 0.38187799313695281 0.92193503020305045
    outer loop
      vertex 0.0062652572265624821 -0.023794676672971471 -0.041213588947260515
      vertex 0.0062652572265624821 -0.012317030990043387 -0.045967785453242337
      vertex 2.9391523179536477e-18 -0.01242331416492099 -0.046364439661875277
    endloop
  endfacet
  facet normal -0.064845959335905687 0.13025147189870515 0.98935815336309174
    outer loop
      vertex 0.0062652572265624821 -0.012317030990043387 -0.045967785453242337
      vertex 2.9391523179536477e-18 -8.8174569538609421e-18 -0.048000000000000001
      vertex 2.9391523179536477e-18 -0.01242331416492099 -0.046364439661875277
    endloop
  endfacet
  facet normal -0.064845959335906617 0.13025147189870467 0.98935815336309163
    outer loop
      vertex 0.0062652572265624821 -0.012317030990043387 -0.045967785453242337
      vertex 0.0062652572265624821 -8.7420223872902031e-18 -0.0475893533459429
      vertex 2.9391523179536477e-18 -8.8174569538609421e-18 -0.048000000000000001
    endloop
  endfacet
  facet normal -0.064845959335906603 -0.13025147189870456 0.98935815336309174
    outer loop
      vertex 0.0062652572265624821 -8.7420223872902031e-18 -0.0475893533459429
      vertex 2.9391523179536477e-18 0.012423314164920974 -0.046364439661875284
      vertex 2.9391523179536477e-18 -8.8174569538609421e-18 -0.048000000000000001
    endloop
  endfacet
  facet normal -0.064845959335906825 -0.13025147189870467 0.98935815336309163
    outer loop
      vertex 0.0062652572265624821 -8.7420223872902031e-18 -0.0475893533459429
      vertex 0.0062652572265624821 0.01231703099004337 -0.045967785453242337
      vertex 2.9391523179536477e-18 0.012423314164920974 -0.046364439661875284
    endloop
  endfacet
  facet normal -0.064845959335906797 -0.3818779931369522 0.92193503020305068
    outer loop
      vertex 0.0062652572265624821 0.01231703099004337 -0.045967785453242337
      vertex 2.9391523179536477e-18 0.024000000000000007 -0.041569219381653054
      vertex 2.9391523179536477e-18 0.012423314164920974 -0.046364439661875284
    endloop
  endfacet
  facet normal -0.064845959335906866 -0.3818779931369522 0.92193503020305057
    outer loop
      vertex 0.0062652572265624821 0.01231703099004337 -0.045967785453242337
      vertex 0.0062652572265624821 0.023794676672971457 -0.041213588947260522
      vertex 2.9391523179536477e-18 0.024000000000000007 -0.041569219381653054
    endloop
  endfacet
  facet normal -0.06484595933590688 -0.60748016022613927 0.79168355830434567
    outer loop
      vertex 0.0062652572265624821 0.023794676672971457 -0.041213588947260522
      vertex 2.9391523179536477e-18 0.033941125496954272 -0.033941125496954293
      vertex 2.9391523179536477e-18 0.024000000000000007 -0.041569219381653054
    endloop
  endfacet
  facet normal -0.064845959335906977 -0.60748016022613915 0.79168355830434567
    outer loop
      vertex 0.0062652572265624821 0.023794676672971457 -0.041213588947260522
      vertex 0.0062652572265624821 0.033650754463198929 -0.033650754463198949
      vertex 2.9391523179536477e-18 0.033941125496954272 -0.033941125496954293
    endloop
  endfacet
  facet normal -0.064845959335906853 -0.79168355830434545 0.60748016022613927
    outer loop
      vertex 0.0062652572265624821 0.033650754463198929 -0.033650754463198949
      vertex 2.9391523179536477e-18 0.04156921938165304 -0.024000000000000021
      vertex 2.9391523179536477e-18 0.033941125496954272 -0.033941125496954293
    endloop
  endfacet
  facet normal -0.064845959335906034 -0.79168355830434534 0.6074801602261396
    outer loop
      vertex 0.0062652572265624821 0.033650754463198929 -0.033650754463198949
      vertex 0.0062652572265624821 0.041213588947260515 -0.023794676672971471
      vertex 2.9391523179536477e-18 0.04156921938165304 -0.024000000000000021
    endloop
  endfacet
  facet normal -0.064845959335905923 -0.92193503020305012 0.38187799313695353
    outer loop
      vertex 0.0062652572265624821 0.041213588947260515 -0.023794676672971471
      vertex 2.9391523179536477e-18 0.04636443966187527 -0.012423314164921036
      vertex 2.9391523179536477e-18 0.04156921938165304 -0.024000000000000021
    endloop
  endfacet
  facet normal -0.064845959335906839 -0.92193503020305012 0.38187799313695303
    outer loop
      vertex 0.0062652572265624821 0.041213588947260515 -0.023794676672971471
      vertex 0.0062652572265624821 0.045967785453242323 -0.012317030990043431
      vertex 2.9391523179536477e-18 0.04636443966187527 -0.012423314164921036
    endloop
  endfacet
  facet normal -0.064845959335906853 -0.98935815336309163 0.13025147189870512
    outer loop
      vertex 0.0062652572265624821 0.045967785453242323 -0.012317030990043431
      vertex 2.9391523179536477e-18 0.048000000000000001 0
      vertex 2.9391523179536477e-18 0.04636443966187527 -0.012423314164921036
    endloop
  endfacet
  facet normal -0.064845959335906617 -0.98935815336309163 0.13025147189870523
    outer loop
      vertex 0.0062652572265624821 0.045967785453242323 -0.012317030990043431
      vertex 0.0062652572265624821 0.0475893533459429 0
      vertex 2.9391523179536477e-18 0.048000000000000001 0
    endloop
  endfacet
  facet normal -1 6.1232339957367537e-17 8.0613904885079207e-18
    outer loop
      vertex 3.0616169978683832e-18 0.050000000000000003 0
      vertex 2.9391523179536477e-18 0.046364439661875277 0.012423314164920997
      vertex 3.0616169978683832e-18 0.04829629131445342 0.012940952255126037
    endloop
  endfacet
  facet normal -1 6.123233995736766e-17 8.0613904885079577e-18
    outer loop
      vertex 3.0616169978683832e-18 0.050000000000000003 0
      vertex 2.9391523179536477e-18 0.048000000000000001 0
      vertex 2.9391523179536477e-18 0.046364439661875277 0.012423314164920997
    endloop
  endfacet
  facet normal -1 5.7059457180499336e-17 2.3634801025809699e-17
    outer loop
      vertex 3.0616169978683832e-18 0.04829629131445342 0.012940952255126037
      vertex 2.9391523179536477e-18 0.041569219381653061 0.023999999999999997
      vertex 3.0616169978683832e-18 0.04330127018922194 0.024999999999999998
    endloop
  endfacet
  facet normal -1 5.7059457180499225e-17 2.3634801025809641e-17
    outer loop
      vertex 3.0616169978683832e-18 0.04829629131445342 0.012940952255126037
      vertex 2.9391523179536477e-18 0.046364439661875277 0.012423314164920997
      vertex 2.9391523179536477e-18 0.041569219381653061 0.023999999999999997
    endloop
  endfacet
  facet normal -1 4.8998066691991343e-17 3.7597538931557942e-17
    outer loop
      vertex 3.0616169978683832e-18 0.04330127018922194 0.024999999999999998
      vertex 2.9391523179536477e-18 0.033941125496954286 0.033941125496954279
      vertex 3.0616169978683832e-18 0.035355339059327383 0.035355339059327376
    endloop
  endfacet
  facet normal -1 4.8998066691991374e-17 3.7597538931557967e-17
    outer loop
      vertex 3.0616169978683832e-18 0.04330127018922194 0.024999999999999998
      vertex 2.9391523179536477e-18 0.041569219381653061 0.023999999999999997
      vertex 2.9391523179536477e-18 0.033941125496954286 0.033941125496954279
    endloop
  endfacet
  facet normal -1 3.7597538931557979e-17 4.899806669199138e-17
    outer loop
      vertex 3.0616169978683832e-18 0.035355339059327383 0.035355339059327376
      vertex 2.9391523179536477e-18 0.024000000000000007 0.041569219381653054
      vertex 3.0616169978683832e-18 0.025000000000000008 0.043301270189221933
    endloop
  endfacet
  facet normal -1 3.7597538931557949e-17 4.8998066691991337e-17
    outer loop
      vertex 3.0616169978683832e-18 0.035355339059327383 0.035355339059327376
      vertex 2.9391523179536477e-18 0.033941125496954286 0.033941125496954279
      vertex 2.9391523179536477e-18 0.024000000000000007 0.041569219381653054
    endloop
  endfacet
  facet normal -1 2.3634801025809666e-17 5.7059457180499225e-17
    outer loop
      vertex 3.0616169978683832e-18 0.025000000000000008 0.043301270189221933
      vertex 2.9391523179536477e-18 0.012423314164920997 0.046364439661875277
      vertex 3.0616169978683832e-18 0.012940952255126037 0.04829629131445342
    endloop
  endfacet
  facet normal -1 2.3634801025809693e-17 5.7059457180499324e-17
    outer loop
      vertex 3.0616169978683832e-18 0.025000000000000008 0.043301270189221933
      vertex 2.9391523179536477e-18 0.024000000000000007 0.041569219381653054
      vertex 2.9391523179536477e-18 0.012423314164920997 0.046364439661875277
    endloop
  endfacet
  facet normal -1 8.0613904885079392e-18 6.123233995736766e-17
    outer loop
      vertex 3.0616169978683832e-18 0.012940952255126037 0.04829629131445342
      vertex 2.9391523179536477e-18 2.9391523179536477e-18 0.048000000000000001
      vertex 3.0616169978683832e-18 3.0616169978683832e-18 0.050000000000000003
    endloop
  endfacet
  facet normal -1 8.0613904885079422e-18 6.1232339957367537e-17
    outer loop
      vertex 3.0616169978683832e-18 0.012940952255126037 0.04829629131445342
      vertex 2.9391523179536477e-18 0.012423314164920997 0.046364439661875277
      vertex 2.9391523179536477e-18 2.9391523179536477e-18 0.048000000000000001
    endloop
  endfacet
  facet normal -1 -8.0613904885079207e-18 6.1232339957367525e-17
    outer loop
      vertex 3.0616169978683832e-18 3.0616169978683832e-18 0.050000000000000003
      vertex 2.9391523179536477e-18 -0.01242331416492099 0.046364439661875277
      vertex 3.0616169978683832e-18 -0.012940952255126032 0.04829629131445342
    endloop
  endfacet
  facet normal -1 -8.0613904885079592e-18 6.123233995736766e-17
    outer loop
      vertex 3.0616169978683832e-18 3.0616169978683832e-18 0.050000000000000003
      vertex 2.9391523179536477e-18 2.9391523179536477e-18 0.048000000000000001
      vertex 2.9391523179536477e-18 -0.01242331416492099 0.046364439661875277
    endloop
  endfacet
  facet normal -1 -2.3634801025809693e-17 5.7059457180499311e-17
    outer loop
      vertex 3.0616169978683832e-18 -0.012940952255126032 0.04829629131445342
      vertex 2.9391523179536477e-18 -0.02399999999999999 0.041569219381653061
      vertex 3.0616169978683832e-18 -0.024999999999999991 0.04330127018922194
    endloop
  endfacet
  facet normal -1 -2.3634801025809632e-17 5.7059457180499213e-17
    outer loop
      vertex 3.0616169978683832e-18 -0.012940952255126032 0.04829629131445342
      vertex 2.9391523179536477e-18 -0.01242331416492099 0.046364439661875277
      vertex 2.9391523179536477e-18 -0.02399999999999999 0.041569219381653061
    endloop
  endfacet
  facet normal -1 -3.7597538931557918e-17 4.8998066691991355e-17
    outer loop
      vertex 3.0616169978683832e-18 -0.024999999999999991 0.04330127018922194
      vertex 2.9391523179536477e-18 -0.033941125496954279 0.033941125496954286
      vertex 3.0616169978683832e-18 -0.035355339059327376 0.035355339059327383
    endloop
  endfacet
  facet normal -1 -3.7597538931557955e-17 4.8998066691991392e-17
    outer loop
      vertex 3.0616169978683832e-18 -0.024999999999999991 0.04330127018922194
      vertex 2.9391523179536477e-18 -0.02399999999999999 0.041569219381653061
      vertex 2.9391523179536477e-18 -0.033941125496954279 0.033941125496954286
    endloop
  endfacet
  facet normal -1 -4.899806669199138e-17 3.7597538931557967e-17
    outer loop
      vertex 3.0616169978683832e-18 -0.035355339059327376 0.035355339059327383
      vertex 2.9391523179536477e-18 -0.041569219381653061 0.023999999999999997
      vertex 3.0616169978683832e-18 -0.04330127018922194 0.024999999999999998
    endloop
  endfacet
  facet normal -1 -4.8998066691991343e-17 3.7597538931557949e-17
    outer loop
      vertex 3.0616169978683832e-18 -0.035355339059327376 0.035355339059327383
      vertex 2.9391523179536477e-18 -0.033941125496954279 0.033941125496954286
      vertex 2.9391523179536477e-18 -0.041569219381653061 0.023999999999999997
    endloop
  endfacet
  facet normal -1 -5.7059457180499398e-17 2.3634801025809718e-17
    outer loop
      vertex 3.0616169978683832e-18 -0.04330127018922194 0.024999999999999998
      vertex 2.9391523179536477e-18 -0.046364439661875277 0.012423314164921009
      vertex 3.0616169978683832e-18 -0.048296291314453413 0.012940952255126051
    endloop
  endfacet
  facet normal -1 -5.7059457180499336e-17 2.3634801025809709e-17
    outer loop
      vertex 3.0616169978683832e-18 -0.04330127018922194 0.024999999999999998
      vertex 2.9391523179536477e-18 -0.041569219381653061 0.023999999999999997
      vertex 2.9391523179536477e-18 -0.046364439661875277 0.012423314164921009
    endloop
  endfacet
  facet normal -1 -6.123233995736766e-17 8.0613904885079654e-18
    outer loop
      vertex 3.0616169978683832e-18 -0.048296291314453413 0.012940952255126051
      vertex 2.9391523179536477e-18 -0.048000000000000001 5.8783046359072955e-18
      vertex 3.0616169978683832e-18 -0.050000000000000003 6.1232339957367663e-18
    endloop
  endfacet
  facet normal -1 -6.1232339957367734e-17 8.0613904885079623e-18
    outer loop
      vertex 3.0616169978683832e-18 -0.048296291314453413 0.012940952255126051
      vertex 2.9391523179536477e-18 -0.046364439661875277 0.012423314164921009
      vertex 2.9391523179536477e-18 -0.048000000000000001 5.8783046359072955e-18
    endloop
  endfacet
  facet normal -1 -6.1232339957367537e-17 -8.0613904885079145e-18
    outer loop
      vertex 3.0616169978683832e-18 -0.050000000000000003 6.1232339957367663e-18
      vertex 2.9391523179536477e-18 -0.046364439661875277 -0.012423314164920998
      vertex 3.0616169978683832e-18 -0.04829629131445342 -0.01294095225512604
    endloop
  endfacet
  facet normal -1 -6.123233995736766e-17 -8.0613904885079515e-18
    outer loop
      vertex 3.0616169978683832e-18 -0.050000000000000003 6.1232339957367663e-18
      vertex 2.9391523179536477e-18 -0.048000000000000001 5.8783046359072955e-18
      vertex 2.9391523179536477e-18 -0.046364439661875277 -0.012423314164920998
    endloop
  endfacet
  facet normal -1 -5.7059457180499176e-17 -2.3634801025809626e-17
    outer loop
      vertex 3.0616169978683832e-18 -0.04829629131445342 -0.01294095225512604
      vertex 2.9391523179536477e-18 -0.041569219381653061 -0.023999999999999987
      vertex 3.0616169978683832e-18 -0.043301270189221946 -0.024999999999999988
    endloop
  endfacet
  facet normal -1 -5.7059457180499201e-17 -2.3634801025809656e-17
    outer loop
      vertex 3.0616169978683832e-18 -0.04829629131445342 -0.01294095225512604
      vertex 2.9391523179536477e-18 -0.046364439661875277 -0.012423314164920998
      vertex 2.9391523179536477e-18 -0.041569219381653061 -0.023999999999999987
    endloop
  endfacet
  facet normal -1 -4.8998066691991454e-17 -3.7597538931558023e-17
    outer loop
      vertex 3.0616169978683832e-18 -0.043301270189221946 -0.024999999999999988
      vertex 2.9391523179536477e-18 -0.0339411254969543 -0.033941125496954265
      vertex 3.0616169978683832e-18 -0.035355339059327397 -0.035355339059327355
    endloop
  endfacet
  facet normal -1 -4.8998066691991257e-17 -3.7597538931557819e-17
    outer loop
      vertex 3.0616169978683832e-18 -0.043301270189221946 -0.024999999999999988
      vertex 2.9391523179536477e-18 -0.041569219381653061 -0.023999999999999987
      vertex 2.9391523179536477e-18 -0.0339411254969543 -0.033941125496954265
    endloop
  endfacet
  facet normal -1 -3.7597538931557992e-17 -4.8998066691991355e-17
    outer loop
      vertex 3.0616169978683832e-18 -0.035355339059327397 -0.035355339059327355
      vertex 2.9391523179536477e-18 -0.024000000000000021 -0.04156921938165304
      vertex 3.0616169978683832e-18 -0.025000000000000022 -0.043301270189221919
    endloop
  endfacet
  facet normal -1 -3.7597538931558053e-17 -4.8998066691991479e-17
    outer loop
      vertex 3.0616169978683832e-18 -0.035355339059327397 -0.035355339059327355
      vertex 2.9391523179536477e-18 -0.0339411254969543 -0.033941125496954265
      vertex 2.9391523179536477e-18 -0.024000000000000021 -0.04156921938165304
    endloop
  endfacet
  facet normal -1 -2.3634801025809681e-17 -5.7059457180499201e-17
    outer loop
      vertex 3.0616169978683832e-18 -0.025000000000000022 -0.043301270189221919
      vertex 2.9391523179536477e-18 -0.01242331416492099 -0.046364439661875277
      vertex 3.0616169978683832e-18 -0.012940952255126032 -0.04829629131445342
    endloop
  endfacet
  facet normal -1 -2.3634801025809712e-17 -5.7059457180499311e-17
    outer loop
      vertex 3.0616169978683832e-18 -0.025000000000000022 -0.043301270189221919
      vertex 2.9391523179536477e-18 -0.024000000000000021 -0.04156921938165304
      vertex 2.9391523179536477e-18 -0.01242331416492099 -0.046364439661875277
    endloop
  endfacet
  facet normal -1 -8.0613904885079453e-18 -6.123233995736766e-17
    outer loop
      vertex 3.0616169978683832e-18 -0.012940952255126032 -0.04829629131445342
      vertex 2.9391523179536477e-18 -8.8174569538609421e-18 -0.048000000000000001
      vertex 3.0616169978683832e-18 -9.1848509936051487e-18 -0.050000000000000003
    endloop
  endfacet
  facet normal -1 -8.0613904885079484e-18 -6.1232339957367525e-17
    outer loop
      vertex 3.0616169978683832e-18 -0.012940952255126032 -0.04829629131445342
      vertex 2.9391523179536477e-18 -0.01242331416492099 -0.046364439661875277
      vertex 2.9391523179536477e-18 -8.8174569538609421e-18 -0.048000000000000001
    endloop
  endfacet
  facet normal -1 8.061390488507896e-18 -6.1232339957367537e-17
    outer loop
      vertex 3.0616169978683832e-18 -9.1848509936051487e-18 -0.050000000000000003
      vertex 2.9391523179536477e-18 0.012423314164920974 -0.046364439661875284
      vertex 3.0616169978683832e-18 0.012940952255126016 -0.048296291314453427
    endloop
  endfacet
  facet normal -1 8.0613904885079315e-18 -6.123233995736766e-17
    outer loop
      vertex 3.0616169978683832e-18 -9.1848509936051487e-18 -0.050000000000000003
      vertex 2.9391523179536477e-18 -8.8174569538609421e-18 -0.048000000000000001
      vertex 2.9391523179536477e-18 0.012423314164920974 -0.046364439661875284
    endloop
  endfacet
  facet normal -1 2.3634801025809706e-17 -5.7059457180499336e-17
    outer loop
      vertex 3.0616169978683832e-18 0.012940952255126016 -0.048296291314453427
      vertex 2.9391523179536477e-18 0.024000000000000007 -0.041569219381653054
      vertex 3.0616169978683832e-18 0.025000000000000008 -0.043301270189221933
    endloop
  endfacet
  facet normal -1 2.3634801025809635e-17 -5.7059457180499213e-17
    outer loop
      vertex 3.0616169978683832e-18 0.012940952255126016 -0.048296291314453427
      vertex 2.9391523179536477e-18 0.012423314164920974 -0.046364439661875284
      vertex 2.9391523179536477e-18 0.024000000000000007 -0.041569219381653054
    endloop
  endfacet
  facet normal -1 3.759753893155806e-17 -4.8998066691991472e-17
    outer loop
      vertex 3.0616169978683832e-18 0.025000000000000008 -0.043301270189221933
      vertex 2.9391523179536477e-18 0.033941125496954272 -0.033941125496954293
      vertex 3.0616169978683832e-18 0.035355339059327369 -0.035355339059327383
    endloop
  endfacet
  facet normal -1 3.7597538931557967e-17 -4.8998066691991374e-17
    outer loop
      vertex 3.0616169978683832e-18 0.025000000000000008 -0.043301270189221933
      vertex 2.9391523179536477e-18 0.024000000000000007 -0.041569219381653054
      vertex 2.9391523179536477e-18 0.033941125496954272 -0.033941125496954293
    endloop
  endfacet
  facet normal -1 4.8998066691991368e-17 -3.7597538931557986e-17
    outer loop
      vertex 3.0616169978683832e-18 0.035355339059327369 -0.035355339059327383
      vertex 2.9391523179536477e-18 0.04156921938165304 -0.024000000000000021
      vertex 3.0616169978683832e-18 0.043301270189221919 -0.025000000000000022
    endloop
  endfacet
  facet normal -1 4.8998066691991454e-17 -3.7597538931558029e-17
    outer loop
      vertex 3.0616169978683832e-18 0.035355339059327369 -0.035355339059327383
      vertex 2.9391523179536477e-18 0.033941125496954272 -0.033941125496954293
      vertex 2.9391523179536477e-18 0.04156921938165304 -0.024000000000000021
    endloop
  endfacet
  facet normal -1 5.7059457180499361e-17 -2.3634801025809776e-17
    outer loop
      vertex 3.0616169978683832e-18 0.043301270189221919 -0.025000000000000022
      vertex 2.9391523179536477e-18 0.04636443966187527 -0.012423314164921036
      vertex 3.0616169978683832e-18 0.048296291314453406 -0.012940952255126079
    endloop
  endfacet
  facet normal -1 5.7059457180499287e-17 -2.3634801025809767e-17
    outer loop
      vertex 3.0616169978683832e-18 0.043301270189221919 -0.025000000000000022
      vertex 2.9391523179536477e-18 0.04156921938165304 -0.024000000000000021
      vertex 2.9391523179536477e-18 0.04636443966187527 -0.012423314164921036
    endloop
  endfacet
  facet normal -1 6.123233995736766e-17 -8.0613904885079761e-18
    outer loop
      vertex 3.0616169978683832e-18 0.048296291314453406 -0.012940952255126079
      vertex 2.9391523179536477e-18 0.048000000000000001 0
      vertex 3.0616169978683832e-18 0.050000000000000003 0
    endloop
  endfacet
  facet normal -1 6.1232339957367747e-17 -8.0613904885079746e-18
    outer loop
      vertex 3.0616169978683832e-18 0.048296291314453406 -0.012940952255126079
      vertex 2.9391523179536477e-18 0.04636443966187527 -0.012423314164921036
      vertex 2.9391523179536477e-18 0.048000000000000001 0
    endloop
  endfacet
endsolid hemisphere_shell_ro0p05_ri0p048
