solid hemisphere_shell_ro0p05_ri0p048
  facet normal 0.99499563276266112 0.097998516205044239 0.019493116858039172
    outer loop
      vertex 0.050000000000000003 0 0
      vertex 0.049039264020161524 0.0097545161008064131 0
      vertex 0.049039264020161524 0.0090119977750868479 0.0037328917025171303
    endloop
  endfacet
  facet normal 0.99499563276266112 0.083079130471587825 0.055511700238025256
    outer loop
      vertex 0.050000000000000003 0 0
      vertex 0.049039264020161524 0.0090119977750868479 0.0037328917025171303
      vertex 0.049039264020161524 0.0068974844820735752 0.0068974844820735744
    endloop
  endfacet
  facet normal 0.99499563276266112 0.055511700238025263 0.083079130471587812
    outer loop
      vertex 0.050000000000000003 0 0
      vertex 0.049039264020161524 0.0068974844820735752 0.0068974844820735744
      vertex 0.049039264020161524 0.0037328917025171307 0.0090119977750868479
    endloop
  endfacet
  facet normal 0.99499563276266112 0.019493116858039172 0.097998516205044239
    outer loop
      vertex 0.050000000000000003 0 0
      vertex 0.049039264020161524 0.0037328917025171307 0.0090119977750868479
      vertex 0.049039264020161524 5.9729184600419476e-19 0.0097545161008064131
    endloop
  endfacet
  facet normal 0.99499563276266112 -0.019493116858039169 0.097998516205044212
    outer loop
      vertex 0.050000000000000003 0 0
      vertex 0.049039264020161524 5.9729184600419476e-19 0.0097545161008064131
      vertex 0.049039264020161524 -0.0037328917025171299 0.0090119977750868479
    endloop
  endfacet
  facet normal 0.99499563276266112 -0.055511700238025256 0.083079130471587839
    outer loop
      vertex 0.050000000000000003 0 0
      vertex 0.049039264020161524 -0.0037328917025171299 0.0090119977750868479
      vertex 0.049039264020161524 -0.0068974844820735744 0.0068974844820735752
    endloop
  endfacet
  facet normal 0.99499563276266112 -0.083079130471587798 0.055511700238025263
    outer loop
      vertex 0.050000000000000003 0 0
      vertex 0.049039264020161524 -0.0068974844820735744 0.0068974844820735752
      vertex 0.049039264020161524 -0.0090119977750868479 0.0037328917025171312
    endloop
  endfacet
  facet normal 0.99499563276266112 -0.097998516205044225 0.019493116858039172
    outer loop
      vertex 0.050000000000000003 0 0
      vertex 0.049039264020161524 -0.0090119977750868479 0.0037328917025171312
      vertex 0.049039264020161524 -0.0097545161008064131 1.1945836920083895e-18
    endloop
  endfacet
  facet normal 0.99499563276266112 -0.097998516205044212 -0.01949311685803912
    outer loop
      vertex 0.050000000000000003 0 0
      vertex 0.049039264020161524 -0.0097545161008064131 1.1945836920083895e-18
      vertex 0.049039264020161524 -0.0090119977750868496 -0.003732891702517129
    endloop
  endfacet
  facet normal 0.99499563276266112 -0.083079130471587839 -0.055511700238025236
    outer loop
      vertex 0.050000000000000003 0 0
      vertex 0.049039264020161524 -0.0090119977750868496 -0.003732891702517129
      vertex 0.049039264020161524 -0.006897484482073577 -0.0068974844820735744
    endloop
  endfacet
  facet normal 0.99499563276266112 -0.055511700238025263 -0.083079130471587812
    outer loop
      vertex 0.050000000000000003 0 0
      vertex 0.049039264020161524 -0.006897484482073577 -0.0068974844820735744
      vertex 0.049039264020161524 -0.0037328917025171355 -0.0090119977750868462
    endloop
  endfacet
  facet normal 0.99499563276266112 -0.019493116858039197 -0.097998516205044225
    outer loop
      vertex 0.050000000000000003 0 0
      vertex 0.049039264020161524 -0.0037328917025171355 -0.0090119977750868462
      vertex 0.049039264020161524 -1.791875538012584e-18 -0.0097545161008064131
    endloop
  endfacet
  facet normal 0.99499563276266112 0.019493116858039148 -0.097998516205044225
    outer loop
      vertex 0.050000000000000003 0 0
      vertex 0.049039264020161524 -1.791875538012584e-18 -0.0097545161008064131
      vertex 0.049039264020161524 0.0037328917025171325 -0.0090119977750868479
    endloop
  endfacet
  facet normal 0.99499563276266112 0.055511700238025243 -0.083079130471587798
    outer loop
      vertex 0.050000000000000003 0 0
      vertex 0.049039264020161524 0.0037328917025171325 -0.0090119977750868479
      vertex 0.049039264020161524 0.0068974844820735735 -0.006897484482073577
    endloop
  endfacet
  facet normal 0.99499563276266134 0.083079130471587812 -0.055511700238025312
    outer loop
      vertex 0.050000000000000003 0 0
      vertex 0.049039264020161524 0.0068974844820735735 -0.006897484482073577
      vertex 0.049039264020161524 0.0090119977750868462 -0.0037328917025171364
    endloop
  endfacet
  facet normal 0.99499563276266112 0.097998516205044239 -0.019493116858039186
    outer loop
      vertex 0.050000000000000003 0 0
      vertex 0.049039264020161524 0.0090119977750868462 -0.0037328917025171364
      vertex 0.049039264020161524 0.0097545161008064131 0
    endloop
  endfacet
  facet normal 0.95534907132448088 0.28980197247363548 0.057645196416025259
    outer loop
      vertex 0.049039264020161524 0.0097545161008064131 0
      vertex 0.046193976625564341 0.019134171618254491 0
      vertex 0.046193976625564341 0.017677669529663691 0.0073223304703363135
    endloop
  endfacet
  facet normal 0.95534907132448099 0.28980197247363537 0.057645196416025363
    outer loop
      vertex 0.049039264020161524 0.0097545161008064131 0
      vertex 0.046193976625564341 0.017677669529663691 0.0073223304703363135
      vertex 0.049039264020161524 0.0090119977750868479 0.0037328917025171303
    endloop
  endfacet
  facet normal 0.95534907132448088 0.24568224922594672 0.16415963064874287
    outer loop
      vertex 0.049039264020161524 0.0090119977750868479 0.0037328917025171303
      vertex 0.046193976625564341 0.017677669529663691 0.0073223304703363135
      vertex 0.046193976625564341 0.013529902503654927 0.013529902503654925
    endloop
  endfacet
  facet normal 0.95534907132448088 0.24568224922594681 0.16415963064874284
    outer loop
      vertex 0.049039264020161524 0.0090119977750868479 0.0037328917025171303
      vertex 0.046193976625564341 0.013529902503654927 0.013529902503654925
      vertex 0.049039264020161524 0.0068974844820735752 0.0068974844820735744
    endloop
  endfacet
  facet normal 0.95534907132448088 0.16415963064874295 0.24568224922594672
    outer loop
      vertex 0.049039264020161524 0.0068974844820735752 0.0068974844820735744
      vertex 0.046193976625564341 0.013529902503654927 0.013529902503654925
      vertex 0.046193976625564341 0.0073223304703363143 0.017677669529663691
    endloop
  endfacet
  facet normal 0.95534907132448099 0.16415963064874284 0.2456822492259467
    outer loop
      vertex 0.049039264020161524 0.0068974844820735752 0.0068974844820735744
      vertex 0.046193976625564341 0.0073223304703363143 0.017677669529663691
      vertex 0.049039264020161524 0.0037328917025171307 0.0090119977750868479
    endloop
  endfacet
  facet normal 0.95534907132448088 0.057645196416025259 0.28980197247363548
    outer loop
      vertex 0.049039264020161524 0.0037328917025171307 0.0090119977750868479
      vertex 0.046193976625564341 0.0073223304703363143 0.017677669529663691
      vertex 0.046193976625564341 1.1716301013315747e-18 0.019134171618254491
    endloop
  endfacet
  facet normal 0.95534907132448099 0.05764519641602537 0.28980197247363543
    outer loop
      vertex 0.049039264020161524 0.0037328917025171307 0.0090119977750868479
      vertex 0.046193976625564341 1.1716301013315747e-18 0.019134171618254491
      vertex 0.049039264020161524 5.9729184600419476e-19 0.0097545161008064131
    endloop
  endfacet
  facet normal 0.95534907132448088 -0.057645196416025259 0.28980197247363543
    outer loop
      vertex 0.049039264020161524 5.9729184600419476e-19 0.0097545161008064131
      vertex 0.046193976625564341 1.1716301013315747e-18 0.019134171618254491
      vertex 0.046193976625564341 -0.0073223304703363117 0.017677669529663691
    endloop
  endfacet
  facet normal 0.95534907132448099 -0.057645196416025363 0.28980197247363537
    outer loop
      vertex 0.049039264020161524 5.9729184600419476e-19 0.0097545161008064131
      vertex 0.046193976625564341 -0.0073223304703363117 0.017677669529663691
      vertex 0.049039264020161524 -0.0037328917025171299 0.0090119977750868479
    endloop
  endfacet
  facet normal 0.95534907132448088 -0.16415963064874287 0.24568224922594678
    outer loop
      vertex 0.049039264020161524 -0.0037328917025171299 0.0090119977750868479
      vertex 0.046193976625564341 -0.0073223304703363117 0.017677669529663691
      vertex 0.046193976625564341 -0.013529902503654925 0.013529902503654927
    endloop
  endfacet
  facet normal 0.95534907132448088 -0.16415963064874284 0.24568224922594681
    outer loop
      vertex 0.049039264020161524 -0.0037328917025171299 0.0090119977750868479
      vertex 0.046193976625564341 -0.013529902503654925 0.013529902503654927
      vertex 0.049039264020161524 -0.0068974844820735744 0.0068974844820735752
    endloop
  endfacet
  facet normal 0.95534907132448088 -0.24568224922594667 0.16415963064874295
    outer loop
      vertex 0.049039264020161524 -0.0068974844820735744 0.0068974844820735752
      vertex 0.046193976625564341 -0.013529902503654925 0.013529902503654927
      vertex 0.046193976625564341 -0.017677669529663691 0.0073223304703363152
    endloop
  endfacet
  facet normal 0.95534907132448088 -0.24568224922594675 0.16415963064874287
    outer loop
      vertex 0.049039264020161524 -0.0068974844820735744 0.0068974844820735752
      vertex 0.046193976625564341 -0.017677669529663691 0.0073223304703363152
      vertex 0.049039264020161524 -0.0090119977750868479 0.0037328917025171312
    endloop
  endfacet
  facet normal 0.95534907132448088 -0.28980197247363548 0.057645196416025259
    outer loop
      vertex 0.049039264020161524 -0.0090119977750868479 0.0037328917025171312
      vertex 0.046193976625564341 -0.017677669529663691 0.0073223304703363152
      vertex 0.046193976625564341 -0.019134171618254491 2.3432602026631494e-18
    endloop
  endfacet
  facet normal 0.95534907132448088 -0.28980197247363548 0.057645196416025384
    outer loop
      vertex 0.049039264020161524 -0.0090119977750868479 0.0037328917025171312
      vertex 0.046193976625564341 -0.019134171618254491 2.3432602026631494e-18
      vertex 0.049039264020161524 -0.0097545161008064131 1.1945836920083895e-18
    endloop
  endfacet
  facet normal 0.95534907132448088 -0.28980197247363548 -0.057645196416025259
    outer loop
      vertex 0.049039264020161524 -0.0097545161008064131 1.1945836920083895e-18
      vertex 0.046193976625564341 -0.019134171618254491 2.3432602026631494e-18
      vertex 0.046193976625564341 -0.017677669529663691 -0.0073223304703363109
    endloop
  endfacet
  facet normal 0.95534907132448088 -0.28980197247363548 -0.057645196416025245
    outer loop
      vertex 0.049039264020161524 -0.0097545161008064131 1.1945836920083895e-18
      vertex 0.046193976625564341 -0.017677669529663691 -0.0073223304703363109
      vertex 0.049039264020161524 -0.0090119977750868496 -0.003732891702517129
    endloop
  endfacet
  facet normal 0.95534907132448088 -0.24568224922594681 -0.16415963064874273
    outer loop
      vertex 0.049039264020161524 -0.0090119977750868496 -0.003732891702517129
      vertex 0.046193976625564341 -0.017677669529663691 -0.0073223304703363109
      vertex 0.046193976625564341 -0.01352990250365493 -0.013529902503654925
    endloop
  endfacet
  facet normal 0.95534907132448099 -0.24568224922594681 -0.16415963064874278
    outer loop
      vertex 0.049039264020161524 -0.0090119977750868496 -0.003732891702517129
      vertex 0.046193976625564341 -0.01352990250365493 -0.013529902503654925
      vertex 0.049039264020161524 -0.006897484482073577 -0.0068974844820735744
    endloop
  endfacet
  facet normal 0.95534907132448088 -0.16415963064874281 -0.24568224922594672
    outer loop
      vertex 0.049039264020161524 -0.006897484482073577 -0.0068974844820735744
      vertex 0.046193976625564341 -0.01352990250365493 -0.013529902503654925
      vertex 0.046193976625564341 -0.0073223304703363239 -0.017677669529663684
    endloop
  endfacet
  facet normal 0.95534907132448088 -0.16415963064874287 -0.2456822492259467
    outer loop
      vertex 0.049039264020161524 -0.006897484482073577 -0.0068974844820735744
      vertex 0.046193976625564341 -0.0073223304703363239 -0.017677669529663684
      vertex 0.049039264020161524 -0.0037328917025171355 -0.0090119977750868462
    endloop
  endfacet
  facet normal 0.95534907132448099 -0.057645196416025501 -0.28980197247363554
    outer loop
      vertex 0.049039264020161524 -0.0037328917025171355 -0.0090119977750868462
      vertex 0.046193976625564341 -0.0073223304703363239 -0.017677669529663684
      vertex 0.046193976625564341 -3.5148903039947242e-18 -0.019134171618254491
    endloop
  endfacet
  facet normal 0.95534907132448099 -0.057645196416025446 -0.28980197247363548
    outer loop
      vertex 0.049039264020161524 -0.0037328917025171355 -0.0090119977750868462
      vertex 0.046193976625564341 -3.5148903039947242e-18 -0.019134171618254491
      vertex 0.049039264020161524 -1.791875538012584e-18 -0.0097545161008064131
    endloop
  endfacet
  facet normal 0.95534907132448099 0.057645196416025349 -0.28980197247363543
    outer loop
      vertex 0.049039264020161524 -1.791875538012584e-18 -0.0097545161008064131
      vertex 0.046193976625564341 -3.5148903039947242e-18 -0.019134171618254491
      vertex 0.046193976625564341 0.0073223304703363169 -0.017677669529663688
    endloop
  endfacet
  facet normal 0.95534907132448099 0.057645196416025328 -0.28980197247363554
    outer loop
      vertex 0.049039264020161524 -1.791875538012584e-18 -0.0097545161008064131
      vertex 0.046193976625564341 0.0073223304703363169 -0.017677669529663688
      vertex 0.049039264020161524 0.0037328917025171325 -0.0090119977750868479
    endloop
  endfacet
  facet normal 0.95534907132448088 0.16415963064874284 -0.24568224922594681
    outer loop
      vertex 0.049039264020161524 0.0037328917025171325 -0.0090119977750868479
      vertex 0.046193976625564341 0.0073223304703363169 -0.017677669529663688
      vertex 0.046193976625564341 0.013529902503654923 -0.01352990250365493
    endloop
  endfacet
  facet normal 0.95534907132448088 0.16415963064874284 -0.24568224922594681
    outer loop
      vertex 0.049039264020161524 0.0037328917025171325 -0.0090119977750868479
      vertex 0.046193976625564341 0.013529902503654923 -0.01352990250365493
      vertex 0.049039264020161524 0.0068974844820735735 -0.006897484482073577
    endloop
  endfacet
  facet normal 0.95534907132448088 0.24568224922594672 -0.16415963064874284
    outer loop
      vertex 0.049039264020161524 0.0068974844820735735 -0.006897484482073577
      vertex 0.046193976625564341 0.013529902503654923 -0.01352990250365493
      vertex 0.046193976625564341 0.017677669529663684 -0.0073223304703363247
    endloop
  endfacet
  facet normal 0.95534907132448088 0.24568224922594675 -0.16415963064874298
    outer loop
      vertex 0.049039264020161524 0.0068974844820735735 -0.006897484482073577
      vertex 0.046193976625564341 0.017677669529663684 -0.0073223304703363247
      vertex 0.049039264020161524 0.0090119977750868462 -0.0037328917025171364
    endloop
  endfacet
  facet normal 0.95534907132448077 0.28980197247363543 -0.057645196416025446
    outer loop
      vertex 0.049039264020161524 0.0090119977750868462 -0.0037328917025171364
      vertex 0.046193976625564341 0.017677669529663684 -0.0073223304703363247
      vertex 0.046193976625564341 0.019134171618254491 0
    endloop
  endfacet
  facet normal 0.95534907132448088 0.28980197247363543 -0.057645196416025404
    outer loop
      vertex 0.049039264020161524 0.0090119977750868462 -0.0037328917025171364
      vertex 0.046193976625564341 0.019134171618254491 0
      vertex 0.049039264020161524 0.0097545161008064131 0
    endloop
  endfacet
  facet normal 0.87806963742766242 0.46933799934535997 0.093357132551017991
    outer loop
      vertex 0.046193976625564341 0.019134171618254491 0
      vertex 0.041573480615127265 0.027778511650980109 0
      vertex 0.041573480615127265 0.025663998357966834 0.010630376184590704
    endloop
  endfacet
  facet normal 0.87806963742766231 0.46933799934536008 0.09335713255101788
    outer loop
      vertex 0.046193976625564341 0.019134171618254491 0
      vertex 0.041573480615127265 0.025663998357966834 0.010630376184590704
      vertex 0.046193976625564341 0.017677669529663691 0.0073223304703363135
    endloop
  endfacet
  facet normal 0.87806963742766231 0.39788554350458777 0.2658586205066753
    outer loop
      vertex 0.046193976625564341 0.017677669529663691 0.0073223304703363135
      vertex 0.041573480615127265 0.025663998357966834 0.010630376184590704
      vertex 0.041573480615127265 0.019642373959677554 0.01964237395967755
    endloop
  endfacet
  facet normal 0.87806963742766242 0.39788554350458749 0.26585862050667536
    outer loop
      vertex 0.046193976625564341 0.017677669529663691 0.0073223304703363135
      vertex 0.041573480615127265 0.019642373959677554 0.01964237395967755
      vertex 0.046193976625564341 0.013529902503654927 0.013529902503654925
    endloop
  endfacet
  facet normal 0.87806963742766242 0.2658586205066753 0.39788554350458755
    outer loop
      vertex 0.046193976625564341 0.013529902503654927 0.013529902503654925
      vertex 0.041573480615127265 0.019642373959677554 0.01964237395967755
      vertex 0.041573480615127265 0.010630376184590706 0.025663998357966834
    endloop
  endfacet
  facet normal 0.87806963742766242 0.26585862050667547 0.39788554350458755
    outer loop
      vertex 0.046193976625564341 0.013529902503654927 0.013529902503654925
      vertex 0.041573480615127265 0.010630376184590706 0.025663998357966834
      vertex 0.046193976625564341 0.0073223304703363143 0.017677669529663691
    endloop
  endfacet
  facet normal 0.87806963742766242 0.093357132551018004 0.46933799934535997
    outer loop
      vertex 0.046193976625564341 0.0073223304703363143 0.017677669529663691
      vertex 0.041573480615127265 0.010630376184590706 0.025663998357966834
      vertex 0.041573480615127265 1.7009432689225125e-18 0.027778511650980109
    endloop
  endfacet
  facet normal 0.87806963742766242 0.093357132551017866 0.46933799934535997
    outer loop
      vertex 0.046193976625564341 0.0073223304703363143 0.017677669529663691
      vertex 0.041573480615127265 1.7009432689225125e-18 0.027778511650980109
      vertex 0.046193976625564341 1.1716301013315747e-18 0.019134171618254491
    endloop
  endfacet
  facet normal 0.87806963742766242 -0.093357132551017963 0.46933799934535991
    outer loop
      vertex 0.046193976625564341 1.1716301013315747e-18 0.019134171618254491
      vertex 0.041573480615127265 1.7009432689225125e-18 0.027778511650980109
      vertex 0.041573480615127265 -0.010630376184590704 0.025663998357966834
    endloop
  endfacet
  facet normal 0.87806963742766242 -0.093357132551017907 0.46933799934536008
    outer loop
      vertex 0.046193976625564341 1.1716301013315747e-18 0.019134171618254491
      vertex 0.041573480615127265 -0.010630376184590704 0.025663998357966834
      vertex 0.046193976625564341 -0.0073223304703363117 0.017677669529663691
    endloop
  endfacet
  facet normal 0.87806963742766253 -0.2658586205066753 0.39788554350458766
    outer loop
      vertex 0.046193976625564341 -0.0073223304703363117 0.017677669529663691
      vertex 0.041573480615127265 -0.010630376184590704 0.025663998357966834
      vertex 0.041573480615127265 -0.01964237395967755 0.019642373959677554
    endloop
  endfacet
  facet normal 0.87806963742766242 -0.2658586205066753 0.39788554350458755
    outer loop
      vertex 0.046193976625564341 -0.0073223304703363117 0.017677669529663691
      vertex 0.041573480615127265 -0.01964237395967755 0.019642373959677554
      vertex 0.046193976625564341 -0.013529902503654925 0.013529902503654927
    endloop
  endfacet
  facet normal 0.87806963742766231 -0.39788554350458749 0.2658586205066753
    outer loop
      vertex 0.046193976625564341 -0.013529902503654925 0.013529902503654927
      vertex 0.041573480615127265 -0.01964237395967755 0.019642373959677554
      vertex 0.041573480615127265 -0.025663998357966834 0.010630376184590708
    endloop
  endfacet
  facet normal 0.87806963742766242 -0.3978855435045876 0.26585862050667552
    outer loop
      vertex 0.046193976625564341 -0.013529902503654925 0.013529902503654927
      vertex 0.041573480615127265 -0.025663998357966834 0.010630376184590708
      vertex 0.046193976625564341 -0.017677669529663691 0.0073223304703363152
    endloop
  endfacet
  facet normal 0.87806963742766242 -0.46933799934536002 0.093357132551018004
    outer loop
      vertex 0.046193976625564341 -0.017677669529663691 0.0073223304703363152
      vertex 0.041573480615127265 -0.025663998357966834 0.010630376184590708
      vertex 0.041573480615127265 -0.027778511650980109 3.4018865378450249e-18
    endloop
  endfacet
  facet normal 0.87806963742766242 -0.46933799934535986 0.093357132551017866
    outer loop
      vertex 0.046193976625564341 -0.017677669529663691 0.0073223304703363152
      vertex 0.041573480615127265 -0.027778511650980109 3.4018865378450249e-18
      vertex 0.046193976625564341 -0.019134171618254491 2.3432602026631494e-18
    endloop
  endfacet
  facet normal 0.87806963742766242 -0.46933799934535997 -0.093357132551017852
    outer loop
      vertex 0.046193976625564341 -0.019134171618254491 2.3432602026631494e-18
      vertex 0.041573480615127265 -0.027778511650980109 3.4018865378450249e-18
      vertex 0.041573480615127265 -0.025663998357966837 -0.010630376184590703
    endloop
  endfacet
  facet normal 0.87806963742766242 -0.46933799934535997 -0.093357132551017866
    outer loop
      vertex 0.046193976625564341 -0.019134171618254491 2.3432602026631494e-18
      vertex 0.041573480615127265 -0.025663998357966837 -0.010630376184590703
      vertex 0.046193976625564341 -0.017677669529663691 -0.0073223304703363109
    endloop
  endfacet
  facet normal 0.87806963742766242 -0.3978855435045876 -0.26585862050667514
    outer loop
      vertex 0.046193976625564341 -0.017677669529663691 -0.0073223304703363109
      vertex 0.041573480615127265 -0.025663998357966837 -0.010630376184590703
      vertex 0.041573480615127265 -0.019642373959677557 -0.01964237395967755
    endloop
  endfacet
  facet normal 0.87806963742766242 -0.39788554350458766 -0.26585862050667514
    outer loop
      vertex 0.046193976625564341 -0.017677669529663691 -0.0073223304703363109
      vertex 0.041573480615127265 -0.019642373959677557 -0.01964237395967755
      vertex 0.046193976625564341 -0.01352990250365493 -0.013529902503654925
    endloop
  endfacet
  facet normal 0.87806963742766242 -0.26585862050667541 -0.39788554350458749
    outer loop
      vertex 0.046193976625564341 -0.01352990250365493 -0.013529902503654925
      vertex 0.041573480615127265 -0.019642373959677557 -0.01964237395967755
      vertex 0.041573480615127265 -0.01063037618459072 -0.02566399835796683
    endloop
  endfacet
  facet normal 0.87806963742766253 -0.26585862050667519 -0.39788554350458744
    outer loop
      vertex 0.046193976625564341 -0.01352990250365493 -0.013529902503654925
      vertex 0.041573480615127265 -0.01063037618459072 -0.02566399835796683
      vertex 0.046193976625564341 -0.0073223304703363239 -0.017677669529663684
    endloop
  endfacet
  facet normal 0.87806963742766253 -0.093357132551018074 -0.4693379993453598
    outer loop
      vertex 0.046193976625564341 -0.0073223304703363239 -0.017677669529663684
      vertex 0.041573480615127265 -0.01063037618459072 -0.02566399835796683
      vertex 0.041573480615127265 -5.102829806767537e-18 -0.027778511650980109
    endloop
  endfacet
  facet normal 0.87806963742766242 -0.093357132551018213 -0.46933799934535991
    outer loop
      vertex 0.046193976625564341 -0.0073223304703363239 -0.017677669529663684
      vertex 0.041573480615127265 -5.102829806767537e-18 -0.027778511650980109
      vertex 0.046193976625564341 -3.5148903039947242e-18 -0.019134171618254491
    endloop
  endfacet
  facet normal 0.87806963742766242 0.093357132551018046 -0.46933799934535997
    outer loop
      vertex 0.046193976625564341 -3.5148903039947242e-18 -0.019134171618254491
      vertex 0.041573480615127265 -5.102829806767537e-18 -0.027778511650980109
      vertex 0.041573480615127265 0.010630376184590711 -0.02566399835796683
    endloop
  endfacet
  facet normal 0.87806963742766242 0.093357132551018004 -0.46933799934536002
    outer loop
      vertex 0.046193976625564341 -3.5148903039947242e-18 -0.019134171618254491
      vertex 0.041573480615127265 0.010630376184590711 -0.02566399835796683
      vertex 0.046193976625564341 0.0073223304703363169 -0.017677669529663688
    endloop
  endfacet
  facet normal 0.87806963742766242 0.26585862050667525 -0.3978855435045876
    outer loop
      vertex 0.046193976625564341 0.0073223304703363169 -0.017677669529663688
      vertex 0.041573480615127265 0.010630376184590711 -0.02566399835796683
      vertex 0.041573480615127265 0.019642373959677547 -0.019642373959677557
    endloop
  endfacet
  facet normal 0.87806963742766253 0.26585862050667525 -0.39788554350458766
    outer loop
      vertex 0.046193976625564341 0.0073223304703363169 -0.017677669529663688
      vertex 0.041573480615127265 0.019642373959677547 -0.019642373959677557
      vertex 0.046193976625564341 0.013529902503654923 -0.01352990250365493
    endloop
  endfacet
  facet normal 0.87806963742766242 0.39788554350458738 -0.26585862050667552
    outer loop
      vertex 0.046193976625564341 0.013529902503654923 -0.01352990250365493
      vertex 0.041573480615127265 0.019642373959677547 -0.019642373959677557
      vertex 0.041573480615127265 0.02566399835796683 -0.010630376184590722
    endloop
  endfacet
  facet normal 0.87806963742766253 0.39788554350458732 -0.26585862050667525
    outer loop
      vertex 0.046193976625564341 0.013529902503654923 -0.01352990250365493
      vertex 0.041573480615127265 0.02566399835796683 -0.010630376184590722
      vertex 0.046193976625564341 0.017677669529663684 -0.0073223304703363247
    endloop
  endfacet
  facet normal 0.87806963742766253 0.46933799934535991 -0.093357132551018018
    outer loop
      vertex 0.046193976625564341 0.017677669529663684 -0.0073223304703363247
      vertex 0.041573480615127265 0.02566399835796683 -0.010630376184590722
      vertex 0.041573480615127265 0.027778511650980109 0
    endloop
  endfacet
  facet normal 0.87806963742766231 0.46933799934535991 -0.093357132551018157
    outer loop
      vertex 0.046193976625564341 0.017677669529663684 -0.0073223304703363247
      vertex 0.041573480615127265 0.027778511650980109 0
      vertex 0.046193976625564341 0.019134171618254491 0
    endloop
  endfacet
  facet normal 0.76692844616947775 0.62940190985446975 0.12519582392243059
    outer loop
      vertex 0.041573480615127265 0.027778511650980109 0
      vertex 0.035355339059327383 0.035355339059327376 0
      vertex 0.035355339059327383 0.032664074121909414 0.013529902503654925
    endloop
  endfacet
  facet normal 0.76692844616947797 0.62940190985446964 0.12519582392243075
    outer loop
      vertex 0.041573480615127265 0.027778511650980109 0
      vertex 0.035355339059327383 0.032664074121909414 0.013529902503654925
      vertex 0.041573480615127265 0.025663998357966834 0.010630376184590704
    endloop
  endfacet
  facet normal 0.76692844616947786 0.53358117462164723 0.35652754247807189
    outer loop
      vertex 0.041573480615127265 0.025663998357966834 0.010630376184590704
      vertex 0.035355339059327383 0.032664074121909414 0.013529902503654925
      vertex 0.035355339059327383 0.025000000000000001 0.024999999999999998
    endloop
  endfacet
  facet normal 0.76692844616947786 0.53358117462164745 0.35652754247807189
    outer loop
      vertex 0.041573480615127265 0.025663998357966834 0.010630376184590704
      vertex 0.035355339059327383 0.025000000000000001 0.024999999999999998
      vertex 0.041573480615127265 0.019642373959677554 0.01964237395967755
    endloop
  endfacet
  facet normal 0.76692844616947797 0.35652754247807206 0.53358117462164723
    outer loop
      vertex 0.041573480615127265 0.019642373959677554 0.01964237395967755
      vertex 0.035355339059327383 0.025000000000000001 0.024999999999999998
      vertex 0.035355339059327383 0.013529902503654927 0.032664074121909414
    endloop
  endfacet
  facet normal 0.76692844616947797 0.35652754247807189 0.53358117462164723
    outer loop
      vertex 0.041573480615127265 0.019642373959677554 0.01964237395967755
      vertex 0.035355339059327383 0.013529902503654927 0.032664074121909414
      vertex 0.041573480615127265 0.010630376184590706 0.025663998357966834
    endloop
  endfacet
  facet normal 0.76692844616947786 0.12519582392243059 0.62940190985446975
    outer loop
      vertex 0.041573480615127265 0.010630376184590706 0.025663998357966834
      vertex 0.035355339059327383 0.013529902503654927 0.032664074121909414
      vertex 0.035355339059327383 2.1648901405887331e-18 0.035355339059327376
    endloop
  endfacet
  facet normal 0.76692844616947786 0.12519582392243081 0.62940190985446987
    outer loop
      vertex 0.041573480615127265 0.010630376184590706 0.025663998357966834
      vertex 0.035355339059327383 2.1648901405887331e-18 0.035355339059327376
      vertex 0.041573480615127265 1.7009432689225125e-18 0.027778511650980109
    endloop
  endfacet
  facet normal 0.76692844616947775 -0.12519582392243059 0.62940190985446975
    outer loop
      vertex 0.041573480615127265 1.7009432689225125e-18 0.027778511650980109
      vertex 0.035355339059327383 2.1648901405887331e-18 0.035355339059327376
      vertex 0.035355339059327383 -0.013529902503654923 0.032664074121909414
    endloop
  endfacet
  facet normal 0.76692844616947797 -0.12519582392243075 0.62940190985446964
    outer loop
      vertex 0.041573480615127265 1.7009432689225125e-18 0.027778511650980109
      vertex 0.035355339059327383 -0.013529902503654923 0.032664074121909414
      vertex 0.041573480615127265 -0.010630376184590704 0.025663998357966834
    endloop
  endfacet
  facet normal 0.76692844616947786 -0.35652754247807189 0.53358117462164723
    outer loop
      vertex 0.041573480615127265 -0.010630376184590704 0.025663998357966834
      vertex 0.035355339059327383 -0.013529902503654923 0.032664074121909414
      vertex 0.035355339059327383 -0.024999999999999998 0.025000000000000001
    endloop
  endfacet
  facet normal 0.76692844616947786 -0.35652754247807189 0.53358117462164745
    outer loop
      vertex 0.041573480615127265 -0.010630376184590704 0.025663998357966834
      vertex 0.035355339059327383 -0.024999999999999998 0.025000000000000001
      vertex 0.041573480615127265 -0.01964237395967755 0.019642373959677554
    endloop
  endfacet
  facet normal 0.76692844616947786 -0.53358117462164723 0.35652754247807206
    outer loop
      vertex 0.041573480615127265 -0.01964237395967755 0.019642373959677554
      vertex 0.035355339059327383 -0.024999999999999998 0.025000000000000001
      vertex 0.035355339059327383 -0.032664074121909414 0.013529902503654928
    endloop
  endfacet
  facet normal 0.76692844616947775 -0.53358117462164723 0.35652754247807195
    outer loop
      vertex 0.041573480615127265 -0.01964237395967755 0.019642373959677554
      vertex 0.035355339059327383 -0.032664074121909414 0.013529902503654928
      vertex 0.041573480615127265 -0.025663998357966834 0.010630376184590708
    endloop
  endfacet
  facet normal 0.76692844616947786 -0.62940190985446975 0.12519582392243059
    outer loop
      vertex 0.041573480615127265 -0.025663998357966834 0.010630376184590708
      vertex 0.035355339059327383 -0.032664074121909414 0.013529902503654928
      vertex 0.035355339059327383 -0.035355339059327376 4.3297802811774661e-18
    endloop
  endfacet
  facet normal 0.76692844616947775 -0.62940190985446975 0.12519582392243078
    outer loop
      vertex 0.041573480615127265 -0.025663998357966834 0.010630376184590708
      vertex 0.035355339059327383 -0.035355339059327376 4.3297802811774661e-18
      vertex 0.041573480615127265 -0.027778511650980109 3.4018865378450249e-18
    endloop
  endfacet
  facet normal 0.76692844616947775 -0.62940190985446975 -0.12519582392243059
    outer loop
      vertex 0.041573480615127265 -0.027778511650980109 3.4018865378450249e-18
      vertex 0.035355339059327383 -0.035355339059327376 4.3297802811774661e-18
      vertex 0.035355339059327383 -0.032664074121909414 -0.013529902503654921
    endloop
  endfacet
  facet normal 0.76692844616947775 -0.62940190985446975 -0.12519582392243059
    outer loop
      vertex 0.041573480615127265 -0.027778511650980109 3.4018865378450249e-18
      vertex 0.035355339059327383 -0.032664074121909414 -0.013529902503654921
      vertex 0.041573480615127265 -0.025663998357966837 -0.010630376184590703
    endloop
  endfacet
  facet normal 0.76692844616947775 -0.53358117462164745 -0.35652754247807183
    outer loop
      vertex 0.041573480615127265 -0.025663998357966837 -0.010630376184590703
      vertex 0.035355339059327383 -0.032664074121909414 -0.013529902503654921
      vertex 0.035355339059327383 -0.025000000000000005 -0.024999999999999998
    endloop
  endfacet
  facet normal 0.76692844616947786 -0.53358117462164745 -0.35652754247807189
    outer loop
      vertex 0.041573480615127265 -0.025663998357966837 -0.010630376184590703
      vertex 0.035355339059327383 -0.025000000000000005 -0.024999999999999998
      vertex 0.041573480615127265 -0.019642373959677557 -0.01964237395967755
    endloop
  endfacet
  facet normal 0.76692844616947797 -0.35652754247807211 -0.53358117462164723
    outer loop
      vertex 0.041573480615127265 -0.019642373959677557 -0.01964237395967755
      vertex 0.035355339059327383 -0.025000000000000005 -0.024999999999999998
      vertex 0.035355339059327383 -0.013529902503654944 -0.032664074121909407
    endloop
  endfacet
  facet normal 0.76692844616947786 -0.35652754247807211 -0.53358117462164723
    outer loop
      vertex 0.041573480615127265 -0.019642373959677557 -0.01964237395967755
      vertex 0.035355339059327383 -0.013529902503654944 -0.032664074121909407
      vertex 0.041573480615127265 -0.01063037618459072 -0.02566399835796683
    endloop
  endfacet
  facet normal 0.76692844616947775 -0.12519582392243084 -0.62940190985446975
    outer loop
      vertex 0.041573480615127265 -0.01063037618459072 -0.02566399835796683
      vertex 0.035355339059327383 -0.013529902503654944 -0.032664074121909407
      vertex 0.035355339059327383 -6.4946704217661992e-18 -0.035355339059327376
    endloop
  endfacet
  facet normal 0.76692844616947775 -0.12519582392243087 -0.62940190985446964
    outer loop
      vertex 0.041573480615127265 -0.01063037618459072 -0.02566399835796683
      vertex 0.035355339059327383 -6.4946704217661992e-18 -0.035355339059327376
      vertex 0.041573480615127265 -5.102829806767537e-18 -0.027778511650980109
    endloop
  endfacet
  facet normal 0.76692844616947775 0.12519582392243081 -0.62940190985446987
    outer loop
      vertex 0.041573480615127265 -5.102829806767537e-18 -0.027778511650980109
      vertex 0.035355339059327383 -6.4946704217661992e-18 -0.035355339059327376
      vertex 0.035355339059327383 0.013529902503654932 -0.032664074121909407
    endloop
  endfacet
  facet normal 0.76692844616947775 0.12519582392243084 -0.62940190985446975
    outer loop
      vertex 0.041573480615127265 -5.102829806767537e-18 -0.027778511650980109
      vertex 0.035355339059327383 0.013529902503654932 -0.032664074121909407
      vertex 0.041573480615127265 0.010630376184590711 -0.02566399835796683
    endloop
  endfacet
  facet normal 0.76692844616947775 0.35652754247807183 -0.53358117462164745
    outer loop
      vertex 0.041573480615127265 0.010630376184590711 -0.02566399835796683
      vertex 0.035355339059327383 0.013529902503654932 -0.032664074121909407
      vertex 0.035355339059327383 0.024999999999999994 -0.025000000000000005
    endloop
  endfacet
  facet normal 0.76692844616947786 0.35652754247807189 -0.53358117462164745
    outer loop
      vertex 0.041573480615127265 0.010630376184590711 -0.02566399835796683
      vertex 0.035355339059327383 0.024999999999999994 -0.025000000000000005
      vertex 0.041573480615127265 0.019642373959677547 -0.019642373959677557
    endloop
  endfacet
  facet normal 0.76692844616947775 0.53358117462164711 -0.35652754247807222
    outer loop
      vertex 0.041573480615127265 0.019642373959677547 -0.019642373959677557
      vertex 0.035355339059327383 0.024999999999999994 -0.025000000000000005
      vertex 0.035355339059327383 0.032664074121909407 -0.013529902503654946
    endloop
  endfacet
  facet normal 0.76692844616947786 0.53358117462164711 -0.35652754247807228
    outer loop
      vertex 0.041573480615127265 0.019642373959677547 -0.019642373959677557
      vertex 0.035355339059327383 0.032664074121909407 -0.013529902503654946
      vertex 0.041573480615127265 0.02566399835796683 -0.010630376184590722
    endloop
  endfacet
  facet normal 0.76692844616947786 0.62940190985446987 -0.12519582392243078
    outer loop
      vertex 0.041573480615127265 0.02566399835796683 -0.010630376184590722
      vertex 0.035355339059327383 0.032664074121909407 -0.013529902503654946
      vertex 0.035355339059327383 0.035355339059327376 0
    endloop
  endfacet
  facet normal 0.76692844616947775 0.62940190985446987 -0.12519582392243081
    outer loop
      vertex 0.041573480615127265 0.02566399835796683 -0.010630376184590722
      vertex 0.035355339059327383 0.035355339059327376 0
      vertex 0.041573480615127265 0.027778511650980109 0
    endloop
  endfacet
  facet normal 0.62702435758406094 0.76403139034571399 0.15197529260603773
    outer loop
      vertex 0.035355339059327383 0.035355339059327376 0
      vertex 0.027778511650980116 0.041573480615127265 0
      vertex 0.027778511650980116 0.038408887835570817 0.015909482257160424
    endloop
  endfacet
  facet normal 0.62702435758406061 0.76403139034571432 0.15197529260603754
    outer loop
      vertex 0.035355339059327383 0.035355339059327376 0
      vertex 0.027778511650980116 0.038408887835570817 0.015909482257160424
      vertex 0.035355339059327383 0.032664074121909414 0.013529902503654925
    endloop
  endfacet
  facet normal 0.62702435758406061 0.6477145371273797 0.43278901717830176
    outer loop
      vertex 0.035355339059327383 0.032664074121909414 0.013529902503654925
      vertex 0.027778511650980116 0.038408887835570817 0.015909482257160424
      vertex 0.027778511650980116 0.02939689006048397 0.029396890060483967
    endloop
  endfacet
  facet normal 0.62702435758406083 0.64771453712737947 0.4327890171783017
    outer loop
      vertex 0.035355339059327383 0.032664074121909414 0.013529902503654925
      vertex 0.027778511650980116 0.02939689006048397 0.029396890060483967
      vertex 0.035355339059327383 0.025000000000000001 0.024999999999999998
    endloop
  endfacet
  facet normal 0.62702435758406083 0.43278901717830165 0.64771453712737947
    outer loop
      vertex 0.035355339059327383 0.025000000000000001 0.024999999999999998
      vertex 0.027778511650980116 0.02939689006048397 0.029396890060483967
      vertex 0.027778511650980116 0.015909482257160427 0.038408887835570817
    endloop
  endfacet
  facet normal 0.62702435758406072 0.43278901717830187 0.64771453712737959
    outer loop
      vertex 0.035355339059327383 0.025000000000000001 0.024999999999999998
      vertex 0.027778511650980116 0.015909482257160427 0.038408887835570817
      vertex 0.035355339059327383 0.013529902503654927 0.032664074121909414
    endloop
  endfacet
  facet normal 0.62702435758406072 0.15197529260603776 0.76403139034571432
    outer loop
      vertex 0.035355339059327383 0.013529902503654927 0.032664074121909414
      vertex 0.027778511650980116 0.015909482257160427 0.038408887835570817
      vertex 0.027778511650980116 2.5456414982365071e-18 0.041573480615127265
    endloop
  endfacet
  facet normal 0.62702435758406083 0.15197529260603748 0.76403139034571399
    outer loop
      vertex 0.035355339059327383 0.013529902503654927 0.032664074121909414
      vertex 0.027778511650980116 2.5456414982365071e-18 0.041573480615127265
      vertex 0.035355339059327383 2.1648901405887331e-18 0.035355339059327376
    endloop
  endfacet
  facet normal 0.62702435758406105 -0.1519752926060377 0.7640313903457141
    outer loop
      vertex 0.035355339059327383 2.1648901405887331e-18 0.035355339059327376
      vertex 0.027778511650980116 2.5456414982365071e-18 0.041573480615127265
      vertex 0.027778511650980116 -0.015909482257160424 0.038408887835570817
    endloop
  endfacet
  facet normal 0.62702435758406072 -0.15197529260603754 0.76403139034571432
    outer loop
      vertex 0.035355339059327383 2.1648901405887331e-18 0.035355339059327376
      vertex 0.027778511650980116 -0.015909482257160424 0.038408887835570817
      vertex 0.035355339059327383 -0.013529902503654923 0.032664074121909414
    endloop
  endfacet
  facet normal 0.62702435758406083 -0.43278901717830165 0.64771453712737959
    outer loop
      vertex 0.035355339059327383 -0.013529902503654923 0.032664074121909414
      vertex 0.027778511650980116 -0.015909482257160424 0.038408887835570817
      vertex 0.027778511650980116 -0.029396890060483967 0.02939689006048397
    endloop
  endfacet
  facet normal 0.62702435758406094 -0.4327890171783017 0.64771453712737959
    outer loop
      vertex 0.035355339059327383 -0.013529902503654923 0.032664074121909414
      vertex 0.027778511650980116 -0.029396890060483967 0.02939689006048397
      vertex 0.035355339059327383 -0.024999999999999998 0.025000000000000001
    endloop
  endfacet
  facet normal 0.62702435758406083 -0.64771453712737936 0.43278901717830165
    outer loop
      vertex 0.035355339059327383 -0.024999999999999998 0.025000000000000001
      vertex 0.027778511650980116 -0.029396890060483967 0.02939689006048397
      vertex 0.027778511650980116 -0.038408887835570817 0.015909482257160431
    endloop
  endfacet
  facet normal 0.62702435758406072 -0.64771453712737947 0.43278901717830187
    outer loop
      vertex 0.035355339059327383 -0.024999999999999998 0.025000000000000001
      vertex 0.027778511650980116 -0.038408887835570817 0.015909482257160431
      vertex 0.035355339059327383 -0.032664074121909414 0.013529902503654928
    endloop
  endfacet
  facet normal 0.62702435758406072 -0.76403139034571421 0.15197529260603773
    outer loop
      vertex 0.035355339059327383 -0.032664074121909414 0.013529902503654928
      vertex 0.027778511650980116 -0.038408887835570817 0.015909482257160431
      vertex 0.027778511650980116 -0.041573480615127265 5.0912829964730143e-18
    endloop
  endfacet
  facet normal 0.62702435758406105 -0.76403139034571421 0.15197529260603751
    outer loop
      vertex 0.035355339059327383 -0.032664074121909414 0.013529902503654928
      vertex 0.027778511650980116 -0.041573480615127265 5.0912829964730143e-18
      vertex 0.035355339059327383 -0.035355339059327376 4.3297802811774661e-18
    endloop
  endfacet
  facet normal 0.62702435758406094 -0.76403139034571399 -0.1519752926060374
    outer loop
      vertex 0.035355339059327383 -0.035355339059327376 4.3297802811774661e-18
      vertex 0.027778511650980116 -0.041573480615127265 5.0912829964730143e-18
      vertex 0.027778511650980116 -0.038408887835570824 -0.015909482257160421
    endloop
  endfacet
  facet normal 0.62702435758406105 -0.76403139034571399 -0.15197529260603748
    outer loop
      vertex 0.035355339059327383 -0.035355339059327376 4.3297802811774661e-18
      vertex 0.027778511650980116 -0.038408887835570824 -0.015909482257160421
      vertex 0.035355339059327383 -0.032664074121909414 -0.013529902503654921
    endloop
  endfacet
  facet normal 0.62702435758406094 -0.64771453712737947 -0.43278901717830126
    outer loop
      vertex 0.035355339059327383 -0.032664074121909414 -0.013529902503654921
      vertex 0.027778511650980116 -0.038408887835570824 -0.015909482257160421
      vertex 0.027778511650980116 -0.029396890060483977 -0.029396890060483967
    endloop
  endfacet
  facet normal 0.62702435758406116 -0.64771453712737959 -0.43278901717830143
    outer loop
      vertex 0.035355339059327383 -0.032664074121909414 -0.013529902503654921
      vertex 0.027778511650980116 -0.029396890060483977 -0.029396890060483967
      vertex 0.035355339059327383 -0.025000000000000005 -0.024999999999999998
    endloop
  endfacet
  facet normal 0.62702435758406094 -0.43278901717830165 -0.64771453712737936
    outer loop
      vertex 0.035355339059327383 -0.025000000000000005 -0.024999999999999998
      vertex 0.027778511650980116 -0.029396890060483977 -0.029396890060483967
      vertex 0.027778511650980116 -0.015909482257160448 -0.03840888783557081
    endloop
  endfacet
  facet normal 0.62702435758406072 -0.43278901717830193 -0.64771453712737947
    outer loop
      vertex 0.035355339059327383 -0.025000000000000005 -0.024999999999999998
      vertex 0.027778511650980116 -0.015909482257160448 -0.03840888783557081
      vertex 0.035355339059327383 -0.013529902503654944 -0.032664074121909407
    endloop
  endfacet
  facet normal 0.62702435758406072 -0.1519752926060379 -0.7640313903457141
    outer loop
      vertex 0.035355339059327383 -0.013529902503654944 -0.032664074121909407
      vertex 0.027778511650980116 -0.015909482257160448 -0.03840888783557081
      vertex 0.027778511650980116 -7.6369244947095207e-18 -0.041573480615127265
    endloop
  endfacet
  facet normal 0.62702435758406094 -0.15197529260603773 -0.7640313903457141
    outer loop
      vertex 0.035355339059327383 -0.013529902503654944 -0.032664074121909407
      vertex 0.027778511650980116 -7.6369244947095207e-18 -0.041573480615127265
      vertex 0.035355339059327383 -6.4946704217661992e-18 -0.035355339059327376
    endloop
  endfacet
  facet normal 0.62702435758406094 0.15197529260603757 -0.76403139034571421
    outer loop
      vertex 0.035355339059327383 -6.4946704217661992e-18 -0.035355339059327376
      vertex 0.027778511650980116 -7.6369244947095207e-18 -0.041573480615127265
      vertex 0.027778511650980116 0.015909482257160434 -0.038408887835570817
    endloop
  endfacet
  facet normal 0.62702435758406116 0.15197529260603768 -0.76403139034571388
    outer loop
      vertex 0.035355339059327383 -6.4946704217661992e-18 -0.035355339059327376
      vertex 0.027778511650980116 0.015909482257160434 -0.038408887835570817
      vertex 0.035355339059327383 0.013529902503654932 -0.032664074121909407
    endloop
  endfacet
  facet normal 0.62702435758406116 0.43278901717830137 -0.64771453712737936
    outer loop
      vertex 0.035355339059327383 0.013529902503654932 -0.032664074121909407
      vertex 0.027778511650980116 0.015909482257160434 -0.038408887835570817
      vertex 0.027778511650980116 0.029396890060483963 -0.029396890060483977
    endloop
  endfacet
  facet normal 0.62702435758406116 0.43278901717830154 -0.64771453712737959
    outer loop
      vertex 0.035355339059327383 0.013529902503654932 -0.032664074121909407
      vertex 0.027778511650980116 0.029396890060483963 -0.029396890060483977
      vertex 0.035355339059327383 0.024999999999999994 -0.025000000000000005
    endloop
  endfacet
  facet normal 0.62702435758406105 0.64771453712737925 -0.43278901717830187
    outer loop
      vertex 0.035355339059327383 0.024999999999999994 -0.025000000000000005
      vertex 0.027778511650980116 0.029396890060483963 -0.029396890060483977
      vertex 0.027778511650980116 0.03840888783557081 -0.015909482257160452
    endloop
  endfacet
  facet normal 0.62702435758406083 0.64771453712737925 -0.43278901717830204
    outer loop
      vertex 0.035355339059327383 0.024999999999999994 -0.025000000000000005
      vertex 0.027778511650980116 0.03840888783557081 -0.015909482257160452
      vertex 0.035355339059327383 0.032664074121909407 -0.013529902503654946
    endloop
  endfacet
  facet normal 0.62702435758406072 0.7640313903457141 -0.15197529260603782
    outer loop
      vertex 0.035355339059327383 0.032664074121909407 -0.013529902503654946
      vertex 0.027778511650980116 0.03840888783557081 -0.015909482257160452
      vertex 0.027778511650980116 0.041573480615127265 0
    endloop
  endfacet
  facet normal 0.62702435758406094 0.76403139034571399 -0.15197529260603762
    outer loop
      vertex 0.035355339059327383 0.032664074121909407 -0.013529902503654946
      vertex 0.027778511650980116 0.041573480615127265 0
      vertex 0.035355339059327383 0.035355339059327376 0
    endloop
  endfacet
  facet normal 0.46430659807751568 0.86865654772861589 0.17278653034854
    outer loop
      vertex 0.027778511650980116 0.041573480615127265 0
      vertex 0.019134171618254495 0.046193976625564341 0
      vertex 0.019134171618254495 0.042677669529663689 0.017677669529663691
    endloop
  endfacet
  facet normal 0.46430659807751584 0.868656547728616 0.17278653034854005
    outer loop
      vertex 0.027778511650980116 0.041573480615127265 0
      vertex 0.019134171618254495 0.042677669529663689 0.017677669529663691
      vertex 0.027778511650980116 0.038408887835570817 0.015909482257160424
    endloop
  endfacet
  facet normal 0.46430659807751595 0.73641146272814784 0.49205440811385259
    outer loop
      vertex 0.027778511650980116 0.038408887835570817 0.015909482257160424
      vertex 0.019134171618254495 0.042677669529663689 0.017677669529663691
      vertex 0.019134171618254495 0.032664074121909414 0.032664074121909414
    endloop
  endfacet
  facet normal 0.46430659807751568 0.73641146272814817 0.49205440811385243
    outer loop
      vertex 0.027778511650980116 0.038408887835570817 0.015909482257160424
      vertex 0.019134171618254495 0.032664074121909414 0.032664074121909414
      vertex 0.027778511650980116 0.02939689006048397 0.029396890060483967
    endloop
  endfacet
  facet normal 0.46430659807751573 0.49205440811385259 0.73641146272814795
    outer loop
      vertex 0.027778511650980116 0.02939689006048397 0.029396890060483967
      vertex 0.019134171618254495 0.032664074121909414 0.032664074121909414
      vertex 0.019134171618254495 0.017677669529663691 0.042677669529663689
    endloop
  endfacet
  facet normal 0.46430659807751579 0.49205440811385265 0.73641146272814806
    outer loop
      vertex 0.027778511650980116 0.02939689006048397 0.029396890060483967
      vertex 0.019134171618254495 0.017677669529663691 0.042677669529663689
      vertex 0.027778511650980116 0.015909482257160427 0.038408887835570817
    endloop
  endfacet
  facet normal 0.46430659807751573 0.17278653034854 0.86865654772861589
    outer loop
      vertex 0.027778511650980116 0.015909482257160427 0.038408887835570817
      vertex 0.019134171618254495 0.017677669529663691 0.042677669529663689
      vertex 0.019134171618254495 2.828565280719251e-18 0.046193976625564341
    endloop
  endfacet
  facet normal 0.46430659807751562 0.17278653034854005 0.868656547728616
    outer loop
      vertex 0.027778511650980116 0.015909482257160427 0.038408887835570817
      vertex 0.019134171618254495 2.828565280719251e-18 0.046193976625564341
      vertex 0.027778511650980116 2.5456414982365071e-18 0.041573480615127265
    endloop
  endfacet
  facet normal 0.46430659807751568 -0.17278653034854 0.86865654772861589
    outer loop
      vertex 0.027778511650980116 2.5456414982365071e-18 0.041573480615127265
      vertex 0.019134171618254495 2.828565280719251e-18 0.046193976625564341
      vertex 0.019134171618254495 -0.017677669529663688 0.042677669529663689
    endloop
  endfacet
  facet normal 0.46430659807751579 -0.17278653034854002 0.868656547728616
    outer loop
      vertex 0.027778511650980116 2.5456414982365071e-18 0.041573480615127265
      vertex 0.019134171618254495 -0.017677669529663688 0.042677669529663689
      vertex 0.027778511650980116 -0.015909482257160424 0.038408887835570817
    endloop
  endfacet
  facet normal 0.46430659807751584 -0.49205440811385254 0.73641146272814784
    outer loop
      vertex 0.027778511650980116 -0.015909482257160424 0.038408887835570817
      vertex 0.019134171618254495 -0.017677669529663688 0.042677669529663689
      vertex 0.019134171618254495 -0.032664074121909414 0.032664074121909414
    endloop
  endfacet
  facet normal 0.46430659807751562 -0.49205440811385237 0.73641146272814806
    outer loop
      vertex 0.027778511650980116 -0.015909482257160424 0.038408887835570817
      vertex 0.019134171618254495 -0.032664074121909414 0.032664074121909414
      vertex 0.027778511650980116 -0.029396890060483967 0.02939689006048397
    endloop
  endfacet
  facet normal 0.46430659807751573 -0.73641146272814784 0.49205440811385259
    outer loop
      vertex 0.027778511650980116 -0.029396890060483967 0.02939689006048397
      vertex 0.019134171618254495 -0.032664074121909414 0.032664074121909414
      vertex 0.019134171618254495 -0.042677669529663689 0.017677669529663695
    endloop
  endfacet
  facet normal 0.46430659807751579 -0.73641146272814784 0.49205440811385265
    outer loop
      vertex 0.027778511650980116 -0.029396890060483967 0.02939689006048397
      vertex 0.019134171618254495 -0.042677669529663689 0.017677669529663695
      vertex 0.027778511650980116 -0.038408887835570817 0.015909482257160431
    endloop
  endfacet
  facet normal 0.46430659807751573 -0.86865654772861589 0.17278653034854
    outer loop
      vertex 0.027778511650980116 -0.038408887835570817 0.015909482257160431
      vertex 0.019134171618254495 -0.042677669529663689 0.017677669529663695
      vertex 0.019134171618254495 -0.046193976625564341 5.6571305614385021e-18
    endloop
  endfacet
  facet normal 0.46430659807751568 -0.868656547728616 0.17278653034854002
    outer loop
      vertex 0.027778511650980116 -0.038408887835570817 0.015909482257160431
      vertex 0.019134171618254495 -0.046193976625564341 5.6571305614385021e-18
      vertex 0.027778511650980116 -0.041573480615127265 5.0912829964730143e-18
    endloop
  endfacet
  facet normal 0.46430659807751573 -0.868656547728616 -0.17278653034853969
    outer loop
      vertex 0.027778511650980116 -0.041573480615127265 5.0912829964730143e-18
      vertex 0.019134171618254495 -0.046193976625564341 5.6571305614385021e-18
      vertex 0.019134171618254495 -0.042677669529663696 -0.017677669529663684
    endloop
  endfacet
  facet normal 0.46430659807751579 -0.86865654772861611 -0.17278653034853969
    outer loop
      vertex 0.027778511650980116 -0.041573480615127265 5.0912829964730143e-18
      vertex 0.019134171618254495 -0.042677669529663696 -0.017677669529663684
      vertex 0.027778511650980116 -0.038408887835570824 -0.015909482257160421
    endloop
  endfacet
  facet normal 0.46430659807751584 -0.73641146272814806 -0.49205440811385243
    outer loop
      vertex 0.027778511650980116 -0.038408887835570824 -0.015909482257160421
      vertex 0.019134171618254495 -0.042677669529663696 -0.017677669529663684
      vertex 0.019134171618254495 -0.032664074121909421 -0.032664074121909414
    endloop
  endfacet
  facet normal 0.46430659807751568 -0.73641146272814806 -0.49205440811385226
    outer loop
      vertex 0.027778511650980116 -0.038408887835570824 -0.015909482257160421
      vertex 0.019134171618254495 -0.032664074121909421 -0.032664074121909414
      vertex 0.027778511650980116 -0.029396890060483977 -0.029396890060483967
    endloop
  endfacet
  facet normal 0.46430659807751579 -0.49205440811385276 -0.73641146272814784
    outer loop
      vertex 0.027778511650980116 -0.029396890060483977 -0.029396890060483967
      vertex 0.019134171618254495 -0.032664074121909421 -0.032664074121909414
      vertex 0.019134171618254495 -0.017677669529663716 -0.042677669529663682
    endloop
  endfacet
  facet normal 0.4643065980775159 -0.49205440811385259 -0.73641146272814795
    outer loop
      vertex 0.027778511650980116 -0.029396890060483977 -0.029396890060483967
      vertex 0.019134171618254495 -0.017677669529663716 -0.042677669529663682
      vertex 0.027778511650980116 -0.015909482257160448 -0.03840888783557081
    endloop
  endfacet
  facet normal 0.4643065980775159 -0.17278653034854011 -0.86865654772861589
    outer loop
      vertex 0.027778511650980116 -0.015909482257160448 -0.03840888783557081
      vertex 0.019134171618254495 -0.017677669529663716 -0.042677669529663682
      vertex 0.019134171618254495 -8.4856958421577535e-18 -0.046193976625564341
    endloop
  endfacet
  facet normal 0.46430659807751579 -0.17278653034854025 -0.868656547728616
    outer loop
      vertex 0.027778511650980116 -0.015909482257160448 -0.03840888783557081
      vertex 0.019134171618254495 -8.4856958421577535e-18 -0.046193976625564341
      vertex 0.027778511650980116 -7.6369244947095207e-18 -0.041573480615127265
    endloop
  endfacet
  facet normal 0.46430659807751562 0.17278653034854013 -0.86865654772861589
    outer loop
      vertex 0.027778511650980116 -7.6369244947095207e-18 -0.041573480615127265
      vertex 0.019134171618254495 -8.4856958421577535e-18 -0.046193976625564341
      vertex 0.019134171618254495 0.017677669529663702 -0.042677669529663682
    endloop
  endfacet
  facet normal 0.46430659807751534 0.17278653034853994 -0.86865654772861622
    outer loop
      vertex 0.027778511650980116 -7.6369244947095207e-18 -0.041573480615127265
      vertex 0.019134171618254495 0.017677669529663702 -0.042677669529663682
      vertex 0.027778511650980116 0.015909482257160434 -0.038408887835570817
    endloop
  endfacet
  facet normal 0.46430659807751545 0.49205440811385248 -0.73641146272814806
    outer loop
      vertex 0.027778511650980116 0.015909482257160434 -0.038408887835570817
      vertex 0.019134171618254495 0.017677669529663702 -0.042677669529663682
      vertex 0.019134171618254495 0.032664074121909407 -0.032664074121909421
    endloop
  endfacet
  facet normal 0.46430659807751556 0.49205440811385259 -0.73641146272814817
    outer loop
      vertex 0.027778511650980116 0.015909482257160434 -0.038408887835570817
      vertex 0.019134171618254495 0.032664074121909407 -0.032664074121909421
      vertex 0.027778511650980116 0.029396890060483963 -0.029396890060483977
    endloop
  endfacet
  facet normal 0.46430659807751562 0.73641146272814773 -0.49205440811385304
    outer loop
      vertex 0.027778511650980116 0.029396890060483963 -0.029396890060483977
      vertex 0.019134171618254495 0.032664074121909407 -0.032664074121909421
      vertex 0.019134171618254495 0.042677669529663682 -0.017677669529663719
    endloop
  endfacet
  facet normal 0.4643065980775159 0.73641146272814773 -0.49205440811385276
    outer loop
      vertex 0.027778511650980116 0.029396890060483963 -0.029396890060483977
      vertex 0.019134171618254495 0.042677669529663682 -0.017677669529663719
      vertex 0.027778511650980116 0.03840888783557081 -0.015909482257160452
    endloop
  endfacet
  facet normal 0.4643065980775159 0.868656547728616 -0.17278653034854002
    outer loop
      vertex 0.027778511650980116 0.03840888783557081 -0.015909482257160452
      vertex 0.019134171618254495 0.042677669529663682 -0.017677669529663719
      vertex 0.019134171618254495 0.046193976625564341 0
    endloop
  endfacet
  facet normal 0.46430659807751584 0.868656547728616 -0.17278653034854013
    outer loop
      vertex 0.027778511650980116 0.03840888783557081 -0.015909482257160452
      vertex 0.019134171618254495 0.046193976625564341 0
      vertex 0.027778511650980116 0.041573480615127265 0
    endloop
  endfacet
  facet normal 0.28516458904118797 0.94006166690225157 0.18698989164639432
    outer loop
      vertex 0.019134171618254495 0.046193976625564341 0
      vertex 0.0097545161008064166 0.049039264020161524 0
      vertex 0.0097545161008064166 0.045306372317644394 0.018766513875893263
    endloop
  endfacet
  facet normal 0.28516458904118819 0.94006166690225157 0.18698989164639446
    outer loop
      vertex 0.019134171618254495 0.046193976625564341 0
      vertex 0.0097545161008064166 0.045306372317644394 0.018766513875893263
      vertex 0.019134171618254495 0.042677669529663689 0.017677669529663691
    endloop
  endfacet
  facet normal 0.28516458904118808 0.79694579979661495 0.5325021590036082
    outer loop
      vertex 0.019134171618254495 0.042677669529663689 0.017677669529663691
      vertex 0.0097545161008064166 0.045306372317644394 0.018766513875893263
      vertex 0.0097545161008064166 0.034675996133053694 0.034675996133053687
    endloop
  endfacet
  facet normal 0.28516458904118852 0.79694579979661462 0.53250215900360831
    outer loop
      vertex 0.019134171618254495 0.042677669529663689 0.017677669529663691
      vertex 0.0097545161008064166 0.034675996133053694 0.034675996133053687
      vertex 0.019134171618254495 0.032664074121909414 0.032664074121909414
    endloop
  endfacet
  facet normal 0.28516458904118841 0.53250215900360842 0.79694579979661484
    outer loop
      vertex 0.019134171618254495 0.032664074121909414 0.032664074121909414
      vertex 0.0097545161008064166 0.034675996133053694 0.034675996133053687
      vertex 0.0097545161008064166 0.018766513875893266 0.045306372317644394
    endloop
  endfacet
  facet normal 0.28516458904118824 0.53250215900360842 0.79694579979661473
    outer loop
      vertex 0.019134171618254495 0.032664074121909414 0.032664074121909414
      vertex 0.0097545161008064166 0.018766513875893266 0.045306372317644394
      vertex 0.019134171618254495 0.017677669529663691 0.042677669529663689
    endloop
  endfacet
  facet normal 0.28516458904118824 0.18698989164639432 0.94006166690225157
    outer loop
      vertex 0.019134171618254495 0.017677669529663691 0.042677669529663689
      vertex 0.0097545161008064166 0.018766513875893266 0.045306372317644394
      vertex 0.0097545161008064166 3.0027888857416387e-18 0.049039264020161524
    endloop
  endfacet
  facet normal 0.28516458904118802 0.18698989164639451 0.94006166690225168
    outer loop
      vertex 0.019134171618254495 0.017677669529663691 0.042677669529663689
      vertex 0.0097545161008064166 3.0027888857416387e-18 0.049039264020161524
      vertex 0.019134171618254495 2.828565280719251e-18 0.046193976625564341
    endloop
  endfacet
  facet normal 0.28516458904118797 -0.18698989164639432 0.94006166690225157
    outer loop
      vertex 0.019134171618254495 2.828565280719251e-18 0.046193976625564341
      vertex 0.0097545161008064166 3.0027888857416387e-18 0.049039264020161524
      vertex 0.0097545161008064166 -0.018766513875893259 0.045306372317644394
    endloop
  endfacet
  facet normal 0.28516458904118819 -0.18698989164639448 0.94006166690225168
    outer loop
      vertex 0.019134171618254495 2.828565280719251e-18 0.046193976625564341
      vertex 0.0097545161008064166 -0.018766513875893259 0.045306372317644394
      vertex 0.019134171618254495 -0.017677669529663688 0.042677669529663689
    endloop
  endfacet
  facet normal 0.28516458904118808 -0.53250215900360809 0.79694579979661495
    outer loop
      vertex 0.019134171618254495 -0.017677669529663688 0.042677669529663689
      vertex 0.0097545161008064166 -0.018766513875893259 0.045306372317644394
      vertex 0.0097545161008064166 -0.034675996133053687 0.034675996133053694
    endloop
  endfacet
  facet normal 0.28516458904118869 -0.53250215900360831 0.79694579979661484
    outer loop
      vertex 0.019134171618254495 -0.017677669529663688 0.042677669529663689
      vertex 0.0097545161008064166 -0.034675996133053687 0.034675996133053694
      vertex 0.019134171618254495 -0.032664074121909414 0.032664074121909414
    endloop
  endfacet
  facet normal 0.28516458904118835 -0.79694579979661462 0.53250215900360842
    outer loop
      vertex 0.019134171618254495 -0.032664074121909414 0.032664074121909414
      vertex 0.0097545161008064166 -0.034675996133053687 0.034675996133053694
      vertex 0.0097545161008064166 -0.045306372317644394 0.01876651387589327
    endloop
  endfacet
  facet normal 0.28516458904118813 -0.79694579979661473 0.53250215900360853
    outer loop
      vertex 0.019134171618254495 -0.032664074121909414 0.032664074121909414
      vertex 0.0097545161008064166 -0.045306372317644394 0.01876651387589327
      vertex 0.019134171618254495 -0.042677669529663689 0.017677669529663695
    endloop
  endfacet
  facet normal 0.28516458904118824 -0.94006166690225157 0.18698989164639432
    outer loop
      vertex 0.019134171618254495 -0.042677669529663689 0.017677669529663695
      vertex 0.0097545161008064166 -0.045306372317644394 0.01876651387589327
      vertex 0.0097545161008064166 -0.049039264020161524 6.0055777714832774e-18
    endloop
  endfacet
  facet normal 0.28516458904118797 -0.94006166690225157 0.18698989164639448
    outer loop
      vertex 0.019134171618254495 -0.042677669529663689 0.017677669529663695
      vertex 0.0097545161008064166 -0.049039264020161524 6.0055777714832774e-18
      vertex 0.019134171618254495 -0.046193976625564341 5.6571305614385021e-18
    endloop
  endfacet
  facet normal 0.28516458904118802 -0.94006166690225179 -0.18698989164639396
    outer loop
      vertex 0.019134171618254495 -0.046193976625564341 5.6571305614385021e-18
      vertex 0.0097545161008064166 -0.049039264020161524 6.0055777714832774e-18
      vertex 0.0097545161008064166 -0.045306372317644401 -0.018766513875893259
    endloop
  endfacet
  facet normal 0.28516458904118819 -0.94006166690225168 -0.1869898916463941
    outer loop
      vertex 0.019134171618254495 -0.046193976625564341 5.6571305614385021e-18
      vertex 0.0097545161008064166 -0.045306372317644401 -0.018766513875893259
      vertex 0.019134171618254495 -0.042677669529663696 -0.017677669529663684
    endloop
  endfacet
  facet normal 0.2851645890411883 -0.79694579979661484 -0.53250215900360842
    outer loop
      vertex 0.019134171618254495 -0.042677669529663696 -0.017677669529663684
      vertex 0.0097545161008064166 -0.045306372317644401 -0.018766513875893259
      vertex 0.0097545161008064166 -0.034675996133053694 -0.034675996133053687
    endloop
  endfacet
  facet normal 0.28516458904118808 -0.79694579979661495 -0.53250215900360831
    outer loop
      vertex 0.019134171618254495 -0.042677669529663696 -0.017677669529663684
      vertex 0.0097545161008064166 -0.034675996133053694 -0.034675996133053687
      vertex 0.019134171618254495 -0.032664074121909421 -0.032664074121909414
    endloop
  endfacet
  facet normal 0.28516458904118802 -0.53250215900360842 -0.79694579979661484
    outer loop
      vertex 0.019134171618254495 -0.032664074121909421 -0.032664074121909414
      vertex 0.0097545161008064166 -0.034675996133053694 -0.034675996133053687
      vertex 0.0097545161008064166 -0.01876651387589329 -0.045306372317644381
    endloop
  endfacet
  facet normal 0.28516458904118769 -0.53250215900360864 -0.79694579979661484
    outer loop
      vertex 0.019134171618254495 -0.032664074121909421 -0.032664074121909414
      vertex 0.0097545161008064166 -0.01876651387589329 -0.045306372317644381
      vertex 0.019134171618254495 -0.017677669529663716 -0.042677669529663682
    endloop
  endfacet
  facet normal 0.28516458904118769 -0.18698989164639493 -0.94006166690225179
    outer loop
      vertex 0.019134171618254495 -0.017677669529663716 -0.042677669529663682
      vertex 0.0097545161008064166 -0.01876651387589329 -0.045306372317644381
      vertex 0.0097545161008064166 -9.0083666572249157e-18 -0.049039264020161524
    endloop
  endfacet
  facet normal 0.28516458904118808 -0.18698989164639462 -0.94006166690225168
    outer loop
      vertex 0.019134171618254495 -0.017677669529663716 -0.042677669529663682
      vertex 0.0097545161008064166 -9.0083666572249157e-18 -0.049039264020161524
      vertex 0.019134171618254495 -8.4856958421577535e-18 -0.046193976625564341
    endloop
  endfacet
  facet normal 0.28516458904118802 0.18698989164639457 -0.94006166690225179
    outer loop
      vertex 0.019134171618254495 -8.4856958421577535e-18 -0.046193976625564341
      vertex 0.0097545161008064166 -9.0083666572249157e-18 -0.049039264020161524
      vertex 0.0097545161008064166 0.018766513875893273 -0.045306372317644387
    endloop
  endfacet
  facet normal 0.28516458904118824 0.18698989164639462 -0.94006166690225168
    outer loop
      vertex 0.019134171618254495 -8.4856958421577535e-18 -0.046193976625564341
      vertex 0.0097545161008064166 0.018766513875893273 -0.045306372317644387
      vertex 0.019134171618254495 0.017677669529663702 -0.042677669529663682
    endloop
  endfacet
  facet normal 0.28516458904118808 0.53250215900360831 -0.79694579979661484
    outer loop
      vertex 0.019134171618254495 0.017677669529663702 -0.042677669529663682
      vertex 0.0097545161008064166 0.018766513875893273 -0.045306372317644387
      vertex 0.0097545161008064166 0.03467599613305368 -0.034675996133053694
    endloop
  endfacet
  facet normal 0.28516458904118791 0.53250215900360831 -0.79694579979661484
    outer loop
      vertex 0.019134171618254495 0.017677669529663702 -0.042677669529663682
      vertex 0.0097545161008064166 0.03467599613305368 -0.034675996133053694
      vertex 0.019134171618254495 0.032664074121909407 -0.032664074121909421
    endloop
  endfacet
  facet normal 0.28516458904118808 0.79694579979661462 -0.53250215900360887
    outer loop
      vertex 0.019134171618254495 0.032664074121909407 -0.032664074121909421
      vertex 0.0097545161008064166 0.03467599613305368 -0.034675996133053694
      vertex 0.0097545161008064166 0.045306372317644381 -0.018766513875893294
    endloop
  endfacet
  facet normal 0.2851645890411878 0.79694579979661451 -0.53250215900360898
    outer loop
      vertex 0.019134171618254495 0.032664074121909407 -0.032664074121909421
      vertex 0.0097545161008064166 0.045306372317644381 -0.018766513875893294
      vertex 0.019134171618254495 0.042677669529663682 -0.017677669529663719
    endloop
  endfacet
  facet normal 0.28516458904118758 0.94006166690225168 -0.18698989164639476
    outer loop
      vertex 0.019134171618254495 0.042677669529663682 -0.017677669529663719
      vertex 0.0097545161008064166 0.045306372317644381 -0.018766513875893294
      vertex 0.0097545161008064166 0.049039264020161524 0
    endloop
  endfacet
  facet normal 0.28516458904118797 0.94006166690225168 -0.18698989164639451
    outer loop
      vertex 0.019134171618254495 0.042677669529663682 -0.017677669529663719
      vertex 0.0097545161008064166 0.049039264020161524 0
      vertex 0.019134171618254495 0.046193976625564341 0
    endloop
  endfacet
  facet normal 0.096151349342083345 0.97624103286867425 0.19418641498107048
    outer loop
      vertex 0.0097545161008064166 0.049039264020161524 0
      vertex 3.0616169978683832e-18 0.050000000000000003 0
      vertex 3.0616169978683832e-18 0.046193976625564341 0.019134171618254491
    endloop
  endfacet
  facet normal 0.096151349342083386 0.97624103286867425 0.1941864149810705
    outer loop
      vertex 0.0097545161008064166 0.049039264020161524 0
      vertex 3.0616169978683832e-18 0.046193976625564341 0.019134171618254491
      vertex 0.0097545161008064166 0.045306372317644394 0.018766513875893263
    endloop
  endfacet
  facet normal 0.09615134934208347 0.82761718526141892 0.5529961235665789
    outer loop
      vertex 0.0097545161008064166 0.045306372317644394 0.018766513875893263
      vertex 3.0616169978683832e-18 0.046193976625564341 0.019134171618254491
      vertex 3.0616169978683832e-18 0.035355339059327383 0.035355339059327376
    endloop
  endfacet
  facet normal 0.096151349342083234 0.82761718526141892 0.55299612356657868
    outer loop
      vertex 0.0097545161008064166 0.045306372317644394 0.018766513875893263
      vertex 3.0616169978683832e-18 0.035355339059327383 0.035355339059327376
      vertex 0.0097545161008064166 0.034675996133053694 0.034675996133053687
    endloop
  endfacet
  facet normal 0.096151349342083178 0.55299612356657901 0.8276171852614187
    outer loop
      vertex 0.0097545161008064166 0.034675996133053694 0.034675996133053687
      vertex 3.0616169978683832e-18 0.035355339059327383 0.035355339059327376
      vertex 3.0616169978683832e-18 0.019134171618254495 0.046193976625564341
    endloop
  endfacet
  facet normal 0.096151349342083484 0.5529961235665789 0.82761718526141881
    outer loop
      vertex 0.0097545161008064166 0.034675996133053694 0.034675996133053687
      vertex 3.0616169978683832e-18 0.019134171618254495 0.046193976625564341
      vertex 0.0097545161008064166 0.018766513875893266 0.045306372317644394
    endloop
  endfacet
  facet normal 0.096151349342083386 0.19418641498107048 0.97624103286867425
    outer loop
      vertex 0.0097545161008064166 0.018766513875893266 0.045306372317644394
      vertex 3.0616169978683832e-18 0.019134171618254495 0.046193976625564341
      vertex 3.0616169978683832e-18 3.0616169978683832e-18 0.050000000000000003
    endloop
  endfacet
  facet normal 0.096151349342083275 0.1941864149810705 0.97624103286867425
    outer loop
      vertex 0.0097545161008064166 0.018766513875893266 0.045306372317644394
      vertex 3.0616169978683832e-18 3.0616169978683832e-18 0.050000000000000003
      vertex 0.0097545161008064166 3.0027888857416387e-18 0.049039264020161524
    endloop
  endfacet
  facet normal 0.096151349342083345 -0.19418641498107048 0.97624103286867425
    outer loop
      vertex 0.0097545161008064166 3.0027888857416387e-18 0.049039264020161524
      vertex 3.0616169978683832e-18 3.0616169978683832e-18 0.050000000000000003
      vertex 3.0616169978683832e-18 -0.019134171618254488 0.046193976625564341
    endloop
  endfacet
  facet normal 0.096151349342083386 -0.1941864149810705 0.97624103286867425
    outer loop
      vertex 0.0097545161008064166 3.0027888857416387e-18 0.049039264020161524
      vertex 3.0616169978683832e-18 -0.019134171618254488 0.046193976625564341
      vertex 0.0097545161008064166 -0.018766513875893259 0.045306372317644394
    endloop
  endfacet
  facet normal 0.09615134934208347 -0.55299612356657879 0.82761718526141892
    outer loop
      vertex 0.0097545161008064166 -0.018766513875893259 0.045306372317644394
      vertex 3.0616169978683832e-18 -0.019134171618254488 0.046193976625564341
      vertex 3.0616169978683832e-18 -0.035355339059327376 0.035355339059327383
    endloop
  endfacet
  facet normal 0.09615134934208322 -0.55299612356657868 0.82761718526141903
    outer loop
      vertex 0.0097545161008064166 -0.018766513875893259 0.045306372317644394
      vertex 3.0616169978683832e-18 -0.035355339059327376 0.035355339059327383
      vertex 0.0097545161008064166 -0.034675996133053687 0.034675996133053694
    endloop
  endfacet
  facet normal 0.096151349342083178 -0.8276171852614187 0.55299612356657901
    outer loop
      vertex 0.0097545161008064166 -0.034675996133053687 0.034675996133053694
      vertex 3.0616169978683832e-18 -0.035355339059327376 0.035355339059327383
      vertex 3.0616169978683832e-18 -0.046193976625564341 0.019134171618254495
    endloop
  endfacet
  facet normal 0.096151349342083359 -0.82761718526141881 0.55299612356657901
    outer loop
      vertex 0.0097545161008064166 -0.034675996133053687 0.034675996133053694
      vertex 3.0616169978683832e-18 -0.046193976625564341 0.019134171618254495
      vertex 0.0097545161008064166 -0.045306372317644394 0.01876651387589327
    endloop
  endfacet
  facet normal 0.096151349342083317 -0.97624103286867425 0.1941864149810705
    outer loop
      vertex 0.0097545161008064166 -0.045306372317644394 0.01876651387589327
      vertex 3.0616169978683832e-18 -0.046193976625564341 0.019134171618254495
      vertex 3.0616169978683832e-18 -0.050000000000000003 6.1232339957367663e-18
    endloop
  endfacet
  facet normal 0.096151349342083289 -0.97624103286867447 0.19418641498107053
    outer loop
      vertex 0.0097545161008064166 -0.045306372317644394 0.01876651387589327
      vertex 3.0616169978683832e-18 -0.050000000000000003 6.1232339957367663e-18
      vertex 0.0097545161008064166 -0.049039264020161524 6.0055777714832774e-18
    endloop
  endfacet
  facet normal 0.096151349342083359 -0.97624103286867447 -0.19418641498107014
    outer loop
      vertex 0.0097545161008064166 -0.049039264020161524 6.0055777714832774e-18
      vertex 3.0616169978683832e-18 -0.050000000000000003 6.1232339957367663e-18
      vertex 3.0616169978683832e-18 -0.046193976625564348 -0.019134171618254484
    endloop
  endfacet
  facet normal 0.096151349342083317 -0.97624103286867447 -0.19418641498107014
    outer loop
      vertex 0.0097545161008064166 -0.049039264020161524 6.0055777714832774e-18
      vertex 3.0616169978683832e-18 -0.046193976625564348 -0.019134171618254484
      vertex 0.0097545161008064166 -0.045306372317644401 -0.018766513875893259
    endloop
  endfacet
  facet normal 0.096151349342083262 -0.82761718526141881 -0.55299612356657901
    outer loop
      vertex 0.0097545161008064166 -0.045306372317644401 -0.018766513875893259
      vertex 3.0616169978683832e-18 -0.046193976625564348 -0.019134171618254484
      vertex 3.0616169978683832e-18 -0.035355339059327383 -0.035355339059327376
    endloop
  endfacet
  facet normal 0.096151349342083053 -0.82761718526141892 -0.5529961235665789
    outer loop
      vertex 0.0097545161008064166 -0.045306372317644401 -0.018766513875893259
      vertex 3.0616169978683832e-18 -0.035355339059327383 -0.035355339059327376
      vertex 0.0097545161008064166 -0.034675996133053694 -0.034675996133053687
    endloop
  endfacet
  facet normal 0.096151349342083178 -0.55299612356657901 -0.8276171852614187
    outer loop
      vertex 0.0097545161008064166 -0.034675996133053694 -0.034675996133053687
      vertex 3.0616169978683832e-18 -0.035355339059327383 -0.035355339059327376
      vertex 3.0616169978683832e-18 -0.019134171618254519 -0.046193976625564327
    endloop
  endfacet
  facet normal 0.09615134934208347 -0.5529961235665789 -0.8276171852614187
    outer loop
      vertex 0.0097545161008064166 -0.034675996133053694 -0.034675996133053687
      vertex 3.0616169978683832e-18 -0.019134171618254519 -0.046193976625564327
      vertex 0.0097545161008064166 -0.01876651387589329 -0.045306372317644381
    endloop
  endfacet
  facet normal 0.0961513493420834 -0.194186414981071 -0.97624103286867414
    outer loop
      vertex 0.0097545161008064166 -0.01876651387589329 -0.045306372317644381
      vertex 3.0616169978683832e-18 -0.019134171618254519 -0.046193976625564327
      vertex 3.0616169978683832e-18 -9.1848509936051487e-18 -0.050000000000000003
    endloop
  endfacet
  facet normal 0.096151349342083331 -0.19418641498107106 -0.97624103286867436
    outer loop
      vertex 0.0097545161008064166 -0.01876651387589329 -0.045306372317644381
      vertex 3.0616169978683832e-18 -9.1848509936051487e-18 -0.050000000000000003
      vertex 0.0097545161008064166 -9.0083666572249157e-18 -0.049039264020161524
    endloop
  endfacet
  facet normal 0.096151349342083345 0.19418641498107064 -0.97624103286867436
    outer loop
      vertex 0.0097545161008064166 -9.0083666572249157e-18 -0.049039264020161524
      vertex 3.0616169978683832e-18 -9.1848509936051487e-18 -0.050000000000000003
      vertex 3.0616169978683832e-18 0.019134171618254502 -0.046193976625564334
    endloop
  endfacet
  facet normal 0.096151349342083359 0.19418641498107067 -0.97624103286867436
    outer loop
      vertex 0.0097545161008064166 -9.0083666572249157e-18 -0.049039264020161524
      vertex 3.0616169978683832e-18 0.019134171618254502 -0.046193976625564334
      vertex 0.0097545161008064166 0.018766513875893273 -0.045306372317644387
    endloop
  endfacet
  facet normal 0.096151349342083442 0.55299612356657901 -0.82761718526141881
    outer loop
      vertex 0.0097545161008064166 0.018766513875893273 -0.045306372317644387
      vertex 3.0616169978683832e-18 0.019134171618254502 -0.046193976625564334
      vertex 3.0616169978683832e-18 0.035355339059327369 -0.035355339059327383
    endloop
  endfacet
  facet normal 0.096151349342083178 0.5529961235665789 -0.82761718526141892
    outer loop
      vertex 0.0097545161008064166 0.018766513875893273 -0.045306372317644387
      vertex 3.0616169978683832e-18 0.035355339059327369 -0.035355339059327383
      vertex 0.0097545161008064166 0.03467599613305368 -0.034675996133053694
    endloop
  endfacet
  facet normal 0.096151349342083192 0.82761718526141848 -0.55299612356657935
    outer loop
      vertex 0.0097545161008064166 0.03467599613305368 -0.034675996133053694
      vertex 3.0616169978683832e-18 0.035355339059327369 -0.035355339059327383
      vertex 3.0616169978683832e-18 0.046193976625564327 -0.019134171618254522
    endloop
  endfacet
  facet normal 0.09615134934208347 0.82761718526141859 -0.55299612356657923
    outer loop
      vertex 0.0097545161008064166 0.03467599613305368 -0.034675996133053694
      vertex 3.0616169978683832e-18 0.046193976625564327 -0.019134171618254522
      vertex 0.0097545161008064166 0.045306372317644381 -0.018766513875893294
    endloop
  endfacet
  facet normal 0.0961513493420834 0.97624103286867436 -0.19418641498107089
    outer loop
      vertex 0.0097545161008064166 0.045306372317644381 -0.018766513875893294
      vertex 3.0616169978683832e-18 0.046193976625564327 -0.019134171618254522
      vertex 3.0616169978683832e-18 0.050000000000000003 0
    endloop
  endfacet
  facet normal 0.096151349342083414 0.97624103286867436 -0.19418641498107092
    outer loop
      vertex 0.0097545161008064166 0.045306372317644381 -0.018766513875893294
      vertex 3.0616169978683832e-18 0.050000000000000003 0
      vertex 0.0097545161008064166 0.049039264020161524 0
    endloop
  endfacet
  facet normal -0.99499563276266134 -0.09799851620504392 -0.019493116858039054
    outer loop
      vertex 0.048000000000000001 0 0
      vertex 0.047077693459355065 0.0086515178640833735 0.0035835760344164452
      vertex 0.047077693459355065 0.0093643354567741564 0
    endloop
  endfacet
  facet normal -0.99499563276266134 -0.083079130471587548 -0.055511700238025118
    outer loop
      vertex 0.048000000000000001 0 0
      vertex 0.047077693459355065 0.0066215851027906321 0.0066215851027906312
      vertex 0.047077693459355065 0.0086515178640833735 0.0035835760344164452
    endloop
  endfacet
  facet normal -0.99499563276266134 -0.055511700238025145 -0.083079130471587562
    outer loop
      vertex 0.048000000000000001 0 0
      vertex 0.047077693459355065 0.0035835760344164456 0.0086515178640833735
      vertex 0.047077693459355065 0.0066215851027906321 0.0066215851027906312
    endloop
  endfacet
  facet normal -0.99499563276266134 -0.019493116858039054 -0.09799851620504392
    outer loop
      vertex 0.048000000000000001 0 0
      vertex 0.047077693459355065 5.7340017216402696e-19 0.0093643354567741564
      vertex 0.047077693459355065 0.0035835760344164456 0.0086515178640833735
    endloop
  endfacet
  facet normal -0.99499563276266134 0.019493116858039054 -0.09799851620504392
    outer loop
      vertex 0.048000000000000001 0 0
      vertex 0.047077693459355065 -0.0035835760344164443 0.0086515178640833735
      vertex 0.047077693459355065 5.7340017216402696e-19 0.0093643354567741564
    endloop
  endfacet
  facet normal -0.99499563276266134 0.055511700238025118 -0.083079130471587562
    outer loop
      vertex 0.048000000000000001 0 0
      vertex 0.047077693459355065 -0.0066215851027906312 0.0066215851027906321
      vertex 0.047077693459355065 -0.0035835760344164443 0.0086515178640833735
    endloop
  endfacet
  facet normal -0.99499563276266134 0.083079130471587548 -0.055511700238025145
    outer loop
      vertex 0.048000000000000001 0 0
      vertex 0.047077693459355065 -0.0086515178640833735 0.003583576034416446
      vertex 0.047077693459355065 -0.0066215851027906312 0.0066215851027906321
    endloop
  endfacet
  facet normal -0.99499563276266134 0.09799851620504392 -0.019493116858039054
    outer loop
      vertex 0.048000000000000001 0 0
      vertex 0.047077693459355065 -0.0093643354567741564 1.1468003443280539e-18
      vertex 0.047077693459355065 -0.0086515178640833735 0.003583576034416446
    endloop
  endfacet
  facet normal -0.99499563276266112 0.09799851620504392 0.019493116858039002
    outer loop
      vertex 0.048000000000000001 0 0
      vertex 0.047077693459355065 -0.0086515178640833752 -0.0035835760344164439
      vertex 0.047077693459355065 -0.0093643354567741564 1.1468003443280539e-18
    endloop
  endfacet
  facet normal -0.99499563276266134 0.083079130471587548 0.055511700238025097
    outer loop
      vertex 0.048000000000000001 0 0
      vertex 0.047077693459355065 -0.0066215851027906338 -0.0066215851027906312
      vertex 0.047077693459355065 -0.0086515178640833752 -0.0035835760344164439
    endloop
  endfacet
  facet normal -0.99499563276266112 0.055511700238025125 0.08307913047158752
    outer loop
      vertex 0.048000000000000001 0 0
      vertex 0.047077693459355065 -0.0035835760344164504 -0.0086515178640833718
      vertex 0.047077693459355065 -0.0066215851027906338 -0.0066215851027906312
    endloop
  endfacet
  facet normal -0.99499563276266134 0.019493116858039086 0.09799851620504392
    outer loop
      vertex 0.048000000000000001 0 0
      vertex 0.047077693459355065 -1.7202005164920806e-18 -0.0093643354567741564
      vertex 0.047077693459355065 -0.0035835760344164504 -0.0086515178640833718
    endloop
  endfacet
  facet normal -0.99499563276266134 -0.019493116858039037 0.097998516205043948
    outer loop
      vertex 0.048000000000000001 0 0
      vertex 0.047077693459355065 0.0035835760344164469 -0.0086515178640833735
      vertex 0.047077693459355065 -1.7202005164920806e-18 -0.0093643354567741564
    endloop
  endfacet
  facet normal -0.99499563276266112 -0.055511700238025104 0.083079130471587548
    outer loop
      vertex 0.048000000000000001 0 0
      vertex 0.047077693459355065 0.0066215851027906303 -0.0066215851027906338
      vertex 0.047077693459355065 0.0035835760344164469 -0.0086515178640833735
    endloop
  endfacet
  facet normal -0.99499563276266112 -0.08307913047158752 0.055511700238025125
    outer loop
      vertex 0.048000000000000001 0 0
      vertex 0.047077693459355065 0.0086515178640833718 -0.0035835760344164508
      vertex 0.047077693459355065 0.0066215851027906303 -0.0066215851027906338
    endloop
  endfacet
  facet normal -0.99499563276266134 -0.097998516205043934 0.019493116858039072
    outer loop
      vertex 0.048000000000000001 0 0
      vertex 0.047077693459355065 0.0093643354567741564 0
      vertex 0.047077693459355065 0.0086515178640833718 -0.0035835760344164508
    endloop
  endfacet
  facet normal -0.95534907132448088 -0.28980197247363576 -0.057645196416025349
    outer loop
      vertex 0.047077693459355065 0.0093643354567741564 0
      vertex 0.044346217560541766 0.016970562748477143 0.0070294372515228602
      vertex 0.044346217560541766 0.018368804753524311 0
    endloop
  endfacet
  facet normal -0.95534907132448088 -0.28980197247363565 -0.057645196416025439
    outer loop
      vertex 0.047077693459355065 0.0093643354567741564 0
      vertex 0.047077693459355065 0.0086515178640833735 0.0035835760344164452
      vertex 0.044346217560541766 0.016970562748477143 0.0070294372515228602
    endloop
  endfacet
  facet normal -0.95534907132448088 -0.24568224922594706 -0.16415963064874298
    outer loop
      vertex 0.047077693459355065 0.0086515178640833735 0.0035835760344164452
      vertex 0.044346217560541766 0.012988706403508731 0.012988706403508727
      vertex 0.044346217560541766 0.016970562748477143 0.0070294372515228602
    endloop
  endfacet
  facet normal -0.95534907132448088 -0.245682249225947 -0.16415963064874298
    outer loop
      vertex 0.047077693459355065 0.0086515178640833735 0.0035835760344164452
      vertex 0.047077693459355065 0.0066215851027906321 0.0066215851027906312
      vertex 0.044346217560541766 0.012988706403508731 0.012988706403508727
    endloop
  endfacet
  facet normal -0.95534907132448088 -0.16415963064874306 -0.245682249225947
    outer loop
      vertex 0.047077693459355065 0.0066215851027906321 0.0066215851027906312
      vertex 0.044346217560541766 0.0070294372515228619 0.016970562748477143
      vertex 0.044346217560541766 0.012988706403508731 0.012988706403508727
    endloop
  endfacet
  facet normal -0.95534907132448088 -0.16415963064874298 -0.24568224922594695
    outer loop
      vertex 0.047077693459355065 0.0066215851027906321 0.0066215851027906312
      vertex 0.047077693459355065 0.0035835760344164456 0.0086515178640833735
      vertex 0.044346217560541766 0.0070294372515228619 0.016970562748477143
    endloop
  endfacet
  facet normal -0.95534907132448088 -0.057645196416025384 -0.28980197247363571
    outer loop
      vertex 0.047077693459355065 0.0035835760344164456 0.0086515178640833735
      vertex 0.044346217560541766 1.1247648972783117e-18 0.018368804753524311
      vertex 0.044346217560541766 0.0070294372515228619 0.016970562748477143
    endloop
  endfacet
  facet normal -0.95534907132448077 -0.057645196416025439 -0.28980197247363565
    outer loop
      vertex 0.047077693459355065 0.0035835760344164456 0.0086515178640833735
      vertex 0.047077693459355065 5.7340017216402696e-19 0.0093643354567741564
      vertex 0.044346217560541766 1.1247648972783117e-18 0.018368804753524311
    endloop
  endfacet
  facet normal -0.95534907132448088 0.057645196416025349 -0.28980197247363576
    outer loop
      vertex 0.047077693459355065 5.7340017216402696e-19 0.0093643354567741564
      vertex 0.044346217560541766 -0.0070294372515228593 0.016970562748477143
      vertex 0.044346217560541766 1.1247648972783117e-18 0.018368804753524311
    endloop
  endfacet
  facet normal -0.95534907132448077 0.057645196416025439 -0.28980197247363565
    outer loop
      vertex 0.047077693459355065 5.7340017216402696e-19 0.0093643354567741564
      vertex 0.047077693459355065 -0.0035835760344164443 0.0086515178640833735
      vertex 0.044346217560541766 -0.0070294372515228593 0.016970562748477143
    endloop
  endfacet
  facet normal -0.95534907132448088 0.16415963064874298 -0.24568224922594706
    outer loop
      vertex 0.047077693459355065 -0.0035835760344164443 0.0086515178640833735
      vertex 0.044346217560541766 -0.012988706403508727 0.012988706403508731
      vertex 0.044346217560541766 -0.0070294372515228593 0.016970562748477143
    endloop
  endfacet
  facet normal -0.95534907132448088 0.16415963064874298 -0.24568224922594709
    outer loop
      vertex 0.047077693459355065 -0.0035835760344164443 0.0086515178640833735
      vertex 0.047077693459355065 -0.0066215851027906312 0.0066215851027906321
      vertex 0.044346217560541766 -0.012988706403508727 0.012988706403508731
    endloop
  endfacet
  facet normal -0.95534907132448088 0.24568224922594695 -0.16415963064874306
    outer loop
      vertex 0.047077693459355065 -0.0066215851027906312 0.0066215851027906321
      vertex 0.044346217560541766 -0.016970562748477143 0.0070294372515228628
      vertex 0.044346217560541766 -0.012988706403508727 0.012988706403508731
    endloop
  endfacet
  facet normal -0.95534907132448088 0.24568224922594695 -0.16415963064874303
    outer loop
      vertex 0.047077693459355065 -0.0066215851027906312 0.0066215851027906321
      vertex 0.047077693459355065 -0.0086515178640833735 0.003583576034416446
      vertex 0.044346217560541766 -0.016970562748477143 0.0070294372515228628
    endloop
  endfacet
  facet normal -0.95534907132448088 0.28980197247363571 -0.057645196416025384
    outer loop
      vertex 0.047077693459355065 -0.0086515178640833735 0.003583576034416446
      vertex 0.044346217560541766 -0.018368804753524311 2.2495297945566234e-18
      vertex 0.044346217560541766 -0.016970562748477143 0.0070294372515228628
    endloop
  endfacet
  facet normal -0.95534907132448077 0.28980197247363565 -0.057645196416025439
    outer loop
      vertex 0.047077693459355065 -0.0086515178640833735 0.003583576034416446
      vertex 0.047077693459355065 -0.0093643354567741564 1.1468003443280539e-18
      vertex 0.044346217560541766 -0.018368804753524311 2.2495297945566234e-18
    endloop
  endfacet
  facet normal -0.95534907132448088 0.28980197247363576 0.057645196416025335
    outer loop
      vertex 0.047077693459355065 -0.0093643354567741564 1.1468003443280539e-18
      vertex 0.044346217560541766 -0.016970562748477143 -0.0070294372515228585
      vertex 0.044346217560541766 -0.018368804753524311 2.2495297945566234e-18
    endloop
  endfacet
  facet normal -0.95534907132448066 0.28980197247363571 0.057645196416025314
    outer loop
      vertex 0.047077693459355065 -0.0093643354567741564 1.1468003443280539e-18
      vertex 0.047077693459355065 -0.0086515178640833752 -0.0035835760344164439
      vertex 0.044346217560541766 -0.016970562748477143 -0.0070294372515228585
    endloop
  endfacet
  facet normal -0.95534907132448088 0.24568224922594711 0.16415963064874292
    outer loop
      vertex 0.047077693459355065 -0.0086515178640833752 -0.0035835760344164439
      vertex 0.044346217560541766 -0.012988706403508733 -0.012988706403508727
      vertex 0.044346217560541766 -0.016970562748477143 -0.0070294372515228585
    endloop
  endfacet
  facet normal -0.95534907132448088 0.24568224922594706 0.16415963064874295
    outer loop
      vertex 0.047077693459355065 -0.0086515178640833752 -0.0035835760344164439
      vertex 0.047077693459355065 -0.0066215851027906338 -0.0066215851027906312
      vertex 0.044346217560541766 -0.012988706403508733 -0.012988706403508727
    endloop
  endfacet
  facet normal -0.95534907132448088 0.16415963064874309 0.24568224922594695
    outer loop
      vertex 0.047077693459355065 -0.0066215851027906338 -0.0066215851027906312
      vertex 0.044346217560541766 -0.0070294372515228706 -0.016970562748477139
      vertex 0.044346217560541766 -0.012988706403508733 -0.012988706403508727
    endloop
  endfacet
  facet normal -0.95534907132448088 0.16415963064874298 0.24568224922594689
    outer loop
      vertex 0.047077693459355065 -0.0066215851027906338 -0.0066215851027906312
      vertex 0.047077693459355065 -0.0035835760344164504 -0.0086515178640833718
      vertex 0.044346217560541766 -0.0070294372515228706 -0.016970562748477139
    endloop
  endfacet
  facet normal -0.95534907132448088 0.057645196416025425 0.28980197247363571
    outer loop
      vertex 0.047077693459355065 -0.0035835760344164504 -0.0086515178640833718
      vertex 0.044346217560541766 -3.3742946918349348e-18 -0.018368804753524311
      vertex 0.044346217560541766 -0.0070294372515228706 -0.016970562748477139
    endloop
  endfacet
  facet normal -0.95534907132448077 0.057645196416025529 0.28980197247363571
    outer loop
      vertex 0.047077693459355065 -0.0035835760344164504 -0.0086515178640833718
      vertex 0.047077693459355065 -1.7202005164920806e-18 -0.0093643354567741564
      vertex 0.044346217560541766 -3.3742946918349348e-18 -0.018368804753524311
    endloop
  endfacet
  facet normal -0.95534907132448088 -0.057645196416025439 0.28980197247363576
    outer loop
      vertex 0.047077693459355065 -1.7202005164920806e-18 -0.0093643354567741564
      vertex 0.044346217560541766 0.0070294372515228645 -0.016970562748477139
      vertex 0.044346217560541766 -3.3742946918349348e-18 -0.018368804753524311
    endloop
  endfacet
  facet normal -0.95534907132448077 -0.05764519641602539 0.28980197247363571
    outer loop
      vertex 0.047077693459355065 -1.7202005164920806e-18 -0.0093643354567741564
      vertex 0.047077693459355065 0.0035835760344164469 -0.0086515178640833735
      vertex 0.044346217560541766 0.0070294372515228645 -0.016970562748477139
    endloop
  endfacet
  facet normal -0.95534907132448088 -0.16415963064874298 0.245682249225947
    outer loop
      vertex 0.047077693459355065 0.0035835760344164469 -0.0086515178640833735
      vertex 0.044346217560541766 0.012988706403508726 -0.012988706403508733
      vertex 0.044346217560541766 0.0070294372515228645 -0.016970562748477139
    endloop
  endfacet
  facet normal -0.95534907132448088 -0.164159630648743 0.24568224922594703
    outer loop
      vertex 0.047077693459355065 0.0035835760344164469 -0.0086515178640833735
      vertex 0.047077693459355065 0.0066215851027906303 -0.0066215851027906338
      vertex 0.044346217560541766 0.012988706403508726 -0.012988706403508733
    endloop
  endfacet
  facet normal -0.95534907132448088 -0.24568224922594684 0.1641596306487432
    outer loop
      vertex 0.047077693459355065 0.0066215851027906303 -0.0066215851027906338
      vertex 0.044346217560541766 0.016970562748477139 -0.0070294372515228715
      vertex 0.044346217560541766 0.012988706403508726 -0.012988706403508733
    endloop
  endfacet
  facet normal -0.95534907132448088 -0.24568224922594684 0.16415963064874303
    outer loop
      vertex 0.047077693459355065 0.0066215851027906303 -0.0066215851027906338
      vertex 0.047077693459355065 0.0086515178640833718 -0.0035835760344164508
      vertex 0.044346217560541766 0.016970562748477139 -0.0070294372515228715
    endloop
  endfacet
  facet normal -0.95534907132448077 -0.28980197247363571 0.05764519641602539
    outer loop
      vertex 0.047077693459355065 0.0086515178640833718 -0.0035835760344164508
      vertex 0.044346217560541766 0.018368804753524311 0
      vertex 0.044346217560541766 0.016970562748477139 -0.0070294372515228715
    endloop
  endfacet
  facet normal -0.95534907132448077 -0.28980197247363576 0.057645196416025495
    outer loop
      vertex 0.047077693459355065 0.0086515178640833718 -0.0035835760344164508
      vertex 0.047077693459355065 0.0093643354567741564 0
      vertex 0.044346217560541766 0.018368804753524311 0
    endloop
  endfacet
  facet normal -0.87806963742766231 -0.46933799934536008 -0.093357132551017949
    outer loop
      vertex 0.044346217560541766 0.018368804753524311 0
      vertex 0.039910541390522171 0.024637438423648163 0.010205161137207076
      vertex 0.039910541390522171 0.026667371184940905 0
    endloop
  endfacet
  facet normal -0.87806963742766231 -0.46933799934535997 -0.093357132551017935
    outer loop
      vertex 0.044346217560541766 0.018368804753524311 0
      vertex 0.044346217560541766 0.016970562748477143 0.0070294372515228602
      vertex 0.039910541390522171 0.024637438423648163 0.010205161137207076
    endloop
  endfacet
  facet normal -0.87806963742766242 -0.39788554350458771 -0.26585862050667541
    outer loop
      vertex 0.044346217560541766 0.016970562748477143 0.0070294372515228602
      vertex 0.039910541390522171 0.018856679001290452 0.018856679001290448
      vertex 0.039910541390522171 0.024637438423648163 0.010205161137207076
    endloop
  endfacet
  facet normal -0.87806963742766242 -0.39788554350458777 -0.26585862050667541
    outer loop
      vertex 0.044346217560541766 0.016970562748477143 0.0070294372515228602
      vertex 0.044346217560541766 0.012988706403508731 0.012988706403508727
      vertex 0.039910541390522171 0.018856679001290452 0.018856679001290448
    endloop
  endfacet
  facet normal -0.87806963742766231 -0.26585862050667552 -0.3978855435045876
    outer loop
      vertex 0.044346217560541766 0.012988706403508731 0.012988706403508727
      vertex 0.039910541390522171 0.010205161137207078 0.024637438423648163
      vertex 0.039910541390522171 0.018856679001290452 0.018856679001290448
    endloop
  endfacet
  facet normal -0.87806963742766242 -0.26585862050667541 -0.3978855435045876
    outer loop
      vertex 0.044346217560541766 0.012988706403508731 0.012988706403508727
      vertex 0.044346217560541766 0.0070294372515228619 0.016970562748477143
      vertex 0.039910541390522171 0.010205161137207078 0.024637438423648163
    endloop
  endfacet
  facet normal -0.87806963742766242 -0.093357132551017963 -0.46933799934535997
    outer loop
      vertex 0.044346217560541766 0.0070294372515228619 0.016970562748477143
      vertex 0.039910541390522171 1.6329055381656119e-18 0.026667371184940905
      vertex 0.039910541390522171 0.010205161137207078 0.024637438423648163
    endloop
  endfacet
  facet normal -0.87806963742766242 -0.093357132551017935 -0.46933799934536008
    outer loop
      vertex 0.044346217560541766 0.0070294372515228619 0.016970562748477143
      vertex 0.044346217560541766 1.1247648972783117e-18 0.018368804753524311
      vertex 0.039910541390522171 1.6329055381656119e-18 0.026667371184940905
    endloop
  endfacet
  facet normal -0.87806963742766242 0.093357132551017935 -0.46933799934536008
    outer loop
      vertex 0.044346217560541766 1.1247648972783117e-18 0.018368804753524311
      vertex 0.039910541390522171 -0.010205161137207076 0.024637438423648163
      vertex 0.039910541390522171 1.6329055381656119e-18 0.026667371184940905
    endloop
  endfacet
  facet normal -0.87806963742766231 0.093357132551017935 -0.46933799934535997
    outer loop
      vertex 0.044346217560541766 1.1247648972783117e-18 0.018368804753524311
      vertex 0.044346217560541766 -0.0070294372515228593 0.016970562748477143
      vertex 0.039910541390522171 -0.010205161137207076 0.024637438423648163
    endloop
  endfacet
  facet normal -0.87806963742766231 0.26585862050667536 -0.3978855435045876
    outer loop
      vertex 0.044346217560541766 -0.0070294372515228593 0.016970562748477143
      vertex 0.039910541390522171 -0.018856679001290448 0.018856679001290452
      vertex 0.039910541390522171 -0.010205161137207076 0.024637438423648163
    endloop
  endfacet
  facet normal -0.87806963742766231 0.26585862050667536 -0.39788554350458771
    outer loop
      vertex 0.044346217560541766 -0.0070294372515228593 0.016970562748477143
      vertex 0.044346217560541766 -0.012988706403508727 0.012988706403508731
      vertex 0.039910541390522171 -0.018856679001290448 0.018856679001290452
    endloop
  endfacet
  facet normal -0.87806963742766231 0.3978855435045876 -0.26585862050667558
    outer loop
      vertex 0.044346217560541766 -0.012988706403508727 0.012988706403508731
      vertex 0.039910541390522171 -0.024637438423648163 0.01020516113720708
      vertex 0.039910541390522171 -0.018856679001290448 0.018856679001290452
    endloop
  endfacet
  facet normal -0.87806963742766242 0.39788554350458766 -0.26585862050667547
    outer loop
      vertex 0.044346217560541766 -0.012988706403508727 0.012988706403508731
      vertex 0.044346217560541766 -0.016970562748477143 0.0070294372515228628
      vertex 0.039910541390522171 -0.024637438423648163 0.01020516113720708
    endloop
  endfacet
  facet normal -0.87806963742766253 0.46933799934536008 -0.093357132551017977
    outer loop
      vertex 0.044346217560541766 -0.016970562748477143 0.0070294372515228628
      vertex 0.039910541390522171 -0.026667371184940905 3.2658110763312239e-18
      vertex 0.039910541390522171 -0.024637438423648163 0.01020516113720708
    endloop
  endfacet
  facet normal -0.87806963742766242 0.46933799934536008 -0.093357132551017949
    outer loop
      vertex 0.044346217560541766 -0.016970562748477143 0.0070294372515228628
      vertex 0.044346217560541766 -0.018368804753524311 2.2495297945566234e-18
      vertex 0.039910541390522171 -0.026667371184940905 3.2658110763312239e-18
    endloop
  endfacet
  facet normal -0.87806963742766231 0.46933799934536014 0.093357132551017769
    outer loop
      vertex 0.044346217560541766 -0.018368804753524311 2.2495297945566234e-18
      vertex 0.039910541390522171 -0.024637438423648166 -0.010205161137207075
      vertex 0.039910541390522171 -0.026667371184940905 3.2658110763312239e-18
    endloop
  endfacet
  facet normal -0.87806963742766253 0.46933799934535986 0.093357132551017893
    outer loop
      vertex 0.044346217560541766 -0.018368804753524311 2.2495297945566234e-18
      vertex 0.044346217560541766 -0.016970562748477143 -0.0070294372515228585
      vertex 0.039910541390522171 -0.024637438423648166 -0.010205161137207075
    endloop
  endfacet
  facet normal -0.87806963742766242 0.39788554350458755 0.26585862050667525
    outer loop
      vertex 0.044346217560541766 -0.016970562748477143 -0.0070294372515228585
      vertex 0.039910541390522171 -0.018856679001290455 -0.018856679001290448
      vertex 0.039910541390522171 -0.024637438423648166 -0.010205161137207075
    endloop
  endfacet
  facet normal -0.87806963742766242 0.39788554350458777 0.26585862050667525
    outer loop
      vertex 0.044346217560541766 -0.016970562748477143 -0.0070294372515228585
      vertex 0.044346217560541766 -0.012988706403508733 -0.012988706403508727
      vertex 0.039910541390522171 -0.018856679001290455 -0.018856679001290448
    endloop
  endfacet
  facet normal -0.87806963742766242 0.26585862050667541 0.39788554350458755
    outer loop
      vertex 0.044346217560541766 -0.012988706403508733 -0.012988706403508727
      vertex 0.039910541390522171 -0.010205161137207092 -0.024637438423648156
      vertex 0.039910541390522171 -0.018856679001290455 -0.018856679001290448
    endloop
  endfacet
  facet normal -0.87806963742766231 0.26585862050667552 0.3978855435045876
    outer loop
      vertex 0.044346217560541766 -0.012988706403508733 -0.012988706403508727
      vertex 0.044346217560541766 -0.0070294372515228706 -0.016970562748477139
      vertex 0.039910541390522171 -0.010205161137207092 -0.024637438423648156
    endloop
  endfacet
  facet normal -0.87806963742766231 0.093357132551018171 0.46933799934536008
    outer loop
      vertex 0.044346217560541766 -0.0070294372515228706 -0.016970562748477139
      vertex 0.039910541390522171 -4.8987166144968353e-18 -0.026667371184940905
      vertex 0.039910541390522171 -0.010205161137207092 -0.024637438423648156
    endloop
  endfacet
  facet normal -0.87806963742766231 0.093357132551018074 0.46933799934535997
    outer loop
      vertex 0.044346217560541766 -0.0070294372515228706 -0.016970562748477139
      vertex 0.044346217560541766 -3.3742946918349348e-18 -0.018368804753524311
      vertex 0.039910541390522171 -4.8987166144968353e-18 -0.026667371184940905
    endloop
  endfacet
  facet normal -0.87806963742766231 -0.093357132551017963 0.46933799934536002
    outer loop
      vertex 0.044346217560541766 -3.3742946918349348e-18 -0.018368804753524311
      vertex 0.039910541390522171 0.010205161137207083 -0.024637438423648159
      vertex 0.039910541390522171 -4.8987166144968353e-18 -0.026667371184940905
    endloop
  endfacet
  facet normal -0.87806963742766242 -0.093357132551018046 0.46933799934535997
    outer loop
      vertex 0.044346217560541766 -3.3742946918349348e-18 -0.018368804753524311
      vertex 0.044346217560541766 0.0070294372515228645 -0.016970562748477139
      vertex 0.039910541390522171 0.010205161137207083 -0.024637438423648159
    endloop
  endfacet
  facet normal -0.87806963742766253 -0.26585862050667525 0.39788554350458766
    outer loop
      vertex 0.044346217560541766 0.0070294372515228645 -0.016970562748477139
      vertex 0.039910541390522171 0.018856679001290448 -0.018856679001290455
      vertex 0.039910541390522171 0.010205161137207083 -0.024637438423648159
    endloop
  endfacet
  facet normal -0.87806963742766242 -0.26585862050667525 0.39788554350458771
    outer loop
      vertex 0.044346217560541766 0.0070294372515228645 -0.016970562748477139
      vertex 0.044346217560541766 0.012988706403508726 -0.012988706403508733
      vertex 0.039910541390522171 0.018856679001290448 -0.018856679001290455
    endloop
  endfacet
  facet normal -0.87806963742766253 -0.39788554350458744 0.26585862050667541
    outer loop
      vertex 0.044346217560541766 0.012988706403508726 -0.012988706403508733
      vertex 0.039910541390522171 0.024637438423648156 -0.010205161137207094
      vertex 0.039910541390522171 0.018856679001290448 -0.018856679001290455
    endloop
  endfacet
  facet normal -0.87806963742766231 -0.39788554350458755 0.26585862050667558
    outer loop
      vertex 0.044346217560541766 0.012988706403508726 -0.012988706403508733
      vertex 0.044346217560541766 0.016970562748477139 -0.0070294372515228715
      vertex 0.039910541390522171 0.024637438423648156 -0.010205161137207094
    endloop
  endfacet
  facet normal -0.87806963742766231 -0.46933799934536008 0.093357132551018102
    outer loop
      vertex 0.044346217560541766 0.016970562748477139 -0.0070294372515228715
      vertex 0.039910541390522171 0.026667371184940905 0
      vertex 0.039910541390522171 0.024637438423648156 -0.010205161137207094
    endloop
  endfacet
  facet normal -0.87806963742766242 -0.46933799934536008 0.093357132551018032
    outer loop
      vertex 0.044346217560541766 0.016970562748477139 -0.0070294372515228715
      vertex 0.044346217560541766 0.018368804753524311 0
      vertex 0.039910541390522171 0.026667371184940905 0
    endloop
  endfacet
  facet normal -0.76692844616947775 -0.62940190985446987 -0.12519582392243059
    outer loop
      vertex 0.039910541390522171 0.026667371184940905 0
      vertex 0.033941125496954286 0.031357511157033037 0.012988706403508727
      vertex 0.033941125496954286 0.033941125496954279 0
    endloop
  endfacet
  facet normal -0.76692844616947797 -0.62940190985446975 -0.12519582392243067
    outer loop
      vertex 0.039910541390522171 0.026667371184940905 0
      vertex 0.039910541390522171 0.024637438423648163 0.010205161137207076
      vertex 0.033941125496954286 0.031357511157033037 0.012988706403508727
    endloop
  endfacet
  facet normal -0.76692844616947786 -0.53358117462164734 -0.356527542478072
    outer loop
      vertex 0.039910541390522171 0.024637438423648163 0.010205161137207076
      vertex 0.033941125496954286 0.024 0.023999999999999997
      vertex 0.033941125496954286 0.031357511157033037 0.012988706403508727
    endloop
  endfacet
  facet normal -0.76692844616947797 -0.53358117462164723 -0.35652754247807195
    outer loop
      vertex 0.039910541390522171 0.024637438423648163 0.010205161137207076
      vertex 0.039910541390522171 0.018856679001290452 0.018856679001290448
      vertex 0.033941125496954286 0.024 0.023999999999999997
    endloop
  endfacet
  facet normal -0.76692844616947786 -0.35652754247807195 -0.53358117462164723
    outer loop
      vertex 0.039910541390522171 0.018856679001290452 0.018856679001290448
      vertex 0.033941125496954286 0.012988706403508729 0.031357511157033037
      vertex 0.033941125496954286 0.024 0.023999999999999997
    endloop
  endfacet
  facet normal -0.76692844616947786 -0.35652754247807211 -0.53358117462164734
    outer loop
      vertex 0.039910541390522171 0.018856679001290452 0.018856679001290448
      vertex 0.039910541390522171 0.010205161137207078 0.024637438423648163
      vertex 0.033941125496954286 0.012988706403508729 0.031357511157033037
    endloop
  endfacet
  facet normal -0.76692844616947775 -0.12519582392243053 -0.62940190985446975
    outer loop
      vertex 0.039910541390522171 0.010205161137207078 0.024637438423648163
      vertex 0.033941125496954286 2.0782945349651837e-18 0.033941125496954279
      vertex 0.033941125496954286 0.012988706403508729 0.031357511157033037
    endloop
  endfacet
  facet normal -0.76692844616947764 -0.12519582392243067 -0.62940190985446975
    outer loop
      vertex 0.039910541390522171 0.010205161137207078 0.024637438423648163
      vertex 0.039910541390522171 1.6329055381656119e-18 0.026667371184940905
      vertex 0.033941125496954286 2.0782945349651837e-18 0.033941125496954279
    endloop
  endfacet
  facet normal -0.76692844616947775 0.12519582392243059 -0.62940190985446987
    outer loop
      vertex 0.039910541390522171 1.6329055381656119e-18 0.026667371184940905
      vertex 0.033941125496954286 -0.012988706403508726 0.031357511157033037
      vertex 0.033941125496954286 2.0782945349651837e-18 0.033941125496954279
    endloop
  endfacet
  facet normal -0.76692844616947786 0.12519582392243064 -0.62940190985446975
    outer loop
      vertex 0.039910541390522171 1.6329055381656119e-18 0.026667371184940905
      vertex 0.039910541390522171 -0.010205161137207076 0.024637438423648163
      vertex 0.033941125496954286 -0.012988706403508726 0.031357511157033037
    endloop
  endfacet
  facet normal -0.76692844616947786 0.356527542478072 -0.53358117462164745
    outer loop
      vertex 0.039910541390522171 -0.010205161137207076 0.024637438423648163
      vertex 0.033941125496954286 -0.023999999999999997 0.024
      vertex 0.033941125496954286 -0.012988706403508726 0.031357511157033037
    endloop
  endfacet
  facet normal -0.76692844616947797 0.35652754247807195 -0.53358117462164723
    outer loop
      vertex 0.039910541390522171 -0.010205161137207076 0.024637438423648163
      vertex 0.039910541390522171 -0.018856679001290448 0.018856679001290452
      vertex 0.033941125496954286 -0.023999999999999997 0.024
    endloop
  endfacet
  facet normal -0.76692844616947786 0.53358117462164723 -0.35652754247807206
    outer loop
      vertex 0.039910541390522171 -0.018856679001290448 0.018856679001290452
      vertex 0.033941125496954286 -0.031357511157033037 0.012988706403508731
      vertex 0.033941125496954286 -0.023999999999999997 0.024
    endloop
  endfacet
  facet normal -0.76692844616947786 0.53358117462164723 -0.35652754247807211
    outer loop
      vertex 0.039910541390522171 -0.018856679001290448 0.018856679001290452
      vertex 0.039910541390522171 -0.024637438423648163 0.01020516113720708
      vertex 0.033941125496954286 -0.031357511157033037 0.012988706403508731
    endloop
  endfacet
  facet normal -0.76692844616947775 0.62940190985446975 -0.12519582392243053
    outer loop
      vertex 0.039910541390522171 -0.024637438423648163 0.01020516113720708
      vertex 0.033941125496954286 -0.033941125496954279 4.1565890699303675e-18
      vertex 0.033941125496954286 -0.031357511157033037 0.012988706403508731
    endloop
  endfacet
  facet normal -0.76692844616947775 0.62940190985446987 -0.1251958239224307
    outer loop
      vertex 0.039910541390522171 -0.024637438423648163 0.01020516113720708
      vertex 0.039910541390522171 -0.026667371184940905 3.2658110763312239e-18
      vertex 0.033941125496954286 -0.033941125496954279 4.1565890699303675e-18
    endloop
  endfacet
  facet normal -0.76692844616947775 0.62940190985446987 0.12519582392243059
    outer loop
      vertex 0.039910541390522171 -0.026667371184940905 3.2658110763312239e-18
      vertex 0.033941125496954286 -0.031357511157033037 -0.012988706403508724
      vertex 0.033941125496954286 -0.033941125496954279 4.1565890699303675e-18
    endloop
  endfacet
  facet normal -0.76692844616947764 0.62940190985446998 0.12519582392243048
    outer loop
      vertex 0.039910541390522171 -0.026667371184940905 3.2658110763312239e-18
      vertex 0.039910541390522171 -0.024637438423648166 -0.010205161137207075
      vertex 0.033941125496954286 -0.031357511157033037 -0.012988706403508724
    endloop
  endfacet
  facet normal -0.76692844616947775 0.53358117462164767 0.35652754247807195
    outer loop
      vertex 0.039910541390522171 -0.024637438423648166 -0.010205161137207075
      vertex 0.033941125496954286 -0.024000000000000004 -0.023999999999999997
      vertex 0.033941125496954286 -0.031357511157033037 -0.012988706403508724
    endloop
  endfacet
  facet normal -0.76692844616947797 0.53358117462164734 0.35652754247807189
    outer loop
      vertex 0.039910541390522171 -0.024637438423648166 -0.010205161137207075
      vertex 0.039910541390522171 -0.018856679001290455 -0.018856679001290448
      vertex 0.033941125496954286 -0.024000000000000004 -0.023999999999999997
    endloop
  endfacet
  facet normal -0.76692844616947797 0.35652754247807195 0.53358117462164734
    outer loop
      vertex 0.039910541390522171 -0.018856679001290455 -0.018856679001290448
      vertex 0.033941125496954286 -0.012988706403508746 -0.031357511157033023
      vertex 0.033941125496954286 -0.024000000000000004 -0.023999999999999997
    endloop
  endfacet
  facet normal -0.76692844616947764 0.35652754247807217 0.53358117462164734
    outer loop
      vertex 0.039910541390522171 -0.018856679001290455 -0.018856679001290448
      vertex 0.039910541390522171 -0.010205161137207092 -0.024637438423648156
      vertex 0.033941125496954286 -0.012988706403508746 -0.031357511157033023
    endloop
  endfacet
  facet normal -0.76692844616947764 0.12519582392243112 0.62940190985446987
    outer loop
      vertex 0.039910541390522171 -0.010205161137207092 -0.024637438423648156
      vertex 0.033941125496954286 -6.2348836048955512e-18 -0.033941125496954279
      vertex 0.033941125496954286 -0.012988706403508746 -0.031357511157033023
    endloop
  endfacet
  facet normal -0.76692844616947775 0.12519582392243098 0.62940190985446987
    outer loop
      vertex 0.039910541390522171 -0.010205161137207092 -0.024637438423648156
      vertex 0.039910541390522171 -4.8987166144968353e-18 -0.026667371184940905
      vertex 0.033941125496954286 -6.2348836048955512e-18 -0.033941125496954279
    endloop
  endfacet
  facet normal -0.76692844616947764 -0.12519582392243078 0.62940190985446987
    outer loop
      vertex 0.039910541390522171 -4.8987166144968353e-18 -0.026667371184940905
      vertex 0.033941125496954286 0.012988706403508734 -0.03135751115703303
      vertex 0.033941125496954286 -6.2348836048955512e-18 -0.033941125496954279
    endloop
  endfacet
  facet normal -0.76692844616947775 -0.12519582392243078 0.62940190985446998
    outer loop
      vertex 0.039910541390522171 -4.8987166144968353e-18 -0.026667371184940905
      vertex 0.039910541390522171 0.010205161137207083 -0.024637438423648159
      vertex 0.033941125496954286 0.012988706403508734 -0.03135751115703303
    endloop
  endfacet
  facet normal -0.76692844616947775 -0.356527542478072 0.53358117462164756
    outer loop
      vertex 0.039910541390522171 0.010205161137207083 -0.024637438423648159
      vertex 0.033941125496954286 0.023999999999999994 -0.024000000000000004
      vertex 0.033941125496954286 0.012988706403508734 -0.03135751115703303
    endloop
  endfacet
  facet normal -0.76692844616947775 -0.356527542478072 0.53358117462164756
    outer loop
      vertex 0.039910541390522171 0.010205161137207083 -0.024637438423648159
      vertex 0.039910541390522171 0.018856679001290448 -0.018856679001290455
      vertex 0.033941125496954286 0.023999999999999994 -0.024000000000000004
    endloop
  endfacet
  facet normal -0.76692844616947775 -0.53358117462164745 0.35652754247807217
    outer loop
      vertex 0.039910541390522171 0.018856679001290448 -0.018856679001290455
      vertex 0.033941125496954286 0.031357511157033023 -0.012988706403508748
      vertex 0.033941125496954286 0.023999999999999994 -0.024000000000000004
    endloop
  endfacet
  facet normal -0.76692844616947775 -0.53358117462164745 0.35652754247807228
    outer loop
      vertex 0.039910541390522171 0.018856679001290448 -0.018856679001290455
      vertex 0.039910541390522171 0.024637438423648156 -0.010205161137207094
      vertex 0.033941125496954286 0.031357511157033023 -0.012988706403508748
    endloop
  endfacet
  facet normal -0.76692844616947753 -0.62940190985446987 0.12519582392243103
    outer loop
      vertex 0.039910541390522171 0.024637438423648156 -0.010205161137207094
      vertex 0.033941125496954286 0.033941125496954279 0
      vertex 0.033941125496954286 0.031357511157033023 -0.012988706403508748
    endloop
  endfacet
  facet normal -0.76692844616947775 -0.62940190985446987 0.12519582392243089
    outer loop
      vertex 0.039910541390522171 0.024637438423648156 -0.010205161137207094
      vertex 0.039910541390522171 0.026667371184940905 0
      vertex 0.033941125496954286 0.033941125496954279 0
    endloop
  endfacet
  facet normal -0.62702435758406094 -0.76403139034571399 -0.15197529260603765
    outer loop
      vertex 0.033941125496954286 0.033941125496954279 0
      vertex 0.026667371184940912 0.036872532322147981 0.015273102966874008
      vertex 0.026667371184940912 0.039910541390522171 0
    endloop
  endfacet
  facet normal -0.62702435758406072 -0.76403139034571432 -0.15197529260603745
    outer loop
      vertex 0.033941125496954286 0.033941125496954279 0
      vertex 0.033941125496954286 0.031357511157033037 0.012988706403508727
      vertex 0.026667371184940912 0.036872532322147981 0.015273102966874008
    endloop
  endfacet
  facet normal -0.62702435758406083 -0.64771453712737959 -0.43278901717830165
    outer loop
      vertex 0.033941125496954286 0.031357511157033037 0.012988706403508727
      vertex 0.026667371184940912 0.02822101445806461 0.028221014458064606
      vertex 0.026667371184940912 0.036872532322147981 0.015273102966874008
    endloop
  endfacet
  facet normal -0.62702435758406083 -0.64771453712737936 -0.43278901717830159
    outer loop
      vertex 0.033941125496954286 0.031357511157033037 0.012988706403508727
      vertex 0.033941125496954286 0.024 0.023999999999999997
      vertex 0.026667371184940912 0.02822101445806461 0.028221014458064606
    endloop
  endfacet
  facet normal -0.62702435758406083 -0.43278901717830159 -0.64771453712737947
    outer loop
      vertex 0.033941125496954286 0.024 0.023999999999999997
      vertex 0.026667371184940912 0.01527310296687401 0.036872532322147981
      vertex 0.026667371184940912 0.02822101445806461 0.028221014458064606
    endloop
  endfacet
  facet normal -0.62702435758406072 -0.43278901717830182 -0.64771453712737947
    outer loop
      vertex 0.033941125496954286 0.024 0.023999999999999997
      vertex 0.033941125496954286 0.012988706403508729 0.031357511157033037
      vertex 0.026667371184940912 0.01527310296687401 0.036872532322147981
    endloop
  endfacet
  facet normal -0.62702435758406083 -0.15197529260603768 -0.76403139034571421
    outer loop
      vertex 0.033941125496954286 0.012988706403508729 0.031357511157033037
      vertex 0.026667371184940912 2.4438158383070465e-18 0.039910541390522171
      vertex 0.026667371184940912 0.01527310296687401 0.036872532322147981
    endloop
  endfacet
  facet normal -0.62702435758406094 -0.1519752926060374 -0.76403139034571388
    outer loop
      vertex 0.033941125496954286 0.012988706403508729 0.031357511157033037
      vertex 0.033941125496954286 2.0782945349651837e-18 0.033941125496954279
      vertex 0.026667371184940912 2.4438158383070465e-18 0.039910541390522171
    endloop
  endfacet
  facet normal -0.62702435758406105 0.15197529260603768 -0.7640313903457141
    outer loop
      vertex 0.033941125496954286 2.0782945349651837e-18 0.033941125496954279
      vertex 0.026667371184940912 -0.015273102966874005 0.036872532322147981
      vertex 0.026667371184940912 2.4438158383070465e-18 0.039910541390522171
    endloop
  endfacet
  facet normal -0.62702435758406061 0.15197529260603745 -0.76403139034571432
    outer loop
      vertex 0.033941125496954286 2.0782945349651837e-18 0.033941125496954279
      vertex 0.033941125496954286 -0.012988706403508726 0.031357511157033037
      vertex 0.026667371184940912 -0.015273102966874005 0.036872532322147981
    endloop
  endfacet
  facet normal -0.62702435758406072 0.43278901717830154 -0.6477145371273797
    outer loop
      vertex 0.033941125496954286 -0.012988706403508726 0.031357511157033037
      vertex 0.026667371184940912 -0.028221014458064606 0.02822101445806461
      vertex 0.026667371184940912 -0.015273102966874005 0.036872532322147981
    endloop
  endfacet
  facet normal -0.62702435758406083 0.43278901717830159 -0.64771453712737947
    outer loop
      vertex 0.033941125496954286 -0.012988706403508726 0.031357511157033037
      vertex 0.033941125496954286 -0.023999999999999997 0.024
      vertex 0.026667371184940912 -0.028221014458064606 0.02822101445806461
    endloop
  endfacet
  facet normal -0.62702435758406105 0.64771453712737947 -0.43278901717830176
    outer loop
      vertex 0.033941125496954286 -0.023999999999999997 0.024
      vertex 0.026667371184940912 -0.036872532322147981 0.015273102966874012
      vertex 0.026667371184940912 -0.028221014458064606 0.02822101445806461
    endloop
  endfacet
  facet normal -0.62702435758406061 0.64771453712737936 -0.43278901717830182
    outer loop
      vertex 0.033941125496954286 -0.023999999999999997 0.024
      vertex 0.033941125496954286 -0.031357511157033037 0.012988706403508731
      vertex 0.026667371184940912 -0.036872532322147981 0.015273102966874012
    endloop
  endfacet
  facet normal -0.62702435758406072 0.76403139034571421 -0.1519752926060377
    outer loop
      vertex 0.033941125496954286 -0.031357511157033037 0.012988706403508731
      vertex 0.026667371184940912 -0.039910541390522171 4.8876316766140931e-18
      vertex 0.026667371184940912 -0.036872532322147981 0.015273102966874012
    endloop
  endfacet
  facet normal -0.62702435758406105 0.76403139034571388 -0.1519752926060374
    outer loop
      vertex 0.033941125496954286 -0.031357511157033037 0.012988706403508731
      vertex 0.033941125496954286 -0.033941125496954279 4.1565890699303675e-18
      vertex 0.026667371184940912 -0.039910541390522171 4.8876316766140931e-18
    endloop
  endfacet
  facet normal -0.62702435758406105 0.7640313903457141 0.15197529260603732
    outer loop
      vertex 0.033941125496954286 -0.033941125496954279 4.1565890699303675e-18
      vertex 0.026667371184940912 -0.036872532322147988 -0.015273102966874003
      vertex 0.026667371184940912 -0.039910541390522171 4.8876316766140931e-18
    endloop
  endfacet
  facet normal -0.62702435758406116 0.76403139034571388 0.1519752926060374
    outer loop
      vertex 0.033941125496954286 -0.033941125496954279 4.1565890699303675e-18
      vertex 0.033941125496954286 -0.031357511157033037 -0.012988706403508724
      vertex 0.026667371184940912 -0.036872532322147988 -0.015273102966874003
    endloop
  endfacet
  facet normal -0.62702435758406116 0.64771453712737959 0.43278901717830143
    outer loop
      vertex 0.033941125496954286 -0.031357511157033037 -0.012988706403508724
      vertex 0.026667371184940912 -0.028221014458064617 -0.028221014458064606
      vertex 0.026667371184940912 -0.036872532322147988 -0.015273102966874003
    endloop
  endfacet
  facet normal -0.62702435758406094 0.64771453712737947 0.43278901717830132
    outer loop
      vertex 0.033941125496954286 -0.031357511157033037 -0.012988706403508724
      vertex 0.033941125496954286 -0.024000000000000004 -0.023999999999999997
      vertex 0.026667371184940912 -0.028221014458064617 -0.028221014458064606
    endloop
  endfacet
  facet normal -0.62702435758406105 0.43278901717830159 0.64771453712737925
    outer loop
      vertex 0.033941125496954286 -0.024000000000000004 -0.023999999999999997
      vertex 0.026667371184940912 -0.015273102966874029 -0.036872532322147974
      vertex 0.026667371184940912 -0.028221014458064617 -0.028221014458064606
    endloop
  endfacet
  facet normal -0.62702435758406128 0.43278901717830137 0.64771453712737914
    outer loop
      vertex 0.033941125496954286 -0.024000000000000004 -0.023999999999999997
      vertex 0.033941125496954286 -0.012988706403508746 -0.031357511157033023
      vertex 0.026667371184940912 -0.015273102966874029 -0.036872532322147974
    endloop
  endfacet
  facet normal -0.62702435758406128 0.15197529260603787 0.76403139034571377
    outer loop
      vertex 0.033941125496954286 -0.012988706403508746 -0.031357511157033023
      vertex 0.026667371184940912 -7.3314475149211392e-18 -0.039910541390522171
      vertex 0.026667371184940912 -0.015273102966874029 -0.036872532322147974
    endloop
  endfacet
  facet normal -0.62702435758406105 0.15197529260603809 0.76403139034571399
    outer loop
      vertex 0.033941125496954286 -0.012988706403508746 -0.031357511157033023
      vertex 0.033941125496954286 -6.2348836048955512e-18 -0.033941125496954279
      vertex 0.026667371184940912 -7.3314475149211392e-18 -0.039910541390522171
    endloop
  endfacet
  facet normal -0.62702435758406094 -0.15197529260603751 0.7640313903457141
    outer loop
      vertex 0.033941125496954286 -6.2348836048955512e-18 -0.033941125496954279
      vertex 0.026667371184940912 0.015273102966874017 -0.036872532322147981
      vertex 0.026667371184940912 -7.3314475149211392e-18 -0.039910541390522171
    endloop
  endfacet
  facet normal -0.62702435758406128 -0.15197529260603765 0.76403139034571399
    outer loop
      vertex 0.033941125496954286 -6.2348836048955512e-18 -0.033941125496954279
      vertex 0.033941125496954286 0.012988706403508734 -0.03135751115703303
      vertex 0.026667371184940912 0.015273102966874017 -0.036872532322147981
    endloop
  endfacet
  facet normal -0.62702435758406128 -0.43278901717830143 0.64771453712737925
    outer loop
      vertex 0.033941125496954286 0.012988706403508734 -0.03135751115703303
      vertex 0.026667371184940912 0.028221014458064603 -0.028221014458064617
      vertex 0.026667371184940912 0.015273102966874017 -0.036872532322147981
    endloop
  endfacet
  facet normal -0.62702435758406105 -0.43278901717830148 0.64771453712737947
    outer loop
      vertex 0.033941125496954286 0.012988706403508734 -0.03135751115703303
      vertex 0.033941125496954286 0.023999999999999994 -0.024000000000000004
      vertex 0.026667371184940912 0.028221014458064603 -0.028221014458064617
    endloop
  endfacet
  facet normal -0.62702435758406105 -0.64771453712737914 0.43278901717830182
    outer loop
      vertex 0.033941125496954286 0.023999999999999994 -0.024000000000000004
      vertex 0.026667371184940912 0.036872532322147974 -0.015273102966874032
      vertex 0.026667371184940912 0.028221014458064603 -0.028221014458064617
    endloop
  endfacet
  facet normal -0.62702435758406116 -0.64771453712737914 0.43278901717830159
    outer loop
      vertex 0.033941125496954286 0.023999999999999994 -0.024000000000000004
      vertex 0.033941125496954286 0.031357511157033023 -0.012988706403508748
      vertex 0.026667371184940912 0.036872532322147974 -0.015273102966874032
    endloop
  endfacet
  facet normal -0.62702435758406116 -0.76403139034571377 0.15197529260603776
    outer loop
      vertex 0.033941125496954286 0.031357511157033023 -0.012988706403508748
      vertex 0.026667371184940912 0.039910541390522171 0
      vertex 0.026667371184940912 0.036872532322147974 -0.015273102966874032
    endloop
  endfacet
  facet normal -0.62702435758406094 -0.7640313903457141 0.15197529260603798
    outer loop
      vertex 0.033941125496954286 0.031357511157033023 -0.012988706403508748
      vertex 0.033941125496954286 0.033941125496954279 0
      vertex 0.026667371184940912 0.039910541390522171 0
    endloop
  endfacet
  facet normal -0.46430659807751568 -0.868656547728616 -0.17278653034853986
    outer loop
      vertex 0.026667371184940912 0.039910541390522171 0
      vertex 0.018368804753524311 0.040970562748477143 0.016970562748477143
      vertex 0.018368804753524311 0.044346217560541766 0
    endloop
  endfacet
  facet normal -0.46430659807751601 -0.86865654772861589 -0.17278653034853997
    outer loop
      vertex 0.026667371184940912 0.039910541390522171 0
      vertex 0.026667371184940912 0.036872532322147981 0.015273102966874008
      vertex 0.018368804753524311 0.040970562748477143 0.016970562748477143
    endloop
  endfacet
  facet normal -0.46430659807751595 -0.73641146272814795 -0.49205440811385259
    outer loop
      vertex 0.026667371184940912 0.036872532322147981 0.015273102966874008
      vertex 0.018368804753524311 0.031357511157033037 0.031357511157033037
      vertex 0.018368804753524311 0.040970562748477143 0.016970562748477143
    endloop
  endfacet
  facet normal -0.46430659807751562 -0.73641146272814817 -0.49205440811385254
    outer loop
      vertex 0.026667371184940912 0.036872532322147981 0.015273102966874008
      vertex 0.026667371184940912 0.02822101445806461 0.028221014458064606
      vertex 0.018368804753524311 0.031357511157033037 0.031357511157033037
    endloop
  endfacet
  facet normal -0.46430659807751579 -0.49205440811385265 -0.73641146272814795
    outer loop
      vertex 0.026667371184940912 0.02822101445806461 0.028221014458064606
      vertex 0.018368804753524311 0.016970562748477143 0.040970562748477143
      vertex 0.018368804753524311 0.031357511157033037 0.031357511157033037
    endloop
  endfacet
  facet normal -0.4643065980775159 -0.49205440811385254 -0.73641146272814795
    outer loop
      vertex 0.026667371184940912 0.02822101445806461 0.028221014458064606
      vertex 0.026667371184940912 0.01527310296687401 0.036872532322147981
      vertex 0.018368804753524311 0.016970562748477143 0.040970562748477143
    endloop
  endfacet
  facet normal -0.46430659807751601 -0.17278653034853986 -0.86865654772861589
    outer loop
      vertex 0.026667371184940912 0.01527310296687401 0.036872532322147981
      vertex 0.018368804753524311 2.715422669490481e-18 0.044346217560541766
      vertex 0.018368804753524311 0.016970562748477143 0.040970562748477143
    endloop
  endfacet
  facet normal -0.46430659807751573 -0.17278653034854002 -0.868656547728616
    outer loop
      vertex 0.026667371184940912 0.01527310296687401 0.036872532322147981
      vertex 0.026667371184940912 2.4438158383070465e-18 0.039910541390522171
      vertex 0.018368804753524311 2.715422669490481e-18 0.044346217560541766
    endloop
  endfacet
  facet normal -0.46430659807751568 0.17278653034853986 -0.868656547728616
    outer loop
      vertex 0.026667371184940912 2.4438158383070465e-18 0.039910541390522171
      vertex 0.018368804753524311 -0.016970562748477139 0.040970562748477143
      vertex 0.018368804753524311 2.715422669490481e-18 0.044346217560541766
    endloop
  endfacet
  facet normal -0.46430659807751606 0.17278653034854002 -0.86865654772861578
    outer loop
      vertex 0.026667371184940912 2.4438158383070465e-18 0.039910541390522171
      vertex 0.026667371184940912 -0.015273102966874005 0.036872532322147981
      vertex 0.018368804753524311 -0.016970562748477139 0.040970562748477143
    endloop
  endfacet
  facet normal -0.46430659807751595 0.49205440811385248 -0.73641146272814795
    outer loop
      vertex 0.026667371184940912 -0.015273102966874005 0.036872532322147981
      vertex 0.018368804753524311 -0.031357511157033037 0.031357511157033037
      vertex 0.018368804753524311 -0.016970562748477139 0.040970562748477143
    endloop
  endfacet
  facet normal -0.46430659807751573 0.49205440811385237 -0.73641146272814806
    outer loop
      vertex 0.026667371184940912 -0.015273102966874005 0.036872532322147981
      vertex 0.026667371184940912 -0.028221014458064606 0.02822101445806461
      vertex 0.018368804753524311 -0.031357511157033037 0.031357511157033037
    endloop
  endfacet
  facet normal -0.46430659807751579 0.73641146272814795 -0.49205440811385276
    outer loop
      vertex 0.026667371184940912 -0.028221014458064606 0.02822101445806461
      vertex 0.018368804753524311 -0.040970562748477143 0.016970562748477146
      vertex 0.018368804753524311 -0.031357511157033037 0.031357511157033037
    endloop
  endfacet
  facet normal -0.46430659807751606 0.73641146272814784 -0.49205440811385254
    outer loop
      vertex 0.026667371184940912 -0.028221014458064606 0.02822101445806461
      vertex 0.026667371184940912 -0.036872532322147981 0.015273102966874012
      vertex 0.018368804753524311 -0.040970562748477143 0.016970562748477146
    endloop
  endfacet
  facet normal -0.46430659807751595 0.86865654772861589 -0.17278653034853983
    outer loop
      vertex 0.026667371184940912 -0.036872532322147981 0.015273102966874012
      vertex 0.018368804753524311 -0.044346217560541766 5.430845338980962e-18
      vertex 0.018368804753524311 -0.040970562748477143 0.016970562748477146
    endloop
  endfacet
  facet normal -0.46430659807751573 0.868656547728616 -0.17278653034854005
    outer loop
      vertex 0.026667371184940912 -0.036872532322147981 0.015273102966874012
      vertex 0.026667371184940912 -0.039910541390522171 4.8876316766140931e-18
      vertex 0.018368804753524311 -0.044346217560541766 5.430845338980962e-18
    endloop
  endfacet
  facet normal -0.46430659807751568 0.868656547728616 0.17278653034853989
    outer loop
      vertex 0.026667371184940912 -0.039910541390522171 4.8876316766140931e-18
      vertex 0.018368804753524311 -0.040970562748477143 -0.016970562748477136
      vertex 0.018368804753524311 -0.044346217560541766 5.430845338980962e-18
    endloop
  endfacet
  facet normal -0.46430659807751534 0.86865654772861634 0.17278653034853969
    outer loop
      vertex 0.026667371184940912 -0.039910541390522171 4.8876316766140931e-18
      vertex 0.026667371184940912 -0.036872532322147988 -0.015273102966874003
      vertex 0.018368804753524311 -0.040970562748477143 -0.016970562748477136
    endloop
  endfacet
  facet normal -0.46430659807751545 0.73641146272814828 0.49205440811385226
    outer loop
      vertex 0.026667371184940912 -0.036872532322147988 -0.015273102966874003
      vertex 0.018368804753524311 -0.031357511157033044 -0.031357511157033037
      vertex 0.018368804753524311 -0.040970562748477143 -0.016970562748477136
    endloop
  endfacet
  facet normal -0.46430659807751579 0.73641146272814817 0.49205440811385237
    outer loop
      vertex 0.026667371184940912 -0.036872532322147988 -0.015273102966874003
      vertex 0.026667371184940912 -0.028221014458064617 -0.028221014458064606
      vertex 0.018368804753524311 -0.031357511157033044 -0.031357511157033037
    endloop
  endfacet
  facet normal -0.46430659807751573 0.49205440811385254 0.73641146272814795
    outer loop
      vertex 0.026667371184940912 -0.028221014458064617 -0.028221014458064606
      vertex 0.018368804753524311 -0.016970562748477167 -0.04097056274847713
      vertex 0.018368804753524311 -0.031357511157033044 -0.031357511157033037
    endloop
  endfacet
  facet normal -0.46430659807751556 0.49205440811385265 0.73641146272814795
    outer loop
      vertex 0.026667371184940912 -0.028221014458064617 -0.028221014458064606
      vertex 0.026667371184940912 -0.015273102966874029 -0.036872532322147974
      vertex 0.018368804753524311 -0.016970562748477167 -0.04097056274847713
    endloop
  endfacet
  facet normal -0.46430659807751551 0.17278653034854036 0.868656547728616
    outer loop
      vertex 0.026667371184940912 -0.015273102966874029 -0.036872532322147974
      vertex 0.018368804753524311 -8.146268008471443e-18 -0.044346217560541766
      vertex 0.018368804753524311 -0.016970562748477167 -0.04097056274847713
    endloop
  endfacet
  facet normal -0.46430659807751568 0.17278653034854025 0.86865654772861589
    outer loop
      vertex 0.026667371184940912 -0.015273102966874029 -0.036872532322147974
      vertex 0.026667371184940912 -7.3314475149211392e-18 -0.039910541390522171
      vertex 0.018368804753524311 -8.146268008471443e-18 -0.044346217560541766
    endloop
  endfacet
  facet normal -0.46430659807751573 -0.17278653034854005 0.868656547728616
    outer loop
      vertex 0.026667371184940912 -7.3314475149211392e-18 -0.039910541390522171
      vertex 0.018368804753524311 0.01697056274847715 -0.040970562748477136
      vertex 0.018368804753524311 -8.146268008471443e-18 -0.044346217560541766
    endloop
  endfacet
  facet normal -0.4643065980775154 -0.17278653034853989 0.86865654772861634
    outer loop
      vertex 0.026667371184940912 -7.3314475149211392e-18 -0.039910541390522171
      vertex 0.026667371184940912 0.015273102966874017 -0.036872532322147981
      vertex 0.018368804753524311 0.01697056274847715 -0.040970562748477136
    endloop
  endfacet
  facet normal -0.4643065980775154 -0.49205440811385254 0.73641146272814817
    outer loop
      vertex 0.026667371184940912 0.015273102966874017 -0.036872532322147981
      vertex 0.018368804753524311 0.03135751115703303 -0.031357511157033044
      vertex 0.018368804753524311 0.01697056274847715 -0.040970562748477136
    endloop
  endfacet
  facet normal -0.46430659807751556 -0.49205440811385254 0.73641146272814806
    outer loop
      vertex 0.026667371184940912 0.015273102966874017 -0.036872532322147981
      vertex 0.026667371184940912 0.028221014458064603 -0.028221014458064617
      vertex 0.018368804753524311 0.03135751115703303 -0.031357511157033044
    endloop
  endfacet
  facet normal -0.46430659807751556 -0.73641146272814795 0.49205440811385287
    outer loop
      vertex 0.026667371184940912 0.028221014458064603 -0.028221014458064617
      vertex 0.018368804753524311 0.04097056274847713 -0.016970562748477167
      vertex 0.018368804753524311 0.03135751115703303 -0.031357511157033044
    endloop
  endfacet
  facet normal -0.4643065980775154 -0.73641146272814795 0.49205440811385293
    outer loop
      vertex 0.026667371184940912 0.028221014458064603 -0.028221014458064617
      vertex 0.026667371184940912 0.036872532322147974 -0.015273102966874032
      vertex 0.018368804753524311 0.04097056274847713 -0.016970562748477167
    endloop
  endfacet
  facet normal -0.46430659807751551 -0.86865654772861622 0.17278653034854033
    outer loop
      vertex 0.026667371184940912 0.036872532322147974 -0.015273102966874032
      vertex 0.018368804753524311 0.044346217560541766 0
      vertex 0.018368804753524311 0.04097056274847713 -0.016970562748477167
    endloop
  endfacet
  facet normal -0.46430659807751579 -0.868656547728616 0.17278653034854016
    outer loop
      vertex 0.026667371184940912 0.036872532322147974 -0.015273102966874032
      vertex 0.026667371184940912 0.039910541390522171 0
      vertex 0.018368804753524311 0.044346217560541766 0
    endloop
  endfacet
  facet normal -0.28516458904118835 -0.94006166690225157 -0.1869898916463944
    outer loop
      vertex 0.018368804753524311 0.044346217560541766 0
      vertex 0.0093643354567741598 0.043494117424938618 0.018015853320857533
      vertex 0.0093643354567741598 0.047077693459355065 0
    endloop
  endfacet
  facet normal -0.28516458904118808 -0.94006166690225168 -0.18698989164639432
    outer loop
      vertex 0.018368804753524311 0.044346217560541766 0
      vertex 0.018368804753524311 0.040970562748477143 0.016970562748477143
      vertex 0.0093643354567741598 0.043494117424938618 0.018015853320857533
    endloop
  endfacet
  facet normal -0.28516458904118813 -0.79694579979661495 -0.53250215900360842
    outer loop
      vertex 0.018368804753524311 0.040970562748477143 0.016970562748477143
      vertex 0.0093643354567741598 0.033288956287731541 0.033288956287731541
      vertex 0.0093643354567741598 0.043494117424938618 0.018015853320857533
    endloop
  endfacet
  facet normal -0.28516458904118852 -0.79694579979661473 -0.53250215900360853
    outer loop
      vertex 0.018368804753524311 0.040970562748477143 0.016970562748477143
      vertex 0.018368804753524311 0.031357511157033037 0.031357511157033037
      vertex 0.0093643354567741598 0.033288956287731541 0.033288956287731541
    endloop
  endfacet
  facet normal -0.28516458904118852 -0.53250215900360831 -0.79694579979661473
    outer loop
      vertex 0.018368804753524311 0.031357511157033037 0.031357511157033037
      vertex 0.0093643354567741598 0.018015853320857537 0.043494117424938618
      vertex 0.0093643354567741598 0.033288956287731541 0.033288956287731541
    endloop
  endfacet
  facet normal -0.28516458904118824 -0.53250215900360853 -0.79694579979661473
    outer loop
      vertex 0.018368804753524311 0.031357511157033037 0.031357511157033037
      vertex 0.018368804753524311 0.016970562748477143 0.040970562748477143
      vertex 0.0093643354567741598 0.018015853320857537 0.043494117424938618
    endloop
  endfacet
  facet normal -0.28516458904118813 -0.18698989164639448 -0.94006166690225168
    outer loop
      vertex 0.018368804753524311 0.016970562748477143 0.040970562748477143
      vertex 0.0093643354567741598 2.8826773303119732e-18 0.047077693459355065
      vertex 0.0093643354567741598 0.018015853320857537 0.043494117424938618
    endloop
  endfacet
  facet normal -0.28516458904118835 -0.18698989164639435 -0.94006166690225168
    outer loop
      vertex 0.018368804753524311 0.016970562748477143 0.040970562748477143
      vertex 0.018368804753524311 2.715422669490481e-18 0.044346217560541766
      vertex 0.0093643354567741598 2.8826773303119732e-18 0.047077693459355065
    endloop
  endfacet
  facet normal -0.28516458904118835 0.1869898916463944 -0.94006166690225157
    outer loop
      vertex 0.018368804753524311 2.715422669490481e-18 0.044346217560541766
      vertex 0.0093643354567741598 -0.01801585332085753 0.043494117424938618
      vertex 0.0093643354567741598 2.8826773303119732e-18 0.047077693459355065
    endloop
  endfacet
  facet normal -0.28516458904118808 0.18698989164639432 -0.94006166690225168
    outer loop
      vertex 0.018368804753524311 2.715422669490481e-18 0.044346217560541766
      vertex 0.018368804753524311 -0.016970562748477139 0.040970562748477143
      vertex 0.0093643354567741598 -0.01801585332085753 0.043494117424938618
    endloop
  endfacet
  facet normal -0.28516458904118808 0.5325021590036082 -0.79694579979661484
    outer loop
      vertex 0.018368804753524311 -0.016970562748477139 0.040970562748477143
      vertex 0.0093643354567741598 -0.033288956287731541 0.033288956287731541
      vertex 0.0093643354567741598 -0.01801585332085753 0.043494117424938618
    endloop
  endfacet
  facet normal -0.28516458904118858 0.53250215900360831 -0.79694579979661462
    outer loop
      vertex 0.018368804753524311 -0.016970562748477139 0.040970562748477143
      vertex 0.018368804753524311 -0.031357511157033037 0.031357511157033037
      vertex 0.0093643354567741598 -0.033288956287731541 0.033288956287731541
    endloop
  endfacet
  facet normal -0.28516458904118852 0.79694579979661473 -0.53250215900360842
    outer loop
      vertex 0.018368804753524311 -0.031357511157033037 0.031357511157033037
      vertex 0.0093643354567741598 -0.043494117424938618 0.01801585332085754
      vertex 0.0093643354567741598 -0.033288956287731541 0.033288956287731541
    endloop
  endfacet
  facet normal -0.28516458904118813 0.79694579979661462 -0.53250215900360853
    outer loop
      vertex 0.018368804753524311 -0.031357511157033037 0.031357511157033037
      vertex 0.018368804753524311 -0.040970562748477143 0.016970562748477146
      vertex 0.0093643354567741598 -0.043494117424938618 0.01801585332085754
    endloop
  endfacet
  facet normal -0.28516458904118813 0.94006166690225168 -0.18698989164639448
    outer loop
      vertex 0.018368804753524311 -0.040970562748477143 0.016970562748477146
      vertex 0.0093643354567741598 -0.047077693459355065 5.7653546606239464e-18
      vertex 0.0093643354567741598 -0.043494117424938618 0.01801585332085754
    endloop
  endfacet
  facet normal -0.28516458904118835 0.94006166690225168 -0.18698989164639435
    outer loop
      vertex 0.018368804753524311 -0.040970562748477143 0.016970562748477146
      vertex 0.018368804753524311 -0.044346217560541766 5.430845338980962e-18
      vertex 0.0093643354567741598 -0.047077693459355065 5.7653546606239464e-18
    endloop
  endfacet
  facet normal -0.28516458904118835 0.94006166690225157 0.18698989164639404
    outer loop
      vertex 0.018368804753524311 -0.044346217560541766 5.430845338980962e-18
      vertex 0.0093643354567741598 -0.043494117424938625 -0.01801585332085753
      vertex 0.0093643354567741598 -0.047077693459355065 5.7653546606239464e-18
    endloop
  endfacet
  facet normal -0.28516458904118885 0.94006166690225157 0.18698989164639429
    outer loop
      vertex 0.018368804753524311 -0.044346217560541766 5.430845338980962e-18
      vertex 0.018368804753524311 -0.040970562748477143 -0.016970562748477136
      vertex 0.0093643354567741598 -0.043494117424938625 -0.01801585332085753
    endloop
  endfacet
  facet normal -0.2851645890411888 0.79694579979661473 0.53250215900360809
    outer loop
      vertex 0.018368804753524311 -0.040970562748477143 -0.016970562748477136
      vertex 0.0093643354567741598 -0.033288956287731548 -0.033288956287731541
      vertex 0.0093643354567741598 -0.043494117424938625 -0.01801585332085753
    endloop
  endfacet
  facet normal -0.28516458904118852 0.79694579979661495 0.53250215900360798
    outer loop
      vertex 0.018368804753524311 -0.040970562748477143 -0.016970562748477136
      vertex 0.018368804753524311 -0.031357511157033044 -0.031357511157033037
      vertex 0.0093643354567741598 -0.033288956287731548 -0.033288956287731541
    endloop
  endfacet
  facet normal -0.28516458904118852 0.53250215900360853 0.79694579979661462
    outer loop
      vertex 0.018368804753524311 -0.031357511157033044 -0.031357511157033037
      vertex 0.0093643354567741598 -0.018015853320857561 -0.043494117424938611
      vertex 0.0093643354567741598 -0.033288956287731548 -0.033288956287731541
    endloop
  endfacet
  facet normal -0.28516458904118874 0.53250215900360831 0.79694579979661462
    outer loop
      vertex 0.018368804753524311 -0.031357511157033044 -0.031357511157033037
      vertex 0.018368804753524311 -0.016970562748477167 -0.04097056274847713
      vertex 0.0093643354567741598 -0.018015853320857561 -0.043494117424938611
    endloop
  endfacet
  facet normal -0.2851645890411888 0.18698989164639457 0.94006166690225146
    outer loop
      vertex 0.018368804753524311 -0.016970562748477167 -0.04097056274847713
      vertex 0.0093643354567741598 -8.6480319909359192e-18 -0.047077693459355065
      vertex 0.0093643354567741598 -0.018015853320857561 -0.043494117424938611
    endloop
  endfacet
  facet normal -0.2851645890411883 0.18698989164639485 0.94006166690225146
    outer loop
      vertex 0.018368804753524311 -0.016970562748477167 -0.04097056274847713
      vertex 0.018368804753524311 -8.146268008471443e-18 -0.044346217560541766
      vertex 0.0093643354567741598 -8.6480319909359192e-18 -0.047077693459355065
    endloop
  endfacet
  facet normal -0.28516458904118835 -0.1869898916463946 0.94006166690225157
    outer loop
      vertex 0.018368804753524311 -8.146268008471443e-18 -0.044346217560541766
      vertex 0.0093643354567741598 0.018015853320857544 -0.043494117424938611
      vertex 0.0093643354567741598 -8.6480319909359192e-18 -0.047077693459355065
    endloop
  endfacet
  facet normal -0.28516458904118813 -0.18698989164639451 0.94006166690225157
    outer loop
      vertex 0.018368804753524311 -8.146268008471443e-18 -0.044346217560541766
      vertex 0.018368804753524311 0.01697056274847715 -0.040970562748477136
      vertex 0.0093643354567741598 0.018015853320857544 -0.043494117424938611
    endloop
  endfacet
  facet normal -0.2851645890411883 -0.5325021590036082 0.79694579979661484
    outer loop
      vertex 0.018368804753524311 0.01697056274847715 -0.040970562748477136
      vertex 0.0093643354567741598 0.033288956287731535 -0.033288956287731548
      vertex 0.0093643354567741598 0.018015853320857544 -0.043494117424938611
    endloop
  endfacet
  facet normal -0.28516458904118852 -0.53250215900360831 0.79694579979661462
    outer loop
      vertex 0.018368804753524311 0.01697056274847715 -0.040970562748477136
      vertex 0.018368804753524311 0.03135751115703303 -0.031357511157033044
      vertex 0.0093643354567741598 0.033288956287731535 -0.033288956287731548
    endloop
  endfacet
  facet normal -0.28516458904118852 -0.79694579979661428 0.53250215900360864
    outer loop
      vertex 0.018368804753524311 0.03135751115703303 -0.031357511157033044
      vertex 0.0093643354567741598 0.043494117424938611 -0.018015853320857561
      vertex 0.0093643354567741598 0.033288956287731535 -0.033288956287731548
    endloop
  endfacet
  facet normal -0.28516458904118885 -0.79694579979661451 0.53250215900360864
    outer loop
      vertex 0.018368804753524311 0.03135751115703303 -0.031357511157033044
      vertex 0.018368804753524311 0.04097056274847713 -0.016970562748477167
      vertex 0.0093643354567741598 0.043494117424938611 -0.018015853320857561
    endloop
  endfacet
  facet normal -0.2851645890411888 -0.94006166690225146 0.18698989164639448
    outer loop
      vertex 0.018368804753524311 0.04097056274847713 -0.016970562748477167
      vertex 0.0093643354567741598 0.047077693459355065 0
      vertex 0.0093643354567741598 0.043494117424938611 -0.018015853320857561
    endloop
  endfacet
  facet normal -0.2851645890411883 -0.94006166690225146 0.18698989164639473
    outer loop
      vertex 0.018368804753524311 0.04097056274847713 -0.016970562748477167
      vertex 0.018368804753524311 0.044346217560541766 0
      vertex 0.0093643354567741598 0.047077693459355065 0
    endloop
  endfacet
  facet normal -0.096151349342083026 -0.97624103286867436 -0.19418641498107048
    outer loop
      vertex 0.0093643354567741598 0.047077693459355065 0
      vertex 2.9391523179536477e-18 0.044346217560541766 0.018368804753524311
      vertex 2.9391523179536477e-18 0.048000000000000001 0
    endloop
  endfacet
  facet normal -0.096151349342083289 -0.97624103286867436 -0.19418641498107059
    outer loop
      vertex 0.0093643354567741598 0.047077693459355065 0
      vertex 0.0093643354567741598 0.043494117424938618 0.018015853320857533
      vertex 2.9391523179536477e-18 0.044346217560541766 0.018368804753524311
    endloop
  endfacet
  facet normal -0.096151349342083331 -0.82761718526141881 -0.55299612356657879
    outer loop
      vertex 0.0093643354567741598 0.043494117424938618 0.018015853320857533
      vertex 2.9391523179536477e-18 0.033941125496954286 0.033941125496954279
      vertex 2.9391523179536477e-18 0.044346217560541766 0.018368804753524311
    endloop
  endfacet
  facet normal -0.096151349342083206 -0.82761718526141892 -0.5529961235665789
    outer loop
      vertex 0.0093643354567741598 0.043494117424938618 0.018015853320857533
      vertex 0.0093643354567741598 0.033288956287731541 0.033288956287731541
      vertex 2.9391523179536477e-18 0.033941125496954286 0.033941125496954279
    endloop
  endfacet
  facet normal -0.09615134934208297 -0.55299612356657901 -0.8276171852614187
    outer loop
      vertex 0.0093643354567741598 0.033288956287731541 0.033288956287731541
      vertex 2.9391523179536477e-18 0.018368804753524311 0.044346217560541766
      vertex 2.9391523179536477e-18 0.033941125496954286 0.033941125496954279
    endloop
  endfacet
  facet normal -0.096151349342083206 -0.5529961235665789 -0.82761718526141881
    outer loop
      vertex 0.0093643354567741598 0.033288956287731541 0.033288956287731541
      vertex 0.0093643354567741598 0.018015853320857537 0.043494117424938618
      vertex 2.9391523179536477e-18 0.018368804753524311 0.044346217560541766
    endloop
  endfacet
  facet normal -0.096151349342083248 -0.19418641498107048 -0.97624103286867436
    outer loop
      vertex 0.0093643354567741598 0.018015853320857537 0.043494117424938618
      vertex 2.9391523179536477e-18 2.9391523179536477e-18 0.048000000000000001
      vertex 2.9391523179536477e-18 0.018368804753524311 0.044346217560541766
    endloop
  endfacet
  facet normal -0.096151349342083026 -0.19418641498107059 -0.97624103286867436
    outer loop
      vertex 0.0093643354567741598 0.018015853320857537 0.043494117424938618
      vertex 0.0093643354567741598 2.8826773303119732e-18 0.047077693459355065
      vertex 2.9391523179536477e-18 2.9391523179536477e-18 0.048000000000000001
    endloop
  endfacet
  facet normal -0.096151349342083026 0.19418641498107048 -0.97624103286867436
    outer loop
      vertex 0.0093643354567741598 2.8826773303119732e-18 0.047077693459355065
      vertex 2.9391523179536477e-18 -0.018368804753524308 0.044346217560541766
      vertex 2.9391523179536477e-18 2.9391523179536477e-18 0.048000000000000001
    endloop
  endfacet
  facet normal -0.096151349342083289 0.19418641498107059 -0.97624103286867436
    outer loop
      vertex 0.0093643354567741598 2.8826773303119732e-18 0.047077693459355065
      vertex 0.0093643354567741598 -0.01801585332085753 0.043494117424938618
      vertex 2.9391523179536477e-18 -0.018368804753524308 0.044346217560541766
    endloop
  endfacet
  facet normal -0.096151349342083345 0.55299612356657879 -0.82761718526141892
    outer loop
      vertex 0.0093643354567741598 -0.01801585332085753 0.043494117424938618
      vertex 2.9391523179536477e-18 -0.033941125496954279 0.033941125496954286
      vertex 2.9391523179536477e-18 -0.018368804753524308 0.044346217560541766
    endloop
  endfacet
  facet normal -0.096151349342083178 0.55299612356657868 -0.82761718526141881
    outer loop
      vertex 0.0093643354567741598 -0.01801585332085753 0.043494117424938618
      vertex 0.0093643354567741598 -0.033288956287731541 0.033288956287731541
      vertex 2.9391523179536477e-18 -0.033941125496954279 0.033941125496954286
    endloop
  endfacet
  facet normal -0.09615134934208297 0.8276171852614187 -0.55299612356657912
    outer loop
      vertex 0.0093643354567741598 -0.033288956287731541 0.033288956287731541
      vertex 2.9391523179536477e-18 -0.044346217560541766 0.018368804753524315
      vertex 2.9391523179536477e-18 -0.033941125496954279 0.033941125496954286
    endloop
  endfacet
  facet normal -0.096151349342083067 0.82761718526141881 -0.55299612356657901
    outer loop
      vertex 0.0093643354567741598 -0.033288956287731541 0.033288956287731541
      vertex 0.0093643354567741598 -0.043494117424938618 0.01801585332085754
      vertex 2.9391523179536477e-18 -0.044346217560541766 0.018368804753524315
    endloop
  endfacet
  facet normal -0.096151349342083248 0.97624103286867436 -0.19418641498107048
    outer loop
      vertex 0.0093643354567741598 -0.043494117424938618 0.01801585332085754
      vertex 2.9391523179536477e-18 -0.048000000000000001 5.8783046359072955e-18
      vertex 2.9391523179536477e-18 -0.044346217560541766 0.018368804753524315
    endloop
  endfacet
  facet normal -0.096151349342083026 0.97624103286867436 -0.19418641498107059
    outer loop
      vertex 0.0093643354567741598 -0.043494117424938618 0.01801585332085754
      vertex 0.0093643354567741598 -0.047077693459355065 5.7653546606239464e-18
      vertex 2.9391523179536477e-18 -0.048000000000000001 5.8783046359072955e-18
    endloop
  endfacet
  facet normal -0.096151349342083026 0.97624103286867436 0.19418641498107014
    outer loop
      vertex 0.0093643354567741598 -0.047077693459355065 5.7653546606239464e-18
      vertex 2.9391523179536477e-18 -0.044346217560541773 -0.018368804753524304
      vertex 2.9391523179536477e-18 -0.048000000000000001 5.8783046359072955e-18
    endloop
  endfacet
  facet normal -0.096151349342083262 0.97624103286867447 0.19418641498107023
    outer loop
      vertex 0.0093643354567741598 -0.047077693459355065 5.7653546606239464e-18
      vertex 0.0093643354567741598 -0.043494117424938625 -0.01801585332085753
      vertex 2.9391523179536477e-18 -0.044346217560541773 -0.018368804753524304
    endloop
  endfacet
  facet normal -0.096151349342083151 0.82761718526141881 0.55299612356657868
    outer loop
      vertex 0.0093643354567741598 -0.043494117424938625 -0.01801585332085753
      vertex 2.9391523179536477e-18 -0.033941125496954293 -0.033941125496954279
      vertex 2.9391523179536477e-18 -0.044346217560541773 -0.018368804753524304
    endloop
  endfacet
  facet normal -0.096151349342083192 0.82761718526141903 0.55299612356657879
    outer loop
      vertex 0.0093643354567741598 -0.043494117424938625 -0.01801585332085753
      vertex 0.0093643354567741598 -0.033288956287731548 -0.033288956287731541
      vertex 2.9391523179536477e-18 -0.033941125496954293 -0.033941125496954279
    endloop
  endfacet
  facet normal -0.096151349342082984 0.5529961235665789 0.82761718526141881
    outer loop
      vertex 0.0093643354567741598 -0.033288956287731548 -0.033288956287731541
      vertex 2.9391523179536477e-18 -0.018368804753524336 -0.044346217560541752
      vertex 2.9391523179536477e-18 -0.033941125496954293 -0.033941125496954279
    endloop
  endfacet
  facet normal -0.096151349342082526 0.55299612356657923 0.82761718526141881
    outer loop
      vertex 0.0093643354567741598 -0.033288956287731548 -0.033288956287731541
      vertex 0.0093643354567741598 -0.018015853320857561 -0.043494117424938611
      vertex 2.9391523179536477e-18 -0.018368804753524336 -0.044346217560541752
    endloop
  endfacet
  facet normal -0.096151349342082526 0.194186414981071 0.97624103286867425
    outer loop
      vertex 0.0093643354567741598 -0.018015853320857561 -0.043494117424938611
      vertex 2.9391523179536477e-18 -8.8174569538609421e-18 -0.048000000000000001
      vertex 2.9391523179536477e-18 -0.018368804753524336 -0.044346217560541752
    endloop
  endfacet
  facet normal -0.096151349342083067 0.19418641498107075 0.97624103286867436
    outer loop
      vertex 0.0093643354567741598 -0.018015853320857561 -0.043494117424938611
      vertex 0.0093643354567741598 -8.6480319909359192e-18 -0.047077693459355065
      vertex 2.9391523179536477e-18 -8.8174569538609421e-18 -0.048000000000000001
    endloop
  endfacet
  facet normal -0.096151349342083026 -0.19418641498107064 0.97624103286867425
    outer loop
      vertex 0.0093643354567741598 -8.6480319909359192e-18 -0.047077693459355065
      vertex 2.9391523179536477e-18 0.018368804753524322 -0.044346217560541759
      vertex 2.9391523179536477e-18 -8.8174569538609421e-18 -0.048000000000000001
    endloop
  endfacet
  facet normal -0.096151349342083289 -0.19418641498107078 0.97624103286867436
    outer loop
      vertex 0.0093643354567741598 -8.6480319909359192e-18 -0.047077693459355065
      vertex 0.0093643354567741598 0.018015853320857544 -0.043494117424938611
      vertex 2.9391523179536477e-18 0.018368804753524322 -0.044346217560541759
    endloop
  endfacet
  facet normal -0.096151349342083331 -0.5529961235665789 0.82761718526141892
    outer loop
      vertex 0.0093643354567741598 0.018015853320857544 -0.043494117424938611
      vertex 2.9391523179536477e-18 0.033941125496954272 -0.033941125496954293
      vertex 2.9391523179536477e-18 0.018368804753524322 -0.044346217560541759
    endloop
  endfacet
  facet normal -0.096151349342083151 -0.55299612356657879 0.82761718526141892
    outer loop
      vertex 0.0093643354567741598 0.018015853320857544 -0.043494117424938611
      vertex 0.0093643354567741598 0.033288956287731535 -0.033288956287731548
      vertex 2.9391523179536477e-18 0.033941125496954272 -0.033941125496954293
    endloop
  endfacet
  facet normal -0.096151349342082998 -0.8276171852614187 0.55299612356657935
    outer loop
      vertex 0.0093643354567741598 0.033288956287731535 -0.033288956287731548
      vertex 2.9391523179536477e-18 0.044346217560541752 -0.018368804753524339
      vertex 2.9391523179536477e-18 0.033941125496954272 -0.033941125496954293
    endloop
  endfacet
  facet normal -0.096151349342082679 -0.82761718526141859 0.55299612356657946
    outer loop
      vertex 0.0093643354567741598 0.033288956287731535 -0.033288956287731548
      vertex 0.0093643354567741598 0.043494117424938611 -0.018015853320857561
      vertex 2.9391523179536477e-18 0.044346217560541752 -0.018368804753524339
    endloop
  endfacet
  facet normal -0.096151349342082595 -0.97624103286867425 0.19418641498107089
    outer loop
      vertex 0.0093643354567741598 0.043494117424938611 -0.018015853320857561
      vertex 2.9391523179536477e-18 0.048000000000000001 0
      vertex 2.9391523179536477e-18 0.044346217560541752 -0.018368804753524339
    endloop
  endfacet
  facet normal -0.09615134934208297 -0.97624103286867436 0.1941864149810707
    outer loop
      vertex 0.0093643354567741598 0.043494117424938611 -0.018015853320857561
      vertex 0.0093643354567741598 0.047077693459355065 0
      vertex 2.9391523179536477e-18 0.048000000000000001 0
    endloop
  endfacet
  facet normal -1 6.123233995736766e-17 1.2179869701116025e-17
    outer loop
      vertex 3.0616169978683832e-18 0.050000000000000003 0
      vertex 2.9391523179536477e-18 0.044346217560541766 0.018368804753524311
      vertex 3.0616169978683832e-18 0.046193976625564341 0.019134171618254491
    endloop
  endfacet
  facet normal -1 6.123233995736766e-17 1.2179869701116026e-17
    outer loop
      vertex 3.0616169978683832e-18 0.050000000000000003 0
      vertex 2.9391523179536477e-18 0.048000000000000001 0
      vertex 2.9391523179536477e-18 0.044346217560541766 0.018368804753524311
    endloop
  endfacet
  facet normal -1 5.1910271271402378e-17 3.4685334352146951e-17
    outer loop
      vertex 3.0616169978683832e-18 0.046193976625564341 0.019134171618254491
      vertex 2.9391523179536477e-18 0.033941125496954286 0.033941125496954279
      vertex 3.0616169978683832e-18 0.035355339059327383 0.035355339059327376
    endloop
  endfacet
  facet normal -1 5.1910271271402397e-17 3.4685334352146963e-17
    outer loop
      vertex 3.0616169978683832e-18 0.046193976625564341 0.019134171618254491
      vertex 2.9391523179536477e-18 0.044346217560541766 0.018368804753524311
      vertex 2.9391523179536477e-18 0.033941125496954286 0.033941125496954279
    endloop
  endfacet
  facet normal -1 3.4685334352146926e-17 5.1910271271402316e-17
    outer loop
      vertex 3.0616169978683832e-18 0.035355339059327383 0.035355339059327376
      vertex 2.9391523179536477e-18 0.018368804753524311 0.044346217560541766
      vertex 3.0616169978683832e-18 0.019134171618254495 0.046193976625564341
    endloop
  endfacet
  facet normal -1 3.4685334352146944e-17 5.1910271271402353e-17
    outer loop
      vertex 3.0616169978683832e-18 0.035355339059327383 0.035355339059327376
      vertex 2.9391523179536477e-18 0.033941125496954286 0.033941125496954279
      vertex 2.9391523179536477e-18 0.018368804753524311 0.044346217560541766
    endloop
  endfacet
  facet normal -1 1.2179869701116025e-17 6.123233995736766e-17
    outer loop
      vertex 3.0616169978683832e-18 0.019134171618254495 0.046193976625564341
      vertex 2.9391523179536477e-18 2.9391523179536477e-18 0.048000000000000001
      vertex 3.0616169978683832e-18 3.0616169978683832e-18 0.050000000000000003
    endloop
  endfacet
  facet normal -1 1.2179869701116026e-17 6.1232339957367648e-17
    outer loop
      vertex 3.0616169978683832e-18 0.019134171618254495 0.046193976625564341
      vertex 2.9391523179536477e-18 0.018368804753524311 0.044346217560541766
      vertex 2.9391523179536477e-18 2.9391523179536477e-18 0.048000000000000001
    endloop
  endfacet
  facet normal -1 -1.2179869701116025e-17 6.123233995736766e-17
    outer loop
      vertex 3.0616169978683832e-18 3.0616169978683832e-18 0.050000000000000003
      vertex 2.9391523179536477e-18 -0.018368804753524308 0.044346217560541766
      vertex 3.0616169978683832e-18 -0.019134171618254488 0.046193976625564341
    endloop
  endfacet
  facet normal -1 -1.2179869701116026e-17 6.123233995736766e-17
    outer loop
      vertex 3.0616169978683832e-18 3.0616169978683832e-18 0.050000000000000003
      vertex 2.9391523179536477e-18 2.9391523179536477e-18 0.048000000000000001
      vertex 2.9391523179536477e-18 -0.018368804753524308 0.044346217560541766
    endloop
  endfacet
  facet normal -1 -3.4685334352146926e-17 5.1910271271402353e-17
    outer loop
      vertex 3.0616169978683832e-18 -0.019134171618254488 0.046193976625564341
      vertex 2.9391523179536477e-18 -0.033941125496954279 0.033941125496954286
      vertex 3.0616169978683832e-18 -0.035355339059327376 0.035355339059327383
    endloop
  endfacet
  facet normal -1 -3.4685334352146957e-17 5.1910271271402397e-17
    outer loop
      vertex 3.0616169978683832e-18 -0.019134171618254488 0.046193976625564341
      vertex 2.9391523179536477e-18 -0.018368804753524308 0.044346217560541766
      vertex 2.9391523179536477e-18 -0.033941125496954279 0.033941125496954286
    endloop
  endfacet
  facet normal -1 -5.191027127140239e-17 3.4685334352146975e-17
    outer loop
      vertex 3.0616169978683832e-18 -0.035355339059327376 0.035355339059327383
      vertex 2.9391523179536477e-18 -0.044346217560541766 0.018368804753524315
      vertex 3.0616169978683832e-18 -0.046193976625564341 0.019134171618254495
    endloop
  endfacet
  facet normal -1 -5.1910271271402353e-17 3.4685334352146951e-17
    outer loop
      vertex 3.0616169978683832e-18 -0.035355339059327376 0.035355339059327383
      vertex 2.9391523179536477e-18 -0.033941125496954279 0.033941125496954286
      vertex 2.9391523179536477e-18 -0.044346217560541766 0.018368804753524315
    endloop
  endfacet
  facet normal -1 -6.1232339957367648e-17 1.2179869701116026e-17
    outer loop
      vertex 3.0616169978683832e-18 -0.046193976625564341 0.019134171618254495
      vertex 2.9391523179536477e-18 -0.048000000000000001 5.8783046359072955e-18
      vertex 3.0616169978683832e-18 -0.050000000000000003 6.1232339957367663e-18
    endloop
  endfacet
  facet normal -1 -6.123233995736766e-17 1.2179869701116031e-17
    outer loop
      vertex 3.0616169978683832e-18 -0.046193976625564341 0.019134171618254495
      vertex 2.9391523179536477e-18 -0.044346217560541766 0.018368804753524315
      vertex 2.9391523179536477e-18 -0.048000000000000001 5.8783046359072955e-18
    endloop
  endfacet
  facet normal -1 -6.1232339957367685e-17 -1.2179869701116006e-17
    outer loop
      vertex 3.0616169978683832e-18 -0.050000000000000003 6.1232339957367663e-18
      vertex 2.9391523179536477e-18 -0.044346217560541773 -0.018368804753524304
      vertex 3.0616169978683832e-18 -0.046193976625564348 -0.019134171618254484
    endloop
  endfacet
  facet normal -1 -6.123233995736766e-17 -1.2179869701116e-17
    outer loop
      vertex 3.0616169978683832e-18 -0.050000000000000003 6.1232339957367663e-18
      vertex 2.9391523179536477e-18 -0.048000000000000001 5.8783046359072955e-18
      vertex 2.9391523179536477e-18 -0.044346217560541773 -0.018368804753524304
    endloop
  endfacet
  facet normal -1 -5.1910271271402477e-17 -3.4685334352147025e-17
    outer loop
      vertex 3.0616169978683832e-18 -0.046193976625564348 -0.019134171618254484
      vertex 2.9391523179536477e-18 -0.033941125496954293 -0.033941125496954279
      vertex 3.0616169978683832e-18 -0.035355339059327383 -0.035355339059327376
    endloop
  endfacet
  facet normal -1 -5.1910271271402397e-17 -3.4685334352146951e-17
    outer loop
      vertex 3.0616169978683832e-18 -0.046193976625564348 -0.019134171618254484
      vertex 2.9391523179536477e-18 -0.044346217560541773 -0.018368804753524304
      vertex 2.9391523179536477e-18 -0.033941125496954293 -0.033941125496954279
    endloop
  endfacet
  facet normal -1 -3.4685334352146951e-17 -5.1910271271402347e-17
    outer loop
      vertex 3.0616169978683832e-18 -0.035355339059327383 -0.035355339059327376
      vertex 2.9391523179536477e-18 -0.018368804753524336 -0.044346217560541752
      vertex 3.0616169978683832e-18 -0.019134171618254519 -0.046193976625564327
    endloop
  endfacet
  facet normal -1 -3.4685334352147006e-17 -5.1910271271402452e-17
    outer loop
      vertex 3.0616169978683832e-18 -0.035355339059327383 -0.035355339059327376
      vertex 2.9391523179536477e-18 -0.033941125496954293 -0.033941125496954279
      vertex 2.9391523179536477e-18 -0.018368804753524336 -0.044346217560541752
    endloop
  endfacet
  facet normal -1 -1.2179869701116057e-17 -6.123233995736766e-17
    outer loop
      vertex 3.0616169978683832e-18 -0.019134171618254519 -0.046193976625564327
      vertex 2.9391523179536477e-18 -8.8174569538609421e-18 -0.048000000000000001
      vertex 3.0616169978683832e-18 -9.1848509936051487e-18 -0.050000000000000003
    endloop
  endfacet
  facet normal -1 -1.2179869701116055e-17 -6.1232339957367623e-17
    outer loop
      vertex 3.0616169978683832e-18 -0.019134171618254519 -0.046193976625564327
      vertex 2.9391523179536477e-18 -0.018368804753524336 -0.044346217560541752
      vertex 2.9391523179536477e-18 -8.8174569538609421e-18 -0.048000000000000001
    endloop
  endfacet
  facet normal -1 1.2179869701116034e-17 -6.123233995736766e-17
    outer loop
      vertex 3.0616169978683832e-18 -9.1848509936051487e-18 -0.050000000000000003
      vertex 2.9391523179536477e-18 0.018368804753524322 -0.044346217560541759
      vertex 3.0616169978683832e-18 0.019134171618254502 -0.046193976625564334
    endloop
  endfacet
  facet normal -1 1.2179869701116032e-17 -6.123233995736766e-17
    outer loop
      vertex 3.0616169978683832e-18 -9.1848509936051487e-18 -0.050000000000000003
      vertex 2.9391523179536477e-18 -8.8174569538609421e-18 -0.048000000000000001
      vertex 2.9391523179536477e-18 0.018368804753524322 -0.044346217560541759
    endloop
  endfacet
  facet normal -1 3.4685334352147049e-17 -5.1910271271402507e-17
    outer loop
      vertex 3.0616169978683832e-18 0.019134171618254502 -0.046193976625564334
      vertex 2.9391523179536477e-18 0.033941125496954272 -0.033941125496954293
      vertex 3.0616169978683832e-18 0.035355339059327369 -0.035355339059327383
    endloop
  endfacet
  facet normal -1 3.4685334352146963e-17 -5.1910271271402397e-17
    outer loop
      vertex 3.0616169978683832e-18 0.019134171618254502 -0.046193976625564334
      vertex 2.9391523179536477e-18 0.018368804753524322 -0.044346217560541759
      vertex 2.9391523179536477e-18 0.033941125496954272 -0.033941125496954293
    endloop
  endfacet
  facet normal -1 5.1910271271402341e-17 -3.4685334352146975e-17
    outer loop
      vertex 3.0616169978683832e-18 0.035355339059327369 -0.035355339059327383
      vertex 2.9391523179536477e-18 0.044346217560541752 -0.018368804753524339
      vertex 3.0616169978683832e-18 0.046193976625564327 -0.019134171618254522
    endloop
  endfacet
  facet normal -1 5.1910271271402434e-17 -3.4685334352147025e-17
    outer loop
      vertex 3.0616169978683832e-18 0.035355339059327369 -0.035355339059327383
      vertex 2.9391523179536477e-18 0.033941125496954272 -0.033941125496954293
      vertex 2.9391523179536477e-18 0.044346217560541752 -0.018368804753524339
    endloop
  endfacet
  facet normal -1 6.123233995736766e-17 -1.2179869701116049e-17
    outer loop
      vertex 3.0616169978683832e-18 0.046193976625564327 -0.019134171618254522
      vertex 2.9391523179536477e-18 0.048000000000000001 0
      vertex 3.0616169978683832e-18 0.050000000000000003 0
    endloop
  endfacet
  facet normal -1 6.1232339957367636e-17 -1.2179869701116049e-17
    outer loop
      vertex 3.0616169978683832e-18 0.046193976625564327 -0.019134171618254522
      vertex 2.9391523179536477e-18 0.044346217560541752 -0.018368804753524339
      vertex 2.9391523179536477e-18 0.048000000000000001 0
    endloop
  endfacet
endsolid hemisphere_shell_ro0p05_ri0p048
