solid sphere_d0p1
  facet normal 0.99129851029002436 0.13050692473434633 0.01718156259372702
    outer loop
      vertex 0.050000000000000003 0 0
      vertex 0.04829629131445342 0.012940952255126037 0
      vertex 0.04829629131445342 0.012499999999999999 0.0033493649053890334
    endloop
  endfacet
  facet normal 0.99129851029002436 0.12161309348659111 0.050373792684293088
    outer loop
      vertex 0.050000000000000003 0 0
      vertex 0.04829629131445342 0.012499999999999999 0.0033493649053890334
      vertex 0.04829629131445342 0.011207193402100669 0.0064704761275630176
    endloop
  endfacet
  facet normal 0.99129851029002447 0.10443153089286408 0.080133132050053235
    outer loop
      vertex 0.050000000000000003 0 0
      vertex 0.04829629131445342 0.011207193402100669 0.0064704761275630176
      vertex 0.04829629131445342 0.0091506350946109656 0.0091506350946109639
    endloop
  endfacet
  facet normal 0.99129851029002436 0.080133132050053249 0.10443153089286407
    outer loop
      vertex 0.050000000000000003 0 0
      vertex 0.04829629131445342 0.0091506350946109656 0.0091506350946109639
      vertex 0.04829629131445342 0.0064704761275630202 0.011207193402100668
    endloop
  endfacet
  facet normal 0.99129851029002436 0.050373792684293123 0.12161309348659113
    outer loop
      vertex 0.050000000000000003 0 0
      vertex 0.04829629131445342 0.0064704761275630202 0.011207193402100668
      vertex 0.04829629131445342 0.0033493649053890334 0.012499999999999999
    endloop
  endfacet
  facet normal 0.99129851029002436 0.017181562593727023 0.13050692473434633
    outer loop
      vertex 0.050000000000000003 0 0
      vertex 0.04829629131445342 0.0033493649053890334 0.012499999999999999
      vertex 0.04829629131445342 7.9240478785794118e-19 0.012940952255126037
    endloop
  endfacet
  facet normal 0.99129851029002436 -0.017181562593727027 0.13050692473434636
    outer loop
      vertex 0.050000000000000003 0 0
      vertex 0.04829629131445342 7.9240478785794118e-19 0.012940952255126037
      vertex 0.04829629131445342 -0.0033493649053890316 0.012499999999999999
    endloop
  endfacet
  facet normal 0.99129851029002436 -0.050373792684293095 0.12161309348659113
    outer loop
      vertex 0.050000000000000003 0 0
      vertex 0.04829629131445342 -0.0033493649053890316 0.012499999999999999
      vertex 0.04829629131445342 -0.0064704761275630159 0.011207193402100669
    endloop
  endfacet
  facet normal 0.99129851029002436 -0.080133132050053207 0.10443153089286412
    outer loop
      vertex 0.050000000000000003 0 0
      vertex 0.04829629131445342 -0.0064704761275630159 0.011207193402100669
      vertex 0.04829629131445342 -0.0091506350946109639 0.0091506350946109656
    endloop
  endfacet
  facet normal 0.99129851029002436 -0.10443153089286408 0.080133132050053249
    outer loop
      vertex 0.050000000000000003 0 0
      vertex 0.04829629131445342 -0.0091506350946109639 0.0091506350946109656
      vertex 0.04829629131445342 -0.011207193402100669 0.0064704761275630176
    endloop
  endfacet
  facet normal 0.99129851029002425 -0.12161309348659112 0.05037379268429315
    outer loop
      vertex 0.050000000000000003 0 0
      vertex 0.04829629131445342 -0.011207193402100669 0.0064704761275630176
      vertex 0.04829629131445342 -0.012499999999999997 0.0033493649053890368
    endloop
  endfacet
  facet normal 0.99129851029002436 -0.13050692473434636 0.017181562593727013
    outer loop
      vertex 0.050000000000000003 0 0
      vertex 0.04829629131445342 -0.012499999999999997 0.0033493649053890368
      vertex 0.04829629131445342 -0.012940952255126037 1.5848095757158824e-18
    endloop
  endfacet
  facet normal 0.99129851029002436 -0.13050692473434633 -0.017181562593727009
    outer loop
      vertex 0.050000000000000003 0 0
      vertex 0.04829629131445342 -0.012940952255126037 1.5848095757158824e-18
      vertex 0.04829629131445342 -0.012499999999999999 -0.0033493649053890338
    endloop
  endfacet
  facet normal 0.99129851029002425 -0.12161309348659111 -0.050373792684293144
    outer loop
      vertex 0.050000000000000003 0 0
      vertex 0.04829629131445342 -0.012499999999999999 -0.0033493649053890338
      vertex 0.04829629131445342 -0.011207193402100669 -0.006470476127563015
    endloop
  endfacet
  facet normal 0.99129851029002447 -0.10443153089286424 -0.080133132050053096
    outer loop
      vertex 0.050000000000000003 0 0
      vertex 0.04829629131445342 -0.011207193402100669 -0.006470476127563015
      vertex 0.04829629131445342 -0.0091506350946109708 -0.0091506350946109604
    endloop
  endfacet
  facet normal 0.99129851029002447 -0.080133132050053235 -0.10443153089286412
    outer loop
      vertex 0.050000000000000003 0 0
      vertex 0.04829629131445342 -0.0091506350946109708 -0.0091506350946109604
      vertex 0.04829629131445342 -0.0064704761275630246 -0.011207193402100664
    endloop
  endfacet
  facet normal 0.99129851029002436 -0.050373792684293109 -0.12161309348659113
    outer loop
      vertex 0.050000000000000003 0 0
      vertex 0.04829629131445342 -0.0064704761275630246 -0.011207193402100664
      vertex 0.04829629131445342 -0.0033493649053890316 -0.012499999999999999
    endloop
  endfacet
  facet normal 0.99129851029002425 -0.017181562593727041 -0.13050692473434633
    outer loop
      vertex 0.050000000000000003 0 0
      vertex 0.04829629131445342 -0.0033493649053890316 -0.012499999999999999
      vertex 0.04829629131445342 -2.3772143635738232e-18 -0.012940952255126037
    endloop
  endfacet
  facet normal 0.99129851029002425 0.017181562593726964 -0.13050692473434636
    outer loop
      vertex 0.050000000000000003 0 0
      vertex 0.04829629131445342 -2.3772143635738232e-18 -0.012940952255126037
      vertex 0.04829629131445342 0.0033493649053890273 -0.012500000000000001
    endloop
  endfacet
  facet normal 0.99129851029002436 0.050373792684293109 -0.12161309348659113
    outer loop
      vertex 0.050000000000000003 0 0
      vertex 0.04829629131445342 0.0033493649053890273 -0.012500000000000001
      vertex 0.04829629131445342 0.0064704761275630202 -0.011207193402100668
    endloop
  endfacet
  facet normal 0.99129851029002447 0.080133132050053166 -0.10443153089286408
    outer loop
      vertex 0.050000000000000003 0 0
      vertex 0.04829629131445342 0.0064704761275630202 -0.011207193402100668
      vertex 0.04829629131445342 0.0091506350946109639 -0.0091506350946109673
    endloop
  endfacet
  facet normal 0.99129851029002425 0.10443153089286412 -0.080133132050053277
    outer loop
      vertex 0.050000000000000003 0 0
      vertex 0.04829629131445342 0.0091506350946109639 -0.0091506350946109673
      vertex 0.04829629131445342 0.011207193402100664 -0.0064704761275630246
    endloop
  endfacet
  facet normal 0.99129851029002425 0.12161309348659111 -0.050373792684293227
    outer loop
      vertex 0.050000000000000003 0 0
      vertex 0.04829629131445342 0.011207193402100664 -0.0064704761275630246
      vertex 0.04829629131445342 0.012499999999999995 -0.0033493649053890442
    endloop
  endfacet
  facet normal 0.99129851029002447 0.13050692473434639 -0.017181562593727048
    outer loop
      vertex 0.050000000000000003 0 0
      vertex 0.04829629131445342 0.012499999999999995 -0.0033493649053890442
      vertex 0.04829629131445342 0.012940952255126037 0
    endloop
  endfacet
  facet normal 0.92270923287551765 0.3821986783839138 0.050317410583843973
    outer loop
      vertex 0.04829629131445342 0.012940952255126037 0
      vertex 0.04330127018922194 0.024999999999999998 0
      vertex 0.04330127018922194 0.024148145657226706 0.0064704761275630176
    endloop
  endfacet
  facet normal 0.92270923287551776 0.38219867838391386 0.050317410583844098
    outer loop
      vertex 0.04829629131445342 0.012940952255126037 0
      vertex 0.04330127018922194 0.024148145657226706 0.0064704761275630176
      vertex 0.04829629131445342 0.012499999999999999 0.0033493649053890334
    endloop
  endfacet
  facet normal 0.92270923287551765 0.35615247006522976 0.14752318337369594
    outer loop
      vertex 0.04829629131445342 0.012499999999999999 0.0033493649053890334
      vertex 0.04330127018922194 0.024148145657226706 0.0064704761275630176
      vertex 0.04330127018922194 0.021650635094610966 0.012499999999999997
    endloop
  endfacet
  facet normal 0.92270923287551776 0.35615247006522993 0.14752318337369585
    outer loop
      vertex 0.04829629131445342 0.012499999999999999 0.0033493649053890334
      vertex 0.04330127018922194 0.021650635094610966 0.012499999999999997
      vertex 0.04829629131445342 0.011207193402100669 0.0064704761275630176
    endloop
  endfacet
  facet normal 0.92270923287551765 0.30583505948138567 0.23467549501021795
    outer loop
      vertex 0.04829629131445342 0.011207193402100669 0.0064704761275630176
      vertex 0.04330127018922194 0.021650635094610966 0.012499999999999997
      vertex 0.04330127018922194 0.017677669529663688 0.017677669529663684
    endloop
  endfacet
  facet normal 0.92270923287551776 0.30583505948138562 0.23467549501021803
    outer loop
      vertex 0.04829629131445342 0.011207193402100669 0.0064704761275630176
      vertex 0.04330127018922194 0.017677669529663688 0.017677669529663684
      vertex 0.04829629131445342 0.0091506350946109656 0.0091506350946109639
    endloop
  endfacet
  facet normal 0.92270923287551765 0.23467549501021795 0.30583505948138567
    outer loop
      vertex 0.04829629131445342 0.0091506350946109656 0.0091506350946109639
      vertex 0.04330127018922194 0.017677669529663688 0.017677669529663684
      vertex 0.04330127018922194 0.012500000000000002 0.021650635094610963
    endloop
  endfacet
  facet normal 0.92270923287551776 0.23467549501021806 0.30583505948138562
    outer loop
      vertex 0.04829629131445342 0.0091506350946109656 0.0091506350946109639
      vertex 0.04330127018922194 0.012500000000000002 0.021650635094610963
      vertex 0.04829629131445342 0.0064704761275630202 0.011207193402100668
    endloop
  endfacet
  facet normal 0.92270923287551776 0.14752318337369605 0.35615247006522988
    outer loop
      vertex 0.04829629131445342 0.0064704761275630202 0.011207193402100668
      vertex 0.04330127018922194 0.012500000000000002 0.021650635094610963
      vertex 0.04330127018922194 0.0064704761275630176 0.024148145657226706
    endloop
  endfacet
  facet normal 0.92270923287551787 0.14752318337369588 0.35615247006522988
    outer loop
      vertex 0.04829629131445342 0.0064704761275630202 0.011207193402100668
      vertex 0.04330127018922194 0.0064704761275630176 0.024148145657226706
      vertex 0.04829629131445342 0.0033493649053890334 0.012499999999999999
    endloop
  endfacet
  facet normal 0.92270923287551787 0.050317410583844063 0.38219867838391386
    outer loop
      vertex 0.04829629131445342 0.0033493649053890334 0.012499999999999999
      vertex 0.04330127018922194 0.0064704761275630176 0.024148145657226706
      vertex 0.04330127018922194 1.5308084989341914e-18 0.024999999999999998
    endloop
  endfacet
  facet normal 0.92270923287551776 0.050317410583844112 0.38219867838391391
    outer loop
      vertex 0.04829629131445342 0.0033493649053890334 0.012499999999999999
      vertex 0.04330127018922194 1.5308084989341914e-18 0.024999999999999998
      vertex 0.04829629131445342 7.9240478785794118e-19 0.012940952255126037
    endloop
  endfacet
  facet normal 0.92270923287551787 -0.050317410583843987 0.38219867838391391
    outer loop
      vertex 0.04829629131445342 7.9240478785794118e-19 0.012940952255126037
      vertex 0.04330127018922194 1.5308084989341914e-18 0.024999999999999998
      vertex 0.04330127018922194 -0.006470476127563015 0.024148145657226706
    endloop
  endfacet
  facet normal 0.92270923287551776 -0.050317410583844105 0.38219867838391386
    outer loop
      vertex 0.04829629131445342 7.9240478785794118e-19 0.012940952255126037
      vertex 0.04330127018922194 -0.006470476127563015 0.024148145657226706
      vertex 0.04829629131445342 -0.0033493649053890316 0.012499999999999999
    endloop
  endfacet
  facet normal 0.92270923287551787 -0.14752318337369597 0.35615247006522988
    outer loop
      vertex 0.04829629131445342 -0.0033493649053890316 0.012499999999999999
      vertex 0.04330127018922194 -0.006470476127563015 0.024148145657226706
      vertex 0.04330127018922194 -0.012499999999999994 0.021650635094610966
    endloop
  endfacet
  facet normal 0.92270923287551776 -0.14752318337369585 0.35615247006522993
    outer loop
      vertex 0.04829629131445342 -0.0033493649053890316 0.012499999999999999
      vertex 0.04330127018922194 -0.012499999999999994 0.021650635094610966
      vertex 0.04829629131445342 -0.0064704761275630159 0.011207193402100669
    endloop
  endfacet
  facet normal 0.92270923287551776 -0.23467549501021781 0.30583505948138584
    outer loop
      vertex 0.04829629131445342 -0.0064704761275630159 0.011207193402100669
      vertex 0.04330127018922194 -0.012499999999999994 0.021650635094610966
      vertex 0.04330127018922194 -0.017677669529663684 0.017677669529663688
    endloop
  endfacet
  facet normal 0.92270923287551787 -0.23467549501021792 0.30583505948138567
    outer loop
      vertex 0.04829629131445342 -0.0064704761275630159 0.011207193402100669
      vertex 0.04330127018922194 -0.017677669529663684 0.017677669529663688
      vertex 0.04829629131445342 -0.0091506350946109639 0.0091506350946109656
    endloop
  endfacet
  facet normal 0.92270923287551776 -0.30583505948138567 0.23467549501021789
    outer loop
      vertex 0.04829629131445342 -0.0091506350946109639 0.0091506350946109656
      vertex 0.04330127018922194 -0.017677669529663684 0.017677669529663688
      vertex 0.04330127018922194 -0.021650635094610966 0.012499999999999997
    endloop
  endfacet
  facet normal 0.92270923287551765 -0.30583505948138562 0.23467549501021803
    outer loop
      vertex 0.04829629131445342 -0.0091506350946109639 0.0091506350946109656
      vertex 0.04330127018922194 -0.021650635094610966 0.012499999999999997
      vertex 0.04829629131445342 -0.011207193402100669 0.0064704761275630176
    endloop
  endfacet
  facet normal 0.92270923287551776 -0.35615247006522988 0.14752318337369597
    outer loop
      vertex 0.04829629131445342 -0.011207193402100669 0.0064704761275630176
      vertex 0.04330127018922194 -0.021650635094610966 0.012499999999999997
      vertex 0.04330127018922194 -0.024148145657226703 0.0064704761275630246
    endloop
  endfacet
  facet normal 0.92270923287551787 -0.35615247006522993 0.1475231833736958
    outer loop
      vertex 0.04829629131445342 -0.011207193402100669 0.0064704761275630176
      vertex 0.04330127018922194 -0.024148145657226703 0.0064704761275630246
      vertex 0.04829629131445342 -0.012499999999999997 0.0033493649053890368
    endloop
  endfacet
  facet normal 0.92270923287551787 -0.38219867838391386 0.050317410583844105
    outer loop
      vertex 0.04829629131445342 -0.012499999999999997 0.0033493649053890368
      vertex 0.04330127018922194 -0.024148145657226703 0.0064704761275630246
      vertex 0.04330127018922194 -0.024999999999999998 3.0616169978683828e-18
    endloop
  endfacet
  facet normal 0.92270923287551776 -0.38219867838391391 0.050317410583844278
    outer loop
      vertex 0.04829629131445342 -0.012499999999999997 0.0033493649053890368
      vertex 0.04330127018922194 -0.024999999999999998 3.0616169978683828e-18
      vertex 0.04829629131445342 -0.012940952255126037 1.5848095757158824e-18
    endloop
  endfacet
  facet normal 0.92270923287551776 -0.38219867838391386 -0.050317410583843938
    outer loop
      vertex 0.04829629131445342 -0.012940952255126037 1.5848095757158824e-18
      vertex 0.04330127018922194 -0.024999999999999998 3.0616169978683828e-18
      vertex 0.04330127018922194 -0.024148145657226706 -0.0064704761275630194
    endloop
  endfacet
  facet normal 0.92270923287551787 -0.3821986783839138 -0.050317410583844056
    outer loop
      vertex 0.04829629131445342 -0.012940952255126037 1.5848095757158824e-18
      vertex 0.04330127018922194 -0.024148145657226706 -0.0064704761275630194
      vertex 0.04829629131445342 -0.012499999999999999 -0.0033493649053890338
    endloop
  endfacet
  facet normal 0.92270923287551776 -0.35615247006522988 -0.14752318337369594
    outer loop
      vertex 0.04829629131445342 -0.012499999999999999 -0.0033493649053890338
      vertex 0.04330127018922194 -0.024148145657226706 -0.0064704761275630194
      vertex 0.04330127018922194 -0.02165063509461097 -0.012499999999999992
    endloop
  endfacet
  facet normal 0.92270923287551787 -0.35615247006522976 -0.14752318337369597
    outer loop
      vertex 0.04829629131445342 -0.012499999999999999 -0.0033493649053890338
      vertex 0.04330127018922194 -0.02165063509461097 -0.012499999999999992
      vertex 0.04829629131445342 -0.011207193402100669 -0.006470476127563015
    endloop
  endfacet
  facet normal 0.92270923287551776 -0.30583505948138578 -0.23467549501021789
    outer loop
      vertex 0.04829629131445342 -0.011207193402100669 -0.006470476127563015
      vertex 0.04330127018922194 -0.02165063509461097 -0.012499999999999992
      vertex 0.04330127018922194 -0.017677669529663695 -0.017677669529663678
    endloop
  endfacet
  facet normal 0.92270923287551765 -0.30583505948138595 -0.2346754950102177
    outer loop
      vertex 0.04829629131445342 -0.011207193402100669 -0.006470476127563015
      vertex 0.04330127018922194 -0.017677669529663695 -0.017677669529663678
      vertex 0.04829629131445342 -0.0091506350946109708 -0.0091506350946109604
    endloop
  endfacet
  facet normal 0.92270923287551787 -0.23467549501021812 -0.30583505948138573
    outer loop
      vertex 0.04829629131445342 -0.0091506350946109708 -0.0091506350946109604
      vertex 0.04330127018922194 -0.017677669529663695 -0.017677669529663678
      vertex 0.04330127018922194 -0.012500000000000009 -0.021650635094610956
    endloop
  endfacet
  facet normal 0.92270923287551776 -0.23467549501021806 -0.30583505948138567
    outer loop
      vertex 0.04829629131445342 -0.0091506350946109708 -0.0091506350946109604
      vertex 0.04330127018922194 -0.012500000000000009 -0.021650635094610956
      vertex 0.04829629131445342 -0.0064704761275630246 -0.011207193402100664
    endloop
  endfacet
  facet normal 0.92270923287551776 -0.14752318337369622 -0.35615247006522988
    outer loop
      vertex 0.04829629131445342 -0.0064704761275630246 -0.011207193402100664
      vertex 0.04330127018922194 -0.012500000000000009 -0.021650635094610956
      vertex 0.04330127018922194 -0.006470476127563015 -0.024148145657226706
    endloop
  endfacet
  facet normal 0.92270923287551787 -0.14752318337369602 -0.35615247006522982
    outer loop
      vertex 0.04829629131445342 -0.0064704761275630246 -0.011207193402100664
      vertex 0.04330127018922194 -0.006470476127563015 -0.024148145657226706
      vertex 0.04829629131445342 -0.0033493649053890316 -0.012499999999999999
    endloop
  endfacet
  facet normal 0.92270923287551776 -0.050317410583844105 -0.3821986783839138
    outer loop
      vertex 0.04829629131445342 -0.0033493649053890316 -0.012499999999999999
      vertex 0.04330127018922194 -0.006470476127563015 -0.024148145657226706
      vertex 0.04330127018922194 -4.5924254968025736e-18 -0.024999999999999998
    endloop
  endfacet
  facet normal 0.92270923287551765 -0.050317410583844147 -0.38219867838391375
    outer loop
      vertex 0.04829629131445342 -0.0033493649053890316 -0.012499999999999999
      vertex 0.04330127018922194 -4.5924254968025736e-18 -0.024999999999999998
      vertex 0.04829629131445342 -2.3772143635738232e-18 -0.012940952255126037
    endloop
  endfacet
  facet normal 0.92270923287551776 0.050317410583843855 -0.38219867838391391
    outer loop
      vertex 0.04829629131445342 -2.3772143635738232e-18 -0.012940952255126037
      vertex 0.04330127018922194 -4.5924254968025736e-18 -0.024999999999999998
      vertex 0.04330127018922194 0.0064704761275630072 -0.02414814565722671
    endloop
  endfacet
  facet normal 0.92270923287551765 0.050317410583843959 -0.3821986783839138
    outer loop
      vertex 0.04829629131445342 -2.3772143635738232e-18 -0.012940952255126037
      vertex 0.04330127018922194 0.0064704761275630072 -0.02414814565722671
      vertex 0.04829629131445342 0.0033493649053890273 -0.012500000000000001
    endloop
  endfacet
  facet normal 0.92270923287551776 0.14752318337369594 -0.35615247006522982
    outer loop
      vertex 0.04829629131445342 0.0033493649053890273 -0.012500000000000001
      vertex 0.04330127018922194 0.0064704761275630072 -0.02414814565722671
      vertex 0.04330127018922194 0.012500000000000002 -0.021650635094610963
    endloop
  endfacet
  facet normal 0.92270923287551776 0.14752318337369583 -0.35615247006522988
    outer loop
      vertex 0.04829629131445342 0.0033493649053890273 -0.012500000000000001
      vertex 0.04330127018922194 0.012500000000000002 -0.021650635094610963
      vertex 0.04829629131445342 0.0064704761275630202 -0.011207193402100668
    endloop
  endfacet
  facet normal 0.92270923287551776 0.23467549501021789 -0.30583505948138567
    outer loop
      vertex 0.04829629131445342 0.0064704761275630202 -0.011207193402100668
      vertex 0.04330127018922194 0.012500000000000002 -0.021650635094610963
      vertex 0.04330127018922194 0.017677669529663681 -0.017677669529663691
    endloop
  endfacet
  facet normal 0.92270923287551787 0.23467549501021792 -0.30583505948138578
    outer loop
      vertex 0.04829629131445342 0.0064704761275630202 -0.011207193402100668
      vertex 0.04330127018922194 0.017677669529663681 -0.017677669529663691
      vertex 0.04829629131445342 0.0091506350946109639 -0.0091506350946109673
    endloop
  endfacet
  facet normal 0.92270923287551776 0.30583505948138573 -0.23467549501021795
    outer loop
      vertex 0.04829629131445342 0.0091506350946109639 -0.0091506350946109673
      vertex 0.04330127018922194 0.017677669529663681 -0.017677669529663691
      vertex 0.04330127018922194 0.021650635094610956 -0.012500000000000009
    endloop
  endfacet
  facet normal 0.92270923287551765 0.30583505948138573 -0.23467549501021798
    outer loop
      vertex 0.04829629131445342 0.0091506350946109639 -0.0091506350946109673
      vertex 0.04330127018922194 0.021650635094610956 -0.012500000000000009
      vertex 0.04829629131445342 0.011207193402100664 -0.0064704761275630246
    endloop
  endfacet
  facet normal 0.92270923287551776 0.35615247006522982 -0.14752318337369627
    outer loop
      vertex 0.04829629131445342 0.011207193402100664 -0.0064704761275630246
      vertex 0.04330127018922194 0.021650635094610956 -0.012500000000000009
      vertex 0.04330127018922194 0.024148145657226699 -0.0064704761275630384
    endloop
  endfacet
  facet normal 0.92270923287551765 0.35615247006522971 -0.14752318337369616
    outer loop
      vertex 0.04829629131445342 0.011207193402100664 -0.0064704761275630246
      vertex 0.04330127018922194 0.024148145657226699 -0.0064704761275630384
      vertex 0.04829629131445342 0.012499999999999995 -0.0033493649053890442
    endloop
  endfacet
  facet normal 0.92270923287551776 0.3821986783839138 -0.050317410583844292
    outer loop
      vertex 0.04829629131445342 0.012499999999999995 -0.0033493649053890442
      vertex 0.04330127018922194 0.024148145657226699 -0.0064704761275630384
      vertex 0.04330127018922194 0.024999999999999998 0
    endloop
  endfacet
  facet normal 0.92270923287551787 0.38219867838391386 -0.050317410583844327
    outer loop
      vertex 0.04829629131445342 0.012499999999999995 -0.0033493649053890442
      vertex 0.04330127018922194 0.024999999999999998 0
      vertex 0.04829629131445342 0.012940952255126037 0
    endloop
  endfacet
  facet normal 0.79081760988225336 0.60681569463166996 0.079888801773489962
    outer loop
      vertex 0.04330127018922194 0.024999999999999998 0
      vertex 0.035355339059327383 0.035355339059327376 0
      vertex 0.035355339059327383 0.034150635094610964 0.0091506350946109656
    endloop
  endfacet
  facet normal 0.79081760988225325 0.60681569463167007 0.079888801773489782
    outer loop
      vertex 0.04330127018922194 0.024999999999999998 0
      vertex 0.035355339059327383 0.034150635094610964 0.0091506350946109656
      vertex 0.04330127018922194 0.024148145657226706 0.0064704761275630176
    endloop
  endfacet
  facet normal 0.79081760988225336 0.56546220785287171 0.23422211550209335
    outer loop
      vertex 0.04330127018922194 0.024148145657226706 0.0064704761275630176
      vertex 0.035355339059327383 0.034150635094610964 0.0091506350946109656
      vertex 0.035355339059327383 0.030618621784789728 0.017677669529663684
    endloop
  endfacet
  facet normal 0.79081760988225336 0.5654622078528716 0.23422211550209346
    outer loop
      vertex 0.04330127018922194 0.024148145657226706 0.0064704761275630176
      vertex 0.035355339059327383 0.030618621784789728 0.017677669529663684
      vertex 0.04330127018922194 0.021650635094610966 0.012499999999999997
    endloop
  endfacet
  facet normal 0.79081760988225336 0.48557340607938165 0.37259357912957652
    outer loop
      vertex 0.04330127018922194 0.021650635094610966 0.012499999999999997
      vertex 0.035355339059327383 0.030618621784789728 0.017677669529663684
      vertex 0.035355339059327383 0.025000000000000001 0.024999999999999998
    endloop
  endfacet
  facet normal 0.79081760988225347 0.4855734060793816 0.37259357912957652
    outer loop
      vertex 0.04330127018922194 0.021650635094610966 0.012499999999999997
      vertex 0.035355339059327383 0.025000000000000001 0.024999999999999998
      vertex 0.04330127018922194 0.017677669529663688 0.017677669529663684
    endloop
  endfacet
  facet normal 0.79081760988225347 0.37259357912957658 0.48557340607938154
    outer loop
      vertex 0.04330127018922194 0.017677669529663688 0.017677669529663684
      vertex 0.035355339059327383 0.025000000000000001 0.024999999999999998
      vertex 0.035355339059327383 0.017677669529663691 0.030618621784789725
    endloop
  endfacet
  facet normal 0.79081760988225347 0.37259357912957664 0.48557340607938154
    outer loop
      vertex 0.04330127018922194 0.017677669529663688 0.017677669529663684
      vertex 0.035355339059327383 0.017677669529663691 0.030618621784789725
      vertex 0.04330127018922194 0.012500000000000002 0.021650635094610963
    endloop
  endfacet
  facet normal 0.79081760988225347 0.23422211550209326 0.5654622078528716
    outer loop
      vertex 0.04330127018922194 0.012500000000000002 0.021650635094610963
      vertex 0.035355339059327383 0.017677669529663691 0.030618621784789725
      vertex 0.035355339059327383 0.0091506350946109656 0.034150635094610964
    endloop
  endfacet
  facet normal 0.79081760988225325 0.23422211550209354 0.5654622078528716
    outer loop
      vertex 0.04330127018922194 0.012500000000000002 0.021650635094610963
      vertex 0.035355339059327383 0.0091506350946109656 0.034150635094610964
      vertex 0.04330127018922194 0.0064704761275630176 0.024148145657226706
    endloop
  endfacet
  facet normal 0.79081760988225325 0.07988880177348999 0.60681569463166996
    outer loop
      vertex 0.04330127018922194 0.0064704761275630176 0.024148145657226706
      vertex 0.035355339059327383 0.0091506350946109656 0.034150635094610964
      vertex 0.035355339059327383 2.1648901405887331e-18 0.035355339059327376
    endloop
  endfacet
  facet normal 0.79081760988225336 0.079888801773489782 0.60681569463166984
    outer loop
      vertex 0.04330127018922194 0.0064704761275630176 0.024148145657226706
      vertex 0.035355339059327383 2.1648901405887331e-18 0.035355339059327376
      vertex 0.04330127018922194 1.5308084989341914e-18 0.024999999999999998
    endloop
  endfacet
  facet normal 0.79081760988225336 -0.07988880177348999 0.60681569463166996
    outer loop
      vertex 0.04330127018922194 1.5308084989341914e-18 0.024999999999999998
      vertex 0.035355339059327383 2.1648901405887331e-18 0.035355339059327376
      vertex 0.035355339059327383 -0.0091506350946109621 0.034150635094610964
    endloop
  endfacet
  facet normal 0.79081760988225325 -0.079888801773489795 0.60681569463167007
    outer loop
      vertex 0.04330127018922194 1.5308084989341914e-18 0.024999999999999998
      vertex 0.035355339059327383 -0.0091506350946109621 0.034150635094610964
      vertex 0.04330127018922194 -0.006470476127563015 0.024148145657226706
    endloop
  endfacet
  facet normal 0.79081760988225336 -0.23422211550209335 0.56546220785287171
    outer loop
      vertex 0.04330127018922194 -0.006470476127563015 0.024148145657226706
      vertex 0.035355339059327383 -0.0091506350946109621 0.034150635094610964
      vertex 0.035355339059327383 -0.017677669529663681 0.030618621784789728
    endloop
  endfacet
  facet normal 0.79081760988225336 -0.23422211550209346 0.5654622078528716
    outer loop
      vertex 0.04330127018922194 -0.006470476127563015 0.024148145657226706
      vertex 0.035355339059327383 -0.017677669529663681 0.030618621784789728
      vertex 0.04330127018922194 -0.012499999999999994 0.021650635094610966
    endloop
  endfacet
  facet normal 0.79081760988225336 -0.37259357912957636 0.48557340607938171
    outer loop
      vertex 0.04330127018922194 -0.012499999999999994 0.021650635094610966
      vertex 0.035355339059327383 -0.017677669529663681 0.030618621784789728
      vertex 0.035355339059327383 -0.024999999999999998 0.025000000000000001
    endloop
  endfacet
  facet normal 0.79081760988225347 -0.37259357912957636 0.48557340607938171
    outer loop
      vertex 0.04330127018922194 -0.012499999999999994 0.021650635094610966
      vertex 0.035355339059327383 -0.024999999999999998 0.025000000000000001
      vertex 0.04330127018922194 -0.017677669529663684 0.017677669529663688
    endloop
  endfacet
  facet normal 0.79081760988225347 -0.4855734060793816 0.37259357912957647
    outer loop
      vertex 0.04330127018922194 -0.017677669529663684 0.017677669529663688
      vertex 0.035355339059327383 -0.024999999999999998 0.025000000000000001
      vertex 0.035355339059327383 -0.030618621784789728 0.017677669529663684
    endloop
  endfacet
  facet normal 0.79081760988225347 -0.4855734060793816 0.37259357912957664
    outer loop
      vertex 0.04330127018922194 -0.017677669529663684 0.017677669529663688
      vertex 0.035355339059327383 -0.030618621784789728 0.017677669529663684
      vertex 0.04330127018922194 -0.021650635094610966 0.012499999999999997
    endloop
  endfacet
  facet normal 0.79081760988225336 -0.56546220785287149 0.2342221155020934
    outer loop
      vertex 0.04330127018922194 -0.021650635094610966 0.012499999999999997
      vertex 0.035355339059327383 -0.030618621784789728 0.017677669529663684
      vertex 0.035355339059327383 -0.034150635094610964 0.0091506350946109743
    endloop
  endfacet
  facet normal 0.79081760988225336 -0.56546220785287149 0.23422211550209335
    outer loop
      vertex 0.04330127018922194 -0.021650635094610966 0.012499999999999997
      vertex 0.035355339059327383 -0.034150635094610964 0.0091506350946109743
      vertex 0.04330127018922194 -0.024148145657226703 0.0064704761275630246
    endloop
  endfacet
  facet normal 0.79081760988225347 -0.60681569463166984 0.079888801773489934
    outer loop
      vertex 0.04330127018922194 -0.024148145657226703 0.0064704761275630246
      vertex 0.035355339059327383 -0.034150635094610964 0.0091506350946109743
      vertex 0.035355339059327383 -0.035355339059327376 4.3297802811774661e-18
    endloop
  endfacet
  facet normal 0.79081760988225347 -0.60681569463166984 0.079888801773490031
    outer loop
      vertex 0.04330127018922194 -0.024148145657226703 0.0064704761275630246
      vertex 0.035355339059327383 -0.035355339059327376 4.3297802811774661e-18
      vertex 0.04330127018922194 -0.024999999999999998 3.0616169978683828e-18
    endloop
  endfacet
  facet normal 0.79081760988225336 -0.60681569463166996 -0.079888801773489906
    outer loop
      vertex 0.04330127018922194 -0.024999999999999998 3.0616169978683828e-18
      vertex 0.035355339059327383 -0.035355339059327376 4.3297802811774661e-18
      vertex 0.035355339059327383 -0.034150635094610964 -0.0091506350946109673
    endloop
  endfacet
  facet normal 0.79081760988225325 -0.60681569463167007 -0.079888801773489712
    outer loop
      vertex 0.04330127018922194 -0.024999999999999998 3.0616169978683828e-18
      vertex 0.035355339059327383 -0.034150635094610964 -0.0091506350946109673
      vertex 0.04330127018922194 -0.024148145657226706 -0.0064704761275630194
    endloop
  endfacet
  facet normal 0.79081760988225325 -0.56546220785287171 -0.23422211550209326
    outer loop
      vertex 0.04330127018922194 -0.024148145657226706 -0.0064704761275630194
      vertex 0.035355339059327383 -0.034150635094610964 -0.0091506350946109673
      vertex 0.035355339059327383 -0.030618621784789732 -0.017677669529663678
    endloop
  endfacet
  facet normal 0.79081760988225336 -0.56546220785287149 -0.23422211550209335
    outer loop
      vertex 0.04330127018922194 -0.024148145657226706 -0.0064704761275630194
      vertex 0.035355339059327383 -0.030618621784789732 -0.017677669529663678
      vertex 0.04330127018922194 -0.02165063509461097 -0.012499999999999992
    endloop
  endfacet
  facet normal 0.79081760988225336 -0.48557340607938176 -0.37259357912957652
    outer loop
      vertex 0.04330127018922194 -0.02165063509461097 -0.012499999999999992
      vertex 0.035355339059327383 -0.030618621784789732 -0.017677669529663678
      vertex 0.035355339059327383 -0.025000000000000012 -0.024999999999999984
    endloop
  endfacet
  facet normal 0.79081760988225336 -0.48557340607938176 -0.37259357912957647
    outer loop
      vertex 0.04330127018922194 -0.02165063509461097 -0.012499999999999992
      vertex 0.035355339059327383 -0.025000000000000012 -0.024999999999999984
      vertex 0.04330127018922194 -0.017677669529663695 -0.017677669529663678
    endloop
  endfacet
  facet normal 0.79081760988225336 -0.37259357912957702 -0.48557340607938132
    outer loop
      vertex 0.04330127018922194 -0.017677669529663695 -0.017677669529663678
      vertex 0.035355339059327383 -0.025000000000000012 -0.024999999999999984
      vertex 0.035355339059327383 -0.017677669529663705 -0.030618621784789718
    endloop
  endfacet
  facet normal 0.79081760988225347 -0.37259357912957647 -0.48557340607938138
    outer loop
      vertex 0.04330127018922194 -0.017677669529663695 -0.017677669529663678
      vertex 0.035355339059327383 -0.017677669529663705 -0.030618621784789718
      vertex 0.04330127018922194 -0.012500000000000009 -0.021650635094610956
    endloop
  endfacet
  facet normal 0.79081760988225358 -0.23422211550209318 -0.56546220785287149
    outer loop
      vertex 0.04330127018922194 -0.012500000000000009 -0.021650635094610956
      vertex 0.035355339059327383 -0.017677669529663705 -0.030618621784789718
      vertex 0.035355339059327383 -0.0091506350946109621 -0.034150635094610964
    endloop
  endfacet
  facet normal 0.79081760988225336 -0.23422211550209382 -0.5654622078528716
    outer loop
      vertex 0.04330127018922194 -0.012500000000000009 -0.021650635094610956
      vertex 0.035355339059327383 -0.0091506350946109621 -0.034150635094610964
      vertex 0.04330127018922194 -0.006470476127563015 -0.024148145657226706
    endloop
  endfacet
  facet normal 0.79081760988225336 -0.079888801773490059 -0.60681569463166996
    outer loop
      vertex 0.04330127018922194 -0.006470476127563015 -0.024148145657226706
      vertex 0.035355339059327383 -0.0091506350946109621 -0.034150635094610964
      vertex 0.035355339059327383 -6.4946704217661992e-18 -0.035355339059327376
    endloop
  endfacet
  facet normal 0.79081760988225336 -0.079888801773489837 -0.60681569463166984
    outer loop
      vertex 0.04330127018922194 -0.006470476127563015 -0.024148145657226706
      vertex 0.035355339059327383 -6.4946704217661992e-18 -0.035355339059327376
      vertex 0.04330127018922194 -4.5924254968025736e-18 -0.024999999999999998
    endloop
  endfacet
  facet normal 0.79081760988225336 0.079888801773489587 -0.60681569463166996
    outer loop
      vertex 0.04330127018922194 -4.5924254968025736e-18 -0.024999999999999998
      vertex 0.035355339059327383 -6.4946704217661992e-18 -0.035355339059327376
      vertex 0.035355339059327383 0.00915063509461095 -0.03415063509461097
    endloop
  endfacet
  facet normal 0.79081760988225336 0.079888801773489518 -0.60681569463167007
    outer loop
      vertex 0.04330127018922194 -4.5924254968025736e-18 -0.024999999999999998
      vertex 0.035355339059327383 0.00915063509461095 -0.03415063509461097
      vertex 0.04330127018922194 0.0064704761275630072 -0.02414814565722671
    endloop
  endfacet
  facet normal 0.79081760988225347 0.2342221155020934 -0.5654622078528716
    outer loop
      vertex 0.04330127018922194 0.0064704761275630072 -0.02414814565722671
      vertex 0.035355339059327383 0.00915063509461095 -0.03415063509461097
      vertex 0.035355339059327383 0.017677669529663691 -0.030618621784789725
    endloop
  endfacet
  facet normal 0.79081760988225347 0.23422211550209346 -0.56546220785287149
    outer loop
      vertex 0.04330127018922194 0.0064704761275630072 -0.02414814565722671
      vertex 0.035355339059327383 0.017677669529663691 -0.030618621784789725
      vertex 0.04330127018922194 0.012500000000000002 -0.021650635094610963
    endloop
  endfacet
  facet normal 0.79081760988225336 0.37259357912957652 -0.48557340607938154
    outer loop
      vertex 0.04330127018922194 0.012500000000000002 -0.021650635094610963
      vertex 0.035355339059327383 0.017677669529663691 -0.030618621784789725
      vertex 0.035355339059327383 0.024999999999999994 -0.025000000000000005
    endloop
  endfacet
  facet normal 0.79081760988225347 0.37259357912957658 -0.48557340607938165
    outer loop
      vertex 0.04330127018922194 0.012500000000000002 -0.021650635094610963
      vertex 0.035355339059327383 0.024999999999999994 -0.025000000000000005
      vertex 0.04330127018922194 0.017677669529663681 -0.017677669529663691
    endloop
  endfacet
  facet normal 0.79081760988225347 0.48557340607938138 -0.37259357912957669
    outer loop
      vertex 0.04330127018922194 0.017677669529663681 -0.017677669529663691
      vertex 0.035355339059327383 0.024999999999999994 -0.025000000000000005
      vertex 0.035355339059327383 0.030618621784789718 -0.017677669529663705
    endloop
  endfacet
  facet normal 0.79081760988225358 0.48557340607938149 -0.37259357912957652
    outer loop
      vertex 0.04330127018922194 0.017677669529663681 -0.017677669529663691
      vertex 0.035355339059327383 0.030618621784789718 -0.017677669529663705
      vertex 0.04330127018922194 0.021650635094610956 -0.012500000000000009
    endloop
  endfacet
  facet normal 0.79081760988225347 0.56546220785287127 -0.23422211550209354
    outer loop
      vertex 0.04330127018922194 0.021650635094610956 -0.012500000000000009
      vertex 0.035355339059327383 0.030618621784789718 -0.017677669529663705
      vertex 0.035355339059327383 0.034150635094610957 -0.0091506350946109951
    endloop
  endfacet
  facet normal 0.79081760988225336 0.56546220785287138 -0.23422211550209399
    outer loop
      vertex 0.04330127018922194 0.021650635094610956 -0.012500000000000009
      vertex 0.035355339059327383 0.034150635094610957 -0.0091506350946109951
      vertex 0.04330127018922194 0.024148145657226699 -0.0064704761275630384
    endloop
  endfacet
  facet normal 0.79081760988225336 0.60681569463166996 -0.07988880177349017
    outer loop
      vertex 0.04330127018922194 0.024148145657226699 -0.0064704761275630384
      vertex 0.035355339059327383 0.034150635094610957 -0.0091506350946109951
      vertex 0.035355339059327383 0.035355339059327376 0
    endloop
  endfacet
  facet normal 0.79081760988225336 0.60681569463166996 -0.079888801773490142
    outer loop
      vertex 0.04330127018922194 0.024148145657226699 -0.0064704761275630384
      vertex 0.035355339059327383 0.035355339059327376 0
      vertex 0.04330127018922194 0.024999999999999998 0
    endloop
  endfacet
  facet normal 0.60546781312595455 0.78906101650442151 0.10388185357165654
    outer loop
      vertex 0.035355339059327383 0.035355339059327376 0
      vertex 0.025000000000000008 0.043301270189221933 0
      vertex 0.025000000000000008 0.041825815186890394 0.011207193402100668
    endloop
  endfacet
  facet normal 0.60546781312595466 0.7890610165044214 0.10388185357165668
    outer loop
      vertex 0.035355339059327383 0.035355339059327376 0
      vertex 0.025000000000000008 0.041825815186890394 0.011207193402100668
      vertex 0.035355339059327383 0.034150635094610964 0.0091506350946109656
    endloop
  endfacet
  facet normal 0.60546781312595477 0.73528781221462958 0.30456618406694075
    outer loop
      vertex 0.035355339059327383 0.034150635094610964 0.0091506350946109656
      vertex 0.025000000000000008 0.041825815186890394 0.011207193402100668
      vertex 0.025000000000000008 0.037500000000000006 0.021650635094610963
    endloop
  endfacet
  facet normal 0.60546781312595477 0.73528781221462947 0.30456618406694075
    outer loop
      vertex 0.035355339059327383 0.034150635094610964 0.0091506350946109656
      vertex 0.025000000000000008 0.037500000000000006 0.021650635094610963
      vertex 0.035355339059327383 0.030618621784789728 0.017677669529663684
    endloop
  endfacet
  facet normal 0.60546781312595466 0.63140595864297278 0.48449483243748048
    outer loop
      vertex 0.035355339059327383 0.030618621784789728 0.017677669529663684
      vertex 0.025000000000000008 0.037500000000000006 0.021650635094610963
      vertex 0.025000000000000008 0.030618621784789728 0.030618621784789725
    endloop
  endfacet
  facet normal 0.60546781312595455 0.631405958642973 0.48449483243748043
    outer loop
      vertex 0.035355339059327383 0.030618621784789728 0.017677669529663684
      vertex 0.025000000000000008 0.030618621784789728 0.030618621784789725
      vertex 0.035355339059327383 0.025000000000000001 0.024999999999999998
    endloop
  endfacet
  facet normal 0.60546781312595466 0.48449483243748048 0.63140595864297311
    outer loop
      vertex 0.035355339059327383 0.025000000000000001 0.024999999999999998
      vertex 0.025000000000000008 0.030618621784789728 0.030618621784789725
      vertex 0.025000000000000008 0.02165063509461097 0.037499999999999999
    endloop
  endfacet
  facet normal 0.60546781312595466 0.48449483243748065 0.631405958642973
    outer loop
      vertex 0.035355339059327383 0.025000000000000001 0.024999999999999998
      vertex 0.025000000000000008 0.02165063509461097 0.037499999999999999
      vertex 0.035355339059327383 0.017677669529663691 0.030618621784789725
    endloop
  endfacet
  facet normal 0.60546781312595466 0.30456618406694097 0.73528781221462958
    outer loop
      vertex 0.035355339059327383 0.017677669529663691 0.030618621784789725
      vertex 0.025000000000000008 0.02165063509461097 0.037499999999999999
      vertex 0.025000000000000008 0.011207193402100668 0.041825815186890394
    endloop
  endfacet
  facet normal 0.60546781312595466 0.30456618406694086 0.73528781221462958
    outer loop
      vertex 0.035355339059327383 0.017677669529663691 0.030618621784789725
      vertex 0.025000000000000008 0.011207193402100668 0.041825815186890394
      vertex 0.035355339059327383 0.0091506350946109656 0.034150635094610964
    endloop
  endfacet
  facet normal 0.60546781312595466 0.10388185357165655 0.7890610165044214
    outer loop
      vertex 0.035355339059327383 0.0091506350946109656 0.034150635094610964
      vertex 0.025000000000000008 0.011207193402100668 0.041825815186890394
      vertex 0.025000000000000008 2.6514380968122674e-18 0.043301270189221933
    endloop
  endfacet
  facet normal 0.60546781312595466 0.10388185357165669 0.78906101650442151
    outer loop
      vertex 0.035355339059327383 0.0091506350946109656 0.034150635094610964
      vertex 0.025000000000000008 2.6514380968122674e-18 0.043301270189221933
      vertex 0.035355339059327383 2.1648901405887331e-18 0.035355339059327376
    endloop
  endfacet
  facet normal 0.60546781312595466 -0.10388185357165658 0.78906101650442151
    outer loop
      vertex 0.035355339059327383 2.1648901405887331e-18 0.035355339059327376
      vertex 0.025000000000000008 2.6514380968122674e-18 0.043301270189221933
      vertex 0.025000000000000008 -0.011207193402100663 0.041825815186890394
    endloop
  endfacet
  facet normal 0.60546781312595466 -0.10388185357165669 0.78906101650442151
    outer loop
      vertex 0.035355339059327383 2.1648901405887331e-18 0.035355339059327376
      vertex 0.025000000000000008 -0.011207193402100663 0.041825815186890394
      vertex 0.035355339059327383 -0.0091506350946109621 0.034150635094610964
    endloop
  endfacet
  facet normal 0.60546781312595466 -0.3045661840669408 0.73528781221462969
    outer loop
      vertex 0.035355339059327383 -0.0091506350946109621 0.034150635094610964
      vertex 0.025000000000000008 -0.011207193402100663 0.041825815186890394
      vertex 0.025000000000000008 -0.021650635094610956 0.037500000000000006
    endloop
  endfacet
  facet normal 0.60546781312595477 -0.3045661840669408 0.73528781221462958
    outer loop
      vertex 0.035355339059327383 -0.0091506350946109621 0.034150635094610964
      vertex 0.025000000000000008 -0.021650635094610956 0.037500000000000006
      vertex 0.035355339059327383 -0.017677669529663681 0.030618621784789728
    endloop
  endfacet
  facet normal 0.60546781312595466 -0.48449483243748032 0.63140595864297311
    outer loop
      vertex 0.035355339059327383 -0.017677669529663681 0.030618621784789728
      vertex 0.025000000000000008 -0.021650635094610956 0.037500000000000006
      vertex 0.025000000000000008 -0.030618621784789725 0.030618621784789728
    endloop
  endfacet
  facet normal 0.60546781312595466 -0.48449483243748032 0.63140595864297311
    outer loop
      vertex 0.035355339059327383 -0.017677669529663681 0.030618621784789728
      vertex 0.025000000000000008 -0.030618621784789725 0.030618621784789728
      vertex 0.035355339059327383 -0.024999999999999998 0.025000000000000001
    endloop
  endfacet
  facet normal 0.60546781312595466 -0.631405958642973 0.48449483243748059
    outer loop
      vertex 0.035355339059327383 -0.024999999999999998 0.025000000000000001
      vertex 0.025000000000000008 -0.030618621784789725 0.030618621784789728
      vertex 0.025000000000000008 -0.037500000000000006 0.021650635094610963
    endloop
  endfacet
  facet normal 0.60546781312595477 -0.63140595864297289 0.48449483243748048
    outer loop
      vertex 0.035355339059327383 -0.024999999999999998 0.025000000000000001
      vertex 0.025000000000000008 -0.037500000000000006 0.021650635094610963
      vertex 0.035355339059327383 -0.030618621784789728 0.017677669529663684
    endloop
  endfacet
  facet normal 0.60546781312595477 -0.73528781221462947 0.30456618406694103
    outer loop
      vertex 0.035355339059327383 -0.030618621784789728 0.017677669529663684
      vertex 0.025000000000000008 -0.037500000000000006 0.021650635094610963
      vertex 0.025000000000000008 -0.041825815186890394 0.01120719340210068
    endloop
  endfacet
  facet normal 0.60546781312595466 -0.73528781221462947 0.30456618406694097
    outer loop
      vertex 0.035355339059327383 -0.030618621784789728 0.017677669529663684
      vertex 0.025000000000000008 -0.041825815186890394 0.01120719340210068
      vertex 0.035355339059327383 -0.034150635094610964 0.0091506350946109743
    endloop
  endfacet
  facet normal 0.60546781312595466 -0.78906101650442151 0.10388185357165648
    outer loop
      vertex 0.035355339059327383 -0.034150635094610964 0.0091506350946109743
      vertex 0.025000000000000008 -0.041825815186890394 0.01120719340210068
      vertex 0.025000000000000008 -0.043301270189221933 5.3028761936245347e-18
    endloop
  endfacet
  facet normal 0.60546781312595455 -0.7890610165044214 0.10388185357165661
    outer loop
      vertex 0.035355339059327383 -0.034150635094610964 0.0091506350946109743
      vertex 0.025000000000000008 -0.043301270189221933 5.3028761936245347e-18
      vertex 0.035355339059327383 -0.035355339059327376 4.3297802811774661e-18
    endloop
  endfacet
  facet normal 0.60546781312595466 -0.78906101650442162 -0.10388185357165648
    outer loop
      vertex 0.035355339059327383 -0.035355339059327376 4.3297802811774661e-18
      vertex 0.025000000000000008 -0.043301270189221933 5.3028761936245347e-18
      vertex 0.025000000000000008 -0.041825815186890394 -0.011207193402100671
    endloop
  endfacet
  facet normal 0.60546781312595466 -0.7890610165044214 -0.10388185357165661
    outer loop
      vertex 0.035355339059327383 -0.035355339059327376 4.3297802811774661e-18
      vertex 0.025000000000000008 -0.041825815186890394 -0.011207193402100671
      vertex 0.035355339059327383 -0.034150635094610964 -0.0091506350946109673
    endloop
  endfacet
  facet normal 0.60546781312595466 -0.73528781221462947 -0.30456618406694097
    outer loop
      vertex 0.035355339059327383 -0.034150635094610964 -0.0091506350946109673
      vertex 0.025000000000000008 -0.041825815186890394 -0.011207193402100671
      vertex 0.025000000000000008 -0.037500000000000006 -0.021650635094610956
    endloop
  endfacet
  facet normal 0.60546781312595455 -0.73528781221462969 -0.3045661840669408
    outer loop
      vertex 0.035355339059327383 -0.034150635094610964 -0.0091506350946109673
      vertex 0.025000000000000008 -0.037500000000000006 -0.021650635094610956
      vertex 0.035355339059327383 -0.030618621784789732 -0.017677669529663678
    endloop
  endfacet
  facet normal 0.60546781312595466 -0.63140595864297311 -0.48449483243748032
    outer loop
      vertex 0.035355339059327383 -0.030618621784789732 -0.017677669529663678
      vertex 0.025000000000000008 -0.037500000000000006 -0.021650635094610956
      vertex 0.025000000000000008 -0.030618621784789742 -0.030618621784789708
    endloop
  endfacet
  facet normal 0.60546781312595466 -0.631405958642973 -0.48449483243748037
    outer loop
      vertex 0.035355339059327383 -0.030618621784789732 -0.017677669529663678
      vertex 0.025000000000000008 -0.030618621784789742 -0.030618621784789708
      vertex 0.035355339059327383 -0.025000000000000012 -0.024999999999999984
    endloop
  endfacet
  facet normal 0.60546781312595466 -0.48449483243748115 -0.63140595864297255
    outer loop
      vertex 0.035355339059327383 -0.025000000000000012 -0.024999999999999984
      vertex 0.025000000000000008 -0.030618621784789742 -0.030618621784789708
      vertex 0.025000000000000008 -0.021650635094610987 -0.037499999999999992
    endloop
  endfacet
  facet normal 0.60546781312595466 -0.48449483243748115 -0.63140595864297244
    outer loop
      vertex 0.035355339059327383 -0.025000000000000012 -0.024999999999999984
      vertex 0.025000000000000008 -0.021650635094610987 -0.037499999999999992
      vertex 0.035355339059327383 -0.017677669529663705 -0.030618621784789718
    endloop
  endfacet
  facet normal 0.60546781312595466 -0.30456618406694075 -0.73528781221462958
    outer loop
      vertex 0.035355339059327383 -0.017677669529663705 -0.030618621784789718
      vertex 0.025000000000000008 -0.021650635094610987 -0.037499999999999992
      vertex 0.025000000000000008 -0.011207193402100663 -0.041825815186890394
    endloop
  endfacet
  facet normal 0.60546781312595466 -0.30456618406694086 -0.73528781221462969
    outer loop
      vertex 0.035355339059327383 -0.017677669529663705 -0.030618621784789718
      vertex 0.025000000000000008 -0.011207193402100663 -0.041825815186890394
      vertex 0.035355339059327383 -0.0091506350946109621 -0.034150635094610964
    endloop
  endfacet
  facet normal 0.60546781312595477 -0.10388185357165668 -0.78906101650442151
    outer loop
      vertex 0.035355339059327383 -0.0091506350946109621 -0.034150635094610964
      vertex 0.025000000000000008 -0.011207193402100663 -0.041825815186890394
      vertex 0.025000000000000008 -7.9543142904368009e-18 -0.043301270189221933
    endloop
  endfacet
  facet normal 0.60546781312595466 -0.1038818535716568 -0.78906101650442151
    outer loop
      vertex 0.035355339059327383 -0.0091506350946109621 -0.034150635094610964
      vertex 0.025000000000000008 -7.9543142904368009e-18 -0.043301270189221933
      vertex 0.035355339059327383 -6.4946704217661992e-18 -0.035355339059327376
    endloop
  endfacet
  facet normal 0.60546781312595455 0.10388185357165618 -0.78906101650442151
    outer loop
      vertex 0.035355339059327383 -6.4946704217661992e-18 -0.035355339059327376
      vertex 0.025000000000000008 -7.9543142904368009e-18 -0.043301270189221933
      vertex 0.025000000000000008 0.011207193402100649 -0.041825815186890401
    endloop
  endfacet
  facet normal 0.60546781312595466 0.10388185357165618 -0.78906101650442162
    outer loop
      vertex 0.035355339059327383 -6.4946704217661992e-18 -0.035355339059327376
      vertex 0.025000000000000008 0.011207193402100649 -0.041825815186890401
      vertex 0.035355339059327383 0.00915063509461095 -0.03415063509461097
    endloop
  endfacet
  facet normal 0.60546781312595466 0.30456618406694091 -0.73528781221462969
    outer loop
      vertex 0.035355339059327383 0.00915063509461095 -0.03415063509461097
      vertex 0.025000000000000008 0.011207193402100649 -0.041825815186890401
      vertex 0.025000000000000008 0.02165063509461097 -0.037499999999999999
    endloop
  endfacet
  facet normal 0.60546781312595466 0.30456618406694091 -0.73528781221462958
    outer loop
      vertex 0.035355339059327383 0.00915063509461095 -0.03415063509461097
      vertex 0.025000000000000008 0.02165063509461097 -0.037499999999999999
      vertex 0.035355339059327383 0.017677669529663691 -0.030618621784789725
    endloop
  endfacet
  facet normal 0.60546781312595455 0.48449483243748059 -0.63140595864297289
    outer loop
      vertex 0.035355339059327383 0.017677669529663691 -0.030618621784789725
      vertex 0.025000000000000008 0.02165063509461097 -0.037499999999999999
      vertex 0.025000000000000008 0.030618621784789718 -0.030618621784789732
    endloop
  endfacet
  facet normal 0.60546781312595455 0.48449483243748054 -0.631405958642973
    outer loop
      vertex 0.035355339059327383 0.017677669529663691 -0.030618621784789725
      vertex 0.025000000000000008 0.030618621784789718 -0.030618621784789732
      vertex 0.035355339059327383 0.024999999999999994 -0.025000000000000005
    endloop
  endfacet
  facet normal 0.60546781312595466 0.63140595864297266 -0.48449483243748104
    outer loop
      vertex 0.035355339059327383 0.024999999999999994 -0.025000000000000005
      vertex 0.025000000000000008 0.030618621784789718 -0.030618621784789732
      vertex 0.025000000000000008 0.037499999999999992 -0.021650635094610987
    endloop
  endfacet
  facet normal 0.60546781312595466 0.63140595864297266 -0.48449483243748082
    outer loop
      vertex 0.035355339059327383 0.024999999999999994 -0.025000000000000005
      vertex 0.025000000000000008 0.037499999999999992 -0.021650635094610987
      vertex 0.035355339059327383 0.030618621784789718 -0.017677669529663705
    endloop
  endfacet
  facet normal 0.60546781312595466 0.73528781221462935 -0.30456618406694141
    outer loop
      vertex 0.035355339059327383 0.030618621784789718 -0.017677669529663705
      vertex 0.025000000000000008 0.037499999999999992 -0.021650635094610987
      vertex 0.025000000000000008 0.041825815186890387 -0.011207193402100704
    endloop
  endfacet
  facet normal 0.60546781312595488 0.73528781221462935 -0.30456618406694125
    outer loop
      vertex 0.035355339059327383 0.030618621784789718 -0.017677669529663705
      vertex 0.025000000000000008 0.041825815186890387 -0.011207193402100704
      vertex 0.035355339059327383 0.034150635094610957 -0.0091506350946109951
    endloop
  endfacet
  facet normal 0.60546781312595477 0.7890610165044214 -0.10388185357165665
    outer loop
      vertex 0.035355339059327383 0.034150635094610957 -0.0091506350946109951
      vertex 0.025000000000000008 0.041825815186890387 -0.011207193402100704
      vertex 0.025000000000000008 0.043301270189221933 0
    endloop
  endfacet
  facet normal 0.60546781312595466 0.78906101650442151 -0.10388185357165694
    outer loop
      vertex 0.035355339059327383 0.034150635094610957 -0.0091506350946109951
      vertex 0.025000000000000008 0.043301270189221933 0
      vertex 0.035355339059327383 0.035355339059327376 0
    endloop
  endfacet
  facet normal 0.37988372795845637 0.91712044816215654 0.12074119758901945
    outer loop
      vertex 0.025000000000000008 0.043301270189221933 0
      vertex 0.012940952255126037 0.04829629131445342 0
      vertex 0.012940952255126037 0.046650635094610975 0.012500000000000001
    endloop
  endfacet
  facet normal 0.37988372795845671 0.91712044816215632 0.1207411975890198
    outer loop
      vertex 0.025000000000000008 0.043301270189221933 0
      vertex 0.012940952255126037 0.046650635094610975 0.012500000000000001
      vertex 0.025000000000000008 0.041825815186890394 0.011207193402100668
    endloop
  endfacet
  facet normal 0.37988372795845665 0.85462020523310667 0.35399527968563094
    outer loop
      vertex 0.025000000000000008 0.041825815186890394 0.011207193402100668
      vertex 0.012940952255126037 0.046650635094610975 0.012500000000000001
      vertex 0.012940952255126037 0.041825815186890401 0.024148145657226706
    endloop
  endfacet
  facet normal 0.3798837279584561 0.85462020523310711 0.35399527968563038
    outer loop
      vertex 0.025000000000000008 0.041825815186890394 0.011207193402100668
      vertex 0.012940952255126037 0.041825815186890401 0.024148145657226706
      vertex 0.025000000000000008 0.037500000000000006 0.021650635094610963
    endloop
  endfacet
  facet normal 0.37988372795845615 0.73387900764408698 0.56312516847652594
    outer loop
      vertex 0.025000000000000008 0.037500000000000006 0.021650635094610963
      vertex 0.012940952255126037 0.041825815186890401 0.024148145657226706
      vertex 0.012940952255126037 0.03415063509461097 0.034150635094610964
    endloop
  endfacet
  facet normal 0.3798837279584561 0.73387900764408709 0.56312516847652583
    outer loop
      vertex 0.025000000000000008 0.037500000000000006 0.021650635094610963
      vertex 0.012940952255126037 0.03415063509461097 0.034150635094610964
      vertex 0.025000000000000008 0.030618621784789728 0.030618621784789725
    endloop
  endfacet
  facet normal 0.3798837279584561 0.56312516847652616 0.73387900764408709
    outer loop
      vertex 0.025000000000000008 0.030618621784789728 0.030618621784789725
      vertex 0.012940952255126037 0.03415063509461097 0.034150635094610964
      vertex 0.012940952255126037 0.024148145657226717 0.041825815186890394
    endloop
  endfacet
  facet normal 0.37988372795845637 0.56312516847652583 0.7338790076440872
    outer loop
      vertex 0.025000000000000008 0.030618621784789728 0.030618621784789725
      vertex 0.012940952255126037 0.024148145657226717 0.041825815186890394
      vertex 0.025000000000000008 0.02165063509461097 0.037499999999999999
    endloop
  endfacet
  facet normal 0.37988372795845621 0.35399527968563105 0.85462020523310667
    outer loop
      vertex 0.025000000000000008 0.02165063509461097 0.037499999999999999
      vertex 0.012940952255126037 0.024148145657226717 0.041825815186890394
      vertex 0.012940952255126037 0.012500000000000001 0.046650635094610975
    endloop
  endfacet
  facet normal 0.37988372795845665 0.3539952796856306 0.85462020523310667
    outer loop
      vertex 0.025000000000000008 0.02165063509461097 0.037499999999999999
      vertex 0.012940952255126037 0.012500000000000001 0.046650635094610975
      vertex 0.025000000000000008 0.011207193402100668 0.041825815186890394
    endloop
  endfacet
  facet normal 0.37988372795845665 0.12074119758901949 0.91712044816215632
    outer loop
      vertex 0.025000000000000008 0.011207193402100668 0.041825815186890394
      vertex 0.012940952255126037 0.012500000000000001 0.046650635094610975
      vertex 0.012940952255126037 2.9572949284466749e-18 0.04829629131445342
    endloop
  endfacet
  facet normal 0.37988372795845632 0.12074119758901984 0.91712044816215643
    outer loop
      vertex 0.025000000000000008 0.011207193402100668 0.041825815186890394
      vertex 0.012940952255126037 2.9572949284466749e-18 0.04829629131445342
      vertex 0.025000000000000008 2.6514380968122674e-18 0.043301270189221933
    endloop
  endfacet
  facet normal 0.37988372795845637 -0.12074119758901947 0.91712044816215643
    outer loop
      vertex 0.025000000000000008 2.6514380968122674e-18 0.043301270189221933
      vertex 0.012940952255126037 2.9572949284466749e-18 0.04829629131445342
      vertex 0.012940952255126037 -0.012499999999999995 0.046650635094610975
    endloop
  endfacet
  facet normal 0.37988372795845676 -0.12074119758901984 0.91712044816215643
    outer loop
      vertex 0.025000000000000008 2.6514380968122674e-18 0.043301270189221933
      vertex 0.012940952255126037 -0.012499999999999995 0.046650635094610975
      vertex 0.025000000000000008 -0.011207193402100663 0.041825815186890394
    endloop
  endfacet
  facet normal 0.3798837279584566 -0.35399527968563099 0.85462020523310667
    outer loop
      vertex 0.025000000000000008 -0.011207193402100663 0.041825815186890394
      vertex 0.012940952255126037 -0.012499999999999995 0.046650635094610975
      vertex 0.012940952255126037 -0.024148145657226699 0.041825815186890401
    endloop
  endfacet
  facet normal 0.37988372795845615 -0.35399527968563044 0.854620205233107
    outer loop
      vertex 0.025000000000000008 -0.011207193402100663 0.041825815186890394
      vertex 0.012940952255126037 -0.024148145657226699 0.041825815186890401
      vertex 0.025000000000000008 -0.021650635094610956 0.037500000000000006
    endloop
  endfacet
  facet normal 0.37988372795845615 -0.56312516847652572 0.7338790076440872
    outer loop
      vertex 0.025000000000000008 -0.021650635094610956 0.037500000000000006
      vertex 0.012940952255126037 -0.024148145657226699 0.041825815186890401
      vertex 0.012940952255126037 -0.034150635094610964 0.03415063509461097
    endloop
  endfacet
  facet normal 0.37988372795845604 -0.56312516847652561 0.73387900764408731
    outer loop
      vertex 0.025000000000000008 -0.021650635094610956 0.037500000000000006
      vertex 0.012940952255126037 -0.034150635094610964 0.03415063509461097
      vertex 0.025000000000000008 -0.030618621784789725 0.030618621784789728
    endloop
  endfacet
  facet normal 0.37988372795845604 -0.73387900764408698 0.56312516847652605
    outer loop
      vertex 0.025000000000000008 -0.030618621784789725 0.030618621784789728
      vertex 0.012940952255126037 -0.034150635094610964 0.03415063509461097
      vertex 0.012940952255126037 -0.041825815186890401 0.024148145657226706
    endloop
  endfacet
  facet normal 0.37988372795845615 -0.73387900764408709 0.56312516847652594
    outer loop
      vertex 0.025000000000000008 -0.030618621784789725 0.030618621784789728
      vertex 0.012940952255126037 -0.041825815186890401 0.024148145657226706
      vertex 0.025000000000000008 -0.037500000000000006 0.021650635094610963
    endloop
  endfacet
  facet normal 0.37988372795845621 -0.85462020523310689 0.35399527968563099
    outer loop
      vertex 0.025000000000000008 -0.037500000000000006 0.021650635094610963
      vertex 0.012940952255126037 -0.041825815186890401 0.024148145657226706
      vertex 0.012940952255126037 -0.046650635094610968 0.012500000000000015
    endloop
  endfacet
  facet normal 0.37988372795845632 -0.85462020523310689 0.35399527968563077
    outer loop
      vertex 0.025000000000000008 -0.037500000000000006 0.021650635094610963
      vertex 0.012940952255126037 -0.046650635094610968 0.012500000000000015
      vertex 0.025000000000000008 -0.041825815186890394 0.01120719340210068
    endloop
  endfacet
  facet normal 0.37988372795845632 -0.91712044816215654 0.12074119758901991
    outer loop
      vertex 0.025000000000000008 -0.041825815186890394 0.01120719340210068
      vertex 0.012940952255126037 -0.046650635094610968 0.012500000000000015
      vertex 0.012940952255126037 -0.04829629131445342 5.9145898568933498e-18
    endloop
  endfacet
  facet normal 0.37988372795845637 -0.91712044816215654 0.12074119758901976
    outer loop
      vertex 0.025000000000000008 -0.041825815186890394 0.01120719340210068
      vertex 0.012940952255126037 -0.04829629131445342 5.9145898568933498e-18
      vertex 0.025000000000000008 -0.043301270189221933 5.3028761936245347e-18
    endloop
  endfacet
  facet normal 0.37988372795845637 -0.91712044816215654 -0.12074119758901938
    outer loop
      vertex 0.025000000000000008 -0.043301270189221933 5.3028761936245347e-18
      vertex 0.012940952255126037 -0.04829629131445342 5.9145898568933498e-18
      vertex 0.012940952255126037 -0.046650635094610975 -0.012500000000000002
    endloop
  endfacet
  facet normal 0.37988372795845665 -0.91712044816215632 -0.1207411975890197
    outer loop
      vertex 0.025000000000000008 -0.043301270189221933 5.3028761936245347e-18
      vertex 0.012940952255126037 -0.046650635094610975 -0.012500000000000002
      vertex 0.025000000000000008 -0.041825815186890394 -0.011207193402100671
    endloop
  endfacet
  facet normal 0.37988372795845665 -0.85462020523310667 -0.35399527968563077
    outer loop
      vertex 0.025000000000000008 -0.041825815186890394 -0.011207193402100671
      vertex 0.012940952255126037 -0.046650635094610975 -0.012500000000000002
      vertex 0.012940952255126037 -0.041825815186890408 -0.024148145657226696
    endloop
  endfacet
  facet normal 0.37988372795845643 -0.85462020523310678 -0.35399527968563066
    outer loop
      vertex 0.025000000000000008 -0.041825815186890394 -0.011207193402100671
      vertex 0.012940952255126037 -0.041825815186890408 -0.024148145657226696
      vertex 0.025000000000000008 -0.037500000000000006 -0.021650635094610956
    endloop
  endfacet
  facet normal 0.37988372795845643 -0.73387900764408731 -0.56312516847652538
    outer loop
      vertex 0.025000000000000008 -0.037500000000000006 -0.021650635094610956
      vertex 0.012940952255126037 -0.041825815186890408 -0.024148145657226696
      vertex 0.012940952255126037 -0.034150635094610991 -0.03415063509461095
    endloop
  endfacet
  facet normal 0.37988372795845665 -0.7338790076440872 -0.56312516847652561
    outer loop
      vertex 0.025000000000000008 -0.037500000000000006 -0.021650635094610956
      vertex 0.012940952255126037 -0.034150635094610991 -0.03415063509461095
      vertex 0.025000000000000008 -0.030618621784789742 -0.030618621784789708
    endloop
  endfacet
  facet normal 0.37988372795845654 -0.56312516847652594 -0.73387900764408687
    outer loop
      vertex 0.025000000000000008 -0.030618621784789742 -0.030618621784789708
      vertex 0.012940952255126037 -0.034150635094610991 -0.03415063509461095
      vertex 0.012940952255126037 -0.024148145657226731 -0.041825815186890387
    endloop
  endfacet
  facet normal 0.37988372795845615 -0.56312516847652661 -0.73387900764408653
    outer loop
      vertex 0.025000000000000008 -0.030618621784789742 -0.030618621784789708
      vertex 0.012940952255126037 -0.024148145657226731 -0.041825815186890387
      vertex 0.025000000000000008 -0.021650635094610987 -0.037499999999999992
    endloop
  endfacet
  facet normal 0.37988372795845615 -0.3539952796856311 -0.85462020523310678
    outer loop
      vertex 0.025000000000000008 -0.021650635094610987 -0.037499999999999992
      vertex 0.012940952255126037 -0.024148145657226731 -0.041825815186890387
      vertex 0.012940952255126037 -0.012499999999999995 -0.046650635094610975
    endloop
  endfacet
  facet normal 0.37988372795845671 -0.35399527968563044 -0.85462020523310678
    outer loop
      vertex 0.025000000000000008 -0.021650635094610987 -0.037499999999999992
      vertex 0.012940952255126037 -0.012499999999999995 -0.046650635094610975
      vertex 0.025000000000000008 -0.011207193402100663 -0.041825815186890394
    endloop
  endfacet
  facet normal 0.37988372795845671 -0.12074119758901961 -0.91712044816215643
    outer loop
      vertex 0.025000000000000008 -0.011207193402100663 -0.041825815186890394
      vertex 0.012940952255126037 -0.012499999999999995 -0.046650635094610975
      vertex 0.012940952255126037 -8.8718847853400232e-18 -0.04829629131445342
    endloop
  endfacet
  facet normal 0.37988372795845637 -0.12074119758901998 -0.91712044816215654
    outer loop
      vertex 0.025000000000000008 -0.011207193402100663 -0.041825815186890394
      vertex 0.012940952255126037 -8.8718847853400232e-18 -0.04829629131445342
      vertex 0.025000000000000008 -7.9543142904368009e-18 -0.043301270189221933
    endloop
  endfacet
  facet normal 0.37988372795845643 0.12074119758901959 -0.91712044816215654
    outer loop
      vertex 0.025000000000000008 -7.9543142904368009e-18 -0.043301270189221933
      vertex 0.012940952255126037 -8.8718847853400232e-18 -0.04829629131445342
      vertex 0.012940952255126037 0.012499999999999978 -0.046650635094610975
    endloop
  endfacet
  facet normal 0.37988372795845621 0.12074119758901938 -0.91712044816215654
    outer loop
      vertex 0.025000000000000008 -7.9543142904368009e-18 -0.043301270189221933
      vertex 0.012940952255126037 0.012499999999999978 -0.046650635094610975
      vertex 0.025000000000000008 0.011207193402100649 -0.041825815186890401
    endloop
  endfacet
  facet normal 0.37988372795845621 0.35399527968563055 -0.854620205233107
    outer loop
      vertex 0.025000000000000008 0.011207193402100649 -0.041825815186890401
      vertex 0.012940952255126037 0.012499999999999978 -0.046650635094610975
      vertex 0.012940952255126037 0.024148145657226717 -0.041825815186890394
    endloop
  endfacet
  facet normal 0.37988372795845626 0.3539952796856306 -0.85462020523310689
    outer loop
      vertex 0.025000000000000008 0.011207193402100649 -0.041825815186890401
      vertex 0.012940952255126037 0.024148145657226717 -0.041825815186890394
      vertex 0.025000000000000008 0.02165063509461097 -0.037499999999999999
    endloop
  endfacet
  facet normal 0.37988372795845632 0.56312516847652572 -0.7338790076440872
    outer loop
      vertex 0.025000000000000008 0.02165063509461097 -0.037499999999999999
      vertex 0.012940952255126037 0.024148145657226717 -0.041825815186890394
      vertex 0.012940952255126037 0.034150635094610964 -0.034150635094610977
    endloop
  endfacet
  facet normal 0.37988372795845665 0.56312516847652583 -0.73387900764408698
    outer loop
      vertex 0.025000000000000008 0.02165063509461097 -0.037499999999999999
      vertex 0.012940952255126037 0.034150635094610964 -0.034150635094610977
      vertex 0.025000000000000008 0.030618621784789718 -0.030618621784789732
    endloop
  endfacet
  facet normal 0.3798837279584566 0.73387900764408676 -0.56312516847652594
    outer loop
      vertex 0.025000000000000008 0.030618621784789718 -0.030618621784789732
      vertex 0.012940952255126037 0.034150635094610964 -0.034150635094610977
      vertex 0.012940952255126037 0.041825815186890387 -0.024148145657226731
    endloop
  endfacet
  facet normal 0.3798837279584561 0.73387900764408665 -0.56312516847652638
    outer loop
      vertex 0.025000000000000008 0.030618621784789718 -0.030618621784789732
      vertex 0.012940952255126037 0.041825815186890387 -0.024148145657226731
      vertex 0.025000000000000008 0.037499999999999992 -0.021650635094610987
    endloop
  endfacet
  facet normal 0.37988372795845615 0.85462020523310667 -0.35399527968563138
    outer loop
      vertex 0.025000000000000008 0.037499999999999992 -0.021650635094610987
      vertex 0.012940952255126037 0.041825815186890387 -0.024148145657226731
      vertex 0.012940952255126037 0.046650635094610961 -0.012500000000000041
    endloop
  endfacet
  facet normal 0.37988372795845637 0.85462020523310656 -0.35399527968563121
    outer loop
      vertex 0.025000000000000008 0.037499999999999992 -0.021650635094610987
      vertex 0.012940952255126037 0.046650635094610961 -0.012500000000000041
      vertex 0.025000000000000008 0.041825815186890387 -0.011207193402100704
    endloop
  endfacet
  facet normal 0.37988372795845637 0.91712044816215643 -0.12074119758902011
    outer loop
      vertex 0.025000000000000008 0.041825815186890387 -0.011207193402100704
      vertex 0.012940952255126037 0.046650635094610961 -0.012500000000000041
      vertex 0.012940952255126037 0.04829629131445342 0
    endloop
  endfacet
  facet normal 0.37988372795845637 0.91712044816215654 -0.12074119758902002
    outer loop
      vertex 0.025000000000000008 0.041825815186890387 -0.011207193402100704
      vertex 0.012940952255126037 0.04829629131445342 0
      vertex 0.025000000000000008 0.043301270189221933 0
    endloop
  endfacet
  facet normal 0.12942830799556349 0.98310560276036019 0.12942830799556346
    outer loop
      vertex 0.012940952255126037 0.04829629131445342 0
      vertex 3.0616169978683832e-18 0.050000000000000003 0
      vertex 3.0616169978683832e-18 0.04829629131445342 0.012940952255126037
    endloop
  endfacet
  facet normal 0.12942830799556346 0.98310560276036019 0.1294283079955634
    outer loop
      vertex 0.012940952255126037 0.04829629131445342 0
      vertex 3.0616169978683832e-18 0.04829629131445342 0.012940952255126037
      vertex 0.012940952255126037 0.046650635094610975 0.012500000000000001
    endloop
  endfacet
  facet normal 0.12942830799556346 0.91610858059106681 0.37946459868718529
    outer loop
      vertex 0.012940952255126037 0.046650635094610975 0.012500000000000001
      vertex 3.0616169978683832e-18 0.04829629131445342 0.012940952255126037
      vertex 3.0616169978683832e-18 0.04330127018922194 0.024999999999999998
    endloop
  endfacet
  facet normal 0.12942830799556374 0.91610858059106659 0.37946459868718557
    outer loop
      vertex 0.012940952255126037 0.046650635094610975 0.012500000000000001
      vertex 3.0616169978683832e-18 0.04330127018922194 0.024999999999999998
      vertex 0.012940952255126037 0.041825815186890401 0.024148145657226706
    endloop
  endfacet
  facet normal 0.12942830799556371 0.78668027259550299 0.60364100407317478
    outer loop
      vertex 0.012940952255126037 0.041825815186890401 0.024148145657226706
      vertex 3.0616169978683832e-18 0.04330127018922194 0.024999999999999998
      vertex 3.0616169978683832e-18 0.035355339059327383 0.035355339059327376
    endloop
  endfacet
  facet normal 0.12942830799556393 0.78668027259550288 0.603641004073175
    outer loop
      vertex 0.012940952255126037 0.041825815186890401 0.024148145657226706
      vertex 3.0616169978683832e-18 0.035355339059327383 0.035355339059327376
      vertex 0.012940952255126037 0.03415063509461097 0.034150635094610964
    endloop
  endfacet
  facet normal 0.12942830799556396 0.60364100407317489 0.78668027259550288
    outer loop
      vertex 0.012940952255126037 0.03415063509461097 0.034150635094610964
      vertex 3.0616169978683832e-18 0.035355339059327383 0.035355339059327376
      vertex 3.0616169978683832e-18 0.025000000000000008 0.043301270189221933
    endloop
  endfacet
  facet normal 0.12942830799556371 0.603641004073175 0.78668027259550288
    outer loop
      vertex 0.012940952255126037 0.03415063509461097 0.034150635094610964
      vertex 3.0616169978683832e-18 0.025000000000000008 0.043301270189221933
      vertex 0.012940952255126037 0.024148145657226717 0.041825815186890394
    endloop
  endfacet
  facet normal 0.12942830799556374 0.37946459868718541 0.91610858059106659
    outer loop
      vertex 0.012940952255126037 0.024148145657226717 0.041825815186890394
      vertex 3.0616169978683832e-18 0.025000000000000008 0.043301270189221933
      vertex 3.0616169978683832e-18 0.012940952255126037 0.04829629131445342
    endloop
  endfacet
  facet normal 0.1294283079955634 0.37946459868718568 0.91610858059106648
    outer loop
      vertex 0.012940952255126037 0.024148145657226717 0.041825815186890394
      vertex 3.0616169978683832e-18 0.012940952255126037 0.04829629131445342
      vertex 0.012940952255126037 0.012500000000000001 0.046650635094610975
    endloop
  endfacet
  facet normal 0.12942830799556346 0.12942830799556351 0.9831056027603603
    outer loop
      vertex 0.012940952255126037 0.012500000000000001 0.046650635094610975
      vertex 3.0616169978683832e-18 0.012940952255126037 0.04829629131445342
      vertex 3.0616169978683832e-18 3.0616169978683832e-18 0.050000000000000003
    endloop
  endfacet
  facet normal 0.12942830799556349 0.12942830799556346 0.98310560276036019
    outer loop
      vertex 0.012940952255126037 0.012500000000000001 0.046650635094610975
      vertex 3.0616169978683832e-18 3.0616169978683832e-18 0.050000000000000003
      vertex 0.012940952255126037 2.9572949284466749e-18 0.04829629131445342
    endloop
  endfacet
  facet normal 0.12942830799556351 -0.12942830799556349 0.9831056027603603
    outer loop
      vertex 0.012940952255126037 2.9572949284466749e-18 0.04829629131445342
      vertex 3.0616169978683832e-18 3.0616169978683832e-18 0.050000000000000003
      vertex 3.0616169978683832e-18 -0.012940952255126032 0.04829629131445342
    endloop
  endfacet
  facet normal 0.12942830799556346 -0.12942830799556343 0.98310560276036019
    outer loop
      vertex 0.012940952255126037 2.9572949284466749e-18 0.04829629131445342
      vertex 3.0616169978683832e-18 -0.012940952255126032 0.04829629131445342
      vertex 0.012940952255126037 -0.012499999999999995 0.046650635094610975
    endloop
  endfacet
  facet normal 0.12942830799556343 -0.37946459868718529 0.9161085805910667
    outer loop
      vertex 0.012940952255126037 -0.012499999999999995 0.046650635094610975
      vertex 3.0616169978683832e-18 -0.012940952255126032 0.04829629131445342
      vertex 3.0616169978683832e-18 -0.024999999999999991 0.04330127018922194
    endloop
  endfacet
  facet normal 0.12942830799556376 -0.37946459868718563 0.91610858059106659
    outer loop
      vertex 0.012940952255126037 -0.012499999999999995 0.046650635094610975
      vertex 3.0616169978683832e-18 -0.024999999999999991 0.04330127018922194
      vertex 0.012940952255126037 -0.024148145657226699 0.041825815186890401
    endloop
  endfacet
  facet normal 0.12942830799556374 -0.60364100407317445 0.78668027259550322
    outer loop
      vertex 0.012940952255126037 -0.024148145657226699 0.041825815186890401
      vertex 3.0616169978683832e-18 -0.024999999999999991 0.04330127018922194
      vertex 3.0616169978683832e-18 -0.035355339059327376 0.035355339059327383
    endloop
  endfacet
  facet normal 0.12942830799556393 -0.60364100407317456 0.78668027259550299
    outer loop
      vertex 0.012940952255126037 -0.024148145657226699 0.041825815186890401
      vertex 3.0616169978683832e-18 -0.035355339059327376 0.035355339059327383
      vertex 0.012940952255126037 -0.034150635094610964 0.03415063509461097
    endloop
  endfacet
  facet normal 0.12942830799556396 -0.78668027259550277 0.60364100407317478
    outer loop
      vertex 0.012940952255126037 -0.034150635094610964 0.03415063509461097
      vertex 3.0616169978683832e-18 -0.035355339059327376 0.035355339059327383
      vertex 3.0616169978683832e-18 -0.04330127018922194 0.024999999999999998
    endloop
  endfacet
  facet normal 0.12942830799556365 -0.78668027259550288 0.603641004073175
    outer loop
      vertex 0.012940952255126037 -0.034150635094610964 0.03415063509461097
      vertex 3.0616169978683832e-18 -0.04330127018922194 0.024999999999999998
      vertex 0.012940952255126037 -0.041825815186890401 0.024148145657226706
    endloop
  endfacet
  facet normal 0.12942830799556376 -0.91610858059106659 0.37946459868718518
    outer loop
      vertex 0.012940952255126037 -0.041825815186890401 0.024148145657226706
      vertex 3.0616169978683832e-18 -0.04330127018922194 0.024999999999999998
      vertex 3.0616169978683832e-18 -0.048296291314453413 0.012940952255126051
    endloop
  endfacet
  facet normal 0.12942830799556337 -0.91610858059106659 0.37946459868718552
    outer loop
      vertex 0.012940952255126037 -0.041825815186890401 0.024148145657226706
      vertex 3.0616169978683832e-18 -0.048296291314453413 0.012940952255126051
      vertex 0.012940952255126037 -0.046650635094610968 0.012500000000000015
    endloop
  endfacet
  facet normal 0.12942830799556346 -0.98310560276036019 0.1294283079955639
    outer loop
      vertex 0.012940952255126037 -0.046650635094610968 0.012500000000000015
      vertex 3.0616169978683832e-18 -0.048296291314453413 0.012940952255126051
      vertex 3.0616169978683832e-18 -0.050000000000000003 6.1232339957367663e-18
    endloop
  endfacet
  facet normal 0.12942830799556351 -0.98310560276036019 0.12942830799556387
    outer loop
      vertex 0.012940952255126037 -0.046650635094610968 0.012500000000000015
      vertex 3.0616169978683832e-18 -0.050000000000000003 6.1232339957367663e-18
      vertex 0.012940952255126037 -0.04829629131445342 5.9145898568933498e-18
    endloop
  endfacet
  facet normal 0.12942830799556351 -0.9831056027603603 -0.1294283079955634
    outer loop
      vertex 0.012940952255126037 -0.04829629131445342 5.9145898568933498e-18
      vertex 3.0616169978683832e-18 -0.050000000000000003 6.1232339957367663e-18
      vertex 3.0616169978683832e-18 -0.04829629131445342 -0.01294095225512604
    endloop
  endfacet
  facet normal 0.12942830799556349 -0.98310560276036019 -0.12942830799556335
    outer loop
      vertex 0.012940952255126037 -0.04829629131445342 5.9145898568933498e-18
      vertex 3.0616169978683832e-18 -0.04829629131445342 -0.01294095225512604
      vertex 0.012940952255126037 -0.046650635094610975 -0.012500000000000002
    endloop
  endfacet
  facet normal 0.12942830799556351 -0.9161085805910667 -0.37946459868718524
    outer loop
      vertex 0.012940952255126037 -0.046650635094610975 -0.012500000000000002
      vertex 3.0616169978683832e-18 -0.04829629131445342 -0.01294095225512604
      vertex 3.0616169978683832e-18 -0.043301270189221946 -0.024999999999999988
    endloop
  endfacet
  facet normal 0.12942830799556376 -0.91610858059106659 -0.37946459868718541
    outer loop
      vertex 0.012940952255126037 -0.046650635094610975 -0.012500000000000002
      vertex 3.0616169978683832e-18 -0.043301270189221946 -0.024999999999999988
      vertex 0.012940952255126037 -0.041825815186890408 -0.024148145657226696
    endloop
  endfacet
  facet normal 0.12942830799556371 -0.78668027259550299 -0.60364100407317467
    outer loop
      vertex 0.012940952255126037 -0.041825815186890408 -0.024148145657226696
      vertex 3.0616169978683832e-18 -0.043301270189221946 -0.024999999999999988
      vertex 3.0616169978683832e-18 -0.035355339059327397 -0.035355339059327355
    endloop
  endfacet
  facet normal 0.12942830799556321 -0.78668027259550333 -0.60364100407317434
    outer loop
      vertex 0.012940952255126037 -0.041825815186890408 -0.024148145657226696
      vertex 3.0616169978683832e-18 -0.035355339059327397 -0.035355339059327355
      vertex 0.012940952255126037 -0.034150635094610991 -0.03415063509461095
    endloop
  endfacet
  facet normal 0.12942830799556324 -0.60364100407317522 -0.78668027259550266
    outer loop
      vertex 0.012940952255126037 -0.034150635094610991 -0.03415063509461095
      vertex 3.0616169978683832e-18 -0.035355339059327397 -0.035355339059327355
      vertex 3.0616169978683832e-18 -0.025000000000000022 -0.043301270189221919
    endloop
  endfacet
  facet normal 0.12942830799556329 -0.60364100407317522 -0.78668027259550277
    outer loop
      vertex 0.012940952255126037 -0.034150635094610991 -0.03415063509461095
      vertex 3.0616169978683832e-18 -0.025000000000000022 -0.043301270189221919
      vertex 0.012940952255126037 -0.024148145657226731 -0.041825815186890387
    endloop
  endfacet
  facet normal 0.12942830799556326 -0.37946459868718579 -0.91610858059106648
    outer loop
      vertex 0.012940952255126037 -0.024148145657226731 -0.041825815186890387
      vertex 3.0616169978683832e-18 -0.025000000000000022 -0.043301270189221919
      vertex 3.0616169978683832e-18 -0.012940952255126032 -0.04829629131445342
    endloop
  endfacet
  facet normal 0.12942830799556343 -0.37946459868718568 -0.91610858059106659
    outer loop
      vertex 0.012940952255126037 -0.024148145657226731 -0.041825815186890387
      vertex 3.0616169978683832e-18 -0.012940952255126032 -0.04829629131445342
      vertex 0.012940952255126037 -0.012499999999999995 -0.046650635094610975
    endloop
  endfacet
  facet normal 0.12942830799556343 -0.1294283079955636 -0.98310560276036008
    outer loop
      vertex 0.012940952255126037 -0.012499999999999995 -0.046650635094610975
      vertex 3.0616169978683832e-18 -0.012940952255126032 -0.04829629131445342
      vertex 3.0616169978683832e-18 -9.1848509936051487e-18 -0.050000000000000003
    endloop
  endfacet
  facet normal 0.12942830799556351 -0.12942830799556357 -0.98310560276036019
    outer loop
      vertex 0.012940952255126037 -0.012499999999999995 -0.046650635094610975
      vertex 3.0616169978683832e-18 -9.1848509936051487e-18 -0.050000000000000003
      vertex 0.012940952255126037 -8.8718847853400232e-18 -0.04829629131445342
    endloop
  endfacet
  facet normal 0.12942830799556351 0.12942830799556307 -0.9831056027603603
    outer loop
      vertex 0.012940952255126037 -8.8718847853400232e-18 -0.04829629131445342
      vertex 3.0616169978683832e-18 -9.1848509936051487e-18 -0.050000000000000003
      vertex 3.0616169978683832e-18 0.012940952255126016 -0.048296291314453427
    endloop
  endfacet
  facet normal 0.12942830799556401 0.12942830799556357 -0.98310560276036019
    outer loop
      vertex 0.012940952255126037 -8.8718847853400232e-18 -0.04829629131445342
      vertex 3.0616169978683832e-18 0.012940952255126016 -0.048296291314453427
      vertex 0.012940952255126037 0.012499999999999978 -0.046650635094610975
    endloop
  endfacet
  facet normal 0.12942830799556398 0.37946459868718535 -0.91610858059106659
    outer loop
      vertex 0.012940952255126037 0.012499999999999978 -0.046650635094610975
      vertex 3.0616169978683832e-18 0.012940952255126016 -0.048296291314453427
      vertex 3.0616169978683832e-18 0.025000000000000008 -0.043301270189221933
    endloop
  endfacet
  facet normal 0.12942830799556376 0.37946459868718513 -0.91610858059106681
    outer loop
      vertex 0.012940952255126037 0.012499999999999978 -0.046650635094610975
      vertex 3.0616169978683832e-18 0.025000000000000008 -0.043301270189221933
      vertex 0.012940952255126037 0.024148145657226717 -0.041825815186890394
    endloop
  endfacet
  facet normal 0.12942830799556371 0.60364100407317511 -0.78668027259550288
    outer loop
      vertex 0.012940952255126037 0.024148145657226717 -0.041825815186890394
      vertex 3.0616169978683832e-18 0.025000000000000008 -0.043301270189221933
      vertex 3.0616169978683832e-18 0.035355339059327369 -0.035355339059327383
    endloop
  endfacet
  facet normal 0.12942830799556318 0.60364100407317467 -0.78668027259550311
    outer loop
      vertex 0.012940952255126037 0.024148145657226717 -0.041825815186890394
      vertex 3.0616169978683832e-18 0.035355339059327369 -0.035355339059327383
      vertex 0.012940952255126037 0.034150635094610964 -0.034150635094610977
    endloop
  endfacet
  facet normal 0.12942830799556321 0.78668027259550288 -0.60364100407317511
    outer loop
      vertex 0.012940952255126037 0.034150635094610964 -0.034150635094610977
      vertex 3.0616169978683832e-18 0.035355339059327369 -0.035355339059327383
      vertex 3.0616169978683832e-18 0.043301270189221919 -0.025000000000000022
    endloop
  endfacet
  facet normal 0.12942830799556324 0.78668027259550277 -0.603641004073175
    outer loop
      vertex 0.012940952255126037 0.034150635094610964 -0.034150635094610977
      vertex 3.0616169978683832e-18 0.043301270189221919 -0.025000000000000022
      vertex 0.012940952255126037 0.041825815186890387 -0.024148145657226731
    endloop
  endfacet
  facet normal 0.12942830799556332 0.91610858059106648 -0.37946459868718635
    outer loop
      vertex 0.012940952255126037 0.041825815186890387 -0.024148145657226731
      vertex 3.0616169978683832e-18 0.043301270189221919 -0.025000000000000022
      vertex 3.0616169978683832e-18 0.048296291314453406 -0.012940952255126079
    endloop
  endfacet
  facet normal 0.12942830799556351 0.91610858059106648 -0.37946459868718607
    outer loop
      vertex 0.012940952255126037 0.041825815186890387 -0.024148145657226731
      vertex 3.0616169978683832e-18 0.048296291314453406 -0.012940952255126079
      vertex 0.012940952255126037 0.046650635094610961 -0.012500000000000041
    endloop
  endfacet
  facet normal 0.12942830799556346 0.98310560276036008 -0.1294283079955641
    outer loop
      vertex 0.012940952255126037 0.046650635094610961 -0.012500000000000041
      vertex 3.0616169978683832e-18 0.048296291314453406 -0.012940952255126079
      vertex 3.0616169978683832e-18 0.050000000000000003 0
    endloop
  endfacet
  facet normal 0.12942830799556346 0.98310560276036008 -0.12942830799556407
    outer loop
      vertex 0.012940952255126037 0.046650635094610961 -0.012500000000000041
      vertex 3.0616169978683832e-18 0.050000000000000003 0
      vertex 0.012940952255126037 0.04829629131445342 0
    endloop
  endfacet
  facet normal -0.12942830799556349 0.98310560276036019 0.1294283079955634
    outer loop
      vertex 3.0616169978683832e-18 0.050000000000000003 0
      vertex -0.012940952255126032 0.04829629131445342 0
      vertex -0.012940952255126032 0.046650635094610975 0.012500000000000001
    endloop
  endfacet
  facet normal -0.12942830799556346 0.98310560276036019 0.12942830799556349
    outer loop
      vertex 3.0616169978683832e-18 0.050000000000000003 0
      vertex -0.012940952255126032 0.046650635094610975 0.012500000000000001
      vertex 3.0616169978683832e-18 0.04829629131445342 0.012940952255126037
    endloop
  endfacet
  facet normal -0.1294283079955634 0.91610858059106659 0.37946459868718557
    outer loop
      vertex 3.0616169978683832e-18 0.04829629131445342 0.012940952255126037
      vertex -0.012940952255126032 0.046650635094610975 0.012500000000000001
      vertex -0.012940952255126032 0.041825815186890401 0.024148145657226706
    endloop
  endfacet
  facet normal -0.12942830799556374 0.9161085805910667 0.37946459868718524
    outer loop
      vertex 3.0616169978683832e-18 0.04829629131445342 0.012940952255126037
      vertex -0.012940952255126032 0.041825815186890401 0.024148145657226706
      vertex 3.0616169978683832e-18 0.04330127018922194 0.024999999999999998
    endloop
  endfacet
  facet normal -0.12942830799556371 0.78668027259550288 0.60364100407317489
    outer loop
      vertex 3.0616169978683832e-18 0.04330127018922194 0.024999999999999998
      vertex -0.012940952255126032 0.041825815186890401 0.024148145657226706
      vertex -0.012940952255126032 0.03415063509461097 0.034150635094610964
    endloop
  endfacet
  facet normal -0.1294283079955639 0.78668027259550299 0.60364100407317467
    outer loop
      vertex 3.0616169978683832e-18 0.04330127018922194 0.024999999999999998
      vertex -0.012940952255126032 0.03415063509461097 0.034150635094610964
      vertex 3.0616169978683832e-18 0.035355339059327383 0.035355339059327376
    endloop
  endfacet
  facet normal -0.12942830799556393 0.603641004073175 0.78668027259550288
    outer loop
      vertex 3.0616169978683832e-18 0.035355339059327383 0.035355339059327376
      vertex -0.012940952255126032 0.03415063509461097 0.034150635094610964
      vertex -0.012940952255126032 0.024148145657226717 0.041825815186890394
    endloop
  endfacet
  facet normal -0.12942830799556368 0.60364100407317489 0.78668027259550299
    outer loop
      vertex 3.0616169978683832e-18 0.035355339059327383 0.035355339059327376
      vertex -0.012940952255126032 0.024148145657226717 0.041825815186890394
      vertex 3.0616169978683832e-18 0.025000000000000008 0.043301270189221933
    endloop
  endfacet
  facet normal -0.12942830799556376 0.37946459868718568 0.91610858059106648
    outer loop
      vertex 3.0616169978683832e-18 0.025000000000000008 0.043301270189221933
      vertex -0.012940952255126032 0.024148145657226717 0.041825815186890394
      vertex -0.012940952255126032 0.012500000000000001 0.046650635094610975
    endloop
  endfacet
  facet normal -0.12942830799556337 0.37946459868718546 0.91610858059106659
    outer loop
      vertex 3.0616169978683832e-18 0.025000000000000008 0.043301270189221933
      vertex -0.012940952255126032 0.012500000000000001 0.046650635094610975
      vertex 3.0616169978683832e-18 0.012940952255126037 0.04829629131445342
    endloop
  endfacet
  facet normal -0.12942830799556343 0.12942830799556346 0.98310560276036019
    outer loop
      vertex 3.0616169978683832e-18 0.012940952255126037 0.04829629131445342
      vertex -0.012940952255126032 0.012500000000000001 0.046650635094610975
      vertex -0.012940952255126032 2.9572949284466749e-18 0.04829629131445342
    endloop
  endfacet
  facet normal -0.12942830799556349 0.12942830799556351 0.9831056027603603
    outer loop
      vertex 3.0616169978683832e-18 0.012940952255126037 0.04829629131445342
      vertex -0.012940952255126032 2.9572949284466749e-18 0.04829629131445342
      vertex 3.0616169978683832e-18 3.0616169978683832e-18 0.050000000000000003
    endloop
  endfacet
  facet normal -0.12942830799556349 -0.12942830799556343 0.98310560276036019
    outer loop
      vertex 3.0616169978683832e-18 3.0616169978683832e-18 0.050000000000000003
      vertex -0.012940952255126032 2.9572949284466749e-18 0.04829629131445342
      vertex -0.012940952255126032 -0.012499999999999995 0.046650635094610975
    endloop
  endfacet
  facet normal -0.12942830799556343 -0.12942830799556349 0.98310560276036019
    outer loop
      vertex 3.0616169978683832e-18 3.0616169978683832e-18 0.050000000000000003
      vertex -0.012940952255126032 -0.012499999999999995 0.046650635094610975
      vertex 3.0616169978683832e-18 -0.012940952255126032 0.04829629131445342
    endloop
  endfacet
  facet normal -0.1294283079955634 -0.37946459868718557 0.91610858059106659
    outer loop
      vertex 3.0616169978683832e-18 -0.012940952255126032 0.04829629131445342
      vertex -0.012940952255126032 -0.012499999999999995 0.046650635094610975
      vertex -0.012940952255126032 -0.024148145657226699 0.041825815186890401
    endloop
  endfacet
  facet normal -0.12942830799556376 -0.37946459868718529 0.9161085805910667
    outer loop
      vertex 3.0616169978683832e-18 -0.012940952255126032 0.04829629131445342
      vertex -0.012940952255126032 -0.024148145657226699 0.041825815186890401
      vertex 3.0616169978683832e-18 -0.024999999999999991 0.04330127018922194
    endloop
  endfacet
  facet normal -0.12942830799556368 -0.60364100407317456 0.78668027259550299
    outer loop
      vertex 3.0616169978683832e-18 -0.024999999999999991 0.04330127018922194
      vertex -0.012940952255126032 -0.024148145657226699 0.041825815186890401
      vertex -0.012940952255126032 -0.034150635094610964 0.03415063509461097
    endloop
  endfacet
  facet normal -0.12942830799556393 -0.60364100407317445 0.78668027259550322
    outer loop
      vertex 3.0616169978683832e-18 -0.024999999999999991 0.04330127018922194
      vertex -0.012940952255126032 -0.034150635094610964 0.03415063509461097
      vertex 3.0616169978683832e-18 -0.035355339059327376 0.035355339059327383
    endloop
  endfacet
  facet normal -0.1294283079955639 -0.78668027259550277 0.60364100407317489
    outer loop
      vertex 3.0616169978683832e-18 -0.035355339059327376 0.035355339059327383
      vertex -0.012940952255126032 -0.034150635094610964 0.03415063509461097
      vertex -0.012940952255126032 -0.041825815186890401 0.024148145657226706
    endloop
  endfacet
  facet normal -0.12942830799556374 -0.78668027259550299 0.60364100407317489
    outer loop
      vertex 3.0616169978683832e-18 -0.035355339059327376 0.035355339059327383
      vertex -0.012940952255126032 -0.041825815186890401 0.024148145657226706
      vertex 3.0616169978683832e-18 -0.04330127018922194 0.024999999999999998
    endloop
  endfacet
  facet normal -0.12942830799556374 -0.91610858059106659 0.37946459868718557
    outer loop
      vertex 3.0616169978683832e-18 -0.04330127018922194 0.024999999999999998
      vertex -0.012940952255126032 -0.041825815186890401 0.024148145657226706
      vertex -0.012940952255126032 -0.046650635094610968 0.012500000000000015
    endloop
  endfacet
  facet normal -0.12942830799556346 -0.91610858059106681 0.37946459868718524
    outer loop
      vertex 3.0616169978683832e-18 -0.04330127018922194 0.024999999999999998
      vertex -0.012940952255126032 -0.046650635094610968 0.012500000000000015
      vertex 3.0616169978683832e-18 -0.048296291314453413 0.012940952255126051
    endloop
  endfacet
  facet normal -0.12942830799556346 -0.98310560276036019 0.12942830799556387
    outer loop
      vertex 3.0616169978683832e-18 -0.048296291314453413 0.012940952255126051
      vertex -0.012940952255126032 -0.046650635094610968 0.012500000000000015
      vertex -0.012940952255126032 -0.04829629131445342 5.9145898568933498e-18
    endloop
  endfacet
  facet normal -0.12942830799556349 -0.98310560276036019 0.12942830799556393
    outer loop
      vertex 3.0616169978683832e-18 -0.048296291314453413 0.012940952255126051
      vertex -0.012940952255126032 -0.04829629131445342 5.9145898568933498e-18
      vertex 3.0616169978683832e-18 -0.050000000000000003 6.1232339957367663e-18
    endloop
  endfacet
  facet normal -0.12942830799556349 -0.98310560276036019 -0.12942830799556332
    outer loop
      vertex 3.0616169978683832e-18 -0.050000000000000003 6.1232339957367663e-18
      vertex -0.012940952255126032 -0.04829629131445342 5.9145898568933498e-18
      vertex -0.012940952255126032 -0.046650635094610975 -0.012500000000000002
    endloop
  endfacet
  facet normal -0.12942830799556346 -0.98310560276036019 -0.12942830799556337
    outer loop
      vertex 3.0616169978683832e-18 -0.050000000000000003 6.1232339957367663e-18
      vertex -0.012940952255126032 -0.046650635094610975 -0.012500000000000002
      vertex 3.0616169978683832e-18 -0.04829629131445342 -0.01294095225512604
    endloop
  endfacet
  facet normal -0.12942830799556346 -0.91610858059106659 -0.37946459868718546
    outer loop
      vertex 3.0616169978683832e-18 -0.04829629131445342 -0.01294095225512604
      vertex -0.012940952255126032 -0.046650635094610975 -0.012500000000000002
      vertex -0.012940952255126032 -0.041825815186890408 -0.024148145657226696
    endloop
  endfacet
  facet normal -0.12942830799556374 -0.91610858059106681 -0.37946459868718524
    outer loop
      vertex 3.0616169978683832e-18 -0.04829629131445342 -0.01294095225512604
      vertex -0.012940952255126032 -0.041825815186890408 -0.024148145657226696
      vertex 3.0616169978683832e-18 -0.043301270189221946 -0.024999999999999988
    endloop
  endfacet
  facet normal -0.12942830799556371 -0.78668027259550344 -0.60364100407317434
    outer loop
      vertex 3.0616169978683832e-18 -0.043301270189221946 -0.024999999999999988
      vertex -0.012940952255126032 -0.041825815186890408 -0.024148145657226696
      vertex -0.012940952255126032 -0.034150635094610991 -0.03415063509461095
    endloop
  endfacet
  facet normal -0.12942830799556324 -0.78668027259550311 -0.60364100407317489
    outer loop
      vertex 3.0616169978683832e-18 -0.043301270189221946 -0.024999999999999988
      vertex -0.012940952255126032 -0.034150635094610991 -0.03415063509461095
      vertex 3.0616169978683832e-18 -0.035355339059327397 -0.035355339059327355
    endloop
  endfacet
  facet normal -0.12942830799556318 -0.60364100407317511 -0.78668027259550266
    outer loop
      vertex 3.0616169978683832e-18 -0.035355339059327397 -0.035355339059327355
      vertex -0.012940952255126032 -0.034150635094610991 -0.03415063509461095
      vertex -0.012940952255126032 -0.024148145657226731 -0.041825815186890387
    endloop
  endfacet
  facet normal -0.12942830799556326 -0.60364100407317522 -0.78668027259550266
    outer loop
      vertex 3.0616169978683832e-18 -0.035355339059327397 -0.035355339059327355
      vertex -0.012940952255126032 -0.024148145657226731 -0.041825815186890387
      vertex 3.0616169978683832e-18 -0.025000000000000022 -0.043301270189221919
    endloop
  endfacet
  facet normal -0.12942830799556326 -0.37946459868718579 -0.91610858059106659
    outer loop
      vertex 3.0616169978683832e-18 -0.025000000000000022 -0.043301270189221919
      vertex -0.012940952255126032 -0.024148145657226731 -0.041825815186890387
      vertex -0.012940952255126032 -0.012499999999999995 -0.046650635094610975
    endloop
  endfacet
  facet normal -0.12942830799556337 -0.37946459868718579 -0.91610858059106648
    outer loop
      vertex 3.0616169978683832e-18 -0.025000000000000022 -0.043301270189221919
      vertex -0.012940952255126032 -0.012499999999999995 -0.046650635094610975
      vertex 3.0616169978683832e-18 -0.012940952255126032 -0.04829629131445342
    endloop
  endfacet
  facet normal -0.12942830799556343 -0.12942830799556357 -0.98310560276036019
    outer loop
      vertex 3.0616169978683832e-18 -0.012940952255126032 -0.04829629131445342
      vertex -0.012940952255126032 -0.012499999999999995 -0.046650635094610975
      vertex -0.012940952255126032 -8.8718847853400232e-18 -0.04829629131445342
    endloop
  endfacet
  facet normal -0.12942830799556349 -0.12942830799556362 -0.9831056027603603
    outer loop
      vertex 3.0616169978683832e-18 -0.012940952255126032 -0.04829629131445342
      vertex -0.012940952255126032 -8.8718847853400232e-18 -0.04829629131445342
      vertex 3.0616169978683832e-18 -9.1848509936051487e-18 -0.050000000000000003
    endloop
  endfacet
  facet normal -0.12942830799556349 0.12942830799556357 -0.98310560276036019
    outer loop
      vertex 3.0616169978683832e-18 -9.1848509936051487e-18 -0.050000000000000003
      vertex -0.012940952255126032 -8.8718847853400232e-18 -0.04829629131445342
      vertex -0.012940952255126032 0.012499999999999978 -0.046650635094610975
    endloop
  endfacet
  facet normal -0.12942830799556396 0.12942830799556307 -0.98310560276036008
    outer loop
      vertex 3.0616169978683832e-18 -9.1848509936051487e-18 -0.050000000000000003
      vertex -0.012940952255126032 0.012499999999999978 -0.046650635094610975
      vertex 3.0616169978683832e-18 0.012940952255126016 -0.048296291314453427
    endloop
  endfacet
  facet normal -0.12942830799556398 0.37946459868718513 -0.91610858059106681
    outer loop
      vertex 3.0616169978683832e-18 0.012940952255126016 -0.048296291314453427
      vertex -0.012940952255126032 0.012499999999999978 -0.046650635094610975
      vertex -0.012940952255126032 0.024148145657226717 -0.041825815186890394
    endloop
  endfacet
  facet normal -0.12942830799556371 0.37946459868718535 -0.91610858059106659
    outer loop
      vertex 3.0616169978683832e-18 0.012940952255126016 -0.048296291314453427
      vertex -0.012940952255126032 0.024148145657226717 -0.041825815186890394
      vertex 3.0616169978683832e-18 0.025000000000000008 -0.043301270189221933
    endloop
  endfacet
  facet normal -0.12942830799556371 0.60364100407317467 -0.78668027259550311
    outer loop
      vertex 3.0616169978683832e-18 0.025000000000000008 -0.043301270189221933
      vertex -0.012940952255126032 0.024148145657226717 -0.041825815186890394
      vertex -0.012940952255126032 0.034150635094610964 -0.034150635094610977
    endloop
  endfacet
  facet normal -0.12942830799556321 0.60364100407317511 -0.78668027259550288
    outer loop
      vertex 3.0616169978683832e-18 0.025000000000000008 -0.043301270189221933
      vertex -0.012940952255126032 0.034150635094610964 -0.034150635094610977
      vertex 3.0616169978683832e-18 0.035355339059327369 -0.035355339059327383
    endloop
  endfacet
  facet normal -0.12942830799556321 0.78668027259550288 -0.603641004073175
    outer loop
      vertex 3.0616169978683832e-18 0.035355339059327369 -0.035355339059327383
      vertex -0.012940952255126032 0.034150635094610964 -0.034150635094610977
      vertex -0.012940952255126032 0.041825815186890387 -0.024148145657226731
    endloop
  endfacet
  facet normal -0.12942830799556329 0.78668027259550288 -0.60364100407317511
    outer loop
      vertex 3.0616169978683832e-18 0.035355339059327369 -0.035355339059327383
      vertex -0.012940952255126032 0.041825815186890387 -0.024148145657226731
      vertex 3.0616169978683832e-18 0.043301270189221919 -0.025000000000000022
    endloop
  endfacet
  facet normal -0.12942830799556329 0.91610858059106648 -0.37946459868718607
    outer loop
      vertex 3.0616169978683832e-18 0.043301270189221919 -0.025000000000000022
      vertex -0.012940952255126032 0.041825815186890387 -0.024148145657226731
      vertex -0.012940952255126032 0.046650635094610961 -0.012500000000000041
    endloop
  endfacet
  facet normal -0.12942830799556346 0.91610858059106637 -0.37946459868718618
    outer loop
      vertex 3.0616169978683832e-18 0.043301270189221919 -0.025000000000000022
      vertex -0.012940952255126032 0.046650635094610961 -0.012500000000000041
      vertex 3.0616169978683832e-18 0.048296291314453406 -0.012940952255126079
    endloop
  endfacet
  facet normal -0.12942830799556349 0.98310560276036008 -0.1294283079955641
    outer loop
      vertex 3.0616169978683832e-18 0.048296291314453406 -0.012940952255126079
      vertex -0.012940952255126032 0.046650635094610961 -0.012500000000000041
      vertex -0.012940952255126032 0.04829629131445342 0
    endloop
  endfacet
  facet normal -0.12942830799556349 0.98310560276036008 -0.1294283079955641
    outer loop
      vertex 3.0616169978683832e-18 0.048296291314453406 -0.012940952255126079
      vertex -0.012940952255126032 0.04829629131445342 0
      vertex 3.0616169978683832e-18 0.050000000000000003 0
    endloop
  endfacet
  facet normal -0.37988372795845626 0.91712044816215654 0.12074119758901981
    outer loop
      vertex -0.012940952255126032 0.04829629131445342 0
      vertex -0.024999999999999991 0.04330127018922194 0
      vertex -0.024999999999999991 0.041825815186890401 0.011207193402100669
    endloop
  endfacet
  facet normal -0.37988372795845654 0.91712044816215643 0.12074119758901948
    outer loop
      vertex -0.012940952255126032 0.04829629131445342 0
      vertex -0.024999999999999991 0.041825815186890401 0.011207193402100669
      vertex -0.012940952255126032 0.046650635094610975 0.012500000000000001
    endloop
  endfacet
  facet normal -0.3798837279584566 0.85462020523310678 0.35399527968563083
    outer loop
      vertex -0.012940952255126032 0.046650635094610975 0.012500000000000001
      vertex -0.024999999999999991 0.041825815186890401 0.011207193402100669
      vertex -0.024999999999999991 0.037500000000000006 0.021650635094610966
    endloop
  endfacet
  facet normal -0.37988372795845632 0.85462020523310678 0.35399527968563094
    outer loop
      vertex -0.012940952255126032 0.046650635094610975 0.012500000000000001
      vertex -0.024999999999999991 0.037500000000000006 0.021650635094610966
      vertex -0.012940952255126032 0.041825815186890401 0.024148145657226706
    endloop
  endfacet
  facet normal -0.37988372795845637 0.73387900764408709 0.56312516847652572
    outer loop
      vertex -0.012940952255126032 0.041825815186890401 0.024148145657226706
      vertex -0.024999999999999991 0.037500000000000006 0.021650635094610966
      vertex -0.024999999999999991 0.030618621784789732 0.030618621784789728
    endloop
  endfacet
  facet normal -0.37988372795845615 0.73387900764408698 0.56312516847652594
    outer loop
      vertex -0.012940952255126032 0.041825815186890401 0.024148145657226706
      vertex -0.024999999999999991 0.030618621784789732 0.030618621784789728
      vertex -0.012940952255126032 0.03415063509461097 0.034150635094610964
    endloop
  endfacet
  facet normal -0.3798837279584561 0.56312516847652605 0.73387900764408709
    outer loop
      vertex -0.012940952255126032 0.03415063509461097 0.034150635094610964
      vertex -0.024999999999999991 0.030618621784789732 0.030618621784789728
      vertex -0.024999999999999991 0.021650635094610973 0.037500000000000006
    endloop
  endfacet
  facet normal -0.37988372795845615 0.56312516847652616 0.73387900764408698
    outer loop
      vertex -0.012940952255126032 0.03415063509461097 0.034150635094610964
      vertex -0.024999999999999991 0.021650635094610973 0.037500000000000006
      vertex -0.012940952255126032 0.024148145657226717 0.041825815186890394
    endloop
  endfacet
  facet normal -0.3798837279584561 0.35399527968563066 0.854620205233107
    outer loop
      vertex -0.012940952255126032 0.024148145657226717 0.041825815186890394
      vertex -0.024999999999999991 0.021650635094610973 0.037500000000000006
      vertex -0.024999999999999991 0.011207193402100669 0.041825815186890401
    endloop
  endfacet
  facet normal -0.37988372795845654 0.3539952796856311 0.85462020523310667
    outer loop
      vertex -0.012940952255126032 0.024148145657226717 0.041825815186890394
      vertex -0.024999999999999991 0.011207193402100669 0.041825815186890401
      vertex -0.012940952255126032 0.012500000000000001 0.046650635094610975
    endloop
  endfacet
  facet normal -0.37988372795845654 0.12074119758901984 0.91712044816215632
    outer loop
      vertex -0.012940952255126032 0.012500000000000001 0.046650635094610975
      vertex -0.024999999999999991 0.011207193402100669 0.041825815186890401
      vertex -0.024999999999999991 2.6514380968122677e-18 0.04330127018922194
    endloop
  endfacet
  facet normal -0.37988372795845621 0.12074119758901952 0.91712044816215654
    outer loop
      vertex -0.012940952255126032 0.012500000000000001 0.046650635094610975
      vertex -0.024999999999999991 2.6514380968122677e-18 0.04330127018922194
      vertex -0.012940952255126032 2.9572949284466749e-18 0.04829629131445342
    endloop
  endfacet
  facet normal -0.37988372795845626 -0.12074119758901981 0.91712044816215654
    outer loop
      vertex -0.012940952255126032 2.9572949284466749e-18 0.04829629131445342
      vertex -0.024999999999999991 2.6514380968122677e-18 0.04330127018922194
      vertex -0.024999999999999991 -0.011207193402100666 0.041825815186890401
    endloop
  endfacet
  facet normal -0.37988372795845654 -0.12074119758901948 0.91712044816215643
    outer loop
      vertex -0.012940952255126032 2.9572949284466749e-18 0.04829629131445342
      vertex -0.024999999999999991 -0.011207193402100666 0.041825815186890401
      vertex -0.012940952255126032 -0.012499999999999995 0.046650635094610975
    endloop
  endfacet
  facet normal -0.37988372795845643 -0.35399527968563094 0.85462020523310656
    outer loop
      vertex -0.012940952255126032 -0.012499999999999995 0.046650635094610975
      vertex -0.024999999999999991 -0.011207193402100666 0.041825815186890401
      vertex -0.024999999999999991 -0.021650635094610959 0.037500000000000006
    endloop
  endfacet
  facet normal -0.37988372795845632 -0.35399527968563094 0.85462020523310667
    outer loop
      vertex -0.012940952255126032 -0.012499999999999995 0.046650635094610975
      vertex -0.024999999999999991 -0.021650635094610959 0.037500000000000006
      vertex -0.012940952255126032 -0.024148145657226699 0.041825815186890401
    endloop
  endfacet
  facet normal -0.37988372795845637 -0.56312516847652538 0.73387900764408731
    outer loop
      vertex -0.012940952255126032 -0.024148145657226699 0.041825815186890401
      vertex -0.024999999999999991 -0.021650635094610959 0.037500000000000006
      vertex -0.024999999999999991 -0.030618621784789728 0.030618621784789732
    endloop
  endfacet
  facet normal -0.37988372795845604 -0.56312516847652572 0.7338790076440872
    outer loop
      vertex -0.012940952255126032 -0.024148145657226699 0.041825815186890401
      vertex -0.024999999999999991 -0.030618621784789728 0.030618621784789732
      vertex -0.012940952255126032 -0.034150635094610964 0.03415063509461097
    endloop
  endfacet
  facet normal -0.3798837279584561 -0.73387900764408731 0.56312516847652583
    outer loop
      vertex -0.012940952255126032 -0.034150635094610964 0.03415063509461097
      vertex -0.024999999999999991 -0.030618621784789728 0.030618621784789732
      vertex -0.024999999999999991 -0.037500000000000006 0.021650635094610966
    endloop
  endfacet
  facet normal -0.37988372795845637 -0.73387900764408687 0.56312516847652594
    outer loop
      vertex -0.012940952255126032 -0.034150635094610964 0.03415063509461097
      vertex -0.024999999999999991 -0.037500000000000006 0.021650635094610966
      vertex -0.012940952255126032 -0.041825815186890401 0.024148145657226706
    endloop
  endfacet
  facet normal -0.37988372795845643 -0.85462020523310667 0.3539952796856311
    outer loop
      vertex -0.012940952255126032 -0.041825815186890401 0.024148145657226706
      vertex -0.024999999999999991 -0.037500000000000006 0.021650635094610966
      vertex -0.024999999999999991 -0.041825815186890401 0.011207193402100682
    endloop
  endfacet
  facet normal -0.37988372795845615 -0.85462020523310678 0.35399527968563094
    outer loop
      vertex -0.012940952255126032 -0.041825815186890401 0.024148145657226706
      vertex -0.024999999999999991 -0.041825815186890401 0.011207193402100682
      vertex -0.012940952255126032 -0.046650635094610968 0.012500000000000015
    endloop
  endfacet
  facet normal -0.3798837279584561 -0.91712044816215665 0.12074119758901974
    outer loop
      vertex -0.012940952255126032 -0.046650635094610968 0.012500000000000015
      vertex -0.024999999999999991 -0.041825815186890401 0.011207193402100682
      vertex -0.024999999999999991 -0.04330127018922194 5.3028761936245355e-18
    endloop
  endfacet
  facet normal -0.37988372795845621 -0.91712044816215643 0.1207411975890199
    outer loop
      vertex -0.012940952255126032 -0.046650635094610968 0.012500000000000015
      vertex -0.024999999999999991 -0.04330127018922194 5.3028761936245355e-18
      vertex -0.012940952255126032 -0.04829629131445342 5.9145898568933498e-18
    endloop
  endfacet
  facet normal -0.37988372795845621 -0.91712044816215665 -0.12074119758901973
    outer loop
      vertex -0.012940952255126032 -0.04829629131445342 5.9145898568933498e-18
      vertex -0.024999999999999991 -0.04330127018922194 5.3028761936245355e-18
      vertex -0.024999999999999991 -0.041825815186890401 -0.011207193402100673
    endloop
  endfacet
  facet normal -0.3798837279584566 -0.91712044816215643 -0.12074119758901943
    outer loop
      vertex -0.012940952255126032 -0.04829629131445342 5.9145898568933498e-18
      vertex -0.024999999999999991 -0.041825815186890401 -0.011207193402100673
      vertex -0.012940952255126032 -0.046650635094610975 -0.012500000000000002
    endloop
  endfacet
  facet normal -0.37988372795845643 -0.85462020523310667 -0.35399527968563055
    outer loop
      vertex -0.012940952255126032 -0.046650635094610975 -0.012500000000000002
      vertex -0.024999999999999991 -0.041825815186890401 -0.011207193402100673
      vertex -0.024999999999999991 -0.037500000000000012 -0.021650635094610959
    endloop
  endfacet
  facet normal -0.37988372795845626 -0.85462020523310678 -0.35399527968563088
    outer loop
      vertex -0.012940952255126032 -0.046650635094610975 -0.012500000000000002
      vertex -0.024999999999999991 -0.037500000000000012 -0.021650635094610959
      vertex -0.012940952255126032 -0.041825815186890408 -0.024148145657226696
    endloop
  endfacet
  facet normal -0.37988372795845621 -0.73387900764408742 -0.56312516847652538
    outer loop
      vertex -0.012940952255126032 -0.041825815186890408 -0.024148145657226696
      vertex -0.024999999999999991 -0.037500000000000012 -0.021650635094610959
      vertex -0.024999999999999991 -0.030618621784789749 -0.030618621784789714
    endloop
  endfacet
  facet normal -0.37988372795845632 -0.73387900764408742 -0.56312516847652538
    outer loop
      vertex -0.012940952255126032 -0.041825815186890408 -0.024148145657226696
      vertex -0.024999999999999991 -0.030618621784789749 -0.030618621784789714
      vertex -0.012940952255126032 -0.034150635094610991 -0.03415063509461095
    endloop
  endfacet
  facet normal -0.37988372795845632 -0.56312516847652605 -0.73387900764408709
    outer loop
      vertex -0.012940952255126032 -0.034150635094610991 -0.03415063509461095
      vertex -0.024999999999999991 -0.030618621784789749 -0.030618621784789714
      vertex -0.024999999999999991 -0.021650635094610991 -0.037499999999999992
    endloop
  endfacet
  facet normal -0.37988372795845632 -0.56312516847652605 -0.73387900764408676
    outer loop
      vertex -0.012940952255126032 -0.034150635094610991 -0.03415063509461095
      vertex -0.024999999999999991 -0.021650635094610991 -0.037499999999999992
      vertex -0.012940952255126032 -0.024148145657226731 -0.041825815186890387
    endloop
  endfacet
  facet normal -0.37988372795845637 -0.35399527968563099 -0.85462020523310667
    outer loop
      vertex -0.012940952255126032 -0.024148145657226731 -0.041825815186890387
      vertex -0.024999999999999991 -0.021650635094610991 -0.037499999999999992
      vertex -0.024999999999999991 -0.011207193402100666 -0.041825815186890401
    endloop
  endfacet
  facet normal -0.37988372795845649 -0.35399527968563105 -0.85462020523310667
    outer loop
      vertex -0.012940952255126032 -0.024148145657226731 -0.041825815186890387
      vertex -0.024999999999999991 -0.011207193402100666 -0.041825815186890401
      vertex -0.012940952255126032 -0.012499999999999995 -0.046650635094610975
    endloop
  endfacet
  facet normal -0.37988372795845654 -0.12074119758901992 -0.91712044816215632
    outer loop
      vertex -0.012940952255126032 -0.012499999999999995 -0.046650635094610975
      vertex -0.024999999999999991 -0.011207193402100666 -0.041825815186890401
      vertex -0.024999999999999991 -7.9543142904368025e-18 -0.04330127018922194
    endloop
  endfacet
  facet normal -0.37988372795845626 -0.12074119758901965 -0.91712044816215665
    outer loop
      vertex -0.012940952255126032 -0.012499999999999995 -0.046650635094610975
      vertex -0.024999999999999991 -7.9543142904368025e-18 -0.04330127018922194
      vertex -0.012940952255126032 -8.8718847853400232e-18 -0.04829629131445342
    endloop
  endfacet
  facet normal -0.37988372795845626 0.1207411975890194 -0.91712044816215665
    outer loop
      vertex -0.012940952255126032 -8.8718847853400232e-18 -0.04829629131445342
      vertex -0.024999999999999991 -7.9543142904368025e-18 -0.04330127018922194
      vertex -0.024999999999999991 0.01120719340210065 -0.041825815186890408
    endloop
  endfacet
  facet normal -0.3798837279584561 0.12074119758901966 -0.91712044816215677
    outer loop
      vertex -0.012940952255126032 -8.8718847853400232e-18 -0.04829629131445342
      vertex -0.024999999999999991 0.01120719340210065 -0.041825815186890408
      vertex -0.012940952255126032 0.012499999999999978 -0.046650635094610975
    endloop
  endfacet
  facet normal -0.37988372795845604 0.3539952796856306 -0.854620205233107
    outer loop
      vertex -0.012940952255126032 0.012499999999999978 -0.046650635094610975
      vertex -0.024999999999999991 0.01120719340210065 -0.041825815186890408
      vertex -0.024999999999999991 0.021650635094610973 -0.037500000000000006
    endloop
  endfacet
  facet normal -0.37988372795845604 0.3539952796856306 -0.854620205233107
    outer loop
      vertex -0.012940952255126032 0.012499999999999978 -0.046650635094610975
      vertex -0.024999999999999991 0.021650635094610973 -0.037500000000000006
      vertex -0.012940952255126032 0.024148145657226717 -0.041825815186890394
    endloop
  endfacet
  facet normal -0.37988372795845615 0.56312516847652583 -0.73387900764408698
    outer loop
      vertex -0.012940952255126032 0.024148145657226717 -0.041825815186890394
      vertex -0.024999999999999991 0.021650635094610973 -0.037500000000000006
      vertex -0.024999999999999991 0.030618621784789725 -0.030618621784789739
    endloop
  endfacet
  facet normal -0.37988372795845626 0.56312516847652561 -0.7338790076440872
    outer loop
      vertex -0.012940952255126032 0.024148145657226717 -0.041825815186890394
      vertex -0.024999999999999991 0.030618621784789725 -0.030618621784789739
      vertex -0.012940952255126032 0.034150635094610964 -0.034150635094610977
    endloop
  endfacet
  facet normal -0.37988372795845626 0.73387900764408698 -0.56312516847652594
    outer loop
      vertex -0.012940952255126032 0.034150635094610964 -0.034150635094610977
      vertex -0.024999999999999991 0.030618621784789725 -0.030618621784789739
      vertex -0.024999999999999991 0.037499999999999992 -0.021650635094610991
    endloop
  endfacet
  facet normal -0.37988372795845637 0.73387900764408698 -0.56312516847652594
    outer loop
      vertex -0.012940952255126032 0.034150635094610964 -0.034150635094610977
      vertex -0.024999999999999991 0.037499999999999992 -0.021650635094610991
      vertex -0.012940952255126032 0.041825815186890387 -0.024148145657226731
    endloop
  endfacet
  facet normal -0.37988372795845637 0.85462020523310633 -0.35399527968563155
    outer loop
      vertex -0.012940952255126032 0.041825815186890387 -0.024148145657226731
      vertex -0.024999999999999991 0.037499999999999992 -0.021650635094610991
      vertex -0.024999999999999991 0.041825815186890394 -0.011207193402100706
    endloop
  endfacet
  facet normal -0.3798837279584561 0.85462020523310667 -0.35399527968563138
    outer loop
      vertex -0.012940952255126032 0.041825815186890387 -0.024148145657226731
      vertex -0.024999999999999991 0.041825815186890394 -0.011207193402100706
      vertex -0.012940952255126032 0.046650635094610961 -0.012500000000000041
    endloop
  endfacet
  facet normal -0.37988372795845615 0.91712044816215665 -0.12074119758901999
    outer loop
      vertex -0.012940952255126032 0.046650635094610961 -0.012500000000000041
      vertex -0.024999999999999991 0.041825815186890394 -0.011207193402100706
      vertex -0.024999999999999991 0.04330127018922194 0
    endloop
  endfacet
  facet normal -0.37988372795845626 0.91712044816215654 -0.12074119758902012
    outer loop
      vertex -0.012940952255126032 0.046650635094610961 -0.012500000000000041
      vertex -0.024999999999999991 0.04330127018922194 0
      vertex -0.012940952255126032 0.04829629131445342 0
    endloop
  endfacet
  facet normal -0.60546781312595421 0.78906101650442184 0.10388185357165673
    outer loop
      vertex -0.024999999999999991 0.04330127018922194 0
      vertex -0.035355339059327376 0.035355339059327383 0
      vertex -0.035355339059327376 0.03415063509461097 0.0091506350946109673
    endloop
  endfacet
  facet normal -0.60546781312595432 0.78906101650442184 0.10388185357165659
    outer loop
      vertex -0.024999999999999991 0.04330127018922194 0
      vertex -0.035355339059327376 0.03415063509461097 0.0091506350946109673
      vertex -0.024999999999999991 0.041825815186890401 0.011207193402100669
    endloop
  endfacet
  facet normal -0.60546781312595432 0.7352878122146298 0.30456618406694075
    outer loop
      vertex -0.024999999999999991 0.041825815186890401 0.011207193402100669
      vertex -0.035355339059327376 0.03415063509461097 0.0091506350946109673
      vertex -0.035355339059327376 0.030618621784789735 0.017677669529663688
    endloop
  endfacet
  facet normal -0.6054678131259541 0.7352878122146298 0.30456618406694125
    outer loop
      vertex -0.024999999999999991 0.041825815186890401 0.011207193402100669
      vertex -0.035355339059327376 0.030618621784789735 0.017677669529663688
      vertex -0.024999999999999991 0.037500000000000006 0.021650635094610966
    endloop
  endfacet
  facet normal -0.6054678131259541 0.63140595864297322 0.48449483243748087
    outer loop
      vertex -0.024999999999999991 0.037500000000000006 0.021650635094610966
      vertex -0.035355339059327376 0.030618621784789735 0.017677669529663688
      vertex -0.035355339059327376 0.025000000000000005 0.025000000000000001
    endloop
  endfacet
  facet normal -0.60546781312595421 0.63140595864297322 0.48449483243748059
    outer loop
      vertex -0.024999999999999991 0.037500000000000006 0.021650635094610966
      vertex -0.035355339059327376 0.025000000000000005 0.025000000000000001
      vertex -0.024999999999999991 0.030618621784789732 0.030618621784789728
    endloop
  endfacet
  facet normal -0.60546781312595432 0.48449483243748098 0.63140595864297311
    outer loop
      vertex -0.024999999999999991 0.030618621784789732 0.030618621784789728
      vertex -0.035355339059327376 0.025000000000000005 0.025000000000000001
      vertex -0.035355339059327376 0.017677669529663695 0.030618621784789732
    endloop
  endfacet
  facet normal -0.60546781312595421 0.48449483243748087 0.63140595864297311
    outer loop
      vertex -0.024999999999999991 0.030618621784789732 0.030618621784789728
      vertex -0.035355339059327376 0.017677669529663695 0.030618621784789732
      vertex -0.024999999999999991 0.021650635094610973 0.037500000000000006
    endloop
  endfacet
  facet normal -0.60546781312595421 0.30456618406694097 0.73528781221462991
    outer loop
      vertex -0.024999999999999991 0.021650635094610973 0.037500000000000006
      vertex -0.035355339059327376 0.017677669529663695 0.030618621784789732
      vertex -0.035355339059327376 0.0091506350946109673 0.03415063509461097
    endloop
  endfacet
  facet normal -0.60546781312595421 0.30456618406694103 0.7352878122146298
    outer loop
      vertex -0.024999999999999991 0.021650635094610973 0.037500000000000006
      vertex -0.035355339059327376 0.0091506350946109673 0.03415063509461097
      vertex -0.024999999999999991 0.011207193402100669 0.041825815186890401
    endloop
  endfacet
  facet normal -0.60546781312595432 0.10388185357165675 0.78906101650442162
    outer loop
      vertex -0.024999999999999991 0.011207193402100669 0.041825815186890401
      vertex -0.035355339059327376 0.0091506350946109673 0.03415063509461097
      vertex -0.035355339059327376 2.1648901405887338e-18 0.035355339059327383
    endloop
  endfacet
  facet normal -0.60546781312595432 0.10388185357165663 0.78906101650442184
    outer loop
      vertex -0.024999999999999991 0.011207193402100669 0.041825815186890401
      vertex -0.035355339059327376 2.1648901405887338e-18 0.035355339059327383
      vertex -0.024999999999999991 2.6514380968122677e-18 0.04330127018922194
    endloop
  endfacet
  facet normal -0.60546781312595421 -0.10388185357165673 0.78906101650442184
    outer loop
      vertex -0.024999999999999991 2.6514380968122677e-18 0.04330127018922194
      vertex -0.035355339059327376 2.1648901405887338e-18 0.035355339059327383
      vertex -0.035355339059327376 -0.0091506350946109639 0.03415063509461097
    endloop
  endfacet
  facet normal -0.60546781312595432 -0.10388185357165659 0.78906101650442184
    outer loop
      vertex -0.024999999999999991 2.6514380968122677e-18 0.04330127018922194
      vertex -0.035355339059327376 -0.0091506350946109639 0.03415063509461097
      vertex -0.024999999999999991 -0.011207193402100666 0.041825815186890401
    endloop
  endfacet
  facet normal -0.60546781312595432 -0.30456618406694075 0.73528781221462991
    outer loop
      vertex -0.024999999999999991 -0.011207193402100666 0.041825815186890401
      vertex -0.035355339059327376 -0.0091506350946109639 0.03415063509461097
      vertex -0.035355339059327376 -0.017677669529663684 0.030618621784789735
    endloop
  endfacet
  facet normal -0.60546781312595399 -0.30456618406694136 0.7352878122146298
    outer loop
      vertex -0.024999999999999991 -0.011207193402100666 0.041825815186890401
      vertex -0.035355339059327376 -0.017677669529663684 0.030618621784789735
      vertex -0.024999999999999991 -0.021650635094610959 0.037500000000000006
    endloop
  endfacet
  facet normal -0.6054678131259541 -0.48449483243748082 0.63140595864297344
    outer loop
      vertex -0.024999999999999991 -0.021650635094610959 0.037500000000000006
      vertex -0.035355339059327376 -0.017677669529663684 0.030618621784789735
      vertex -0.035355339059327376 -0.025000000000000001 0.025000000000000005
    endloop
  endfacet
  facet normal -0.6054678131259541 -0.48449483243748032 0.63140595864297344
    outer loop
      vertex -0.024999999999999991 -0.021650635094610959 0.037500000000000006
      vertex -0.035355339059327376 -0.025000000000000001 0.025000000000000005
      vertex -0.024999999999999991 -0.030618621784789728 0.030618621784789732
    endloop
  endfacet
  facet normal -0.60546781312595421 -0.63140595864297311 0.48449483243748082
    outer loop
      vertex -0.024999999999999991 -0.030618621784789728 0.030618621784789732
      vertex -0.035355339059327376 -0.025000000000000001 0.025000000000000005
      vertex -0.035355339059327376 -0.030618621784789735 0.017677669529663688
    endloop
  endfacet
  facet normal -0.6054678131259541 -0.63140595864297344 0.4844948324374807
    outer loop
      vertex -0.024999999999999991 -0.030618621784789728 0.030618621784789732
      vertex -0.035355339059327376 -0.030618621784789735 0.017677669529663688
      vertex -0.024999999999999991 -0.037500000000000006 0.021650635094610966
    endloop
  endfacet
  facet normal -0.6054678131259541 -0.73528781221462991 0.30456618406694125
    outer loop
      vertex -0.024999999999999991 -0.037500000000000006 0.021650635094610966
      vertex -0.035355339059327376 -0.030618621784789735 0.017677669529663688
      vertex -0.035355339059327376 -0.03415063509461097 0.009150635094610976
    endloop
  endfacet
  facet normal -0.60546781312595432 -0.73528781221462958 0.30456618406694147
    outer loop
      vertex -0.024999999999999991 -0.037500000000000006 0.021650635094610966
      vertex -0.035355339059327376 -0.03415063509461097 0.009150635094610976
      vertex -0.024999999999999991 -0.041825815186890401 0.011207193402100682
    endloop
  endfacet
  facet normal -0.60546781312595432 -0.78906101650442173 0.10388185357165668
    outer loop
      vertex -0.024999999999999991 -0.041825815186890401 0.011207193402100682
      vertex -0.035355339059327376 -0.03415063509461097 0.009150635094610976
      vertex -0.035355339059327376 -0.035355339059327383 4.3297802811774677e-18
    endloop
  endfacet
  facet normal -0.60546781312595421 -0.78906101650442173 0.10388185357165652
    outer loop
      vertex -0.024999999999999991 -0.041825815186890401 0.011207193402100682
      vertex -0.035355339059327376 -0.035355339059327383 4.3297802811774677e-18
      vertex -0.024999999999999991 -0.04330127018922194 5.3028761936245355e-18
    endloop
  endfacet
  facet normal -0.60546781312595421 -0.78906101650442184 -0.10388185357165668
    outer loop
      vertex -0.024999999999999991 -0.04330127018922194 5.3028761936245355e-18
      vertex -0.035355339059327376 -0.035355339059327383 4.3297802811774677e-18
      vertex -0.035355339059327376 -0.03415063509461097 -0.0091506350946109691
    endloop
  endfacet
  facet normal -0.60546781312595432 -0.78906101650442184 -0.10388185357165652
    outer loop
      vertex -0.024999999999999991 -0.04330127018922194 5.3028761936245355e-18
      vertex -0.035355339059327376 -0.03415063509461097 -0.0091506350946109691
      vertex -0.024999999999999991 -0.041825815186890401 -0.011207193402100673
    endloop
  endfacet
  facet normal -0.60546781312595432 -0.73528781221462991 -0.30456618406694069
    outer loop
      vertex -0.024999999999999991 -0.041825815186890401 -0.011207193402100673
      vertex -0.035355339059327376 -0.03415063509461097 -0.0091506350946109691
      vertex -0.035355339059327376 -0.030618621784789739 -0.017677669529663681
    endloop
  endfacet
  facet normal -0.60546781312595421 -0.7352878122146298 -0.30456618406694103
    outer loop
      vertex -0.024999999999999991 -0.041825815186890401 -0.011207193402100673
      vertex -0.035355339059327376 -0.030618621784789739 -0.017677669529663681
      vertex -0.024999999999999991 -0.037500000000000012 -0.021650635094610959
    endloop
  endfacet
  facet normal -0.60546781312595421 -0.63140595864297344 -0.48449483243748048
    outer loop
      vertex -0.024999999999999991 -0.037500000000000012 -0.021650635094610959
      vertex -0.035355339059327376 -0.030618621784789739 -0.017677669529663681
      vertex -0.035355339059327376 -0.025000000000000019 -0.024999999999999991
    endloop
  endfacet
  facet normal -0.60546781312595421 -0.63140595864297344 -0.48449483243748037
    outer loop
      vertex -0.024999999999999991 -0.037500000000000012 -0.021650635094610959
      vertex -0.035355339059327376 -0.025000000000000019 -0.024999999999999991
      vertex -0.024999999999999991 -0.030618621784789749 -0.030618621784789714
    endloop
  endfacet
  facet normal -0.60546781312595421 -0.48449483243748098 -0.631405958642973
    outer loop
      vertex -0.024999999999999991 -0.030618621784789749 -0.030618621784789714
      vertex -0.035355339059327376 -0.025000000000000019 -0.024999999999999991
      vertex -0.035355339059327376 -0.017677669529663709 -0.030618621784789721
    endloop
  endfacet
  facet normal -0.6054678131259541 -0.48449483243748087 -0.63140595864297311
    outer loop
      vertex -0.024999999999999991 -0.030618621784789749 -0.030618621784789714
      vertex -0.035355339059327376 -0.017677669529663709 -0.030618621784789721
      vertex -0.024999999999999991 -0.021650635094610991 -0.037499999999999992
    endloop
  endfacet
  facet normal -0.60546781312595421 -0.30456618406694119 -0.73528781221462991
    outer loop
      vertex -0.024999999999999991 -0.021650635094610991 -0.037499999999999992
      vertex -0.035355339059327376 -0.017677669529663709 -0.030618621784789721
      vertex -0.035355339059327376 -0.0091506350946109639 -0.03415063509461097
    endloop
  endfacet
  facet normal -0.60546781312595432 -0.30456618406694136 -0.7352878122146298
    outer loop
      vertex -0.024999999999999991 -0.021650635094610991 -0.037499999999999992
      vertex -0.035355339059327376 -0.0091506350946109639 -0.03415063509461097
      vertex -0.024999999999999991 -0.011207193402100666 -0.041825815186890401
    endloop
  endfacet
  facet normal -0.60546781312595432 -0.10388185357165684 -0.78906101650442184
    outer loop
      vertex -0.024999999999999991 -0.011207193402100666 -0.041825815186890401
      vertex -0.035355339059327376 -0.0091506350946109639 -0.03415063509461097
      vertex -0.035355339059327376 -6.4946704217662007e-18 -0.035355339059327383
    endloop
  endfacet
  facet normal -0.60546781312595421 -0.10388185357165672 -0.78906101650442184
    outer loop
      vertex -0.024999999999999991 -0.011207193402100666 -0.041825815186890401
      vertex -0.035355339059327376 -6.4946704217662007e-18 -0.035355339059327383
      vertex -0.024999999999999991 -7.9543142904368025e-18 -0.04330127018922194
    endloop
  endfacet
  facet normal -0.60546781312595432 0.10388185357165627 -0.78906101650442184
    outer loop
      vertex -0.024999999999999991 -7.9543142904368025e-18 -0.04330127018922194
      vertex -0.035355339059327376 -6.4946704217662007e-18 -0.035355339059327383
      vertex -0.035355339059327376 0.0091506350946109517 -0.034150635094610977
    endloop
  endfacet
  facet normal -0.60546781312595421 0.10388185357165623 -0.78906101650442195
    outer loop
      vertex -0.024999999999999991 -7.9543142904368025e-18 -0.04330127018922194
      vertex -0.035355339059327376 0.0091506350946109517 -0.034150635094610977
      vertex -0.024999999999999991 0.01120719340210065 -0.041825815186890408
    endloop
  endfacet
  facet normal -0.60546781312595432 0.30456618406694086 -0.73528781221462991
    outer loop
      vertex -0.024999999999999991 0.01120719340210065 -0.041825815186890408
      vertex -0.035355339059327376 0.0091506350946109517 -0.034150635094610977
      vertex -0.035355339059327376 0.017677669529663695 -0.030618621784789732
    endloop
  endfacet
  facet normal -0.60546781312595432 0.30456618406694097 -0.73528781221462991
    outer loop
      vertex -0.024999999999999991 0.01120719340210065 -0.041825815186890408
      vertex -0.035355339059327376 0.017677669529663695 -0.030618621784789732
      vertex -0.024999999999999991 0.021650635094610973 -0.037500000000000006
    endloop
  endfacet
  facet normal -0.60546781312595421 0.48449483243748076 -0.63140595864297322
    outer loop
      vertex -0.024999999999999991 0.021650635094610973 -0.037500000000000006
      vertex -0.035355339059327376 0.017677669529663695 -0.030618621784789732
      vertex -0.035355339059327376 0.024999999999999998 -0.025000000000000012
    endloop
  endfacet
  facet normal -0.60546781312595421 0.48449483243748059 -0.63140595864297322
    outer loop
      vertex -0.024999999999999991 0.021650635094610973 -0.037500000000000006
      vertex -0.035355339059327376 0.024999999999999998 -0.025000000000000012
      vertex -0.024999999999999991 0.030618621784789725 -0.030618621784789739
    endloop
  endfacet
  facet normal -0.60546781312595432 0.631405958642973 -0.48449483243748093
    outer loop
      vertex -0.024999999999999991 0.030618621784789725 -0.030618621784789739
      vertex -0.035355339059327376 0.024999999999999998 -0.025000000000000012
      vertex -0.035355339059327376 0.030618621784789721 -0.017677669529663709
    endloop
  endfacet
  facet normal -0.60546781312595421 0.63140595864297322 -0.48449483243748076
    outer loop
      vertex -0.024999999999999991 0.030618621784789725 -0.030618621784789739
      vertex -0.035355339059327376 0.030618621784789721 -0.017677669529663709
      vertex -0.024999999999999991 0.037499999999999992 -0.021650635094610991
    endloop
  endfacet
  facet normal -0.6054678131259541 0.73528781221462969 -0.30456618406694164
    outer loop
      vertex -0.024999999999999991 0.037499999999999992 -0.021650635094610991
      vertex -0.035355339059327376 0.030618621784789721 -0.017677669529663709
      vertex -0.035355339059327376 0.034150635094610964 -0.0091506350946109968
    endloop
  endfacet
  facet normal -0.60546781312595432 0.73528781221462924 -0.3045661840669418
    outer loop
      vertex -0.024999999999999991 0.037499999999999992 -0.021650635094610991
      vertex -0.035355339059327376 0.034150635094610964 -0.0091506350946109968
      vertex -0.024999999999999991 0.041825815186890394 -0.011207193402100706
    endloop
  endfacet
  facet normal -0.60546781312595432 0.78906101650442173 -0.10388185357165694
    outer loop
      vertex -0.024999999999999991 0.041825815186890394 -0.011207193402100706
      vertex -0.035355339059327376 0.034150635094610964 -0.0091506350946109968
      vertex -0.035355339059327376 0.035355339059327383 0
    endloop
  endfacet
  facet normal -0.60546781312595421 0.78906101650442184 -0.10388185357165673
    outer loop
      vertex -0.024999999999999991 0.041825815186890394 -0.011207193402100706
      vertex -0.035355339059327376 0.035355339059327383 0
      vertex -0.024999999999999991 0.04330127018922194 0
    endloop
  endfacet
  facet normal -0.79081760988225325 0.60681569463167007 0.079888801773489726
    outer loop
      vertex -0.035355339059327376 0.035355339059327383 0
      vertex -0.04330127018922194 0.024999999999999998 0
      vertex -0.04330127018922194 0.024148145657226706 0.0064704761275630176
    endloop
  endfacet
  facet normal -0.79081760988225325 0.60681569463167007 0.079888801773490031
    outer loop
      vertex -0.035355339059327376 0.035355339059327383 0
      vertex -0.04330127018922194 0.024148145657226706 0.0064704761275630176
      vertex -0.035355339059327376 0.03415063509461097 0.0091506350946109673
    endloop
  endfacet
  facet normal -0.79081760988225325 0.56546220785287171 0.23422211550209349
    outer loop
      vertex -0.035355339059327376 0.03415063509461097 0.0091506350946109673
      vertex -0.04330127018922194 0.024148145657226706 0.0064704761275630176
      vertex -0.04330127018922194 0.021650635094610966 0.012499999999999997
    endloop
  endfacet
  facet normal -0.79081760988225336 0.56546220785287171 0.23422211550209321
    outer loop
      vertex -0.035355339059327376 0.03415063509461097 0.0091506350946109673
      vertex -0.04330127018922194 0.021650635094610966 0.012499999999999997
      vertex -0.035355339059327376 0.030618621784789735 0.017677669529663688
    endloop
  endfacet
  facet normal -0.79081760988225336 0.48557340607938171 0.37259357912957664
    outer loop
      vertex -0.035355339059327376 0.030618621784789735 0.017677669529663688
      vertex -0.04330127018922194 0.021650635094610966 0.012499999999999997
      vertex -0.04330127018922194 0.017677669529663688 0.017677669529663684
    endloop
  endfacet
  facet normal -0.79081760988225325 0.48557340607938171 0.37259357912957675
    outer loop
      vertex -0.035355339059327376 0.030618621784789735 0.017677669529663688
      vertex -0.04330127018922194 0.017677669529663688 0.017677669529663684
      vertex -0.035355339059327376 0.025000000000000005 0.025000000000000001
    endloop
  endfacet
  facet normal -0.79081760988225325 0.37259357912957669 0.4855734060793816
    outer loop
      vertex -0.035355339059327376 0.025000000000000005 0.025000000000000001
      vertex -0.04330127018922194 0.017677669529663688 0.017677669529663684
      vertex -0.04330127018922194 0.012500000000000002 0.021650635094610963
    endloop
  endfacet
  facet normal -0.79081760988225336 0.3725935791295768 0.48557340607938154
    outer loop
      vertex -0.035355339059327376 0.025000000000000005 0.025000000000000001
      vertex -0.04330127018922194 0.012500000000000002 0.021650635094610963
      vertex -0.035355339059327376 0.017677669529663695 0.030618621784789732
    endloop
  endfacet
  facet normal -0.79081760988225336 0.23422211550209349 0.56546220785287138
    outer loop
      vertex -0.035355339059327376 0.017677669529663695 0.030618621784789732
      vertex -0.04330127018922194 0.012500000000000002 0.021650635094610963
      vertex -0.04330127018922194 0.0064704761275630176 0.024148145657226706
    endloop
  endfacet
  facet normal -0.79081760988225336 0.23422211550209329 0.56546220785287182
    outer loop
      vertex -0.035355339059327376 0.017677669529663695 0.030618621784789732
      vertex -0.04330127018922194 0.0064704761275630176 0.024148145657226706
      vertex -0.035355339059327376 0.0091506350946109673 0.03415063509461097
    endloop
  endfacet
  facet normal -0.79081760988225336 0.079888801773489754 0.60681569463167007
    outer loop
      vertex -0.035355339059327376 0.0091506350946109673 0.03415063509461097
      vertex -0.04330127018922194 0.0064704761275630176 0.024148145657226706
      vertex -0.04330127018922194 1.5308084989341914e-18 0.024999999999999998
    endloop
  endfacet
  facet normal -0.79081760988225336 0.079888801773490045 0.60681569463167007
    outer loop
      vertex -0.035355339059327376 0.0091506350946109673 0.03415063509461097
      vertex -0.04330127018922194 1.5308084989341914e-18 0.024999999999999998
      vertex -0.035355339059327376 2.1648901405887338e-18 0.035355339059327383
    endloop
  endfacet
  facet normal -0.79081760988225336 -0.07988880177348974 0.60681569463167007
    outer loop
      vertex -0.035355339059327376 2.1648901405887338e-18 0.035355339059327383
      vertex -0.04330127018922194 1.5308084989341914e-18 0.024999999999999998
      vertex -0.04330127018922194 -0.006470476127563015 0.024148145657226706
    endloop
  endfacet
  facet normal -0.79081760988225336 -0.079888801773490059 0.60681569463167007
    outer loop
      vertex -0.035355339059327376 2.1648901405887338e-18 0.035355339059327383
      vertex -0.04330127018922194 -0.006470476127563015 0.024148145657226706
      vertex -0.035355339059327376 -0.0091506350946109639 0.03415063509461097
    endloop
  endfacet
  facet normal -0.79081760988225325 -0.23422211550209354 0.56546220785287171
    outer loop
      vertex -0.035355339059327376 -0.0091506350946109639 0.03415063509461097
      vertex -0.04330127018922194 -0.006470476127563015 0.024148145657226706
      vertex -0.04330127018922194 -0.012499999999999994 0.021650635094610966
    endloop
  endfacet
  facet normal -0.79081760988225336 -0.23422211550209321 0.56546220785287171
    outer loop
      vertex -0.035355339059327376 -0.0091506350946109639 0.03415063509461097
      vertex -0.04330127018922194 -0.012499999999999994 0.021650635094610966
      vertex -0.035355339059327376 -0.017677669529663684 0.030618621784789735
    endloop
  endfacet
  facet normal -0.79081760988225336 -0.37259357912957652 0.48557340607938188
    outer loop
      vertex -0.035355339059327376 -0.017677669529663684 0.030618621784789735
      vertex -0.04330127018922194 -0.012499999999999994 0.021650635094610966
      vertex -0.04330127018922194 -0.017677669529663684 0.017677669529663688
    endloop
  endfacet
  facet normal -0.79081760988225336 -0.37259357912957664 0.48557340607938176
    outer loop
      vertex -0.035355339059327376 -0.017677669529663684 0.030618621784789735
      vertex -0.04330127018922194 -0.017677669529663684 0.017677669529663688
      vertex -0.035355339059327376 -0.025000000000000001 0.025000000000000005
    endloop
  endfacet
  facet normal -0.79081760988225325 -0.48557340607938171 0.37259357912957675
    outer loop
      vertex -0.035355339059327376 -0.025000000000000001 0.025000000000000005
      vertex -0.04330127018922194 -0.017677669529663684 0.017677669529663688
      vertex -0.04330127018922194 -0.021650635094610966 0.012499999999999997
    endloop
  endfacet
  facet normal -0.79081760988225336 -0.48557340607938165 0.37259357912957675
    outer loop
      vertex -0.035355339059327376 -0.025000000000000001 0.025000000000000005
      vertex -0.04330127018922194 -0.021650635094610966 0.012499999999999997
      vertex -0.035355339059327376 -0.030618621784789735 0.017677669529663688
    endloop
  endfacet
  facet normal -0.79081760988225336 -0.5654622078528716 0.23422211550209335
    outer loop
      vertex -0.035355339059327376 -0.030618621784789735 0.017677669529663688
      vertex -0.04330127018922194 -0.021650635094610966 0.012499999999999997
      vertex -0.04330127018922194 -0.024148145657226703 0.0064704761275630246
    endloop
  endfacet
  facet normal -0.79081760988225336 -0.5654622078528716 0.23422211550209343
    outer loop
      vertex -0.035355339059327376 -0.030618621784789735 0.017677669529663688
      vertex -0.04330127018922194 -0.024148145657226703 0.0064704761275630246
      vertex -0.035355339059327376 -0.03415063509461097 0.009150635094610976
    endloop
  endfacet
  facet normal -0.79081760988225336 -0.60681569463167018 0.079888801773490004
    outer loop
      vertex -0.035355339059327376 -0.03415063509461097 0.009150635094610976
      vertex -0.04330127018922194 -0.024148145657226703 0.0064704761275630246
      vertex -0.04330127018922194 -0.024999999999999998 3.0616169978683828e-18
    endloop
  endfacet
  facet normal -0.79081760988225336 -0.60681569463167007 0.079888801773489976
    outer loop
      vertex -0.035355339059327376 -0.03415063509461097 0.009150635094610976
      vertex -0.04330127018922194 -0.024999999999999998 3.0616169978683828e-18
      vertex -0.035355339059327376 -0.035355339059327383 4.3297802811774677e-18
    endloop
  endfacet
  facet normal -0.79081760988225325 -0.60681569463166996 -0.079888801773489657
    outer loop
      vertex -0.035355339059327376 -0.035355339059327383 4.3297802811774677e-18
      vertex -0.04330127018922194 -0.024999999999999998 3.0616169978683828e-18
      vertex -0.04330127018922194 -0.024148145657226706 -0.0064704761275630194
    endloop
  endfacet
  facet normal -0.79081760988225325 -0.60681569463167007 -0.07988880177348999
    outer loop
      vertex -0.035355339059327376 -0.035355339059327383 4.3297802811774677e-18
      vertex -0.04330127018922194 -0.024148145657226706 -0.0064704761275630194
      vertex -0.035355339059327376 -0.03415063509461097 -0.0091506350946109691
    endloop
  endfacet
  facet normal -0.79081760988225336 -0.56546220785287171 -0.23422211550209349
    outer loop
      vertex -0.035355339059327376 -0.03415063509461097 -0.0091506350946109691
      vertex -0.04330127018922194 -0.024148145657226706 -0.0064704761275630194
      vertex -0.04330127018922194 -0.02165063509461097 -0.012499999999999992
    endloop
  endfacet
  facet normal -0.79081760988225325 -0.56546220785287171 -0.23422211550209324
    outer loop
      vertex -0.035355339059327376 -0.03415063509461097 -0.0091506350946109691
      vertex -0.04330127018922194 -0.02165063509461097 -0.012499999999999992
      vertex -0.035355339059327376 -0.030618621784789739 -0.017677669529663681
    endloop
  endfacet
  facet normal -0.79081760988225336 -0.48557340607938182 -0.37259357912957658
    outer loop
      vertex -0.035355339059327376 -0.030618621784789739 -0.017677669529663681
      vertex -0.04330127018922194 -0.02165063509461097 -0.012499999999999992
      vertex -0.04330127018922194 -0.017677669529663695 -0.017677669529663678
    endloop
  endfacet
  facet normal -0.79081760988225325 -0.48557340607938182 -0.3725935791295763
    outer loop
      vertex -0.035355339059327376 -0.030618621784789739 -0.017677669529663681
      vertex -0.04330127018922194 -0.017677669529663695 -0.017677669529663678
      vertex -0.035355339059327376 -0.025000000000000019 -0.024999999999999991
    endloop
  endfacet
  facet normal -0.79081760988225325 -0.37259357912957669 -0.4855734060793816
    outer loop
      vertex -0.035355339059327376 -0.025000000000000019 -0.024999999999999991
      vertex -0.04330127018922194 -0.017677669529663695 -0.017677669529663678
      vertex -0.04330127018922194 -0.012500000000000009 -0.021650635094610956
    endloop
  endfacet
  facet normal -0.79081760988225347 -0.3725935791295768 -0.48557340607938154
    outer loop
      vertex -0.035355339059327376 -0.025000000000000019 -0.024999999999999991
      vertex -0.04330127018922194 -0.012500000000000009 -0.021650635094610956
      vertex -0.035355339059327376 -0.017677669529663709 -0.030618621784789721
    endloop
  endfacet
  facet normal -0.79081760988225336 -0.23422211550209371 -0.56546220785287138
    outer loop
      vertex -0.035355339059327376 -0.017677669529663709 -0.030618621784789721
      vertex -0.04330127018922194 -0.012500000000000009 -0.021650635094610956
      vertex -0.04330127018922194 -0.006470476127563015 -0.024148145657226706
    endloop
  endfacet
  facet normal -0.79081760988225325 -0.23422211550209349 -0.56546220785287171
    outer loop
      vertex -0.035355339059327376 -0.017677669529663709 -0.030618621784789721
      vertex -0.04330127018922194 -0.006470476127563015 -0.024148145657226706
      vertex -0.035355339059327376 -0.0091506350946109639 -0.03415063509461097
    endloop
  endfacet
  facet normal -0.79081760988225336 -0.079888801773489837 -0.60681569463167007
    outer loop
      vertex -0.035355339059327376 -0.0091506350946109639 -0.03415063509461097
      vertex -0.04330127018922194 -0.006470476127563015 -0.024148145657226706
      vertex -0.04330127018922194 -4.5924254968025736e-18 -0.024999999999999998
    endloop
  endfacet
  facet normal -0.79081760988225325 -0.079888801773490115 -0.60681569463166996
    outer loop
      vertex -0.035355339059327376 -0.0091506350946109639 -0.03415063509461097
      vertex -0.04330127018922194 -4.5924254968025736e-18 -0.024999999999999998
      vertex -0.035355339059327376 -6.4946704217662007e-18 -0.035355339059327383
    endloop
  endfacet
  facet normal -0.79081760988225336 0.07988880177348949 -0.60681569463167018
    outer loop
      vertex -0.035355339059327376 -6.4946704217662007e-18 -0.035355339059327383
      vertex -0.04330127018922194 -4.5924254968025736e-18 -0.024999999999999998
      vertex -0.04330127018922194 0.0064704761275630072 -0.02414814565722671
    endloop
  endfacet
  facet normal -0.79081760988225336 0.079888801773489643 -0.60681569463167007
    outer loop
      vertex -0.035355339059327376 -6.4946704217662007e-18 -0.035355339059327383
      vertex -0.04330127018922194 0.0064704761275630072 -0.02414814565722671
      vertex -0.035355339059327376 0.0091506350946109517 -0.034150635094610977
    endloop
  endfacet
  facet normal -0.79081760988225336 0.23422211550209354 -0.56546220785287171
    outer loop
      vertex -0.035355339059327376 0.0091506350946109517 -0.034150635094610977
      vertex -0.04330127018922194 0.0064704761275630072 -0.02414814565722671
      vertex -0.04330127018922194 0.012500000000000002 -0.021650635094610963
    endloop
  endfacet
  facet normal -0.79081760988225336 0.23422211550209329 -0.56546220785287171
    outer loop
      vertex -0.035355339059327376 0.0091506350946109517 -0.034150635094610977
      vertex -0.04330127018922194 0.012500000000000002 -0.021650635094610963
      vertex -0.035355339059327376 0.017677669529663695 -0.030618621784789732
    endloop
  endfacet
  facet normal -0.79081760988225336 0.37259357912957664 -0.48557340607938165
    outer loop
      vertex -0.035355339059327376 0.017677669529663695 -0.030618621784789732
      vertex -0.04330127018922194 0.012500000000000002 -0.021650635094610963
      vertex -0.04330127018922194 0.017677669529663681 -0.017677669529663691
    endloop
  endfacet
  facet normal -0.79081760988225336 0.37259357912957652 -0.4855734060793816
    outer loop
      vertex -0.035355339059327376 0.017677669529663695 -0.030618621784789732
      vertex -0.04330127018922194 0.017677669529663681 -0.017677669529663691
      vertex -0.035355339059327376 0.024999999999999998 -0.025000000000000012
    endloop
  endfacet
  facet normal -0.79081760988225347 0.48557340607938165 -0.37259357912957669
    outer loop
      vertex -0.035355339059327376 0.024999999999999998 -0.025000000000000012
      vertex -0.04330127018922194 0.017677669529663681 -0.017677669529663691
      vertex -0.04330127018922194 0.021650635094610956 -0.012500000000000009
    endloop
  endfacet
  facet normal -0.79081760988225347 0.48557340607938149 -0.37259357912957669
    outer loop
      vertex -0.035355339059327376 0.024999999999999998 -0.025000000000000012
      vertex -0.04330127018922194 0.021650635094610956 -0.012500000000000009
      vertex -0.035355339059327376 0.030618621784789721 -0.017677669529663709
    endloop
  endfacet
  facet normal -0.79081760988225336 0.56546220785287127 -0.23422211550209393
    outer loop
      vertex -0.035355339059327376 0.030618621784789721 -0.017677669529663709
      vertex -0.04330127018922194 0.021650635094610956 -0.012500000000000009
      vertex -0.04330127018922194 0.024148145657226699 -0.0064704761275630384
    endloop
  endfacet
  facet normal -0.79081760988225336 0.56546220785287149 -0.23422211550209382
    outer loop
      vertex -0.035355339059327376 0.030618621784789721 -0.017677669529663709
      vertex -0.04330127018922194 0.024148145657226699 -0.0064704761275630384
      vertex -0.035355339059327376 0.034150635094610964 -0.0091506350946109968
    endloop
  endfacet
  facet normal -0.79081760988225336 0.60681569463167007 -0.079888801773490267
    outer loop
      vertex -0.035355339059327376 0.034150635094610964 -0.0091506350946109968
      vertex -0.04330127018922194 0.024148145657226699 -0.0064704761275630384
      vertex -0.04330127018922194 0.024999999999999998 0
    endloop
  endfacet
  facet normal -0.79081760988225336 0.60681569463166996 -0.079888801773490212
    outer loop
      vertex -0.035355339059327376 0.034150635094610964 -0.0091506350946109968
      vertex -0.04330127018922194 0.024999999999999998 0
      vertex -0.035355339059327376 0.035355339059327383 0
    endloop
  endfacet
  facet normal -0.92270923287551776 0.38219867838391375 0.050317410583843904
    outer loop
      vertex -0.04330127018922194 0.024999999999999998 0
      vertex -0.048296291314453413 0.012940952255126051 0
      vertex -0.048296291314453413 0.012500000000000013 0.0033493649053890368
    endloop
  endfacet
  facet normal -0.92270923287551776 0.3821986783839138 0.050317410583844022
    outer loop
      vertex -0.04330127018922194 0.024999999999999998 0
      vertex -0.048296291314453413 0.012500000000000013 0.0033493649053890368
      vertex -0.04330127018922194 0.024148145657226706 0.0064704761275630176
    endloop
  endfacet
  facet normal -0.92270923287551776 0.35615247006522971 0.14752318337369583
    outer loop
      vertex -0.04330127018922194 0.024148145657226706 0.0064704761275630176
      vertex -0.048296291314453413 0.012500000000000013 0.0033493649053890368
      vertex -0.048296291314453413 0.011207193402100682 0.0064704761275630246
    endloop
  endfacet
  facet normal -0.92270923287551776 0.35615247006522976 0.14752318337369588
    outer loop
      vertex -0.04330127018922194 0.024148145657226706 0.0064704761275630176
      vertex -0.048296291314453413 0.011207193402100682 0.0064704761275630246
      vertex -0.04330127018922194 0.021650635094610966 0.012499999999999997
    endloop
  endfacet
  facet normal -0.92270923287551776 0.30583505948138562 0.23467549501021792
    outer loop
      vertex -0.04330127018922194 0.021650635094610966 0.012499999999999997
      vertex -0.048296291314453413 0.011207193402100682 0.0064704761275630246
      vertex -0.048296291314453413 0.009150635094610976 0.0091506350946109743
    endloop
  endfacet
  facet normal -0.92270923287551776 0.30583505948138567 0.23467549501021789
    outer loop
      vertex -0.04330127018922194 0.021650635094610966 0.012499999999999997
      vertex -0.048296291314453413 0.009150635094610976 0.0091506350946109743
      vertex -0.04330127018922194 0.017677669529663688 0.017677669529663684
    endloop
  endfacet
  facet normal -0.92270923287551776 0.23467549501021795 0.30583505948138573
    outer loop
      vertex -0.04330127018922194 0.017677669529663688 0.017677669529663684
      vertex -0.048296291314453413 0.009150635094610976 0.0091506350946109743
      vertex -0.048296291314453413 0.0064704761275630272 0.01120719340210068
    endloop
  endfacet
  facet normal -0.92270923287551776 0.23467549501021792 0.30583505948138562
    outer loop
      vertex -0.04330127018922194 0.017677669529663688 0.017677669529663684
      vertex -0.048296291314453413 0.0064704761275630272 0.01120719340210068
      vertex -0.04330127018922194 0.012500000000000002 0.021650635094610963
    endloop
  endfacet
  facet normal -0.92270923287551776 0.14752318337369588 0.35615247006522982
    outer loop
      vertex -0.04330127018922194 0.012500000000000002 0.021650635094610963
      vertex -0.048296291314453413 0.0064704761275630272 0.01120719340210068
      vertex -0.048296291314453413 0.0033493649053890368 0.012500000000000013
    endloop
  endfacet
  facet normal -0.92270923287551787 0.14752318337369597 0.35615247006522976
    outer loop
      vertex -0.04330127018922194 0.012500000000000002 0.021650635094610963
      vertex -0.048296291314453413 0.0033493649053890368 0.012500000000000013
      vertex -0.04330127018922194 0.0064704761275630176 0.024148145657226706
    endloop
  endfacet
  facet normal -0.92270923287551776 0.050317410583844063 0.38219867838391375
    outer loop
      vertex -0.04330127018922194 0.0064704761275630176 0.024148145657226706
      vertex -0.048296291314453413 0.0033493649053890368 0.012500000000000013
      vertex -0.048296291314453413 7.9240478785794204e-19 0.012940952255126051
    endloop
  endfacet
  facet normal -0.92270923287551776 0.050317410583844036 0.38219867838391369
    outer loop
      vertex -0.04330127018922194 0.0064704761275630176 0.024148145657226706
      vertex -0.048296291314453413 7.9240478785794204e-19 0.012940952255126051
      vertex -0.04330127018922194 1.5308084989341914e-18 0.024999999999999998
    endloop
  endfacet
  facet normal -0.92270923287551776 -0.050317410583843904 0.38219867838391375
    outer loop
      vertex -0.04330127018922194 1.5308084989341914e-18 0.024999999999999998
      vertex -0.048296291314453413 7.9240478785794204e-19 0.012940952255126051
      vertex -0.048296291314453413 -0.0033493649053890355 0.012500000000000013
    endloop
  endfacet
  facet normal -0.92270923287551776 -0.050317410583844036 0.3821986783839138
    outer loop
      vertex -0.04330127018922194 1.5308084989341914e-18 0.024999999999999998
      vertex -0.048296291314453413 -0.0033493649053890355 0.012500000000000013
      vertex -0.04330127018922194 -0.006470476127563015 0.024148145657226706
    endloop
  endfacet
  facet normal -0.92270923287551787 -0.14752318337369588 0.35615247006522988
    outer loop
      vertex -0.04330127018922194 -0.006470476127563015 0.024148145657226706
      vertex -0.048296291314453413 -0.0033493649053890355 0.012500000000000013
      vertex -0.048296291314453413 -0.0064704761275630228 0.011207193402100682
    endloop
  endfacet
  facet normal -0.92270923287551776 -0.14752318337369591 0.35615247006522971
    outer loop
      vertex -0.04330127018922194 -0.006470476127563015 0.024148145657226706
      vertex -0.048296291314453413 -0.0064704761275630228 0.011207193402100682
      vertex -0.04330127018922194 -0.012499999999999994 0.021650635094610966
    endloop
  endfacet
  facet normal -0.92270923287551776 -0.23467549501021781 0.30583505948138573
    outer loop
      vertex -0.04330127018922194 -0.012499999999999994 0.021650635094610966
      vertex -0.048296291314453413 -0.0064704761275630228 0.011207193402100682
      vertex -0.048296291314453413 -0.0091506350946109743 0.009150635094610976
    endloop
  endfacet
  facet normal -0.92270923287551776 -0.23467549501021778 0.30583505948138573
    outer loop
      vertex -0.04330127018922194 -0.012499999999999994 0.021650635094610966
      vertex -0.048296291314453413 -0.0091506350946109743 0.009150635094610976
      vertex -0.04330127018922194 -0.017677669529663684 0.017677669529663688
    endloop
  endfacet
  facet normal -0.92270923287551776 -0.30583505948138573 0.23467549501021795
    outer loop
      vertex -0.04330127018922194 -0.017677669529663684 0.017677669529663688
      vertex -0.048296291314453413 -0.0091506350946109743 0.009150635094610976
      vertex -0.048296291314453413 -0.011207193402100682 0.0064704761275630246
    endloop
  endfacet
  facet normal -0.92270923287551776 -0.30583505948138567 0.23467549501021795
    outer loop
      vertex -0.04330127018922194 -0.017677669529663684 0.017677669529663688
      vertex -0.048296291314453413 -0.011207193402100682 0.0064704761275630246
      vertex -0.04330127018922194 -0.021650635094610966 0.012499999999999997
    endloop
  endfacet
  facet normal -0.92270923287551787 -0.35615247006522988 0.14752318337369569
    outer loop
      vertex -0.04330127018922194 -0.021650635094610966 0.012499999999999997
      vertex -0.048296291314453413 -0.011207193402100682 0.0064704761275630246
      vertex -0.048296291314453413 -0.012500000000000011 0.0033493649053890403
    endloop
  endfacet
  facet normal -0.92270923287551787 -0.35615247006522976 0.14752318337369585
    outer loop
      vertex -0.04330127018922194 -0.021650635094610966 0.012499999999999997
      vertex -0.048296291314453413 -0.012500000000000011 0.0033493649053890403
      vertex -0.04330127018922194 -0.024148145657226703 0.0064704761275630246
    endloop
  endfacet
  facet normal -0.92270923287551765 -0.38219867838391386 0.050317410583844181
    outer loop
      vertex -0.04330127018922194 -0.024148145657226703 0.0064704761275630246
      vertex -0.048296291314453413 -0.012500000000000011 0.0033493649053890403
      vertex -0.048296291314453413 -0.012940952255126051 1.5848095757158841e-18
    endloop
  endfacet
  facet normal -0.92270923287551776 -0.38219867838391375 0.050317410583844202
    outer loop
      vertex -0.04330127018922194 -0.024148145657226703 0.0064704761275630246
      vertex -0.048296291314453413 -0.012940952255126051 1.5848095757158841e-18
      vertex -0.04330127018922194 -0.024999999999999998 3.0616169978683828e-18
    endloop
  endfacet
  facet normal -0.92270923287551776 -0.38219867838391386 -0.050317410583843869
    outer loop
      vertex -0.04330127018922194 -0.024999999999999998 3.0616169978683828e-18
      vertex -0.048296291314453413 -0.012940952255126051 1.5848095757158841e-18
      vertex -0.048296291314453413 -0.012500000000000013 -0.0033493649053890377
    endloop
  endfacet
  facet normal -0.92270923287551776 -0.3821986783839138 -0.050317410583843987
    outer loop
      vertex -0.04330127018922194 -0.024999999999999998 3.0616169978683828e-18
      vertex -0.048296291314453413 -0.012500000000000013 -0.0033493649053890377
      vertex -0.04330127018922194 -0.024148145657226706 -0.0064704761275630194
    endloop
  endfacet
  facet normal -0.92270923287551787 -0.35615247006522976 -0.14752318337369599
    outer loop
      vertex -0.04330127018922194 -0.024148145657226706 -0.0064704761275630194
      vertex -0.048296291314453413 -0.012500000000000013 -0.0033493649053890377
      vertex -0.048296291314453413 -0.011207193402100682 -0.006470476127563022
    endloop
  endfacet
  facet normal -0.92270923287551787 -0.35615247006522971 -0.14752318337369583
    outer loop
      vertex -0.04330127018922194 -0.024148145657226706 -0.0064704761275630194
      vertex -0.048296291314453413 -0.011207193402100682 -0.006470476127563022
      vertex -0.04330127018922194 -0.02165063509461097 -0.012499999999999992
    endloop
  endfacet
  facet normal -0.92270923287551787 -0.30583505948138578 -0.23467549501021759
    outer loop
      vertex -0.04330127018922194 -0.02165063509461097 -0.012499999999999992
      vertex -0.048296291314453413 -0.011207193402100682 -0.006470476127563022
      vertex -0.048296291314453413 -0.0091506350946109795 -0.0091506350946109708
    endloop
  endfacet
  facet normal -0.92270923287551787 -0.30583505948138573 -0.23467549501021784
    outer loop
      vertex -0.04330127018922194 -0.02165063509461097 -0.012499999999999992
      vertex -0.048296291314453413 -0.0091506350946109795 -0.0091506350946109708
      vertex -0.04330127018922194 -0.017677669529663695 -0.017677669529663678
    endloop
  endfacet
  facet normal -0.92270923287551776 -0.23467549501021806 -0.30583505948138556
    outer loop
      vertex -0.04330127018922194 -0.017677669529663695 -0.017677669529663678
      vertex -0.048296291314453413 -0.0091506350946109795 -0.0091506350946109708
      vertex -0.048296291314453413 -0.0064704761275630315 -0.011207193402100676
    endloop
  endfacet
  facet normal -0.92270923287551776 -0.23467549501021798 -0.30583505948138567
    outer loop
      vertex -0.04330127018922194 -0.017677669529663695 -0.017677669529663678
      vertex -0.048296291314453413 -0.0064704761275630315 -0.011207193402100676
      vertex -0.04330127018922194 -0.012500000000000009 -0.021650635094610956
    endloop
  endfacet
  facet normal -0.92270923287551776 -0.14752318337369608 -0.35615247006522993
    outer loop
      vertex -0.04330127018922194 -0.012500000000000009 -0.021650635094610956
      vertex -0.048296291314453413 -0.0064704761275630315 -0.011207193402100676
      vertex -0.048296291314453413 -0.0033493649053890355 -0.012500000000000013
    endloop
  endfacet
  facet normal -0.92270923287551776 -0.14752318337369613 -0.35615247006522971
    outer loop
      vertex -0.04330127018922194 -0.012500000000000009 -0.021650635094610956
      vertex -0.048296291314453413 -0.0033493649053890355 -0.012500000000000013
      vertex -0.04330127018922194 -0.006470476127563015 -0.024148145657226706
    endloop
  endfacet
  facet normal -0.92270923287551787 -0.050317410583844112 -0.3821986783839138
    outer loop
      vertex -0.04330127018922194 -0.006470476127563015 -0.024148145657226706
      vertex -0.048296291314453413 -0.0033493649053890355 -0.012500000000000013
      vertex -0.048296291314453413 -2.3772143635738259e-18 -0.012940952255126051
    endloop
  endfacet
  facet normal -0.92270923287551787 -0.050317410583844084 -0.38219867838391386
    outer loop
      vertex -0.04330127018922194 -0.006470476127563015 -0.024148145657226706
      vertex -0.048296291314453413 -2.3772143635738259e-18 -0.012940952255126051
      vertex -0.04330127018922194 -4.5924254968025736e-18 -0.024999999999999998
    endloop
  endfacet
  facet normal -0.92270923287551765 0.050317410583843938 -0.38219867838391375
    outer loop
      vertex -0.04330127018922194 -4.5924254968025736e-18 -0.024999999999999998
      vertex -0.048296291314453413 -2.3772143635738259e-18 -0.012940952255126051
      vertex -0.048296291314453413 0.0033493649053890312 -0.012500000000000015
    endloop
  endfacet
  facet normal -0.92270923287551787 0.050317410583843876 -0.3821986783839138
    outer loop
      vertex -0.04330127018922194 -4.5924254968025736e-18 -0.024999999999999998
      vertex -0.048296291314453413 0.0033493649053890312 -0.012500000000000015
      vertex -0.04330127018922194 0.0064704761275630072 -0.02414814565722671
    endloop
  endfacet
  facet normal -0.92270923287551776 0.14752318337369591 -0.35615247006522976
    outer loop
      vertex -0.04330127018922194 0.0064704761275630072 -0.02414814565722671
      vertex -0.048296291314453413 0.0033493649053890312 -0.012500000000000015
      vertex -0.048296291314453413 0.0064704761275630272 -0.01120719340210068
    endloop
  endfacet
  facet normal -0.92270923287551776 0.14752318337369594 -0.35615247006522982
    outer loop
      vertex -0.04330127018922194 0.0064704761275630072 -0.02414814565722671
      vertex -0.048296291314453413 0.0064704761275630272 -0.01120719340210068
      vertex -0.04330127018922194 0.012500000000000002 -0.021650635094610963
    endloop
  endfacet
  facet normal -0.92270923287551776 0.23467549501021784 -0.30583505948138567
    outer loop
      vertex -0.04330127018922194 0.012500000000000002 -0.021650635094610963
      vertex -0.048296291314453413 0.0064704761275630272 -0.01120719340210068
      vertex -0.048296291314453413 0.0091506350946109725 -0.0091506350946109778
    endloop
  endfacet
  facet normal -0.92270923287551776 0.23467549501021787 -0.30583505948138567
    outer loop
      vertex -0.04330127018922194 0.012500000000000002 -0.021650635094610963
      vertex -0.048296291314453413 0.0091506350946109725 -0.0091506350946109778
      vertex -0.04330127018922194 0.017677669529663681 -0.017677669529663691
    endloop
  endfacet
  facet normal -0.92270923287551787 0.30583505948138545 -0.23467549501021803
    outer loop
      vertex -0.04330127018922194 0.017677669529663681 -0.017677669529663691
      vertex -0.048296291314453413 0.0091506350946109725 -0.0091506350946109778
      vertex -0.048296291314453413 0.011207193402100676 -0.0064704761275630315
    endloop
  endfacet
  facet normal -0.92270923287551765 0.30583505948138567 -0.23467549501021792
    outer loop
      vertex -0.04330127018922194 0.017677669529663681 -0.017677669529663691
      vertex -0.048296291314453413 0.011207193402100676 -0.0064704761275630315
      vertex -0.04330127018922194 0.021650635094610956 -0.012500000000000009
    endloop
  endfacet
  facet normal -0.92270923287551765 0.35615247006522976 -0.14752318337369627
    outer loop
      vertex -0.04330127018922194 0.021650635094610956 -0.012500000000000009
      vertex -0.048296291314453413 0.011207193402100676 -0.0064704761275630315
      vertex -0.048296291314453413 0.012500000000000009 -0.0033493649053890477
    endloop
  endfacet
  facet normal -0.92270923287551787 0.35615247006522965 -0.14752318337369627
    outer loop
      vertex -0.04330127018922194 0.021650635094610956 -0.012500000000000009
      vertex -0.048296291314453413 0.012500000000000009 -0.0033493649053890477
      vertex -0.04330127018922194 0.024148145657226699 -0.0064704761275630384
    endloop
  endfacet
  facet normal -0.92270923287551776 0.38219867838391369 -0.050317410583844195
    outer loop
      vertex -0.04330127018922194 0.024148145657226699 -0.0064704761275630384
      vertex -0.048296291314453413 0.012500000000000009 -0.0033493649053890477
      vertex -0.048296291314453413 0.012940952255126051 0
    endloop
  endfacet
  facet normal -0.92270923287551765 0.38219867838391375 -0.050317410583844265
    outer loop
      vertex -0.04330127018922194 0.024148145657226699 -0.0064704761275630384
      vertex -0.048296291314453413 0.012940952255126051 0
      vertex -0.04330127018922194 0.024999999999999998 0
    endloop
  endfacet
  facet normal -0.99129851029002436 0.13050692473434672 0.017181562593727016
    outer loop
      vertex -0.048296291314453413 0.012940952255126051 0
      vertex -0.050000000000000003 0 0
      vertex -0.048296291314453413 0.012500000000000013 0.0033493649053890368
    endloop
  endfacet
  facet normal -0.99129851029002436 0.12161309348659151 0.050373792684293275
    outer loop
      vertex -0.048296291314453413 0.012500000000000013 0.0033493649053890368
      vertex -0.050000000000000003 0 0
      vertex -0.048296291314453413 0.011207193402100682 0.0064704761275630246
    endloop
  endfacet
  facet normal -0.99129851029002436 0.10443153089286443 0.080133132050053443
    outer loop
      vertex -0.048296291314453413 0.011207193402100682 0.0064704761275630246
      vertex -0.050000000000000003 0 0
      vertex -0.048296291314453413 0.009150635094610976 0.0091506350946109743
    endloop
  endfacet
  facet normal -0.99129851029002436 0.080133132050053471 0.10443153089286444
    outer loop
      vertex -0.048296291314453413 0.009150635094610976 0.0091506350946109743
      vertex -0.050000000000000003 0 0
      vertex -0.048296291314453413 0.0064704761275630272 0.01120719340210068
    endloop
  endfacet
  facet normal -0.99129851029002414 0.050373792684293289 0.12161309348659147
    outer loop
      vertex -0.048296291314453413 0.0064704761275630272 0.01120719340210068
      vertex -0.050000000000000003 0 0
      vertex -0.048296291314453413 0.0033493649053890368 0.012500000000000013
    endloop
  endfacet
  facet normal -0.99129851029002436 0.01718156259372702 0.13050692473434672
    outer loop
      vertex -0.048296291314453413 0.0033493649053890368 0.012500000000000013
      vertex -0.050000000000000003 0 0
      vertex -0.048296291314453413 7.9240478785794204e-19 0.012940952255126051
    endloop
  endfacet
  facet normal -0.99129851029002436 -0.01718156259372702 0.13050692473434675
    outer loop
      vertex -0.048296291314453413 7.9240478785794204e-19 0.012940952255126051
      vertex -0.050000000000000003 0 0
      vertex -0.048296291314453413 -0.0033493649053890355 0.012500000000000013
    endloop
  endfacet
  facet normal -0.99129851029002436 -0.050373792684293275 0.12161309348659148
    outer loop
      vertex -0.048296291314453413 -0.0033493649053890355 0.012500000000000013
      vertex -0.050000000000000003 0 0
      vertex -0.048296291314453413 -0.0064704761275630228 0.011207193402100682
    endloop
  endfacet
  facet normal -0.99129851029002436 -0.080133132050053416 0.10443153089286447
    outer loop
      vertex -0.048296291314453413 -0.0064704761275630228 0.011207193402100682
      vertex -0.050000000000000003 0 0
      vertex -0.048296291314453413 -0.0091506350946109743 0.009150635094610976
    endloop
  endfacet
  facet normal -0.99129851029002436 -0.10443153089286444 0.080133132050053457
    outer loop
      vertex -0.048296291314453413 -0.0091506350946109743 0.009150635094610976
      vertex -0.050000000000000003 0 0
      vertex -0.048296291314453413 -0.011207193402100682 0.0064704761275630246
    endloop
  endfacet
  facet normal -0.99129851029002436 -0.12161309348659149 0.050373792684293262
    outer loop
      vertex -0.048296291314453413 -0.011207193402100682 0.0064704761275630246
      vertex -0.050000000000000003 0 0
      vertex -0.048296291314453413 -0.012500000000000011 0.0033493649053890403
    endloop
  endfacet
  facet normal -0.99129851029002436 -0.13050692473434675 0.017181562593727075
    outer loop
      vertex -0.048296291314453413 -0.012500000000000011 0.0033493649053890403
      vertex -0.050000000000000003 0 0
      vertex -0.048296291314453413 -0.012940952255126051 1.5848095757158841e-18
    endloop
  endfacet
  facet normal -0.99129851029002414 -0.13050692473434672 -0.017181562593726999
    outer loop
      vertex -0.048296291314453413 -0.012940952255126051 1.5848095757158841e-18
      vertex -0.050000000000000003 0 0
      vertex -0.048296291314453413 -0.012500000000000013 -0.0033493649053890377
    endloop
  endfacet
  facet normal -0.99129851029002414 -0.12161309348659147 -0.050373792684293317
    outer loop
      vertex -0.048296291314453413 -0.012500000000000013 -0.0033493649053890377
      vertex -0.050000000000000003 0 0
      vertex -0.048296291314453413 -0.011207193402100682 -0.006470476127563022
    endloop
  endfacet
  facet normal -0.99129851029002414 -0.10443153089286449 -0.08013313205005336
    outer loop
      vertex -0.048296291314453413 -0.011207193402100682 -0.006470476127563022
      vertex -0.050000000000000003 0 0
      vertex -0.048296291314453413 -0.0091506350946109795 -0.0091506350946109708
    endloop
  endfacet
  facet normal -0.99129851029002436 -0.080133132050053471 -0.10443153089286442
    outer loop
      vertex -0.048296291314453413 -0.0091506350946109795 -0.0091506350946109708
      vertex -0.050000000000000003 0 0
      vertex -0.048296291314453413 -0.0064704761275630315 -0.011207193402100676
    endloop
  endfacet
  facet normal -0.99129851029002436 -0.050373792684293338 -0.12161309348659149
    outer loop
      vertex -0.048296291314453413 -0.0064704761275630315 -0.011207193402100676
      vertex -0.050000000000000003 0 0
      vertex -0.048296291314453413 -0.0033493649053890355 -0.012500000000000013
    endloop
  endfacet
  facet normal -0.99129851029002436 -0.017181562593727034 -0.13050692473434672
    outer loop
      vertex -0.048296291314453413 -0.0033493649053890355 -0.012500000000000013
      vertex -0.050000000000000003 0 0
      vertex -0.048296291314453413 -2.3772143635738259e-18 -0.012940952255126051
    endloop
  endfacet
  facet normal -0.99129851029002436 0.017181562593726964 -0.13050692473434672
    outer loop
      vertex -0.048296291314453413 -2.3772143635738259e-18 -0.012940952255126051
      vertex -0.050000000000000003 0 0
      vertex -0.048296291314453413 0.0033493649053890312 -0.012500000000000015
    endloop
  endfacet
  facet normal -0.99129851029002436 0.050373792684293275 -0.12161309348659151
    outer loop
      vertex -0.048296291314453413 0.0033493649053890312 -0.012500000000000015
      vertex -0.050000000000000003 0 0
      vertex -0.048296291314453413 0.0064704761275630272 -0.01120719340210068
    endloop
  endfacet
  facet normal -0.99129851029002414 0.080133132050053429 -0.10443153089286443
    outer loop
      vertex -0.048296291314453413 0.0064704761275630272 -0.01120719340210068
      vertex -0.050000000000000003 0 0
      vertex -0.048296291314453413 0.0091506350946109725 -0.0091506350946109778
    endloop
  endfacet
  facet normal -0.99129851029002436 0.1044315308928644 -0.080133132050053457
    outer loop
      vertex -0.048296291314453413 0.0091506350946109725 -0.0091506350946109778
      vertex -0.050000000000000003 0 0
      vertex -0.048296291314453413 0.011207193402100676 -0.0064704761275630315
    endloop
  endfacet
  facet normal -0.99129851029002414 0.12161309348659144 -0.050373792684293379
    outer loop
      vertex -0.048296291314453413 0.011207193402100676 -0.0064704761275630315
      vertex -0.050000000000000003 0 0
      vertex -0.048296291314453413 0.012500000000000009 -0.0033493649053890477
    endloop
  endfacet
  facet normal -0.99129851029002436 0.13050692473434675 -0.017181562593727096
    outer loop
      vertex -0.048296291314453413 0.012500000000000009 -0.0033493649053890477
      vertex -0.050000000000000003 0 0
      vertex -0.048296291314453413 0.012940952255126051 0
    endloop
  endfacet
endsolid sphere_d0p1
