solid sphere_d0p1
  facet normal 0.99513835592881439 0.098012573209970241 0.0096533958820968248
    outer loop
      vertex 0.050000000000000003 0 0
      vertex 0.049039264020161524 0.0097545161008064131 0
      vertex 0.049039264020161524 0.0095670858091272439 0.0019030116872178308
    endloop
  endfacet
  facet normal 0.99513835592881439 0.094246004987595389 0.028589213056228135
    outer loop
      vertex 0.050000000000000003 0 0
      vertex 0.049039264020161524 0.0095670858091272439 0.0019030116872178308
      vertex 0.049039264020161524 0.0090119977750868479 0.0037328917025171303
    endloop
  endfacet
  facet normal 0.99513835592881439 0.08685761564731577 0.046426362805623983
    outer loop
      vertex 0.050000000000000003 0 0
      vertex 0.049039264020161524 0.0090119977750868479 0.0037328917025171303
      vertex 0.049039264020161524 0.0081105837205364441 0.00541931878311848
    endloop
  endfacet
  facet normal 0.99513835592881439 0.076131336848021813 0.062479373468603952
    outer loop
      vertex 0.050000000000000003 0 0
      vertex 0.049039264020161524 0.0081105837205364441 0.00541931878311848
      vertex 0.049039264020161524 0.0068974844820735752 0.0068974844820735744
    endloop
  endfacet
  facet normal 0.99513835592881439 0.062479373468603973 0.076131336848021786
    outer loop
      vertex 0.050000000000000003 0 0
      vertex 0.049039264020161524 0.0068974844820735752 0.0068974844820735744
      vertex 0.049039264020161524 0.0054193187831184809 0.0081105837205364441
    endloop
  endfacet
  facet normal 0.99513835592881439 0.046426362805623969 0.08685761564731577
    outer loop
      vertex 0.050000000000000003 0 0
      vertex 0.049039264020161524 0.0054193187831184809 0.0081105837205364441
      vertex 0.049039264020161524 0.0037328917025171307 0.0090119977750868479
    endloop
  endfacet
  facet normal 0.99513835592881439 0.028589213056228146 0.094246004987595403
    outer loop
      vertex 0.050000000000000003 0 0
      vertex 0.049039264020161524 0.0037328917025171307 0.0090119977750868479
      vertex 0.049039264020161524 0.0019030116872178317 0.0095670858091272439
    endloop
  endfacet
  facet normal 0.99513835592881439 0.0096533958820968248 0.098012573209970255
    outer loop
      vertex 0.050000000000000003 0 0
      vertex 0.049039264020161524 0.0019030116872178317 0.0095670858091272439
      vertex 0.049039264020161524 5.9729184600419476e-19 0.0097545161008064131
    endloop
  endfacet
  facet normal 0.99513835592881439 -0.009653395882096823 0.098012573209970241
    outer loop
      vertex 0.050000000000000003 0 0
      vertex 0.049039264020161524 5.9729184600419476e-19 0.0097545161008064131
      vertex 0.049039264020161524 -0.0019030116872178304 0.0095670858091272439
    endloop
  endfacet
  facet normal 0.99513835592881439 -0.028589213056228135 0.094246004987595375
    outer loop
      vertex 0.050000000000000003 0 0
      vertex 0.049039264020161524 -0.0019030116872178304 0.0095670858091272439
      vertex 0.049039264020161524 -0.0037328917025171299 0.0090119977750868479
    endloop
  endfacet
  facet normal 0.99513835592881439 -0.046426362805623948 0.086857615647315811
    outer loop
      vertex 0.050000000000000003 0 0
      vertex 0.049039264020161524 -0.0037328917025171299 0.0090119977750868479
      vertex 0.049039264020161524 -0.0054193187831184783 0.0081105837205364458
    endloop
  endfacet
  facet normal 0.99513835592881439 -0.062479373468603952 0.076131336848021799
    outer loop
      vertex 0.050000000000000003 0 0
      vertex 0.049039264020161524 -0.0054193187831184783 0.0081105837205364458
      vertex 0.049039264020161524 -0.0068974844820735744 0.0068974844820735752
    endloop
  endfacet
  facet normal 0.99513835592881439 -0.076131336848021799 0.062479373468603952
    outer loop
      vertex 0.050000000000000003 0 0
      vertex 0.049039264020161524 -0.0068974844820735744 0.0068974844820735752
      vertex 0.049039264020161524 -0.0081105837205364441 0.00541931878311848
    endloop
  endfacet
  facet normal 0.99513835592881439 -0.086857615647315756 0.046426362805623997
    outer loop
      vertex 0.050000000000000003 0 0
      vertex 0.049039264020161524 -0.0081105837205364441 0.00541931878311848
      vertex 0.049039264020161524 -0.0090119977750868479 0.0037328917025171312
    endloop
  endfacet
  facet normal 0.99513835592881439 -0.094246004987595375 0.028589213056228174
    outer loop
      vertex 0.050000000000000003 0 0
      vertex 0.049039264020161524 -0.0090119977750868479 0.0037328917025171312
      vertex 0.049039264020161524 -0.0095670858091272439 0.0019030116872178343
    endloop
  endfacet
  facet normal 0.99513835592881439 -0.098012573209970241 0.0096533958820968126
    outer loop
      vertex 0.050000000000000003 0 0
      vertex 0.049039264020161524 -0.0095670858091272439 0.0019030116872178343
      vertex 0.049039264020161524 -0.0097545161008064131 1.1945836920083895e-18
    endloop
  endfacet
  facet normal 0.99513835592881439 -0.098012573209970241 -0.0096533958820968144
    outer loop
      vertex 0.050000000000000003 0 0
      vertex 0.049039264020161524 -0.0097545161008064131 1.1945836920083895e-18
      vertex 0.049039264020161524 -0.0095670858091272439 -0.0019030116872178319
    endloop
  endfacet
  facet normal 0.99513835592881439 -0.094246004987595389 -0.028589213056228083
    outer loop
      vertex 0.050000000000000003 0 0
      vertex 0.049039264020161524 -0.0095670858091272439 -0.0019030116872178319
      vertex 0.049039264020161524 -0.0090119977750868496 -0.003732891702517129
    endloop
  endfacet
  facet normal 0.99513835592881439 -0.086857615647315756 -0.04642636280562399
    outer loop
      vertex 0.050000000000000003 0 0
      vertex 0.049039264020161524 -0.0090119977750868496 -0.003732891702517129
      vertex 0.049039264020161524 -0.0081105837205364458 -0.0054193187831184783
    endloop
  endfacet
  facet normal 0.99513835592881439 -0.076131336848021855 -0.062479373468603903
    outer loop
      vertex 0.050000000000000003 0 0
      vertex 0.049039264020161524 -0.0081105837205364458 -0.0054193187831184783
      vertex 0.049039264020161524 -0.006897484482073577 -0.0068974844820735744
    endloop
  endfacet
  facet normal 0.99513835592881439 -0.062479373468603903 -0.076131336848021841
    outer loop
      vertex 0.050000000000000003 0 0
      vertex 0.049039264020161524 -0.006897484482073577 -0.0068974844820735744
      vertex 0.049039264020161524 -0.00541931878311848 -0.0081105837205364441
    endloop
  endfacet
  facet normal 0.99513835592881439 -0.046426362805624032 -0.086857615647315756
    outer loop
      vertex 0.050000000000000003 0 0
      vertex 0.049039264020161524 -0.00541931878311848 -0.0081105837205364441
      vertex 0.049039264020161524 -0.0037328917025171355 -0.0090119977750868462
    endloop
  endfacet
  facet normal 0.99513835592881439 -0.028589213056228125 -0.094246004987595403
    outer loop
      vertex 0.050000000000000003 0 0
      vertex 0.049039264020161524 -0.0037328917025171355 -0.0090119977750868462
      vertex 0.049039264020161524 -0.001903011687217835 -0.0095670858091272421
    endloop
  endfacet
  facet normal 0.99513835592881439 -0.0096533958820969046 -0.098012573209970241
    outer loop
      vertex 0.050000000000000003 0 0
      vertex 0.049039264020161524 -0.001903011687217835 -0.0095670858091272421
      vertex 0.049039264020161524 -1.791875538012584e-18 -0.0097545161008064131
    endloop
  endfacet
  facet normal 0.99513835592881439 0.0096533958820968126 -0.098012573209970241
    outer loop
      vertex 0.050000000000000003 0 0
      vertex 0.049039264020161524 -1.791875538012584e-18 -0.0097545161008064131
      vertex 0.049039264020161524 0.0019030116872178315 -0.0095670858091272439
    endloop
  endfacet
  facet normal 0.99513835592881439 0.028589213056228111 -0.094246004987595375
    outer loop
      vertex 0.050000000000000003 0 0
      vertex 0.049039264020161524 0.0019030116872178315 -0.0095670858091272439
      vertex 0.049039264020161524 0.0037328917025171325 -0.0090119977750868479
    endloop
  endfacet
  facet normal 0.99513835592881439 0.046426362805624032 -0.086857615647315742
    outer loop
      vertex 0.050000000000000003 0 0
      vertex 0.049039264020161524 0.0037328917025171325 -0.0090119977750868479
      vertex 0.049039264020161524 0.0054193187831184765 -0.0081105837205364458
    endloop
  endfacet
  facet normal 0.99513835592881439 0.062479373468603883 -0.076131336848021869
    outer loop
      vertex 0.050000000000000003 0 0
      vertex 0.049039264020161524 0.0054193187831184765 -0.0081105837205364458
      vertex 0.049039264020161524 0.0068974844820735735 -0.006897484482073577
    endloop
  endfacet
  facet normal 0.99513835592881439 0.076131336848021841 -0.062479373468603952
    outer loop
      vertex 0.050000000000000003 0 0
      vertex 0.049039264020161524 0.0068974844820735735 -0.006897484482073577
      vertex 0.049039264020161524 0.0081105837205364441 -0.00541931878311848
    endloop
  endfacet
  facet normal 0.99513835592881439 0.086857615647315742 -0.046426362805624052
    outer loop
      vertex 0.050000000000000003 0 0
      vertex 0.049039264020161524 0.0081105837205364441 -0.00541931878311848
      vertex 0.049039264020161524 0.0090119977750868462 -0.0037328917025171364
    endloop
  endfacet
  facet normal 0.99513835592881439 0.094246004987595416 -0.028589213056228122
    outer loop
      vertex 0.050000000000000003 0 0
      vertex 0.049039264020161524 0.0090119977750868462 -0.0037328917025171364
      vertex 0.049039264020161524 0.0095670858091272421 -0.0019030116872178354
    endloop
  endfacet
  facet normal 0.99513835592881439 0.098012573209970241 -0.0096533958820968924
    outer loop
      vertex 0.050000000000000003 0 0
      vertex 0.049039264020161524 0.0095670858091272421 -0.0019030116872178354
      vertex 0.049039264020161524 0.0097545161008064131 0
    endloop
  endfacet
  facet normal 0.95654946460645929 0.29016610779474811 0.028578867163390753
    outer loop
      vertex 0.049039264020161524 0.0097545161008064131 0
      vertex 0.046193976625564341 0.019134171618254491 0
      vertex 0.046193976625564341 0.018766513875893266 0.0037328917025171303
    endloop
  endfacet
  facet normal 0.95654946460645929 0.29016610779474805 0.028578867163390954
    outer loop
      vertex 0.049039264020161524 0.0097545161008064131 0
      vertex 0.046193976625564341 0.018766513875893266 0.0037328917025171303
      vertex 0.049039264020161524 0.0095670858091272439 0.0019030116872178308
    endloop
  endfacet
  facet normal 0.9565494646064594 0.2790151869992239 0.084638331652297019
    outer loop
      vertex 0.049039264020161524 0.0095670858091272439 0.0019030116872178308
      vertex 0.046193976625564341 0.018766513875893266 0.0037328917025171303
      vertex 0.046193976625564341 0.017677669529663691 0.0073223304703363135
    endloop
  endfacet
  facet normal 0.95654946460645929 0.2790151869992239 0.084638331652297102
    outer loop
      vertex 0.049039264020161524 0.0095670858091272439 0.0019030116872178308
      vertex 0.046193976625564341 0.017677669529663691 0.0073223304703363135
      vertex 0.049039264020161524 0.0090119977750868479 0.0037328917025171303
    endloop
  endfacet
  facet normal 0.95654946460645929 0.25714186904083908 0.13744519252152865
    outer loop
      vertex 0.049039264020161524 0.0090119977750868479 0.0037328917025171303
      vertex 0.046193976625564341 0.017677669529663691 0.0073223304703363135
      vertex 0.046193976625564341 0.015909482257160427 0.010630376184590706
    endloop
  endfacet
  facet normal 0.95654946460645918 0.25714186904083919 0.13744519252152851
    outer loop
      vertex 0.049039264020161524 0.0090119977750868479 0.0037328917025171303
      vertex 0.046193976625564341 0.015909482257160427 0.010630376184590706
      vertex 0.049039264020161524 0.0081105837205364441 0.00541931878311848
    endloop
  endfacet
  facet normal 0.95654946460645929 0.22538673326203637 0.18497011172230987
    outer loop
      vertex 0.049039264020161524 0.0081105837205364441 0.00541931878311848
      vertex 0.046193976625564341 0.015909482257160427 0.010630376184590706
      vertex 0.046193976625564341 0.013529902503654927 0.013529902503654925
    endloop
  endfacet
  facet normal 0.95654946460645929 0.2253867332620364 0.18497011172230987
    outer loop
      vertex 0.049039264020161524 0.0081105837205364441 0.00541931878311848
      vertex 0.046193976625564341 0.013529902503654927 0.013529902503654925
      vertex 0.049039264020161524 0.0068974844820735752 0.0068974844820735744
    endloop
  endfacet
  facet normal 0.95654946460645929 0.18497011172231009 0.22538673326203629
    outer loop
      vertex 0.049039264020161524 0.0068974844820735752 0.0068974844820735744
      vertex 0.046193976625564341 0.013529902503654927 0.013529902503654925
      vertex 0.046193976625564341 0.010630376184590708 0.015909482257160427
    endloop
  endfacet
  facet normal 0.95654946460645929 0.18497011172230995 0.22538673326203632
    outer loop
      vertex 0.049039264020161524 0.0068974844820735752 0.0068974844820735744
      vertex 0.046193976625564341 0.010630376184590708 0.015909482257160427
      vertex 0.049039264020161524 0.0054193187831184809 0.0081105837205364441
    endloop
  endfacet
  facet normal 0.95654946460645929 0.13744519252152868 0.25714186904083913
    outer loop
      vertex 0.049039264020161524 0.0054193187831184809 0.0081105837205364441
      vertex 0.046193976625564341 0.010630376184590708 0.015909482257160427
      vertex 0.046193976625564341 0.0073223304703363143 0.017677669529663691
    endloop
  endfacet
  facet normal 0.95654946460645929 0.13744519252152845 0.25714186904083913
    outer loop
      vertex 0.049039264020161524 0.0054193187831184809 0.0081105837205364441
      vertex 0.046193976625564341 0.0073223304703363143 0.017677669529663691
      vertex 0.049039264020161524 0.0037328917025171307 0.0090119977750868479
    endloop
  endfacet
  facet normal 0.95654946460645929 0.084638331652297047 0.27901518699922395
    outer loop
      vertex 0.049039264020161524 0.0037328917025171307 0.0090119977750868479
      vertex 0.046193976625564341 0.0073223304703363143 0.017677669529663691
      vertex 0.046193976625564341 0.003732891702517132 0.018766513875893266
    endloop
  endfacet
  facet normal 0.95654946460645929 0.08463833165229713 0.27901518699922384
    outer loop
      vertex 0.049039264020161524 0.0037328917025171307 0.0090119977750868479
      vertex 0.046193976625564341 0.003732891702517132 0.018766513875893266
      vertex 0.049039264020161524 0.0019030116872178317 0.0095670858091272439
    endloop
  endfacet
  facet normal 0.95654946460645929 0.028578867163390843 0.29016610779474811
    outer loop
      vertex 0.049039264020161524 0.0019030116872178317 0.0095670858091272439
      vertex 0.046193976625564341 0.003732891702517132 0.018766513875893266
      vertex 0.046193976625564341 1.1716301013315747e-18 0.019134171618254491
    endloop
  endfacet
  facet normal 0.95654946460645929 0.028578867163390961 0.29016610779474811
    outer loop
      vertex 0.049039264020161524 0.0019030116872178317 0.0095670858091272439
      vertex 0.046193976625564341 1.1716301013315747e-18 0.019134171618254491
      vertex 0.049039264020161524 5.9729184600419476e-19 0.0097545161008064131
    endloop
  endfacet
  facet normal 0.95654946460645929 -0.028578867163390753 0.29016610779474811
    outer loop
      vertex 0.049039264020161524 5.9729184600419476e-19 0.0097545161008064131
      vertex 0.046193976625564341 1.1716301013315747e-18 0.019134171618254491
      vertex 0.046193976625564341 -0.0037328917025171294 0.018766513875893266
    endloop
  endfacet
  facet normal 0.95654946460645929 -0.028578867163390954 0.29016610779474805
    outer loop
      vertex 0.049039264020161524 5.9729184600419476e-19 0.0097545161008064131
      vertex 0.046193976625564341 -0.0037328917025171294 0.018766513875893266
      vertex 0.049039264020161524 -0.0019030116872178304 0.0095670858091272439
    endloop
  endfacet
  facet normal 0.95654946460645929 -0.084638331652297047 0.2790151869992239
    outer loop
      vertex 0.049039264020161524 -0.0019030116872178304 0.0095670858091272439
      vertex 0.046193976625564341 -0.0037328917025171294 0.018766513875893266
      vertex 0.046193976625564341 -0.0073223304703363117 0.017677669529663691
    endloop
  endfacet
  facet normal 0.95654946460645929 -0.084638331652297102 0.2790151869992239
    outer loop
      vertex 0.049039264020161524 -0.0019030116872178304 0.0095670858091272439
      vertex 0.046193976625564341 -0.0073223304703363117 0.017677669529663691
      vertex 0.049039264020161524 -0.0037328917025171299 0.0090119977750868479
    endloop
  endfacet
  facet normal 0.95654946460645929 -0.13744519252152851 0.25714186904083913
    outer loop
      vertex 0.049039264020161524 -0.0037328917025171299 0.0090119977750868479
      vertex 0.046193976625564341 -0.0073223304703363117 0.017677669529663691
      vertex 0.046193976625564341 -0.010630376184590703 0.015909482257160431
    endloop
  endfacet
  facet normal 0.9565494646064594 -0.1374451925215284 0.25714186904083924
    outer loop
      vertex 0.049039264020161524 -0.0037328917025171299 0.0090119977750868479
      vertex 0.046193976625564341 -0.010630376184590703 0.015909482257160431
      vertex 0.049039264020161524 -0.0054193187831184783 0.0081105837205364458
    endloop
  endfacet
  facet normal 0.95654946460645918 -0.1849701117223099 0.22538673326203637
    outer loop
      vertex 0.049039264020161524 -0.0054193187831184783 0.0081105837205364458
      vertex 0.046193976625564341 -0.010630376184590703 0.015909482257160431
      vertex 0.046193976625564341 -0.013529902503654925 0.013529902503654927
    endloop
  endfacet
  facet normal 0.95654946460645929 -0.18497011172230993 0.22538673326203634
    outer loop
      vertex 0.049039264020161524 -0.0054193187831184783 0.0081105837205364458
      vertex 0.046193976625564341 -0.013529902503654925 0.013529902503654927
      vertex 0.049039264020161524 -0.0068974844820735744 0.0068974844820735752
    endloop
  endfacet
  facet normal 0.95654946460645918 -0.22538673326203634 0.18497011172231001
    outer loop
      vertex 0.049039264020161524 -0.0068974844820735744 0.0068974844820735752
      vertex 0.046193976625564341 -0.013529902503654925 0.013529902503654927
      vertex 0.046193976625564341 -0.015909482257160427 0.010630376184590706
    endloop
  endfacet
  facet normal 0.95654946460645929 -0.22538673326203634 0.18497011172230987
    outer loop
      vertex 0.049039264020161524 -0.0068974844820735744 0.0068974844820735752
      vertex 0.046193976625564341 -0.015909482257160427 0.010630376184590706
      vertex 0.049039264020161524 -0.0081105837205364441 0.00541931878311848
    endloop
  endfacet
  facet normal 0.95654946460645907 -0.25714186904083902 0.13744519252152873
    outer loop
      vertex 0.049039264020161524 -0.0081105837205364441 0.00541931878311848
      vertex 0.046193976625564341 -0.015909482257160427 0.010630376184590706
      vertex 0.046193976625564341 -0.017677669529663691 0.0073223304703363152
    endloop
  endfacet
  facet normal 0.95654946460645918 -0.25714186904083913 0.13744519252152856
    outer loop
      vertex 0.049039264020161524 -0.0081105837205364441 0.00541931878311848
      vertex 0.046193976625564341 -0.017677669529663691 0.0073223304703363152
      vertex 0.049039264020161524 -0.0090119977750868479 0.0037328917025171312
    endloop
  endfacet
  facet normal 0.95654946460645929 -0.2790151869992239 0.084638331652297116
    outer loop
      vertex 0.049039264020161524 -0.0090119977750868479 0.0037328917025171312
      vertex 0.046193976625564341 -0.017677669529663691 0.0073223304703363152
      vertex 0.046193976625564341 -0.018766513875893266 0.0037328917025171372
    endloop
  endfacet
  facet normal 0.95654946460645918 -0.27901518699922384 0.084638331652297213
    outer loop
      vertex 0.049039264020161524 -0.0090119977750868479 0.0037328917025171312
      vertex 0.046193976625564341 -0.018766513875893266 0.0037328917025171372
      vertex 0.049039264020161524 -0.0095670858091272439 0.0019030116872178343
    endloop
  endfacet
  facet normal 0.9565494646064594 -0.29016610779474811 0.028578867163390809
    outer loop
      vertex 0.049039264020161524 -0.0095670858091272439 0.0019030116872178343
      vertex 0.046193976625564341 -0.018766513875893266 0.0037328917025171372
      vertex 0.046193976625564341 -0.019134171618254491 2.3432602026631494e-18
    endloop
  endfacet
  facet normal 0.95654946460645929 -0.29016610779474811 0.02857886716339093
    outer loop
      vertex 0.049039264020161524 -0.0095670858091272439 0.0019030116872178343
      vertex 0.046193976625564341 -0.019134171618254491 2.3432602026631494e-18
      vertex 0.049039264020161524 -0.0097545161008064131 1.1945836920083895e-18
    endloop
  endfacet
  facet normal 0.95654946460645918 -0.29016610779474811 -0.028578867163390718
    outer loop
      vertex 0.049039264020161524 -0.0097545161008064131 1.1945836920083895e-18
      vertex 0.046193976625564341 -0.019134171618254491 2.3432602026631494e-18
      vertex 0.046193976625564341 -0.018766513875893266 -0.0037328917025171325
    endloop
  endfacet
  facet normal 0.95654946460645929 -0.29016610779474805 -0.028578867163390923
    outer loop
      vertex 0.049039264020161524 -0.0097545161008064131 1.1945836920083895e-18
      vertex 0.046193976625564341 -0.018766513875893266 -0.0037328917025171325
      vertex 0.049039264020161524 -0.0095670858091272439 -0.0019030116872178319
    endloop
  endfacet
  facet normal 0.95654946460645929 -0.27901518699922395 -0.084638331652297116
    outer loop
      vertex 0.049039264020161524 -0.0095670858091272439 -0.0019030116872178319
      vertex 0.046193976625564341 -0.018766513875893266 -0.0037328917025171325
      vertex 0.046193976625564341 -0.017677669529663691 -0.0073223304703363109
    endloop
  endfacet
  facet normal 0.95654946460645918 -0.27901518699922395 -0.084638331652296991
    outer loop
      vertex 0.049039264020161524 -0.0095670858091272439 -0.0019030116872178319
      vertex 0.046193976625564341 -0.017677669529663691 -0.0073223304703363109
      vertex 0.049039264020161524 -0.0090119977750868496 -0.003732891702517129
    endloop
  endfacet
  facet normal 0.95654946460645929 -0.25714186904083919 -0.1374451925215284
    outer loop
      vertex 0.049039264020161524 -0.0090119977750868496 -0.003732891702517129
      vertex 0.046193976625564341 -0.017677669529663691 -0.0073223304703363109
      vertex 0.046193976625564341 -0.015909482257160431 -0.010630376184590703
    endloop
  endfacet
  facet normal 0.9565494646064594 -0.25714186904083919 -0.13744519252152856
    outer loop
      vertex 0.049039264020161524 -0.0090119977750868496 -0.003732891702517129
      vertex 0.046193976625564341 -0.015909482257160431 -0.010630376184590703
      vertex 0.049039264020161524 -0.0081105837205364458 -0.0054193187831184783
    endloop
  endfacet
  facet normal 0.95654946460645918 -0.22538673326203648 -0.18497011172230973
    outer loop
      vertex 0.049039264020161524 -0.0081105837205364458 -0.0054193187831184783
      vertex 0.046193976625564341 -0.015909482257160431 -0.010630376184590703
      vertex 0.046193976625564341 -0.01352990250365493 -0.013529902503654925
    endloop
  endfacet
  facet normal 0.95654946460645929 -0.22538673326203643 -0.1849701117223097
    outer loop
      vertex 0.049039264020161524 -0.0081105837205364458 -0.0054193187831184783
      vertex 0.046193976625564341 -0.01352990250365493 -0.013529902503654925
      vertex 0.049039264020161524 -0.006897484482073577 -0.0068974844820735744
    endloop
  endfacet
  facet normal 0.9565494646064594 -0.18497011172230984 -0.22538673326203645
    outer loop
      vertex 0.049039264020161524 -0.006897484482073577 -0.0068974844820735744
      vertex 0.046193976625564341 -0.01352990250365493 -0.013529902503654925
      vertex 0.046193976625564341 -0.010630376184590706 -0.015909482257160427
    endloop
  endfacet
  facet normal 0.95654946460645929 -0.18497011172230976 -0.22538673326203643
    outer loop
      vertex 0.049039264020161524 -0.006897484482073577 -0.0068974844820735744
      vertex 0.046193976625564341 -0.010630376184590706 -0.015909482257160427
      vertex 0.049039264020161524 -0.00541931878311848 -0.0081105837205364441
    endloop
  endfacet
  facet normal 0.9565494646064594 -0.13744519252152859 -0.25714186904083919
    outer loop
      vertex 0.049039264020161524 -0.00541931878311848 -0.0081105837205364441
      vertex 0.046193976625564341 -0.010630376184590706 -0.015909482257160427
      vertex 0.046193976625564341 -0.0073223304703363239 -0.017677669529663684
    endloop
  endfacet
  facet normal 0.95654946460645929 -0.13744519252152865 -0.25714186904083913
    outer loop
      vertex 0.049039264020161524 -0.00541931878311848 -0.0081105837205364441
      vertex 0.046193976625564341 -0.0073223304703363239 -0.017677669529663684
      vertex 0.049039264020161524 -0.0037328917025171355 -0.0090119977750868462
    endloop
  endfacet
  facet normal 0.95654946460645918 -0.084638331652297241 -0.2790151869992239
    outer loop
      vertex 0.049039264020161524 -0.0037328917025171355 -0.0090119977750868462
      vertex 0.046193976625564341 -0.0073223304703363239 -0.017677669529663684
      vertex 0.046193976625564341 -0.0037328917025171385 -0.018766513875893263
    endloop
  endfacet
  facet normal 0.95654946460645929 -0.084638331652297075 -0.2790151869992239
    outer loop
      vertex 0.049039264020161524 -0.0037328917025171355 -0.0090119977750868462
      vertex 0.046193976625564341 -0.0037328917025171385 -0.018766513875893263
      vertex 0.049039264020161524 -0.001903011687217835 -0.0095670858091272421
    endloop
  endfacet
  facet normal 0.9565494646064594 -0.028578867163391086 -0.29016610779474811
    outer loop
      vertex 0.049039264020161524 -0.001903011687217835 -0.0095670858091272421
      vertex 0.046193976625564341 -0.0037328917025171385 -0.018766513875893263
      vertex 0.046193976625564341 -3.5148903039947242e-18 -0.019134171618254491
    endloop
  endfacet
  facet normal 0.95654946460645929 -0.028578867163391197 -0.29016610779474811
    outer loop
      vertex 0.049039264020161524 -0.001903011687217835 -0.0095670858091272421
      vertex 0.046193976625564341 -3.5148903039947242e-18 -0.019134171618254491
      vertex 0.049039264020161524 -1.791875538012584e-18 -0.0097545161008064131
    endloop
  endfacet
  facet normal 0.95654946460645918 0.028578867163390718 -0.29016610779474811
    outer loop
      vertex 0.049039264020161524 -1.791875538012584e-18 -0.0097545161008064131
      vertex 0.046193976625564341 -3.5148903039947242e-18 -0.019134171618254491
      vertex 0.046193976625564341 0.0037328917025171316 -0.018766513875893266
    endloop
  endfacet
  facet normal 0.95654946460645929 0.028578867163390923 -0.29016610779474805
    outer loop
      vertex 0.049039264020161524 -1.791875538012584e-18 -0.0097545161008064131
      vertex 0.046193976625564341 0.0037328917025171316 -0.018766513875893266
      vertex 0.049039264020161524 0.0019030116872178315 -0.0095670858091272439
    endloop
  endfacet
  facet normal 0.95654946460645918 0.084638331652297213 -0.27901518699922384
    outer loop
      vertex 0.049039264020161524 0.0019030116872178315 -0.0095670858091272439
      vertex 0.046193976625564341 0.0037328917025171316 -0.018766513875893266
      vertex 0.046193976625564341 0.0073223304703363169 -0.017677669529663688
    endloop
  endfacet
  facet normal 0.95654946460645929 0.084638331652297075 -0.27901518699922401
    outer loop
      vertex 0.049039264020161524 0.0019030116872178315 -0.0095670858091272439
      vertex 0.046193976625564341 0.0073223304703363169 -0.017677669529663688
      vertex 0.049039264020161524 0.0037328917025171325 -0.0090119977750868479
    endloop
  endfacet
  facet normal 0.9565494646064594 0.13744519252152859 -0.25714186904083919
    outer loop
      vertex 0.049039264020161524 0.0037328917025171325 -0.0090119977750868479
      vertex 0.046193976625564341 0.0073223304703363169 -0.017677669529663688
      vertex 0.046193976625564341 0.010630376184590699 -0.015909482257160431
    endloop
  endfacet
  facet normal 0.95654946460645929 0.13744519252152865 -0.25714186904083908
    outer loop
      vertex 0.049039264020161524 0.0037328917025171325 -0.0090119977750868479
      vertex 0.046193976625564341 0.010630376184590699 -0.015909482257160431
      vertex 0.049039264020161524 0.0054193187831184765 -0.0081105837205364458
    endloop
  endfacet
  facet normal 0.95654946460645918 0.18497011172230968 -0.22538673326203659
    outer loop
      vertex 0.049039264020161524 0.0054193187831184765 -0.0081105837205364458
      vertex 0.046193976625564341 0.010630376184590699 -0.015909482257160431
      vertex 0.046193976625564341 0.013529902503654923 -0.01352990250365493
    endloop
  endfacet
  facet normal 0.95654946460645929 0.18497011172230968 -0.22538673326203651
    outer loop
      vertex 0.049039264020161524 0.0054193187831184765 -0.0081105837205364458
      vertex 0.046193976625564341 0.013529902503654923 -0.01352990250365493
      vertex 0.049039264020161524 0.0068974844820735735 -0.006897484482073577
    endloop
  endfacet
  facet normal 0.9565494646064594 0.22538673326203645 -0.18497011172230984
    outer loop
      vertex 0.049039264020161524 0.0068974844820735735 -0.006897484482073577
      vertex 0.046193976625564341 0.013529902503654923 -0.01352990250365493
      vertex 0.046193976625564341 0.015909482257160427 -0.010630376184590706
    endloop
  endfacet
  facet normal 0.95654946460645929 0.2253867332620364 -0.18497011172230984
    outer loop
      vertex 0.049039264020161524 0.0068974844820735735 -0.006897484482073577
      vertex 0.046193976625564341 0.015909482257160427 -0.010630376184590706
      vertex 0.049039264020161524 0.0081105837205364441 -0.00541931878311848
    endloop
  endfacet
  facet normal 0.95654946460645929 0.25714186904083913 -0.13744519252152862
    outer loop
      vertex 0.049039264020161524 0.0081105837205364441 -0.00541931878311848
      vertex 0.046193976625564341 0.015909482257160427 -0.010630376184590706
      vertex 0.046193976625564341 0.017677669529663684 -0.0073223304703363247
    endloop
  endfacet
  facet normal 0.95654946460645929 0.25714186904083908 -0.1374451925215287
    outer loop
      vertex 0.049039264020161524 0.0081105837205364441 -0.00541931878311848
      vertex 0.046193976625564341 0.017677669529663684 -0.0073223304703363247
      vertex 0.049039264020161524 0.0090119977750868462 -0.0037328917025171364
    endloop
  endfacet
  facet normal 0.95654946460645918 0.2790151869992239 -0.084638331652297241
    outer loop
      vertex 0.049039264020161524 0.0090119977750868462 -0.0037328917025171364
      vertex 0.046193976625564341 0.017677669529663684 -0.0073223304703363247
      vertex 0.046193976625564341 0.018766513875893263 -0.0037328917025171394
    endloop
  endfacet
  facet normal 0.95654946460645929 0.27901518699922395 -0.084638331652297061
    outer loop
      vertex 0.049039264020161524 0.0090119977750868462 -0.0037328917025171364
      vertex 0.046193976625564341 0.018766513875893263 -0.0037328917025171394
      vertex 0.049039264020161524 0.0095670858091272421 -0.0019030116872178354
    endloop
  endfacet
  facet normal 0.95654946460645929 0.29016610779474805 -0.028578867163391052
    outer loop
      vertex 0.049039264020161524 0.0095670858091272421 -0.0019030116872178354
      vertex 0.046193976625564341 0.018766513875893263 -0.0037328917025171394
      vertex 0.046193976625564341 0.019134171618254491 0
    endloop
  endfacet
  facet normal 0.95654946460645929 0.29016610779474811 -0.028578867163391166
    outer loop
      vertex 0.049039264020161524 0.0095670858091272421 -0.0019030116872178354
      vertex 0.046193976625564341 0.019134171618254491 0
      vertex 0.049039264020161524 0.0097545161008064131 0
    endloop
  endfacet
  facet normal 0.88097226004985929 0.47088948346038684 0.046378566052143765
    outer loop
      vertex 0.046193976625564341 0.019134171618254491 0
      vertex 0.041573480615127265 0.027778511650980109 0
      vertex 0.041573480615127265 0.027244755338790928 0.00541931878311848
    endloop
  endfacet
  facet normal 0.88097226004985929 0.470889483460387 0.046378566052143536
    outer loop
      vertex 0.046193976625564341 0.019134171618254491 0
      vertex 0.041573480615127265 0.027244755338790928 0.00541931878311848
      vertex 0.046193976625564341 0.018766513875893266 0.0037328917025171303
    endloop
  endfacet
  facet normal 0.8809722600498594 0.452793464688869 0.13735339587244663
    outer loop
      vertex 0.046193976625564341 0.018766513875893266 0.0037328917025171303
      vertex 0.041573480615127265 0.027244755338790928 0.00541931878311848
      vertex 0.041573480615127265 0.025663998357966834 0.010630376184590704
    endloop
  endfacet
  facet normal 0.88097226004985929 0.45279346468886905 0.13735339587244674
    outer loop
      vertex 0.046193976625564341 0.018766513875893266 0.0037328917025171303
      vertex 0.041573480615127265 0.025663998357966834 0.010630376184590704
      vertex 0.046193976625564341 0.017677669529663691 0.0073223304703363135
    endloop
  endfacet
  facet normal 0.88097226004985929 0.41729684699885833 0.22304981171804333
    outer loop
      vertex 0.046193976625564341 0.017677669529663691 0.0073223304703363135
      vertex 0.041573480615127265 0.025663998357966834 0.010630376184590704
      vertex 0.041573480615127265 0.023096988312782167 0.015432914190872752
    endloop
  endfacet
  facet normal 0.88097226004985929 0.41729684699885811 0.22304981171804342
    outer loop
      vertex 0.046193976625564341 0.017677669529663691 0.0073223304703363135
      vertex 0.041573480615127265 0.023096988312782167 0.015432914190872752
      vertex 0.046193976625564341 0.015909482257160427 0.010630376184590706
    endloop
  endfacet
  facet normal 0.8809722600498594 0.36576374550144919 0.30017454838709112
    outer loop
      vertex 0.046193976625564341 0.015909482257160427 0.010630376184590706
      vertex 0.041573480615127265 0.023096988312782167 0.015432914190872752
      vertex 0.041573480615127265 0.019642373959677554 0.01964237395967755
    endloop
  endfacet
  facet normal 0.88097226004985929 0.36576374550144913 0.30017454838709123
    outer loop
      vertex 0.046193976625564341 0.015909482257160427 0.010630376184590706
      vertex 0.041573480615127265 0.019642373959677554 0.01964237395967755
      vertex 0.046193976625564341 0.013529902503654927 0.013529902503654925
    endloop
  endfacet
  facet normal 0.8809722600498594 0.30017454838709134 0.36576374550144908
    outer loop
      vertex 0.046193976625564341 0.013529902503654927 0.013529902503654925
      vertex 0.041573480615127265 0.019642373959677554 0.01964237395967755
      vertex 0.041573480615127265 0.015432914190872756 0.023096988312782167
    endloop
  endfacet
  facet normal 0.88097226004985929 0.3001745483870914 0.36576374550144897
    outer loop
      vertex 0.046193976625564341 0.013529902503654927 0.013529902503654925
      vertex 0.041573480615127265 0.015432914190872756 0.023096988312782167
      vertex 0.046193976625564341 0.010630376184590708 0.015909482257160427
    endloop
  endfacet
  facet normal 0.8809722600498594 0.22304981171804317 0.41729684699885816
    outer loop
      vertex 0.046193976625564341 0.010630376184590708 0.015909482257160427
      vertex 0.041573480615127265 0.015432914190872756 0.023096988312782167
      vertex 0.041573480615127265 0.010630376184590706 0.025663998357966834
    endloop
  endfacet
  facet normal 0.88097226004985929 0.22304981171804342 0.41729684699885822
    outer loop
      vertex 0.046193976625564341 0.010630376184590708 0.015909482257160427
      vertex 0.041573480615127265 0.010630376184590706 0.025663998357966834
      vertex 0.046193976625564341 0.0073223304703363143 0.017677669529663691
    endloop
  endfacet
  facet normal 0.88097226004985929 0.13735339587244677 0.45279346468886905
    outer loop
      vertex 0.046193976625564341 0.0073223304703363143 0.017677669529663691
      vertex 0.041573480615127265 0.010630376184590706 0.025663998357966834
      vertex 0.041573480615127265 0.0054193187831184817 0.027244755338790928
    endloop
  endfacet
  facet normal 0.88097226004985929 0.13735339587244674 0.45279346468886905
    outer loop
      vertex 0.046193976625564341 0.0073223304703363143 0.017677669529663691
      vertex 0.041573480615127265 0.0054193187831184817 0.027244755338790928
      vertex 0.046193976625564341 0.003732891702517132 0.018766513875893266
    endloop
  endfacet
  facet normal 0.88097226004985918 0.04637856605214391 0.47088948346038695
    outer loop
      vertex 0.046193976625564341 0.003732891702517132 0.018766513875893266
      vertex 0.041573480615127265 0.0054193187831184817 0.027244755338790928
      vertex 0.041573480615127265 1.7009432689225125e-18 0.027778511650980109
    endloop
  endfacet
  facet normal 0.88097226004985929 0.046378566052143515 0.47088948346038689
    outer loop
      vertex 0.046193976625564341 0.003732891702517132 0.018766513875893266
      vertex 0.041573480615127265 1.7009432689225125e-18 0.027778511650980109
      vertex 0.046193976625564341 1.1716301013315747e-18 0.019134171618254491
    endloop
  endfacet
  facet normal 0.88097226004985929 -0.046378566052143765 0.47088948346038678
    outer loop
      vertex 0.046193976625564341 1.1716301013315747e-18 0.019134171618254491
      vertex 0.041573480615127265 1.7009432689225125e-18 0.027778511650980109
      vertex 0.041573480615127265 -0.0054193187831184783 0.027244755338790928
    endloop
  endfacet
  facet normal 0.88097226004985929 -0.046378566052143536 0.47088948346038706
    outer loop
      vertex 0.046193976625564341 1.1716301013315747e-18 0.019134171618254491
      vertex 0.041573480615127265 -0.0054193187831184783 0.027244755338790928
      vertex 0.046193976625564341 -0.0037328917025171294 0.018766513875893266
    endloop
  endfacet
  facet normal 0.88097226004985929 -0.13735339587244658 0.452793464688869
    outer loop
      vertex 0.046193976625564341 -0.0037328917025171294 0.018766513875893266
      vertex 0.041573480615127265 -0.0054193187831184783 0.027244755338790928
      vertex 0.041573480615127265 -0.010630376184590704 0.025663998357966834
    endloop
  endfacet
  facet normal 0.88097226004985929 -0.13735339587244674 0.45279346468886894
    outer loop
      vertex 0.046193976625564341 -0.0037328917025171294 0.018766513875893266
      vertex 0.041573480615127265 -0.010630376184590704 0.025663998357966834
      vertex 0.046193976625564341 -0.0073223304703363117 0.017677669529663691
    endloop
  endfacet
  facet normal 0.8809722600498594 -0.22304981171804308 0.41729684699885833
    outer loop
      vertex 0.046193976625564341 -0.0073223304703363117 0.017677669529663691
      vertex 0.041573480615127265 -0.010630376184590704 0.025663998357966834
      vertex 0.041573480615127265 -0.015432914190872747 0.023096988312782174
    endloop
  endfacet
  facet normal 0.88097226004985929 -0.22304981171804319 0.41729684699885822
    outer loop
      vertex 0.046193976625564341 -0.0073223304703363117 0.017677669529663691
      vertex 0.041573480615127265 -0.015432914190872747 0.023096988312782174
      vertex 0.046193976625564341 -0.010630376184590703 0.015909482257160431
    endloop
  endfacet
  facet normal 0.8809722600498594 -0.30017454838709123 0.36576374550144902
    outer loop
      vertex 0.046193976625564341 -0.010630376184590703 0.015909482257160431
      vertex 0.041573480615127265 -0.015432914190872747 0.023096988312782174
      vertex 0.041573480615127265 -0.01964237395967755 0.019642373959677554
    endloop
  endfacet
  facet normal 0.88097226004985929 -0.30017454838709129 0.36576374550144902
    outer loop
      vertex 0.046193976625564341 -0.010630376184590703 0.015909482257160431
      vertex 0.041573480615127265 -0.01964237395967755 0.019642373959677554
      vertex 0.046193976625564341 -0.013529902503654925 0.013529902503654927
    endloop
  endfacet
  facet normal 0.8809722600498594 -0.36576374550144902 0.30017454838709129
    outer loop
      vertex 0.046193976625564341 -0.013529902503654925 0.013529902503654927
      vertex 0.041573480615127265 -0.01964237395967755 0.019642373959677554
      vertex 0.041573480615127265 -0.023096988312782171 0.015432914190872752
    endloop
  endfacet
  facet normal 0.8809722600498594 -0.36576374550144908 0.30017454838709129
    outer loop
      vertex 0.046193976625564341 -0.013529902503654925 0.013529902503654927
      vertex 0.041573480615127265 -0.023096988312782171 0.015432914190872752
      vertex 0.046193976625564341 -0.015909482257160427 0.010630376184590706
    endloop
  endfacet
  facet normal 0.8809722600498594 -0.41729684699885822 0.22304981171804314
    outer loop
      vertex 0.046193976625564341 -0.015909482257160427 0.010630376184590706
      vertex 0.041573480615127265 -0.023096988312782171 0.015432914190872752
      vertex 0.041573480615127265 -0.025663998357966834 0.010630376184590708
    endloop
  endfacet
  facet normal 0.8809722600498594 -0.41729684699885816 0.22304981171804356
    outer loop
      vertex 0.046193976625564341 -0.015909482257160427 0.010630376184590706
      vertex 0.041573480615127265 -0.025663998357966834 0.010630376184590708
      vertex 0.046193976625564341 -0.017677669529663691 0.0073223304703363152
    endloop
  endfacet
  facet normal 0.8809722600498594 -0.45279346468886894 0.13735339587244688
    outer loop
      vertex 0.046193976625564341 -0.017677669529663691 0.0073223304703363152
      vertex 0.041573480615127265 -0.025663998357966834 0.010630376184590708
      vertex 0.041573480615127265 -0.027244755338790928 0.0054193187831184896
    endloop
  endfacet
  facet normal 0.88097226004985929 -0.452793464688869 0.13735339587244691
    outer loop
      vertex 0.046193976625564341 -0.017677669529663691 0.0073223304703363152
      vertex 0.041573480615127265 -0.027244755338790928 0.0054193187831184896
      vertex 0.046193976625564341 -0.018766513875893266 0.0037328917025171372
    endloop
  endfacet
  facet normal 0.88097226004985929 -0.470889483460387 0.046378566052143855
    outer loop
      vertex 0.046193976625564341 -0.018766513875893266 0.0037328917025171372
      vertex 0.041573480615127265 -0.027244755338790928 0.0054193187831184896
      vertex 0.041573480615127265 -0.027778511650980109 3.4018865378450249e-18
    endloop
  endfacet
  facet normal 0.8809722600498594 -0.47088948346038684 0.046378566052143466
    outer loop
      vertex 0.046193976625564341 -0.018766513875893266 0.0037328917025171372
      vertex 0.041573480615127265 -0.027778511650980109 3.4018865378450249e-18
      vertex 0.046193976625564341 -0.019134171618254491 2.3432602026631494e-18
    endloop
  endfacet
  facet normal 0.88097226004985929 -0.47088948346038684 -0.046378566052143716
    outer loop
      vertex 0.046193976625564341 -0.019134171618254491 2.3432602026631494e-18
      vertex 0.041573480615127265 -0.027778511650980109 3.4018865378450249e-18
      vertex 0.041573480615127265 -0.027244755338790928 -0.0054193187831184826
    endloop
  endfacet
  facet normal 0.88097226004985918 -0.470889483460387 -0.04637856605214348
    outer loop
      vertex 0.046193976625564341 -0.019134171618254491 2.3432602026631494e-18
      vertex 0.041573480615127265 -0.027244755338790928 -0.0054193187831184826
      vertex 0.046193976625564341 -0.018766513875893266 -0.0037328917025171325
    endloop
  endfacet
  facet normal 0.88097226004985929 -0.45279346468886894 -0.13735339587244647
    outer loop
      vertex 0.046193976625564341 -0.018766513875893266 -0.0037328917025171325
      vertex 0.041573480615127265 -0.027244755338790928 -0.0054193187831184826
      vertex 0.041573480615127265 -0.025663998357966837 -0.010630376184590703
    endloop
  endfacet
  facet normal 0.8809722600498594 -0.45279346468886883 -0.13735339587244685
    outer loop
      vertex 0.046193976625564341 -0.018766513875893266 -0.0037328917025171325
      vertex 0.041573480615127265 -0.025663998357966837 -0.010630376184590703
      vertex 0.046193976625564341 -0.017677669529663691 -0.0073223304703363109
    endloop
  endfacet
  facet normal 0.88097226004985929 -0.41729684699885827 -0.22304981171804308
    outer loop
      vertex 0.046193976625564341 -0.017677669529663691 -0.0073223304703363109
      vertex 0.041573480615127265 -0.025663998357966837 -0.010630376184590703
      vertex 0.041573480615127265 -0.023096988312782174 -0.015432914190872747
    endloop
  endfacet
  facet normal 0.8809722600498594 -0.41729684699885816 -0.22304981171804311
    outer loop
      vertex 0.046193976625564341 -0.017677669529663691 -0.0073223304703363109
      vertex 0.041573480615127265 -0.023096988312782174 -0.015432914190872747
      vertex 0.046193976625564341 -0.015909482257160431 -0.010630376184590703
    endloop
  endfacet
  facet normal 0.8809722600498594 -0.36576374550144913 -0.30017454838709101
    outer loop
      vertex 0.046193976625564341 -0.015909482257160431 -0.010630376184590703
      vertex 0.041573480615127265 -0.023096988312782174 -0.015432914190872747
      vertex 0.041573480615127265 -0.019642373959677557 -0.01964237395967755
    endloop
  endfacet
  facet normal 0.8809722600498594 -0.3657637455014493 -0.30017454838709101
    outer loop
      vertex 0.046193976625564341 -0.015909482257160431 -0.010630376184590703
      vertex 0.041573480615127265 -0.019642373959677557 -0.01964237395967755
      vertex 0.046193976625564341 -0.01352990250365493 -0.013529902503654925
    endloop
  endfacet
  facet normal 0.88097226004985929 -0.30017454838709101 -0.3657637455014493
    outer loop
      vertex 0.046193976625564341 -0.01352990250365493 -0.013529902503654925
      vertex 0.041573480615127265 -0.019642373959677557 -0.01964237395967755
      vertex 0.041573480615127265 -0.015432914190872752 -0.023096988312782167
    endloop
  endfacet
  facet normal 0.88097226004985929 -0.30017454838709107 -0.36576374550144924
    outer loop
      vertex 0.046193976625564341 -0.01352990250365493 -0.013529902503654925
      vertex 0.041573480615127265 -0.015432914190872752 -0.023096988312782167
      vertex 0.046193976625564341 -0.010630376184590706 -0.015909482257160427
    endloop
  endfacet
  facet normal 0.8809722600498594 -0.22304981171804361 -0.41729684699885805
    outer loop
      vertex 0.046193976625564341 -0.010630376184590706 -0.015909482257160427
      vertex 0.041573480615127265 -0.015432914190872752 -0.023096988312782167
      vertex 0.041573480615127265 -0.01063037618459072 -0.02566399835796683
    endloop
  endfacet
  facet normal 0.8809722600498594 -0.22304981171804322 -0.41729684699885805
    outer loop
      vertex 0.046193976625564341 -0.010630376184590706 -0.015909482257160427
      vertex 0.041573480615127265 -0.01063037618459072 -0.02566399835796683
      vertex 0.046193976625564341 -0.0073223304703363239 -0.017677669529663684
    endloop
  endfacet
  facet normal 0.8809722600498594 -0.13735339587244658 -0.45279346468886877
    outer loop
      vertex 0.046193976625564341 -0.0073223304703363239 -0.017677669529663684
      vertex 0.041573480615127265 -0.01063037618459072 -0.02566399835796683
      vertex 0.041573480615127265 -0.0054193187831184913 -0.027244755338790925
    endloop
  endfacet
  facet normal 0.88097226004985918 -0.13735339587244705 -0.45279346468886889
    outer loop
      vertex 0.046193976625564341 -0.0073223304703363239 -0.017677669529663684
      vertex 0.041573480615127265 -0.0054193187831184913 -0.027244755338790925
      vertex 0.046193976625564341 -0.0037328917025171385 -0.018766513875893263
    endloop
  endfacet
  facet normal 0.88097226004985929 -0.046378566052144105 -0.47088948346038684
    outer loop
      vertex 0.046193976625564341 -0.0037328917025171385 -0.018766513875893263
      vertex 0.041573480615127265 -0.0054193187831184913 -0.027244755338790925
      vertex 0.041573480615127265 -5.102829806767537e-18 -0.027778511650980109
    endloop
  endfacet
  facet normal 0.88097226004985929 -0.046378566052143903 -0.47088948346038684
    outer loop
      vertex 0.046193976625564341 -0.0037328917025171385 -0.018766513875893263
      vertex 0.041573480615127265 -5.102829806767537e-18 -0.027778511650980109
      vertex 0.046193976625564341 -3.5148903039947242e-18 -0.019134171618254491
    endloop
  endfacet
  facet normal 0.88097226004985929 0.046378566052143709 -0.47088948346038684
    outer loop
      vertex 0.046193976625564341 -3.5148903039947242e-18 -0.019134171618254491
      vertex 0.041573480615127265 -5.102829806767537e-18 -0.027778511650980109
      vertex 0.041573480615127265 0.0054193187831184817 -0.027244755338790928
    endloop
  endfacet
  facet normal 0.88097226004985918 0.046378566052143473 -0.47088948346038695
    outer loop
      vertex 0.046193976625564341 -3.5148903039947242e-18 -0.019134171618254491
      vertex 0.041573480615127265 0.0054193187831184817 -0.027244755338790928
      vertex 0.046193976625564341 0.0037328917025171316 -0.018766513875893266
    endloop
  endfacet
  facet normal 0.88097226004985929 0.13735339587244685 -0.452793464688869
    outer loop
      vertex 0.046193976625564341 0.0037328917025171316 -0.018766513875893266
      vertex 0.041573480615127265 0.0054193187831184817 -0.027244755338790928
      vertex 0.041573480615127265 0.010630376184590711 -0.02566399835796683
    endloop
  endfacet
  facet normal 0.88097226004985929 0.13735339587244702 -0.45279346468886883
    outer loop
      vertex 0.046193976625564341 0.0037328917025171316 -0.018766513875893266
      vertex 0.041573480615127265 0.010630376184590711 -0.02566399835796683
      vertex 0.046193976625564341 0.0073223304703363169 -0.017677669529663688
    endloop
  endfacet
  facet normal 0.8809722600498594 0.22304981171804319 -0.41729684699885827
    outer loop
      vertex 0.046193976625564341 0.0073223304703363169 -0.017677669529663688
      vertex 0.041573480615127265 0.010630376184590711 -0.02566399835796683
      vertex 0.041573480615127265 0.015432914190872744 -0.023096988312782174
    endloop
  endfacet
  facet normal 0.8809722600498594 0.22304981171804328 -0.41729684699885811
    outer loop
      vertex 0.046193976625564341 0.0073223304703363169 -0.017677669529663688
      vertex 0.041573480615127265 0.015432914190872744 -0.023096988312782174
      vertex 0.046193976625564341 0.010630376184590699 -0.015909482257160431
    endloop
  endfacet
  facet normal 0.8809722600498594 0.30017454838709101 -0.36576374550144913
    outer loop
      vertex 0.046193976625564341 0.010630376184590699 -0.015909482257160431
      vertex 0.041573480615127265 0.015432914190872744 -0.023096988312782174
      vertex 0.041573480615127265 0.019642373959677547 -0.019642373959677557
    endloop
  endfacet
  facet normal 0.88097226004985918 0.30017454838709096 -0.36576374550144941
    outer loop
      vertex 0.046193976625564341 0.010630376184590699 -0.015909482257160431
      vertex 0.041573480615127265 0.019642373959677547 -0.019642373959677557
      vertex 0.046193976625564341 0.013529902503654923 -0.01352990250365493
    endloop
  endfacet
  facet normal 0.88097226004985929 0.36576374550144919 -0.30017454838709118
    outer loop
      vertex 0.046193976625564341 0.013529902503654923 -0.01352990250365493
      vertex 0.041573480615127265 0.019642373959677547 -0.019642373959677557
      vertex 0.041573480615127265 0.023096988312782167 -0.015432914190872752
    endloop
  endfacet
  facet normal 0.88097226004985929 0.36576374550144919 -0.30017454838709123
    outer loop
      vertex 0.046193976625564341 0.013529902503654923 -0.01352990250365493
      vertex 0.041573480615127265 0.023096988312782167 -0.015432914190872752
      vertex 0.046193976625564341 0.015909482257160427 -0.010630376184590706
    endloop
  endfacet
  facet normal 0.8809722600498594 0.41729684699885805 -0.22304981171804367
    outer loop
      vertex 0.046193976625564341 0.015909482257160427 -0.010630376184590706
      vertex 0.041573480615127265 0.023096988312782167 -0.015432914190872752
      vertex 0.041573480615127265 0.02566399835796683 -0.010630376184590722
    endloop
  endfacet
  facet normal 0.8809722600498594 0.41729684699885805 -0.22304981171804328
    outer loop
      vertex 0.046193976625564341 0.015909482257160427 -0.010630376184590706
      vertex 0.041573480615127265 0.02566399835796683 -0.010630376184590722
      vertex 0.046193976625564341 0.017677669529663684 -0.0073223304703363247
    endloop
  endfacet
  facet normal 0.8809722600498594 0.45279346468886889 -0.1373533958724466
    outer loop
      vertex 0.046193976625564341 0.017677669529663684 -0.0073223304703363247
      vertex 0.041573480615127265 0.02566399835796683 -0.010630376184590722
      vertex 0.041573480615127265 0.027244755338790925 -0.005419318783118493
    endloop
  endfacet
  facet normal 0.88097226004985929 0.45279346468886883 -0.13735339587244702
    outer loop
      vertex 0.046193976625564341 0.017677669529663684 -0.0073223304703363247
      vertex 0.041573480615127265 0.027244755338790925 -0.005419318783118493
      vertex 0.046193976625564341 0.018766513875893263 -0.0037328917025171394
    endloop
  endfacet
  facet normal 0.88097226004985929 0.47088948346038689 -0.046378566052144042
    outer loop
      vertex 0.046193976625564341 0.018766513875893263 -0.0037328917025171394
      vertex 0.041573480615127265 0.027244755338790925 -0.005419318783118493
      vertex 0.041573480615127265 0.027778511650980109 0
    endloop
  endfacet
  facet normal 0.8809722600498594 0.47088948346038689 -0.046378566052143855
    outer loop
      vertex 0.046193976625564341 0.018766513875893263 -0.0037328917025171394
      vertex 0.041573480615127265 0.027778511650980109 0
      vertex 0.046193976625564341 0.019134171618254491 0
    endloop
  endfacet
  facet normal 0.77150592693856201 0.6331585512370832 0.062360674258929341
    outer loop
      vertex 0.041573480615127265 0.027778511650980109 0
      vertex 0.035355339059327383 0.035355339059327376 0
      vertex 0.035355339059327383 0.034675996133053687 0.0068974844820735744
    endloop
  endfacet
  facet normal 0.77150592693856201 0.63315855123708298 0.062360674258929515
    outer loop
      vertex 0.041573480615127265 0.027778511650980109 0
      vertex 0.035355339059327383 0.034675996133053687 0.0068974844820735744
      vertex 0.041573480615127265 0.027244755338790928 0.00541931878311848
    endloop
  endfacet
  facet normal 0.7715059269385619 0.60882662319244829 0.18468553703728621
    outer loop
      vertex 0.041573480615127265 0.027244755338790928 0.00541931878311848
      vertex 0.035355339059327383 0.034675996133053687 0.0068974844820735744
      vertex 0.035355339059327383 0.032664074121909414 0.013529902503654925
    endloop
  endfacet
  facet normal 0.77150592693856201 0.60882662319244818 0.18468553703728624
    outer loop
      vertex 0.041573480615127265 0.027244755338790928 0.00541931878311848
      vertex 0.035355339059327383 0.032664074121909414 0.013529902503654925
      vertex 0.041573480615127265 0.025663998357966834 0.010630376184590704
    endloop
  endfacet
  facet normal 0.77150592693856201 0.56109782945243136 0.29991303820014287
    outer loop
      vertex 0.041573480615127265 0.025663998357966834 0.010630376184590704
      vertex 0.035355339059327383 0.032664074121909414 0.013529902503654925
      vertex 0.035355339059327383 0.029396890060483967 0.019642373959677554
    endloop
  endfacet
  facet normal 0.77150592693856201 0.5610978294524317 0.2999130382001427
    outer loop
      vertex 0.041573480615127265 0.025663998357966834 0.010630376184590704
      vertex 0.035355339059327383 0.029396890060483967 0.019642373959677554
      vertex 0.041573480615127265 0.023096988312782167 0.015432914190872752
    endloop
  endfacet
  facet normal 0.7715059269385619 0.49180636079384588 0.40361504949813715
    outer loop
      vertex 0.041573480615127265 0.023096988312782167 0.015432914190872752
      vertex 0.035355339059327383 0.029396890060483967 0.019642373959677554
      vertex 0.035355339059327383 0.025000000000000001 0.024999999999999998
    endloop
  endfacet
  facet normal 0.7715059269385619 0.49180636079384588 0.40361504949813726
    outer loop
      vertex 0.041573480615127265 0.023096988312782167 0.015432914190872752
      vertex 0.035355339059327383 0.025000000000000001 0.024999999999999998
      vertex 0.041573480615127265 0.019642373959677554 0.01964237395967755
    endloop
  endfacet
  facet normal 0.77150592693856201 0.40361504949813742 0.49180636079384582
    outer loop
      vertex 0.041573480615127265 0.019642373959677554 0.01964237395967755
      vertex 0.035355339059327383 0.025000000000000001 0.024999999999999998
      vertex 0.035355339059327383 0.019642373959677557 0.029396890060483967
    endloop
  endfacet
  facet normal 0.7715059269385619 0.40361504949813753 0.49180636079384571
    outer loop
      vertex 0.041573480615127265 0.019642373959677554 0.01964237395967755
      vertex 0.035355339059327383 0.019642373959677557 0.029396890060483967
      vertex 0.041573480615127265 0.015432914190872756 0.023096988312782167
    endloop
  endfacet
  facet normal 0.7715059269385619 0.29991303820014287 0.56109782945243158
    outer loop
      vertex 0.041573480615127265 0.015432914190872756 0.023096988312782167
      vertex 0.035355339059327383 0.019642373959677557 0.029396890060483967
      vertex 0.035355339059327383 0.013529902503654927 0.032664074121909414
    endloop
  endfacet
  facet normal 0.77150592693856213 0.29991303820014253 0.56109782945243158
    outer loop
      vertex 0.041573480615127265 0.015432914190872756 0.023096988312782167
      vertex 0.035355339059327383 0.013529902503654927 0.032664074121909414
      vertex 0.041573480615127265 0.010630376184590706 0.025663998357966834
    endloop
  endfacet
  facet normal 0.77150592693856201 0.18468553703728621 0.60882662319244818
    outer loop
      vertex 0.041573480615127265 0.010630376184590706 0.025663998357966834
      vertex 0.035355339059327383 0.013529902503654927 0.032664074121909414
      vertex 0.035355339059327383 0.0068974844820735778 0.034675996133053687
    endloop
  endfacet
  facet normal 0.7715059269385619 0.18468553703728624 0.60882662319244818
    outer loop
      vertex 0.041573480615127265 0.010630376184590706 0.025663998357966834
      vertex 0.035355339059327383 0.0068974844820735778 0.034675996133053687
      vertex 0.041573480615127265 0.0054193187831184817 0.027244755338790928
    endloop
  endfacet
  facet normal 0.77150592693856201 0.062360674258929216 0.6331585512370832
    outer loop
      vertex 0.041573480615127265 0.0054193187831184817 0.027244755338790928
      vertex 0.035355339059327383 0.0068974844820735778 0.034675996133053687
      vertex 0.035355339059327383 2.1648901405887331e-18 0.035355339059327376
    endloop
  endfacet
  facet normal 0.7715059269385619 0.062360674258929528 0.63315855123708309
    outer loop
      vertex 0.041573480615127265 0.0054193187831184817 0.027244755338790928
      vertex 0.035355339059327383 2.1648901405887331e-18 0.035355339059327376
      vertex 0.041573480615127265 1.7009432689225125e-18 0.027778511650980109
    endloop
  endfacet
  facet normal 0.77150592693856201 -0.062360674258929341 0.6331585512370832
    outer loop
      vertex 0.041573480615127265 1.7009432689225125e-18 0.027778511650980109
      vertex 0.035355339059327383 2.1648901405887331e-18 0.035355339059327376
      vertex 0.035355339059327383 -0.0068974844820735726 0.034675996133053687
    endloop
  endfacet
  facet normal 0.77150592693856213 -0.062360674258929522 0.63315855123708309
    outer loop
      vertex 0.041573480615127265 1.7009432689225125e-18 0.027778511650980109
      vertex 0.035355339059327383 -0.0068974844820735726 0.034675996133053687
      vertex 0.041573480615127265 -0.0054193187831184783 0.027244755338790928
    endloop
  endfacet
  facet normal 0.7715059269385619 -0.18468553703728621 0.60882662319244829
    outer loop
      vertex 0.041573480615127265 -0.0054193187831184783 0.027244755338790928
      vertex 0.035355339059327383 -0.0068974844820735726 0.034675996133053687
      vertex 0.035355339059327383 -0.013529902503654923 0.032664074121909414
    endloop
  endfacet
  facet normal 0.77150592693856201 -0.18468553703728624 0.60882662319244829
    outer loop
      vertex 0.041573480615127265 -0.0054193187831184783 0.027244755338790928
      vertex 0.035355339059327383 -0.013529902503654923 0.032664074121909414
      vertex 0.041573480615127265 -0.010630376184590704 0.025663998357966834
    endloop
  endfacet
  facet normal 0.77150592693856201 -0.29991303820014276 0.56109782945243147
    outer loop
      vertex 0.041573480615127265 -0.010630376184590704 0.025663998357966834
      vertex 0.035355339059327383 -0.013529902503654923 0.032664074121909414
      vertex 0.035355339059327383 -0.019642373959677543 0.029396890060483974
    endloop
  endfacet
  facet normal 0.77150592693856168 -0.29991303820014242 0.56109782945243203
    outer loop
      vertex 0.041573480615127265 -0.010630376184590704 0.025663998357966834
      vertex 0.035355339059327383 -0.019642373959677543 0.029396890060483974
      vertex 0.041573480615127265 -0.015432914190872747 0.023096988312782174
    endloop
  endfacet
  facet normal 0.77150592693856179 -0.40361504949813726 0.49180636079384621
    outer loop
      vertex 0.041573480615127265 -0.015432914190872747 0.023096988312782174
      vertex 0.035355339059327383 -0.019642373959677543 0.029396890060483974
      vertex 0.035355339059327383 -0.024999999999999998 0.025000000000000001
    endloop
  endfacet
  facet normal 0.7715059269385619 -0.40361504949813737 0.49180636079384571
    outer loop
      vertex 0.041573480615127265 -0.015432914190872747 0.023096988312782174
      vertex 0.035355339059327383 -0.024999999999999998 0.025000000000000001
      vertex 0.041573480615127265 -0.01964237395967755 0.019642373959677554
    endloop
  endfacet
  facet normal 0.77150592693856201 -0.49180636079384582 0.40361504949813748
    outer loop
      vertex 0.041573480615127265 -0.01964237395967755 0.019642373959677554
      vertex 0.035355339059327383 -0.024999999999999998 0.025000000000000001
      vertex 0.035355339059327383 -0.02939689006048397 0.019642373959677554
    endloop
  endfacet
  facet normal 0.7715059269385619 -0.49180636079384576 0.40361504949813759
    outer loop
      vertex 0.041573480615127265 -0.01964237395967755 0.019642373959677554
      vertex 0.035355339059327383 -0.02939689006048397 0.019642373959677554
      vertex 0.041573480615127265 -0.023096988312782171 0.015432914190872752
    endloop
  endfacet
  facet normal 0.7715059269385619 -0.56109782945243158 0.29991303820014287
    outer loop
      vertex 0.041573480615127265 -0.023096988312782171 0.015432914190872752
      vertex 0.035355339059327383 -0.02939689006048397 0.019642373959677554
      vertex 0.035355339059327383 -0.032664074121909414 0.013529902503654928
    endloop
  endfacet
  facet normal 0.77150592693856201 -0.56109782945243158 0.29991303820014248
    outer loop
      vertex 0.041573480615127265 -0.023096988312782171 0.015432914190872752
      vertex 0.035355339059327383 -0.032664074121909414 0.013529902503654928
      vertex 0.041573480615127265 -0.025663998357966834 0.010630376184590708
    endloop
  endfacet
  facet normal 0.77150592693856201 -0.60882662319244807 0.18468553703728641
    outer loop
      vertex 0.041573480615127265 -0.025663998357966834 0.010630376184590708
      vertex 0.035355339059327383 -0.032664074121909414 0.013529902503654928
      vertex 0.035355339059327383 -0.034675996133053687 0.0068974844820735874
    endloop
  endfacet
  facet normal 0.77150592693856213 -0.60882662319244829 0.18468553703728649
    outer loop
      vertex 0.041573480615127265 -0.025663998357966834 0.010630376184590708
      vertex 0.035355339059327383 -0.034675996133053687 0.0068974844820735874
      vertex 0.041573480615127265 -0.027244755338790928 0.0054193187831184896
    endloop
  endfacet
  facet normal 0.7715059269385619 -0.63315855123708298 0.06236067425892914
    outer loop
      vertex 0.041573480615127265 -0.027244755338790928 0.0054193187831184896
      vertex 0.035355339059327383 -0.034675996133053687 0.0068974844820735874
      vertex 0.035355339059327383 -0.035355339059327376 4.3297802811774661e-18
    endloop
  endfacet
  facet normal 0.7715059269385619 -0.6331585512370832 0.062360674258929459
    outer loop
      vertex 0.041573480615127265 -0.027244755338790928 0.0054193187831184896
      vertex 0.035355339059327383 -0.035355339059327376 4.3297802811774661e-18
      vertex 0.041573480615127265 -0.027778511650980109 3.4018865378450249e-18
    endloop
  endfacet
  facet normal 0.7715059269385619 -0.63315855123708309 -0.062360674258929251
    outer loop
      vertex 0.041573480615127265 -0.027778511650980109 3.4018865378450249e-18
      vertex 0.035355339059327383 -0.035355339059327376 4.3297802811774661e-18
      vertex 0.035355339059327383 -0.034675996133053687 -0.0068974844820735787
    endloop
  endfacet
  facet normal 0.77150592693856201 -0.63315855123708298 -0.062360674258929438
    outer loop
      vertex 0.041573480615127265 -0.027778511650980109 3.4018865378450249e-18
      vertex 0.035355339059327383 -0.034675996133053687 -0.0068974844820735787
      vertex 0.041573480615127265 -0.027244755338790928 -0.0054193187831184826
    endloop
  endfacet
  facet normal 0.77150592693856201 -0.60882662319244807 -0.18468553703728635
    outer loop
      vertex 0.041573480615127265 -0.027244755338790928 -0.0054193187831184826
      vertex 0.035355339059327383 -0.034675996133053687 -0.0068974844820735787
      vertex 0.035355339059327383 -0.032664074121909414 -0.013529902503654921
    endloop
  endfacet
  facet normal 0.7715059269385619 -0.60882662319244851 -0.18468553703728607
    outer loop
      vertex 0.041573480615127265 -0.027244755338790928 -0.0054193187831184826
      vertex 0.035355339059327383 -0.032664074121909414 -0.013529902503654921
      vertex 0.041573480615127265 -0.025663998357966837 -0.010630376184590703
    endloop
  endfacet
  facet normal 0.7715059269385619 -0.5610978294524317 -0.29991303820014276
    outer loop
      vertex 0.041573480615127265 -0.025663998357966837 -0.010630376184590703
      vertex 0.035355339059327383 -0.032664074121909414 -0.013529902503654921
      vertex 0.035355339059327383 -0.029396890060483974 -0.019642373959677543
    endloop
  endfacet
  facet normal 0.77150592693856179 -0.56109782945243192 -0.29991303820014259
    outer loop
      vertex 0.041573480615127265 -0.025663998357966837 -0.010630376184590703
      vertex 0.035355339059327383 -0.029396890060483974 -0.019642373959677543
      vertex 0.041573480615127265 -0.023096988312782174 -0.015432914190872747
    endloop
  endfacet
  facet normal 0.77150592693856168 -0.49180636079384632 -0.40361504949813704
    outer loop
      vertex 0.041573480615127265 -0.023096988312782174 -0.015432914190872747
      vertex 0.035355339059327383 -0.029396890060483974 -0.019642373959677543
      vertex 0.035355339059327383 -0.025000000000000005 -0.024999999999999998
    endloop
  endfacet
  facet normal 0.7715059269385619 -0.49180636079384599 -0.4036150494981372
    outer loop
      vertex 0.041573480615127265 -0.023096988312782174 -0.015432914190872747
      vertex 0.035355339059327383 -0.025000000000000005 -0.024999999999999998
      vertex 0.041573480615127265 -0.019642373959677557 -0.01964237395967755
    endloop
  endfacet
  facet normal 0.77150592693856201 -0.40361504949813709 -0.49180636079384599
    outer loop
      vertex 0.041573480615127265 -0.019642373959677557 -0.01964237395967755
      vertex 0.035355339059327383 -0.025000000000000005 -0.024999999999999998
      vertex 0.035355339059327383 -0.019642373959677554 -0.029396890060483967
    endloop
  endfacet
  facet normal 0.7715059269385619 -0.40361504949813709 -0.49180636079384604
    outer loop
      vertex 0.041573480615127265 -0.019642373959677557 -0.01964237395967755
      vertex 0.035355339059327383 -0.019642373959677554 -0.029396890060483967
      vertex 0.041573480615127265 -0.015432914190872752 -0.023096988312782167
    endloop
  endfacet
  facet normal 0.7715059269385619 -0.2999130382001432 -0.56109782945243147
    outer loop
      vertex 0.041573480615127265 -0.015432914190872752 -0.023096988312782167
      vertex 0.035355339059327383 -0.019642373959677554 -0.029396890060483967
      vertex 0.035355339059327383 -0.013529902503654944 -0.032664074121909407
    endloop
  endfacet
  facet normal 0.77150592693856201 -0.29991303820014309 -0.56109782945243136
    outer loop
      vertex 0.041573480615127265 -0.015432914190872752 -0.023096988312782167
      vertex 0.035355339059327383 -0.013529902503654944 -0.032664074121909407
      vertex 0.041573480615127265 -0.01063037618459072 -0.02566399835796683
    endloop
  endfacet
  facet normal 0.77150592693856201 -0.1846855370372861 -0.6088266231924484
    outer loop
      vertex 0.041573480615127265 -0.01063037618459072 -0.02566399835796683
      vertex 0.035355339059327383 -0.013529902503654944 -0.032664074121909407
      vertex 0.035355339059327383 -0.0068974844820735891 -0.03467599613305368
    endloop
  endfacet
  facet normal 0.7715059269385619 -0.18468553703728618 -0.60882662319244851
    outer loop
      vertex 0.041573480615127265 -0.01063037618459072 -0.02566399835796683
      vertex 0.035355339059327383 -0.0068974844820735891 -0.03467599613305368
      vertex 0.041573480615127265 -0.0054193187831184913 -0.027244755338790925
    endloop
  endfacet
  facet normal 0.7715059269385619 -0.062360674258929751 -0.63315855123708309
    outer loop
      vertex 0.041573480615127265 -0.0054193187831184913 -0.027244755338790925
      vertex 0.035355339059327383 -0.0068974844820735891 -0.03467599613305368
      vertex 0.035355339059327383 -6.4946704217661992e-18 -0.035355339059327376
    endloop
  endfacet
  facet normal 0.7715059269385619 -0.062360674258929862 -0.63315855123708331
    outer loop
      vertex 0.041573480615127265 -0.0054193187831184913 -0.027244755338790925
      vertex 0.035355339059327383 -6.4946704217661992e-18 -0.035355339059327376
      vertex 0.041573480615127265 -5.102829806767537e-18 -0.027778511650980109
    endloop
  endfacet
  facet normal 0.7715059269385619 0.062360674258929265 -0.63315855123708331
    outer loop
      vertex 0.041573480615127265 -5.102829806767537e-18 -0.027778511650980109
      vertex 0.035355339059327383 -6.4946704217661992e-18 -0.035355339059327376
      vertex 0.035355339059327383 0.0068974844820735761 -0.034675996133053687
    endloop
  endfacet
  facet normal 0.77150592693856201 0.062360674258929431 -0.63315855123708309
    outer loop
      vertex 0.041573480615127265 -5.102829806767537e-18 -0.027778511650980109
      vertex 0.035355339059327383 0.0068974844820735761 -0.034675996133053687
      vertex 0.041573480615127265 0.0054193187831184817 -0.027244755338790928
    endloop
  endfacet
  facet normal 0.7715059269385619 0.1846855370372866 -0.60882662319244818
    outer loop
      vertex 0.041573480615127265 0.0054193187831184817 -0.027244755338790928
      vertex 0.035355339059327383 0.0068974844820735761 -0.034675996133053687
      vertex 0.035355339059327383 0.013529902503654932 -0.032664074121909407
    endloop
  endfacet
  facet normal 0.7715059269385619 0.18468553703728652 -0.6088266231924484
    outer loop
      vertex 0.041573480615127265 0.0054193187831184817 -0.027244755338790928
      vertex 0.035355339059327383 0.013529902503654932 -0.032664074121909407
      vertex 0.041573480615127265 0.010630376184590711 -0.02566399835796683
    endloop
  endfacet
  facet normal 0.77150592693856201 0.29991303820014281 -0.5610978294524317
    outer loop
      vertex 0.041573480615127265 0.010630376184590711 -0.02566399835796683
      vertex 0.035355339059327383 0.013529902503654932 -0.032664074121909407
      vertex 0.035355339059327383 0.01964237395967754 -0.029396890060483974
    endloop
  endfacet
  facet normal 0.77150592693856179 0.29991303820014253 -0.56109782945243192
    outer loop
      vertex 0.041573480615127265 0.010630376184590711 -0.02566399835796683
      vertex 0.035355339059327383 0.01964237395967754 -0.029396890060483974
      vertex 0.041573480615127265 0.015432914190872744 -0.023096988312782174
    endloop
  endfacet
  facet normal 0.77150592693856168 0.40361504949813704 -0.49180636079384632
    outer loop
      vertex 0.041573480615127265 0.015432914190872744 -0.023096988312782174
      vertex 0.035355339059327383 0.01964237395967754 -0.029396890060483974
      vertex 0.035355339059327383 0.024999999999999994 -0.025000000000000005
    endloop
  endfacet
  facet normal 0.7715059269385619 0.4036150494981372 -0.49180636079384599
    outer loop
      vertex 0.041573480615127265 0.015432914190872744 -0.023096988312782174
      vertex 0.035355339059327383 0.024999999999999994 -0.025000000000000005
      vertex 0.041573480615127265 0.019642373959677547 -0.019642373959677557
    endloop
  endfacet
  facet normal 0.77150592693856201 0.49180636079384588 -0.40361504949813731
    outer loop
      vertex 0.041573480615127265 0.019642373959677547 -0.019642373959677557
      vertex 0.035355339059327383 0.024999999999999994 -0.025000000000000005
      vertex 0.035355339059327383 0.029396890060483967 -0.019642373959677554
    endloop
  endfacet
  facet normal 0.7715059269385619 0.49180636079384593 -0.40361504949813737
    outer loop
      vertex 0.041573480615127265 0.019642373959677547 -0.019642373959677557
      vertex 0.035355339059327383 0.029396890060483967 -0.019642373959677554
      vertex 0.041573480615127265 0.023096988312782167 -0.015432914190872752
    endloop
  endfacet
  facet normal 0.7715059269385619 0.56109782945243136 -0.29991303820014326
    outer loop
      vertex 0.041573480615127265 0.023096988312782167 -0.015432914190872752
      vertex 0.035355339059327383 0.029396890060483967 -0.019642373959677554
      vertex 0.035355339059327383 0.032664074121909407 -0.013529902503654946
    endloop
  endfacet
  facet normal 0.7715059269385619 0.56109782945243136 -0.2999130382001432
    outer loop
      vertex 0.041573480615127265 0.023096988312782167 -0.015432914190872752
      vertex 0.035355339059327383 0.032664074121909407 -0.013529902503654946
      vertex 0.041573480615127265 0.02566399835796683 -0.010630376184590722
    endloop
  endfacet
  facet normal 0.77150592693856201 0.6088266231924484 -0.1846855370372861
    outer loop
      vertex 0.041573480615127265 0.02566399835796683 -0.010630376184590722
      vertex 0.035355339059327383 0.032664074121909407 -0.013529902503654946
      vertex 0.035355339059327383 0.03467599613305368 -0.0068974844820735908
    endloop
  endfacet
  facet normal 0.7715059269385619 0.60882662319244851 -0.18468553703728618
    outer loop
      vertex 0.041573480615127265 0.02566399835796683 -0.010630376184590722
      vertex 0.035355339059327383 0.03467599613305368 -0.0068974844820735908
      vertex 0.041573480615127265 0.027244755338790925 -0.005419318783118493
    endloop
  endfacet
  facet normal 0.7715059269385619 0.63315855123708309 -0.062360674258929681
    outer loop
      vertex 0.041573480615127265 0.027244755338790925 -0.005419318783118493
      vertex 0.035355339059327383 0.03467599613305368 -0.0068974844820735908
      vertex 0.035355339059327383 0.035355339059327376 0
    endloop
  endfacet
  facet normal 0.7715059269385619 0.63315855123708309 -0.062360674258929764
    outer loop
      vertex 0.041573480615127265 0.027244755338790925 -0.005419318783118493
      vertex 0.035355339059327383 0.035355339059327376 0
      vertex 0.041573480615127265 0.027778511650980109 0
    endloop
  endfacet
  facet normal 0.63256260214451965 0.77077976086820132 0.075915180327208426
    outer loop
      vertex 0.035355339059327383 0.035355339059327376 0
      vertex 0.027778511650980116 0.041573480615127265 0
      vertex 0.027778511650980116 0.040774657842445862 0.0081105837205364441
    endloop
  endfacet
  facet normal 0.63256260214451976 0.77077976086820132 0.075915180327208578
    outer loop
      vertex 0.035355339059327383 0.035355339059327376 0
      vertex 0.027778511650980116 0.040774657842445862 0.0081105837205364441
      vertex 0.035355339059327383 0.034675996133053687 0.0068974844820735744
    endloop
  endfacet
  facet normal 0.63256260214451965 0.74115912691630592 0.22482816317537527
    outer loop
      vertex 0.035355339059327383 0.034675996133053687 0.0068974844820735744
      vertex 0.027778511650980116 0.040774657842445862 0.0081105837205364441
      vertex 0.027778511650980116 0.038408887835570817 0.015909482257160424
    endloop
  endfacet
  facet normal 0.63256260214451931 0.74115912691630637 0.22482816317537477
    outer loop
      vertex 0.035355339059327383 0.034675996133053687 0.0068974844820735744
      vertex 0.027778511650980116 0.038408887835570817 0.015909482257160424
      vertex 0.035355339059327383 0.032664074121909414 0.013529902503654925
    endloop
  endfacet
  facet normal 0.63256260214451943 0.68305616336384456 0.3651011257977978
    outer loop
      vertex 0.035355339059327383 0.032664074121909414 0.013529902503654925
      vertex 0.027778511650980116 0.038408887835570817 0.015909482257160424
      vertex 0.027778511650980116 0.034567085809127249 0.023096988312782167
    endloop
  endfacet
  facet normal 0.63256260214451965 0.68305616336384412 0.36510112579779819
    outer loop
      vertex 0.035355339059327383 0.032664074121909414 0.013529902503654925
      vertex 0.027778511650980116 0.034567085809127249 0.023096988312782167
      vertex 0.035355339059327383 0.029396890060483967 0.019642373959677554
    endloop
  endfacet
  facet normal 0.63256260214451954 0.59870373451561953 0.49134345690688191
    outer loop
      vertex 0.035355339059327383 0.029396890060483967 0.019642373959677554
      vertex 0.027778511650980116 0.034567085809127249 0.023096988312782167
      vertex 0.027778511650980116 0.02939689006048397 0.029396890060483967
    endloop
  endfacet
  facet normal 0.63256260214451965 0.59870373451561965 0.49134345690688186
    outer loop
      vertex 0.035355339059327383 0.029396890060483967 0.019642373959677554
      vertex 0.027778511650980116 0.02939689006048397 0.029396890060483967
      vertex 0.035355339059327383 0.025000000000000001 0.024999999999999998
    endloop
  endfacet
  facet normal 0.63256260214451965 0.49134345690688225 0.5987037345156192
    outer loop
      vertex 0.035355339059327383 0.025000000000000001 0.024999999999999998
      vertex 0.027778511650980116 0.02939689006048397 0.029396890060483967
      vertex 0.027778511650980116 0.023096988312782174 0.034567085809127249
    endloop
  endfacet
  facet normal 0.63256260214451976 0.49134345690688197 0.59870373451561931
    outer loop
      vertex 0.035355339059327383 0.025000000000000001 0.024999999999999998
      vertex 0.027778511650980116 0.023096988312782174 0.034567085809127249
      vertex 0.035355339059327383 0.019642373959677557 0.029396890060483967
    endloop
  endfacet
  facet normal 0.63256260214451965 0.36510112579779735 0.68305616336384445
    outer loop
      vertex 0.035355339059327383 0.019642373959677557 0.029396890060483967
      vertex 0.027778511650980116 0.023096988312782174 0.034567085809127249
      vertex 0.027778511650980116 0.015909482257160427 0.038408887835570817
    endloop
  endfacet
  facet normal 0.63256260214451931 0.36510112579779819 0.68305616336384434
    outer loop
      vertex 0.035355339059327383 0.019642373959677557 0.029396890060483967
      vertex 0.027778511650980116 0.015909482257160427 0.038408887835570817
      vertex 0.035355339059327383 0.013529902503654927 0.032664074121909414
    endloop
  endfacet
  facet normal 0.63256260214451931 0.2248281631753753 0.74115912691630614
    outer loop
      vertex 0.035355339059327383 0.013529902503654927 0.032664074121909414
      vertex 0.027778511650980116 0.015909482257160427 0.038408887835570817
      vertex 0.027778511650980116 0.0081105837205364475 0.040774657842445862
    endloop
  endfacet
  facet normal 0.63256260214451965 0.22482816317537471 0.74115912691630603
    outer loop
      vertex 0.035355339059327383 0.013529902503654927 0.032664074121909414
      vertex 0.027778511650980116 0.0081105837205364475 0.040774657842445862
      vertex 0.035355339059327383 0.0068974844820735778 0.034675996133053687
    endloop
  endfacet
  facet normal 0.63256260214451965 0.075915180327208412 0.77077976086820132
    outer loop
      vertex 0.035355339059327383 0.0068974844820735778 0.034675996133053687
      vertex 0.027778511650980116 0.0081105837205364475 0.040774657842445862
      vertex 0.027778511650980116 2.5456414982365071e-18 0.041573480615127265
    endloop
  endfacet
  facet normal 0.63256260214451965 0.075915180327208551 0.77077976086820121
    outer loop
      vertex 0.035355339059327383 0.0068974844820735778 0.034675996133053687
      vertex 0.027778511650980116 2.5456414982365071e-18 0.041573480615127265
      vertex 0.035355339059327383 2.1648901405887331e-18 0.035355339059327376
    endloop
  endfacet
  facet normal 0.63256260214451965 -0.07591518032720844 0.77077976086820132
    outer loop
      vertex 0.035355339059327383 2.1648901405887331e-18 0.035355339059327376
      vertex 0.027778511650980116 2.5456414982365071e-18 0.041573480615127265
      vertex 0.027778511650980116 -0.0081105837205364406 0.040774657842445862
    endloop
  endfacet
  facet normal 0.63256260214451965 -0.075915180327208578 0.77077976086820132
    outer loop
      vertex 0.035355339059327383 2.1648901405887331e-18 0.035355339059327376
      vertex 0.027778511650980116 -0.0081105837205364406 0.040774657842445862
      vertex 0.035355339059327383 -0.0068974844820735726 0.034675996133053687
    endloop
  endfacet
  facet normal 0.63256260214451965 -0.22482816317537518 0.74115912691630603
    outer loop
      vertex 0.035355339059327383 -0.0068974844820735726 0.034675996133053687
      vertex 0.027778511650980116 -0.0081105837205364406 0.040774657842445862
      vertex 0.027778511650980116 -0.015909482257160424 0.038408887835570817
    endloop
  endfacet
  facet normal 0.63256260214451931 -0.22482816317537477 0.74115912691630637
    outer loop
      vertex 0.035355339059327383 -0.0068974844820735726 0.034675996133053687
      vertex 0.027778511650980116 -0.015909482257160424 0.038408887835570817
      vertex 0.035355339059327383 -0.013529902503654923 0.032664074121909414
    endloop
  endfacet
  facet normal 0.63256260214451931 -0.36510112579779752 0.68305616336384478
    outer loop
      vertex 0.035355339059327383 -0.013529902503654923 0.032664074121909414
      vertex 0.027778511650980116 -0.015909482257160424 0.038408887835570817
      vertex 0.027778511650980116 -0.02309698831278216 0.034567085809127256
    endloop
  endfacet
  facet normal 0.63256260214451976 -0.36510112579779791 0.68305616336384423
    outer loop
      vertex 0.035355339059327383 -0.013529902503654923 0.032664074121909414
      vertex 0.027778511650980116 -0.02309698831278216 0.034567085809127256
      vertex 0.035355339059327383 -0.019642373959677543 0.029396890060483974
    endloop
  endfacet
  facet normal 0.63256260214451976 -0.49134345690688197 0.5987037345156192
    outer loop
      vertex 0.035355339059327383 -0.019642373959677543 0.029396890060483974
      vertex 0.027778511650980116 -0.02309698831278216 0.034567085809127256
      vertex 0.027778511650980116 -0.029396890060483967 0.02939689006048397
    endloop
  endfacet
  facet normal 0.63256260214451943 -0.4913434569068818 0.59870373451561976
    outer loop
      vertex 0.035355339059327383 -0.019642373959677543 0.029396890060483974
      vertex 0.027778511650980116 -0.029396890060483967 0.02939689006048397
      vertex 0.035355339059327383 -0.024999999999999998 0.025000000000000001
    endloop
  endfacet
  facet normal 0.63256260214451954 -0.59870373451561942 0.49134345690688191
    outer loop
      vertex 0.035355339059327383 -0.024999999999999998 0.025000000000000001
      vertex 0.027778511650980116 -0.029396890060483967 0.02939689006048397
      vertex 0.027778511650980116 -0.034567085809127249 0.023096988312782167
    endloop
  endfacet
  facet normal 0.63256260214451954 -0.59870373451561942 0.49134345690688219
    outer loop
      vertex 0.035355339059327383 -0.024999999999999998 0.025000000000000001
      vertex 0.027778511650980116 -0.034567085809127249 0.023096988312782167
      vertex 0.035355339059327383 -0.02939689006048397 0.019642373959677554
    endloop
  endfacet
  facet normal 0.63256260214451943 -0.68305616336384434 0.36510112579779785
    outer loop
      vertex 0.035355339059327383 -0.02939689006048397 0.019642373959677554
      vertex 0.027778511650980116 -0.034567085809127249 0.023096988312782167
      vertex 0.027778511650980116 -0.038408887835570817 0.015909482257160431
    endloop
  endfacet
  facet normal 0.63256260214451931 -0.68305616336384434 0.36510112579779808
    outer loop
      vertex 0.035355339059327383 -0.02939689006048397 0.019642373959677554
      vertex 0.027778511650980116 -0.038408887835570817 0.015909482257160431
      vertex 0.035355339059327383 -0.032664074121909414 0.013529902503654928
    endloop
  endfacet
  facet normal 0.63256260214451943 -0.74115912691630614 0.22482816317537549
    outer loop
      vertex 0.035355339059327383 -0.032664074121909414 0.013529902503654928
      vertex 0.027778511650980116 -0.038408887835570817 0.015909482257160431
      vertex 0.027778511650980116 -0.040774657842445862 0.008110583720536458
    endloop
  endfacet
  facet normal 0.63256260214451965 -0.74115912691630603 0.22482816317537496
    outer loop
      vertex 0.035355339059327383 -0.032664074121909414 0.013529902503654928
      vertex 0.027778511650980116 -0.040774657842445862 0.008110583720536458
      vertex 0.035355339059327383 -0.034675996133053687 0.0068974844820735874
    endloop
  endfacet
  facet normal 0.63256260214451976 -0.77077976086820132 0.075915180327208343
    outer loop
      vertex 0.035355339059327383 -0.034675996133053687 0.0068974844820735874
      vertex 0.027778511650980116 -0.040774657842445862 0.008110583720536458
      vertex 0.027778511650980116 -0.041573480615127265 5.0912829964730143e-18
    endloop
  endfacet
  facet normal 0.63256260214451954 -0.77077976086820121 0.075915180327208467
    outer loop
      vertex 0.035355339059327383 -0.034675996133053687 0.0068974844820735874
      vertex 0.027778511650980116 -0.041573480615127265 5.0912829964730143e-18
      vertex 0.035355339059327383 -0.035355339059327376 4.3297802811774661e-18
    endloop
  endfacet
  facet normal 0.63256260214451965 -0.77077976086820121 -0.075915180327208356
    outer loop
      vertex 0.035355339059327383 -0.035355339059327376 4.3297802811774661e-18
      vertex 0.027778511650980116 -0.041573480615127265 5.0912829964730143e-18
      vertex 0.027778511650980116 -0.040774657842445862 -0.0081105837205364475
    endloop
  endfacet
  facet normal 0.63256260214451954 -0.77077976086820121 -0.075915180327208467
    outer loop
      vertex 0.035355339059327383 -0.035355339059327376 4.3297802811774661e-18
      vertex 0.027778511650980116 -0.040774657842445862 -0.0081105837205364475
      vertex 0.035355339059327383 -0.034675996133053687 -0.0068974844820735787
    endloop
  endfacet
  facet normal 0.63256260214451976 -0.74115912691630614 -0.22482816317537488
    outer loop
      vertex 0.035355339059327383 -0.034675996133053687 -0.0068974844820735787
      vertex 0.027778511650980116 -0.040774657842445862 -0.0081105837205364475
      vertex 0.027778511650980116 -0.038408887835570824 -0.015909482257160421
    endloop
  endfacet
  facet normal 0.63256260214451965 -0.74115912691630603 -0.22482816317537491
    outer loop
      vertex 0.035355339059327383 -0.034675996133053687 -0.0068974844820735787
      vertex 0.027778511650980116 -0.038408887835570824 -0.015909482257160421
      vertex 0.035355339059327383 -0.032664074121909414 -0.013529902503654921
    endloop
  endfacet
  facet normal 0.63256260214451976 -0.68305616336384423 -0.36510112579779774
    outer loop
      vertex 0.035355339059327383 -0.032664074121909414 -0.013529902503654921
      vertex 0.027778511650980116 -0.038408887835570824 -0.015909482257160421
      vertex 0.027778511650980116 -0.034567085809127256 -0.02309698831278216
    endloop
  endfacet
  facet normal 0.63256260214451965 -0.68305616336384423 -0.3651011257977978
    outer loop
      vertex 0.035355339059327383 -0.032664074121909414 -0.013529902503654921
      vertex 0.027778511650980116 -0.034567085809127256 -0.02309698831278216
      vertex 0.035355339059327383 -0.029396890060483974 -0.019642373959677543
    endloop
  endfacet
  facet normal 0.63256260214451976 -0.59870373451561953 -0.49134345690688153
    outer loop
      vertex 0.035355339059327383 -0.029396890060483974 -0.019642373959677543
      vertex 0.027778511650980116 -0.034567085809127256 -0.02309698831278216
      vertex 0.027778511650980116 -0.029396890060483977 -0.029396890060483967
    endloop
  endfacet
  facet normal 0.63256260214451954 -0.59870373451561976 -0.49134345690688136
    outer loop
      vertex 0.035355339059327383 -0.029396890060483974 -0.019642373959677543
      vertex 0.027778511650980116 -0.029396890060483977 -0.029396890060483967
      vertex 0.035355339059327383 -0.025000000000000005 -0.024999999999999998
    endloop
  endfacet
  facet normal 0.63256260214451965 -0.49134345690688158 -0.59870373451561976
    outer loop
      vertex 0.035355339059327383 -0.025000000000000005 -0.024999999999999998
      vertex 0.027778511650980116 -0.029396890060483977 -0.029396890060483967
      vertex 0.027778511650980116 -0.023096988312782167 -0.034567085809127249
    endloop
  endfacet
  facet normal 0.63256260214451965 -0.49134345690688158 -0.59870373451561953
    outer loop
      vertex 0.035355339059327383 -0.025000000000000005 -0.024999999999999998
      vertex 0.027778511650980116 -0.023096988312782167 -0.034567085809127249
      vertex 0.035355339059327383 -0.019642373959677554 -0.029396890060483967
    endloop
  endfacet
  facet normal 0.63256260214451965 -0.36510112579779802 -0.68305616336384423
    outer loop
      vertex 0.035355339059327383 -0.019642373959677554 -0.029396890060483967
      vertex 0.027778511650980116 -0.023096988312782167 -0.034567085809127249
      vertex 0.027778511650980116 -0.015909482257160448 -0.03840888783557081
    endloop
  endfacet
  facet normal 0.63256260214451954 -0.36510112579779852 -0.68305616336384423
    outer loop
      vertex 0.035355339059327383 -0.019642373959677554 -0.029396890060483967
      vertex 0.027778511650980116 -0.015909482257160448 -0.03840888783557081
      vertex 0.035355339059327383 -0.013529902503654944 -0.032664074121909407
    endloop
  endfacet
  facet normal 0.63256260214451931 -0.2248281631753751 -0.74115912691630625
    outer loop
      vertex 0.035355339059327383 -0.013529902503654944 -0.032664074121909407
      vertex 0.027778511650980116 -0.015909482257160448 -0.03840888783557081
      vertex 0.027778511650980116 -0.0081105837205364614 -0.040774657842445855
    endloop
  endfacet
  facet normal 0.63256260214451987 -0.22482816317537455 -0.74115912691630614
    outer loop
      vertex 0.035355339059327383 -0.013529902503654944 -0.032664074121909407
      vertex 0.027778511650980116 -0.0081105837205364614 -0.040774657842445855
      vertex 0.035355339059327383 -0.0068974844820735891 -0.03467599613305368
    endloop
  endfacet
  facet normal 0.63256260214451965 -0.075915180327208995 -0.77077976086820121
    outer loop
      vertex 0.035355339059327383 -0.0068974844820735891 -0.03467599613305368
      vertex 0.027778511650980116 -0.0081105837205364614 -0.040774657842445855
      vertex 0.027778511650980116 -7.6369244947095207e-18 -0.041573480615127265
    endloop
  endfacet
  facet normal 0.63256260214451954 -0.075915180327209245 -0.77077976086820121
    outer loop
      vertex 0.035355339059327383 -0.0068974844820735891 -0.03467599613305368
      vertex 0.027778511650980116 -7.6369244947095207e-18 -0.041573480615127265
      vertex 0.035355339059327383 -6.4946704217661992e-18 -0.035355339059327376
    endloop
  endfacet
  facet normal 0.63256260214451954 0.075915180327208329 -0.77077976086820132
    outer loop
      vertex 0.035355339059327383 -6.4946704217661992e-18 -0.035355339059327376
      vertex 0.027778511650980116 -7.6369244947095207e-18 -0.041573480615127265
      vertex 0.027778511650980116 0.0081105837205364458 -0.040774657842445862
    endloop
  endfacet
  facet normal 0.63256260214451965 0.075915180327208467 -0.77077976086820121
    outer loop
      vertex 0.035355339059327383 -6.4946704217661992e-18 -0.035355339059327376
      vertex 0.027778511650980116 0.0081105837205364458 -0.040774657842445862
      vertex 0.035355339059327383 0.0068974844820735761 -0.034675996133053687
    endloop
  endfacet
  facet normal 0.63256260214451976 0.22482816317537507 -0.74115912691630614
    outer loop
      vertex 0.035355339059327383 0.0068974844820735761 -0.034675996133053687
      vertex 0.027778511650980116 0.0081105837205364458 -0.040774657842445862
      vertex 0.027778511650980116 0.015909482257160434 -0.038408887835570817
    endloop
  endfacet
  facet normal 0.63256260214451976 0.22482816317537518 -0.74115912691630581
    outer loop
      vertex 0.035355339059327383 0.0068974844820735761 -0.034675996133053687
      vertex 0.027778511650980116 0.015909482257160434 -0.038408887835570817
      vertex 0.035355339059327383 0.013529902503654932 -0.032664074121909407
    endloop
  endfacet
  facet normal 0.63256260214451976 0.36510112579779802 -0.68305616336384412
    outer loop
      vertex 0.035355339059327383 0.013529902503654932 -0.032664074121909407
      vertex 0.027778511650980116 0.015909482257160434 -0.038408887835570817
      vertex 0.027778511650980116 0.023096988312782153 -0.034567085809127256
    endloop
  endfacet
  facet normal 0.63256260214451954 0.36510112579779785 -0.68305616336384412
    outer loop
      vertex 0.035355339059327383 0.013529902503654932 -0.032664074121909407
      vertex 0.027778511650980116 0.023096988312782153 -0.034567085809127256
      vertex 0.035355339059327383 0.01964237395967754 -0.029396890060483974
    endloop
  endfacet
  facet normal 0.63256260214451965 0.49134345690688142 -0.59870373451561976
    outer loop
      vertex 0.035355339059327383 0.01964237395967754 -0.029396890060483974
      vertex 0.027778511650980116 0.023096988312782153 -0.034567085809127256
      vertex 0.027778511650980116 0.029396890060483963 -0.029396890060483977
    endloop
  endfacet
  facet normal 0.63256260214451954 0.49134345690688136 -0.59870373451561976
    outer loop
      vertex 0.035355339059327383 0.01964237395967754 -0.029396890060483974
      vertex 0.027778511650980116 0.029396890060483963 -0.029396890060483977
      vertex 0.035355339059327383 0.024999999999999994 -0.025000000000000005
    endloop
  endfacet
  facet normal 0.63256260214451965 0.59870373451561953 -0.4913434569068818
    outer loop
      vertex 0.035355339059327383 0.024999999999999994 -0.025000000000000005
      vertex 0.027778511650980116 0.029396890060483963 -0.029396890060483977
      vertex 0.027778511650980116 0.034567085809127249 -0.023096988312782167
    endloop
  endfacet
  facet normal 0.63256260214451965 0.59870373451561942 -0.49134345690688186
    outer loop
      vertex 0.035355339059327383 0.024999999999999994 -0.025000000000000005
      vertex 0.027778511650980116 0.034567085809127249 -0.023096988312782167
      vertex 0.035355339059327383 0.029396890060483967 -0.019642373959677554
    endloop
  endfacet
  facet normal 0.63256260214451965 0.68305616336384412 -0.36510112579779813
    outer loop
      vertex 0.035355339059327383 0.029396890060483967 -0.019642373959677554
      vertex 0.027778511650980116 0.034567085809127249 -0.023096988312782167
      vertex 0.027778511650980116 0.03840888783557081 -0.015909482257160452
    endloop
  endfacet
  facet normal 0.63256260214451943 0.683056163363844 -0.36510112579779852
    outer loop
      vertex 0.035355339059327383 0.029396890060483967 -0.019642373959677554
      vertex 0.027778511650980116 0.03840888783557081 -0.015909482257160452
      vertex 0.035355339059327383 0.032664074121909407 -0.013529902503654946
    endloop
  endfacet
  facet normal 0.63256260214451943 0.74115912691630625 -0.22482816317537507
    outer loop
      vertex 0.035355339059327383 0.032664074121909407 -0.013529902503654946
      vertex 0.027778511650980116 0.03840888783557081 -0.015909482257160452
      vertex 0.027778511650980116 0.040774657842445855 -0.0081105837205364632
    endloop
  endfacet
  facet normal 0.63256260214451965 0.74115912691630603 -0.22482816317537449
    outer loop
      vertex 0.035355339059327383 0.032664074121909407 -0.013529902503654946
      vertex 0.027778511650980116 0.040774657842445855 -0.0081105837205364632
      vertex 0.035355339059327383 0.03467599613305368 -0.0068974844820735908
    endloop
  endfacet
  facet normal 0.63256260214451976 0.77077976086820121 -0.075915180327208912
    outer loop
      vertex 0.035355339059327383 0.03467599613305368 -0.0068974844820735908
      vertex 0.027778511650980116 0.040774657842445855 -0.0081105837205364632
      vertex 0.027778511650980116 0.041573480615127265 0
    endloop
  endfacet
  facet normal 0.63256260214451954 0.77077976086820121 -0.075915180327209161
    outer loop
      vertex 0.035355339059327383 0.03467599613305368 -0.0068974844820735908
      vertex 0.027778511650980116 0.041573480615127265 0
      vertex 0.035355339059327383 0.035355339059327376 0
    endloop
  endfacet
  facet normal 0.46962840498754321 0.87861294817022884 0.086535822273061405
    outer loop
      vertex 0.027778511650980116 0.041573480615127265 0
      vertex 0.019134171618254495 0.046193976625564341 0
      vertex 0.019134171618254495 0.045306372317644394 0.0090119977750868479
    endloop
  endfacet
  facet normal 0.46962840498754294 0.87861294817022917 0.086535822273061044
    outer loop
      vertex 0.027778511650980116 0.041573480615127265 0
      vertex 0.019134171618254495 0.045306372317644394 0.0090119977750868479
      vertex 0.027778511650980116 0.040774657842445862 0.0081105837205364441
    endloop
  endfacet
  facet normal 0.46962840498754288 0.8448483453038651 0.25628194369907831
    outer loop
      vertex 0.027778511650980116 0.040774657842445862 0.0081105837205364441
      vertex 0.019134171618254495 0.045306372317644394 0.0090119977750868479
      vertex 0.019134171618254495 0.042677669529663689 0.017677669529663691
    endloop
  endfacet
  facet normal 0.46962840498754338 0.84484834530386466 0.25628194369907881
    outer loop
      vertex 0.027778511650980116 0.040774657842445862 0.0081105837205364441
      vertex 0.019134171618254495 0.042677669529663689 0.017677669529663691
      vertex 0.027778511650980116 0.038408887835570817 0.015909482257160424
    endloop
  endfacet
  facet normal 0.46962840498754332 0.77861669432388381 0.41617929375330975
    outer loop
      vertex 0.027778511650980116 0.038408887835570817 0.015909482257160424
      vertex 0.019134171618254495 0.042677669529663689 0.017677669529663691
      vertex 0.019134171618254495 0.038408887835570817 0.025663998357966837
    endloop
  endfacet
  facet normal 0.46962840498754282 0.77861669432388425 0.41617929375330925
    outer loop
      vertex 0.027778511650980116 0.038408887835570817 0.015909482257160424
      vertex 0.019134171618254495 0.038408887835570817 0.025663998357966837
      vertex 0.027778511650980116 0.034567085809127249 0.023096988312782167
    endloop
  endfacet
  facet normal 0.46962840498754299 0.68246324043430917 0.56008310694463781
    outer loop
      vertex 0.027778511650980116 0.034567085809127249 0.023096988312782167
      vertex 0.019134171618254495 0.038408887835570817 0.025663998357966837
      vertex 0.019134171618254495 0.032664074121909414 0.032664074121909414
    endloop
  endfacet
  facet normal 0.46962840498754321 0.68246324043430884 0.56008310694463803
    outer loop
      vertex 0.027778511650980116 0.034567085809127249 0.023096988312782167
      vertex 0.019134171618254495 0.032664074121909414 0.032664074121909414
      vertex 0.027778511650980116 0.02939689006048397 0.029396890060483967
    endloop
  endfacet
  facet normal 0.46962840498754316 0.56008310694463814 0.68246324043430884
    outer loop
      vertex 0.027778511650980116 0.02939689006048397 0.029396890060483967
      vertex 0.019134171618254495 0.032664074121909414 0.032664074121909414
      vertex 0.019134171618254495 0.025663998357966844 0.038408887835570817
    endloop
  endfacet
  facet normal 0.46962840498754288 0.56008310694463859 0.68246324043430873
    outer loop
      vertex 0.027778511650980116 0.02939689006048397 0.029396890060483967
      vertex 0.019134171618254495 0.025663998357966844 0.038408887835570817
      vertex 0.027778511650980116 0.023096988312782174 0.034567085809127249
    endloop
  endfacet
  facet normal 0.46962840498754288 0.4161792937533097 0.77861669432388414
    outer loop
      vertex 0.027778511650980116 0.023096988312782174 0.034567085809127249
      vertex 0.019134171618254495 0.025663998357966844 0.038408887835570817
      vertex 0.019134171618254495 0.017677669529663691 0.042677669529663689
    endloop
  endfacet
  facet normal 0.46962840498754338 0.41617929375330903 0.77861669432388414
    outer loop
      vertex 0.027778511650980116 0.023096988312782174 0.034567085809127249
      vertex 0.019134171618254495 0.017677669529663691 0.042677669529663689
      vertex 0.027778511650980116 0.015909482257160427 0.038408887835570817
    endloop
  endfacet
  facet normal 0.46962840498754321 0.25628194369907836 0.84484834530386477
    outer loop
      vertex 0.027778511650980116 0.015909482257160427 0.038408887835570817
      vertex 0.019134171618254495 0.017677669529663691 0.042677669529663689
      vertex 0.019134171618254495 0.0090119977750868531 0.045306372317644394
    endloop
  endfacet
  facet normal 0.46962840498754305 0.25628194369907881 0.84484834530386488
    outer loop
      vertex 0.027778511650980116 0.015909482257160427 0.038408887835570817
      vertex 0.019134171618254495 0.0090119977750868531 0.045306372317644394
      vertex 0.027778511650980116 0.0081105837205364475 0.040774657842445862
    endloop
  endfacet
  facet normal 0.46962840498754282 0.086535822273061308 0.87861294817022895
    outer loop
      vertex 0.027778511650980116 0.0081105837205364475 0.040774657842445862
      vertex 0.019134171618254495 0.0090119977750868531 0.045306372317644394
      vertex 0.019134171618254495 2.828565280719251e-18 0.046193976625564341
    endloop
  endfacet
  facet normal 0.46962840498754321 0.086535822273061003 0.87861294817022884
    outer loop
      vertex 0.027778511650980116 0.0081105837205364475 0.040774657842445862
      vertex 0.019134171618254495 2.828565280719251e-18 0.046193976625564341
      vertex 0.027778511650980116 2.5456414982365071e-18 0.041573480615127265
    endloop
  endfacet
  facet normal 0.46962840498754321 -0.086535822273061405 0.87861294817022884
    outer loop
      vertex 0.027778511650980116 2.5456414982365071e-18 0.041573480615127265
      vertex 0.019134171618254495 2.828565280719251e-18 0.046193976625564341
      vertex 0.019134171618254495 -0.0090119977750868462 0.045306372317644394
    endloop
  endfacet
  facet normal 0.46962840498754288 -0.086535822273061044 0.87861294817022895
    outer loop
      vertex 0.027778511650980116 2.5456414982365071e-18 0.041573480615127265
      vertex 0.019134171618254495 -0.0090119977750868462 0.045306372317644394
      vertex 0.027778511650980116 -0.0081105837205364406 0.040774657842445862
    endloop
  endfacet
  facet normal 0.46962840498754299 -0.25628194369907836 0.8448483453038651
    outer loop
      vertex 0.027778511650980116 -0.0081105837205364406 0.040774657842445862
      vertex 0.019134171618254495 -0.0090119977750868462 0.045306372317644394
      vertex 0.019134171618254495 -0.017677669529663688 0.042677669529663689
    endloop
  endfacet
  facet normal 0.46962840498754321 -0.25628194369907864 0.84484834530386477
    outer loop
      vertex 0.027778511650980116 -0.0081105837205364406 0.040774657842445862
      vertex 0.019134171618254495 -0.017677669529663688 0.042677669529663689
      vertex 0.027778511650980116 -0.015909482257160424 0.038408887835570817
    endloop
  endfacet
  facet normal 0.46962840498754321 -0.41617929375330898 0.77861669432388425
    outer loop
      vertex 0.027778511650980116 -0.015909482257160424 0.038408887835570817
      vertex 0.019134171618254495 -0.017677669529663688 0.042677669529663689
      vertex 0.019134171618254495 -0.025663998357966827 0.03840888783557083
    endloop
  endfacet
  facet normal 0.46962840498754321 -0.41617929375330892 0.77861669432388436
    outer loop
      vertex 0.027778511650980116 -0.015909482257160424 0.038408887835570817
      vertex 0.019134171618254495 -0.025663998357966827 0.03840888783557083
      vertex 0.027778511650980116 -0.02309698831278216 0.034567085809127256
    endloop
  endfacet
  facet normal 0.46962840498754316 -0.56008310694463814 0.68246324043430884
    outer loop
      vertex 0.027778511650980116 -0.02309698831278216 0.034567085809127256
      vertex 0.019134171618254495 -0.025663998357966827 0.03840888783557083
      vertex 0.019134171618254495 -0.032664074121909414 0.032664074121909414
    endloop
  endfacet
  facet normal 0.46962840498754316 -0.56008310694463803 0.68246324043430873
    outer loop
      vertex 0.027778511650980116 -0.02309698831278216 0.034567085809127256
      vertex 0.019134171618254495 -0.032664074121909414 0.032664074121909414
      vertex 0.027778511650980116 -0.029396890060483967 0.02939689006048397
    endloop
  endfacet
  facet normal 0.46962840498754321 -0.68246324043430873 0.56008310694463814
    outer loop
      vertex 0.027778511650980116 -0.029396890060483967 0.02939689006048397
      vertex 0.019134171618254495 -0.032664074121909414 0.032664074121909414
      vertex 0.019134171618254495 -0.038408887835570824 0.025663998357966837
    endloop
  endfacet
  facet normal 0.46962840498754338 -0.68246324043430873 0.56008310694463803
    outer loop
      vertex 0.027778511650980116 -0.029396890060483967 0.02939689006048397
      vertex 0.019134171618254495 -0.038408887835570824 0.025663998357966837
      vertex 0.027778511650980116 -0.034567085809127249 0.023096988312782167
    endloop
  endfacet
  facet normal 0.46962840498754332 -0.77861669432388392 0.41617929375330942
    outer loop
      vertex 0.027778511650980116 -0.034567085809127249 0.023096988312782167
      vertex 0.019134171618254495 -0.038408887835570824 0.025663998357966837
      vertex 0.019134171618254495 -0.042677669529663689 0.017677669529663695
    endloop
  endfacet
  facet normal 0.46962840498754316 -0.77861669432388392 0.41617929375330948
    outer loop
      vertex 0.027778511650980116 -0.034567085809127249 0.023096988312782167
      vertex 0.019134171618254495 -0.042677669529663689 0.017677669529663695
      vertex 0.027778511650980116 -0.038408887835570817 0.015909482257160431
    endloop
  endfacet
  facet normal 0.46962840498754327 -0.84484834530386477 0.25628194369907864
    outer loop
      vertex 0.027778511650980116 -0.038408887835570817 0.015909482257160431
      vertex 0.019134171618254495 -0.042677669529663689 0.017677669529663695
      vertex 0.019134171618254495 -0.045306372317644394 0.0090119977750868652
    endloop
  endfacet
  facet normal 0.46962840498754299 -0.84484834530386477 0.25628194369907903
    outer loop
      vertex 0.027778511650980116 -0.038408887835570817 0.015909482257160431
      vertex 0.019134171618254495 -0.045306372317644394 0.0090119977750868652
      vertex 0.027778511650980116 -0.040774657842445862 0.008110583720536458
    endloop
  endfacet
  facet normal 0.46962840498754294 -0.87861294817022906 0.086535822273061225
    outer loop
      vertex 0.027778511650980116 -0.040774657842445862 0.008110583720536458
      vertex 0.019134171618254495 -0.045306372317644394 0.0090119977750868652
      vertex 0.019134171618254495 -0.046193976625564341 5.6571305614385021e-18
    endloop
  endfacet
  facet normal 0.46962840498754321 -0.87861294817022884 0.086535822273060919
    outer loop
      vertex 0.027778511650980116 -0.040774657842445862 0.008110583720536458
      vertex 0.019134171618254495 -0.046193976625564341 5.6571305614385021e-18
      vertex 0.027778511650980116 -0.041573480615127265 5.0912829964730143e-18
    endloop
  endfacet
  facet normal 0.46962840498754321 -0.87861294817022884 -0.086535822273061308
    outer loop
      vertex 0.027778511650980116 -0.041573480615127265 5.0912829964730143e-18
      vertex 0.019134171618254495 -0.046193976625564341 5.6571305614385021e-18
      vertex 0.019134171618254495 -0.045306372317644394 -0.0090119977750868531
    endloop
  endfacet
  facet normal 0.46962840498754299 -0.87861294817022906 -0.086535822273060947
    outer loop
      vertex 0.027778511650980116 -0.041573480615127265 5.0912829964730143e-18
      vertex 0.019134171618254495 -0.045306372317644394 -0.0090119977750868531
      vertex 0.027778511650980116 -0.040774657842445862 -0.0081105837205364475
    endloop
  endfacet
  facet normal 0.46962840498754299 -0.84484834530386521 -0.25628194369907803
    outer loop
      vertex 0.027778511650980116 -0.040774657842445862 -0.0081105837205364475
      vertex 0.019134171618254495 -0.045306372317644394 -0.0090119977750868531
      vertex 0.019134171618254495 -0.042677669529663696 -0.017677669529663684
    endloop
  endfacet
  facet normal 0.46962840498754327 -0.84484834530386488 -0.25628194369907831
    outer loop
      vertex 0.027778511650980116 -0.040774657842445862 -0.0081105837205364475
      vertex 0.019134171618254495 -0.042677669529663696 -0.017677669529663684
      vertex 0.027778511650980116 -0.038408887835570824 -0.015909482257160421
    endloop
  endfacet
  facet normal 0.46962840498754327 -0.77861669432388403 -0.41617929375330937
    outer loop
      vertex 0.027778511650980116 -0.038408887835570824 -0.015909482257160421
      vertex 0.019134171618254495 -0.042677669529663696 -0.017677669529663684
      vertex 0.019134171618254495 -0.03840888783557083 -0.025663998357966827
    endloop
  endfacet
  facet normal 0.46962840498754316 -0.77861669432388403 -0.41617929375330931
    outer loop
      vertex 0.027778511650980116 -0.038408887835570824 -0.015909482257160421
      vertex 0.019134171618254495 -0.03840888783557083 -0.025663998357966827
      vertex 0.027778511650980116 -0.034567085809127256 -0.02309698831278216
    endloop
  endfacet
  facet normal 0.46962840498754316 -0.68246324043430906 -0.5600831069446377
    outer loop
      vertex 0.027778511650980116 -0.034567085809127256 -0.02309698831278216
      vertex 0.019134171618254495 -0.03840888783557083 -0.025663998357966827
      vertex 0.019134171618254495 -0.032664074121909421 -0.032664074121909414
    endloop
  endfacet
  facet normal 0.46962840498754316 -0.68246324043430928 -0.5600831069446377
    outer loop
      vertex 0.027778511650980116 -0.034567085809127256 -0.02309698831278216
      vertex 0.019134171618254495 -0.032664074121909421 -0.032664074121909414
      vertex 0.027778511650980116 -0.029396890060483977 -0.029396890060483967
    endloop
  endfacet
  facet normal 0.46962840498754316 -0.56008310694463748 -0.68246324043430928
    outer loop
      vertex 0.027778511650980116 -0.029396890060483977 -0.029396890060483967
      vertex 0.019134171618254495 -0.032664074121909421 -0.032664074121909414
      vertex 0.019134171618254495 -0.025663998357966837 -0.038408887835570817
    endloop
  endfacet
  facet normal 0.46962840498754288 -0.56008310694463781 -0.68246324043430928
    outer loop
      vertex 0.027778511650980116 -0.029396890060483977 -0.029396890060483967
      vertex 0.019134171618254495 -0.025663998357966837 -0.038408887835570817
      vertex 0.027778511650980116 -0.023096988312782167 -0.034567085809127249
    endloop
  endfacet
  facet normal 0.46962840498754294 -0.41617929375331036 -0.7786166943238837
    outer loop
      vertex 0.027778511650980116 -0.023096988312782167 -0.034567085809127249
      vertex 0.019134171618254495 -0.025663998357966837 -0.038408887835570817
      vertex 0.019134171618254495 -0.017677669529663716 -0.042677669529663682
    endloop
  endfacet
  facet normal 0.46962840498754338 -0.41617929375330964 -0.77861669432388381
    outer loop
      vertex 0.027778511650980116 -0.023096988312782167 -0.034567085809127249
      vertex 0.019134171618254495 -0.017677669529663716 -0.042677669529663682
      vertex 0.027778511650980116 -0.015909482257160448 -0.03840888783557081
    endloop
  endfacet
  facet normal 0.46962840498754338 -0.2562819436990782 -0.84484834530386488
    outer loop
      vertex 0.027778511650980116 -0.015909482257160448 -0.03840888783557081
      vertex 0.019134171618254495 -0.017677669529663716 -0.042677669529663682
      vertex 0.019134171618254495 -0.0090119977750868687 -0.045306372317644387
    endloop
  endfacet
  facet normal 0.46962840498754299 -0.25628194369907864 -0.84484834530386499
    outer loop
      vertex 0.027778511650980116 -0.015909482257160448 -0.03840888783557081
      vertex 0.019134171618254495 -0.0090119977750868687 -0.045306372317644387
      vertex 0.027778511650980116 -0.0081105837205364614 -0.040774657842445855
    endloop
  endfacet
  facet normal 0.46962840498754299 -0.086535822273061905 -0.87861294817022895
    outer loop
      vertex 0.027778511650980116 -0.0081105837205364614 -0.040774657842445855
      vertex 0.019134171618254495 -0.0090119977750868687 -0.045306372317644387
      vertex 0.019134171618254495 -8.4856958421577535e-18 -0.046193976625564341
    endloop
  endfacet
  facet normal 0.46962840498754316 -0.086535822273061669 -0.87861294817022884
    outer loop
      vertex 0.027778511650980116 -0.0081105837205364614 -0.040774657842445855
      vertex 0.019134171618254495 -8.4856958421577535e-18 -0.046193976625564341
      vertex 0.027778511650980116 -7.6369244947095207e-18 -0.041573480615127265
    endloop
  endfacet
  facet normal 0.46962840498754316 0.086535822273061294 -0.87861294817022895
    outer loop
      vertex 0.027778511650980116 -7.6369244947095207e-18 -0.041573480615127265
      vertex 0.019134171618254495 -8.4856958421577535e-18 -0.046193976625564341
      vertex 0.019134171618254495 0.0090119977750868514 -0.045306372317644394
    endloop
  endfacet
  facet normal 0.46962840498754299 0.086535822273060947 -0.87861294817022906
    outer loop
      vertex 0.027778511650980116 -7.6369244947095207e-18 -0.041573480615127265
      vertex 0.019134171618254495 0.0090119977750868514 -0.045306372317644394
      vertex 0.027778511650980116 0.0081105837205364458 -0.040774657842445862
    endloop
  endfacet
  facet normal 0.46962840498754299 0.25628194369907881 -0.84484834530386499
    outer loop
      vertex 0.027778511650980116 0.0081105837205364458 -0.040774657842445862
      vertex 0.019134171618254495 0.0090119977750868514 -0.045306372317644394
      vertex 0.019134171618254495 0.017677669529663702 -0.042677669529663682
    endloop
  endfacet
  facet normal 0.46962840498754288 0.25628194369907864 -0.8448483453038651
    outer loop
      vertex 0.027778511650980116 0.0081105837205364458 -0.040774657842445862
      vertex 0.019134171618254495 0.017677669529663702 -0.042677669529663682
      vertex 0.027778511650980116 0.015909482257160434 -0.038408887835570817
    endloop
  endfacet
  facet normal 0.46962840498754288 0.4161792937533092 -0.77861669432388436
    outer loop
      vertex 0.027778511650980116 0.015909482257160434 -0.038408887835570817
      vertex 0.019134171618254495 0.017677669529663702 -0.042677669529663682
      vertex 0.019134171618254495 0.025663998357966823 -0.03840888783557083
    endloop
  endfacet
  facet normal 0.46962840498754338 0.41617929375330964 -0.77861669432388381
    outer loop
      vertex 0.027778511650980116 0.015909482257160434 -0.038408887835570817
      vertex 0.019134171618254495 0.025663998357966823 -0.03840888783557083
      vertex 0.027778511650980116 0.023096988312782153 -0.034567085809127256
    endloop
  endfacet
  facet normal 0.46962840498754338 0.56008310694463781 -0.68246324043430895
    outer loop
      vertex 0.027778511650980116 0.023096988312782153 -0.034567085809127256
      vertex 0.019134171618254495 0.025663998357966823 -0.03840888783557083
      vertex 0.019134171618254495 0.032664074121909407 -0.032664074121909421
    endloop
  endfacet
  facet normal 0.46962840498754299 0.56008310694463759 -0.68246324043430939
    outer loop
      vertex 0.027778511650980116 0.023096988312782153 -0.034567085809127256
      vertex 0.019134171618254495 0.032664074121909407 -0.032664074121909421
      vertex 0.027778511650980116 0.029396890060483963 -0.029396890060483977
    endloop
  endfacet
  facet normal 0.46962840498754299 0.68246324043430906 -0.56008310694463792
    outer loop
      vertex 0.027778511650980116 0.029396890060483963 -0.029396890060483977
      vertex 0.019134171618254495 0.032664074121909407 -0.032664074121909421
      vertex 0.019134171618254495 0.038408887835570817 -0.025663998357966837
    endloop
  endfacet
  facet normal 0.46962840498754294 0.68246324043430895 -0.56008310694463792
    outer loop
      vertex 0.027778511650980116 0.029396890060483963 -0.029396890060483977
      vertex 0.019134171618254495 0.038408887835570817 -0.025663998357966837
      vertex 0.027778511650980116 0.034567085809127249 -0.023096988312782167
    endloop
  endfacet
  facet normal 0.46962840498754294 0.7786166943238837 -0.41617929375331048
    outer loop
      vertex 0.027778511650980116 0.034567085809127249 -0.023096988312782167
      vertex 0.019134171618254495 0.038408887835570817 -0.025663998357966837
      vertex 0.019134171618254495 0.042677669529663682 -0.017677669529663719
    endloop
  endfacet
  facet normal 0.46962840498754344 0.7786166943238837 -0.41617929375330986
    outer loop
      vertex 0.027778511650980116 0.034567085809127249 -0.023096988312782167
      vertex 0.019134171618254495 0.042677669529663682 -0.017677669529663719
      vertex 0.027778511650980116 0.03840888783557081 -0.015909482257160452
    endloop
  endfacet
  facet normal 0.46962840498754332 0.84484834530386477 -0.25628194369907809
    outer loop
      vertex 0.027778511650980116 0.03840888783557081 -0.015909482257160452
      vertex 0.019134171618254495 0.042677669529663682 -0.017677669529663719
      vertex 0.019134171618254495 0.045306372317644387 -0.0090119977750868704
    endloop
  endfacet
  facet normal 0.46962840498754299 0.84484834530386499 -0.25628194369907858
    outer loop
      vertex 0.027778511650980116 0.03840888783557081 -0.015909482257160452
      vertex 0.019134171618254495 0.045306372317644387 -0.0090119977750868704
      vertex 0.027778511650980116 0.040774657842445855 -0.0081105837205364632
    endloop
  endfacet
  facet normal 0.46962840498754288 0.87861294817022884 -0.086535822273061794
    outer loop
      vertex 0.027778511650980116 0.040774657842445855 -0.0081105837205364632
      vertex 0.019134171618254495 0.045306372317644387 -0.0090119977750868704
      vertex 0.019134171618254495 0.046193976625564341 0
    endloop
  endfacet
  facet normal 0.4696284049875431 0.87861294817022872 -0.086535822273061558
    outer loop
      vertex 0.027778511650980116 0.040774657842445855 -0.0081105837205364632
      vertex 0.019134171618254495 0.046193976625564341 0
      vertex 0.027778511650980116 0.041573480615127265 0
    endloop
  endfacet
  facet normal 0.28900388474138672 0.95271812865928329 0.093834545495464397
    outer loop
      vertex 0.019134171618254495 0.046193976625564341 0
      vertex 0.0097545161008064166 0.049039264020161524 0
      vertex 0.0097545161008064166 0.048096988312782168 0.0095670858091272439
    endloop
  endfacet
  facet normal 0.28900388474138666 0.95271812865928351 0.093834545495464314
    outer loop
      vertex 0.019134171618254495 0.046193976625564341 0
      vertex 0.0097545161008064166 0.048096988312782168 0.0095670858091272439
      vertex 0.019134171618254495 0.045306372317644394 0.0090119977750868479
    endloop
  endfacet
  facet normal 0.28900388474138666 0.91610570526538926 0.27789762752602098
    outer loop
      vertex 0.019134171618254495 0.045306372317644394 0.0090119977750868479
      vertex 0.0097545161008064166 0.048096988312782168 0.0095670858091272439
      vertex 0.0097545161008064166 0.045306372317644394 0.018766513875893263
    endloop
  endfacet
  facet normal 0.28900388474138688 0.91610570526538904 0.27789762752602121
    outer loop
      vertex 0.019134171618254495 0.045306372317644394 0.0090119977750868479
      vertex 0.0097545161008064166 0.045306372317644394 0.018766513875893263
      vertex 0.019134171618254495 0.042677669529663689 0.017677669529663691
    endloop
  endfacet
  facet normal 0.28900388474138683 0.84428785337614443 0.45128125957753812
    outer loop
      vertex 0.019134171618254495 0.042677669529663689 0.017677669529663691
      vertex 0.0097545161008064166 0.045306372317644394 0.018766513875893263
      vertex 0.0097545161008064166 0.040774657842445862 0.027244755338790932
    endloop
  endfacet
  facet normal 0.28900388474138733 0.84428785337614398 0.45128125957753856
    outer loop
      vertex 0.019134171618254495 0.042677669529663689 0.017677669529663691
      vertex 0.0097545161008064166 0.040774657842445862 0.027244755338790932
      vertex 0.019134171618254495 0.038408887835570817 0.025663998357966837
    endloop
  endfacet
  facet normal 0.28900388474138722 0.74002449276373738 0.60732240590493636
    outer loop
      vertex 0.019134171618254495 0.038408887835570817 0.025663998357966837
      vertex 0.0097545161008064166 0.040774657842445862 0.027244755338790932
      vertex 0.0097545161008064166 0.034675996133053694 0.034675996133053687
    endloop
  endfacet
  facet normal 0.28900388474138722 0.74002449276373738 0.60732240590493647
    outer loop
      vertex 0.019134171618254495 0.038408887835570817 0.025663998357966837
      vertex 0.0097545161008064166 0.034675996133053694 0.034675996133053687
      vertex 0.019134171618254495 0.032664074121909414 0.032664074121909414
    endloop
  endfacet
  facet normal 0.28900388474138722 0.60732240590493658 0.74002449276373727
    outer loop
      vertex 0.019134171618254495 0.032664074121909414 0.032664074121909414
      vertex 0.0097545161008064166 0.034675996133053694 0.034675996133053687
      vertex 0.0097545161008064166 0.027244755338790935 0.040774657842445862
    endloop
  endfacet
  facet normal 0.28900388474138705 0.6073224059049368 0.74002449276373716
    outer loop
      vertex 0.019134171618254495 0.032664074121909414 0.032664074121909414
      vertex 0.0097545161008064166 0.027244755338790935 0.040774657842445862
      vertex 0.019134171618254495 0.025663998357966844 0.038408887835570817
    endloop
  endfacet
  facet normal 0.28900388474138716 0.45128125957753806 0.84428785337614431
    outer loop
      vertex 0.019134171618254495 0.025663998357966844 0.038408887835570817
      vertex 0.0097545161008064166 0.027244755338790935 0.040774657842445862
      vertex 0.0097545161008064166 0.018766513875893266 0.045306372317644394
    endloop
  endfacet
  facet normal 0.28900388474138694 0.45128125957753823 0.84428785337614409
    outer loop
      vertex 0.019134171618254495 0.025663998357966844 0.038408887835570817
      vertex 0.0097545161008064166 0.018766513875893266 0.045306372317644394
      vertex 0.019134171618254495 0.017677669529663691 0.042677669529663689
    endloop
  endfacet
  facet normal 0.289003884741387 0.27789762752602098 0.91610570526538915
    outer loop
      vertex 0.019134171618254495 0.017677669529663691 0.042677669529663689
      vertex 0.0097545161008064166 0.018766513875893266 0.045306372317644394
      vertex 0.0097545161008064166 0.0095670858091272473 0.048096988312782168
    endloop
  endfacet
  facet normal 0.28900388474138655 0.27789762752602137 0.91610570526538904
    outer loop
      vertex 0.019134171618254495 0.017677669529663691 0.042677669529663689
      vertex 0.0097545161008064166 0.0095670858091272473 0.048096988312782168
      vertex 0.019134171618254495 0.0090119977750868531 0.045306372317644394
    endloop
  endfacet
  facet normal 0.28900388474138661 0.093834545495464439 0.95271812865928351
    outer loop
      vertex 0.019134171618254495 0.0090119977750868531 0.045306372317644394
      vertex 0.0097545161008064166 0.0095670858091272473 0.048096988312782168
      vertex 0.0097545161008064166 3.0027888857416387e-18 0.049039264020161524
    endloop
  endfacet
  facet normal 0.28900388474138672 0.093834545495464286 0.9527181286592834
    outer loop
      vertex 0.019134171618254495 0.0090119977750868531 0.045306372317644394
      vertex 0.0097545161008064166 3.0027888857416387e-18 0.049039264020161524
      vertex 0.019134171618254495 2.828565280719251e-18 0.046193976625564341
    endloop
  endfacet
  facet normal 0.28900388474138672 -0.093834545495464397 0.95271812865928329
    outer loop
      vertex 0.019134171618254495 2.828565280719251e-18 0.046193976625564341
      vertex 0.0097545161008064166 3.0027888857416387e-18 0.049039264020161524
      vertex 0.0097545161008064166 -0.0095670858091272404 0.048096988312782168
    endloop
  endfacet
  facet normal 0.28900388474138655 -0.093834545495464286 0.9527181286592834
    outer loop
      vertex 0.019134171618254495 2.828565280719251e-18 0.046193976625564341
      vertex 0.0097545161008064166 -0.0095670858091272404 0.048096988312782168
      vertex 0.019134171618254495 -0.0090119977750868462 0.045306372317644394
    endloop
  endfacet
  facet normal 0.28900388474138661 -0.27789762752602098 0.91610570526538926
    outer loop
      vertex 0.019134171618254495 -0.0090119977750868462 0.045306372317644394
      vertex 0.0097545161008064166 -0.0095670858091272404 0.048096988312782168
      vertex 0.0097545161008064166 -0.018766513875893259 0.045306372317644394
    endloop
  endfacet
  facet normal 0.28900388474138694 -0.27789762752602132 0.91610570526538915
    outer loop
      vertex 0.019134171618254495 -0.0090119977750868462 0.045306372317644394
      vertex 0.0097545161008064166 -0.018766513875893259 0.045306372317644394
      vertex 0.019134171618254495 -0.017677669529663688 0.042677669529663689
    endloop
  endfacet
  facet normal 0.28900388474138688 -0.45128125957753795 0.84428785337614454
    outer loop
      vertex 0.019134171618254495 -0.017677669529663688 0.042677669529663689
      vertex 0.0097545161008064166 -0.018766513875893259 0.045306372317644394
      vertex 0.0097545161008064166 -0.027244755338790921 0.040774657842445869
    endloop
  endfacet
  facet normal 0.28900388474138672 -0.45128125957753779 0.84428785337614465
    outer loop
      vertex 0.019134171618254495 -0.017677669529663688 0.042677669529663689
      vertex 0.0097545161008064166 -0.027244755338790921 0.040774657842445869
      vertex 0.019134171618254495 -0.025663998357966827 0.03840888783557083
    endloop
  endfacet
  facet normal 0.28900388474138677 -0.60732240590493647 0.7400244927637375
    outer loop
      vertex 0.019134171618254495 -0.025663998357966827 0.03840888783557083
      vertex 0.0097545161008064166 -0.027244755338790921 0.040774657842445869
      vertex 0.0097545161008064166 -0.034675996133053687 0.034675996133053694
    endloop
  endfacet
  facet normal 0.28900388474138722 -0.60732240590493669 0.74002449276373705
    outer loop
      vertex 0.019134171618254495 -0.025663998357966827 0.03840888783557083
      vertex 0.0097545161008064166 -0.034675996133053687 0.034675996133053694
      vertex 0.019134171618254495 -0.032664074121909414 0.032664074121909414
    endloop
  endfacet
  facet normal 0.28900388474138722 -0.74002449276373727 0.60732240590493647
    outer loop
      vertex 0.019134171618254495 -0.032664074121909414 0.032664074121909414
      vertex 0.0097545161008064166 -0.034675996133053687 0.034675996133053694
      vertex 0.0097545161008064166 -0.040774657842445862 0.027244755338790932
    endloop
  endfacet
  facet normal 0.28900388474138672 -0.74002449276373694 0.6073224059049368
    outer loop
      vertex 0.019134171618254495 -0.032664074121909414 0.032664074121909414
      vertex 0.0097545161008064166 -0.040774657842445862 0.027244755338790932
      vertex 0.019134171618254495 -0.038408887835570824 0.025663998357966837
    endloop
  endfacet
  facet normal 0.28900388474138672 -0.84428785337614431 0.45128125957753845
    outer loop
      vertex 0.019134171618254495 -0.038408887835570824 0.025663998357966837
      vertex 0.0097545161008064166 -0.040774657842445862 0.027244755338790932
      vertex 0.0097545161008064166 -0.045306372317644394 0.01876651387589327
    endloop
  endfacet
  facet normal 0.289003884741387 -0.8442878533761442 0.45128125957753812
    outer loop
      vertex 0.019134171618254495 -0.038408887835570824 0.025663998357966837
      vertex 0.0097545161008064166 -0.045306372317644394 0.01876651387589327
      vertex 0.019134171618254495 -0.042677669529663689 0.017677669529663695
    endloop
  endfacet
  facet normal 0.289003884741387 -0.91610570526538904 0.27789762752602126
    outer loop
      vertex 0.019134171618254495 -0.042677669529663689 0.017677669529663695
      vertex 0.0097545161008064166 -0.045306372317644394 0.01876651387589327
      vertex 0.0097545161008064166 -0.048096988312782168 0.0095670858091272612
    endloop
  endfacet
  facet normal 0.28900388474138661 -0.91610570526538904 0.27789762752602165
    outer loop
      vertex 0.019134171618254495 -0.042677669529663689 0.017677669529663695
      vertex 0.0097545161008064166 -0.048096988312782168 0.0095670858091272612
      vertex 0.019134171618254495 -0.045306372317644394 0.0090119977750868652
    endloop
  endfacet
  facet normal 0.28900388474138661 -0.9527181286592834 0.093834545495464314
    outer loop
      vertex 0.019134171618254495 -0.045306372317644394 0.0090119977750868652
      vertex 0.0097545161008064166 -0.048096988312782168 0.0095670858091272612
      vertex 0.0097545161008064166 -0.049039264020161524 6.0055777714832774e-18
    endloop
  endfacet
  facet normal 0.28900388474138672 -0.9527181286592834 0.093834545495464189
    outer loop
      vertex 0.019134171618254495 -0.045306372317644394 0.0090119977750868652
      vertex 0.0097545161008064166 -0.049039264020161524 6.0055777714832774e-18
      vertex 0.019134171618254495 -0.046193976625564341 5.6571305614385021e-18
    endloop
  endfacet
  facet normal 0.28900388474138672 -0.9527181286592834 -0.0938345454954643
    outer loop
      vertex 0.019134171618254495 -0.046193976625564341 5.6571305614385021e-18
      vertex 0.0097545161008064166 -0.049039264020161524 6.0055777714832774e-18
      vertex 0.0097545161008064166 -0.048096988312782168 -0.0095670858091272491
    endloop
  endfacet
  facet normal 0.28900388474138661 -0.9527181286592834 -0.093834545495464203
    outer loop
      vertex 0.019134171618254495 -0.046193976625564341 5.6571305614385021e-18
      vertex 0.0097545161008064166 -0.048096988312782168 -0.0095670858091272491
      vertex 0.019134171618254495 -0.045306372317644394 -0.0090119977750868531
    endloop
  endfacet
  facet normal 0.28900388474138666 -0.91610570526538937 -0.2778976275260206
    outer loop
      vertex 0.019134171618254495 -0.045306372317644394 -0.0090119977750868531
      vertex 0.0097545161008064166 -0.048096988312782168 -0.0095670858091272491
      vertex 0.0097545161008064166 -0.045306372317644401 -0.018766513875893259
    endloop
  endfacet
  facet normal 0.289003884741387 -0.91610570526538915 -0.27789762752602093
    outer loop
      vertex 0.019134171618254495 -0.045306372317644394 -0.0090119977750868531
      vertex 0.0097545161008064166 -0.045306372317644401 -0.018766513875893259
      vertex 0.019134171618254495 -0.042677669529663696 -0.017677669529663684
    endloop
  endfacet
  facet normal 0.289003884741387 -0.8442878533761442 -0.4512812595775384
    outer loop
      vertex 0.019134171618254495 -0.042677669529663696 -0.017677669529663684
      vertex 0.0097545161008064166 -0.045306372317644401 -0.018766513875893259
      vertex 0.0097545161008064166 -0.040774657842445869 -0.027244755338790921
    endloop
  endfacet
  facet normal 0.28900388474138672 -0.84428785337614431 -0.45128125957753817
    outer loop
      vertex 0.019134171618254495 -0.042677669529663696 -0.017677669529663684
      vertex 0.0097545161008064166 -0.040774657842445869 -0.027244755338790921
      vertex 0.019134171618254495 -0.03840888783557083 -0.025663998357966827
    endloop
  endfacet
  facet normal 0.28900388474138677 -0.7400244927637375 -0.60732240590493647
    outer loop
      vertex 0.019134171618254495 -0.03840888783557083 -0.025663998357966827
      vertex 0.0097545161008064166 -0.040774657842445869 -0.027244755338790921
      vertex 0.0097545161008064166 -0.034675996133053694 -0.034675996133053687
    endloop
  endfacet
  facet normal 0.28900388474138666 -0.7400244927637375 -0.60732240590493625
    outer loop
      vertex 0.019134171618254495 -0.03840888783557083 -0.025663998357966827
      vertex 0.0097545161008064166 -0.034675996133053694 -0.034675996133053687
      vertex 0.019134171618254495 -0.032664074121909421 -0.032664074121909414
    endloop
  endfacet
  facet normal 0.28900388474138672 -0.60732240590493647 -0.7400244927637375
    outer loop
      vertex 0.019134171618254495 -0.032664074121909421 -0.032664074121909414
      vertex 0.0097545161008064166 -0.034675996133053694 -0.034675996133053687
      vertex 0.0097545161008064166 -0.027244755338790932 -0.040774657842445862
    endloop
  endfacet
  facet normal 0.28900388474138727 -0.60732240590493602 -0.7400244927637375
    outer loop
      vertex 0.019134171618254495 -0.032664074121909421 -0.032664074121909414
      vertex 0.0097545161008064166 -0.027244755338790932 -0.040774657842445862
      vertex 0.019134171618254495 -0.025663998357966837 -0.038408887835570817
    endloop
  endfacet
  facet normal 0.28900388474138733 -0.45128125957753812 -0.8442878533761442
    outer loop
      vertex 0.019134171618254495 -0.025663998357966837 -0.038408887835570817
      vertex 0.0097545161008064166 -0.027244755338790932 -0.040774657842445862
      vertex 0.0097545161008064166 -0.01876651387589329 -0.045306372317644381
    endloop
  endfacet
  facet normal 0.28900388474138644 -0.45128125957753917 -0.84428785337614398
    outer loop
      vertex 0.019134171618254495 -0.025663998357966837 -0.038408887835570817
      vertex 0.0097545161008064166 -0.01876651387589329 -0.045306372317644381
      vertex 0.019134171618254495 -0.017677669529663716 -0.042677669529663682
    endloop
  endfacet
  facet normal 0.28900388474138639 -0.27789762752602143 -0.91610570526538915
    outer loop
      vertex 0.019134171618254495 -0.017677669529663716 -0.042677669529663682
      vertex 0.0097545161008064166 -0.01876651387589329 -0.045306372317644381
      vertex 0.0097545161008064166 -0.0095670858091272647 -0.048096988312782162
    endloop
  endfacet
  facet normal 0.28900388474138666 -0.2778976275260211 -0.91610570526538915
    outer loop
      vertex 0.019134171618254495 -0.017677669529663716 -0.042677669529663682
      vertex 0.0097545161008064166 -0.0095670858091272647 -0.048096988312782162
      vertex 0.019134171618254495 -0.0090119977750868687 -0.045306372317644387
    endloop
  endfacet
  facet normal 0.28900388474138666 -0.093834545495465035 -0.9527181286592834
    outer loop
      vertex 0.019134171618254495 -0.0090119977750868687 -0.045306372317644387
      vertex 0.0097545161008064166 -0.0095670858091272647 -0.048096988312782162
      vertex 0.0097545161008064166 -9.0083666572249157e-18 -0.049039264020161524
    endloop
  endfacet
  facet normal 0.28900388474138672 -0.093834545495464924 -0.9527181286592834
    outer loop
      vertex 0.019134171618254495 -0.0090119977750868687 -0.045306372317644387
      vertex 0.0097545161008064166 -9.0083666572249157e-18 -0.049039264020161524
      vertex 0.019134171618254495 -8.4856958421577535e-18 -0.046193976625564341
    endloop
  endfacet
  facet normal 0.28900388474138672 0.0938345454954643 -0.9527181286592834
    outer loop
      vertex 0.019134171618254495 -8.4856958421577535e-18 -0.046193976625564341
      vertex 0.0097545161008064166 -9.0083666572249157e-18 -0.049039264020161524
      vertex 0.0097545161008064166 0.0095670858091272456 -0.048096988312782168
    endloop
  endfacet
  facet normal 0.28900388474138661 0.093834545495464189 -0.9527181286592834
    outer loop
      vertex 0.019134171618254495 -8.4856958421577535e-18 -0.046193976625564341
      vertex 0.0097545161008064166 0.0095670858091272456 -0.048096988312782168
      vertex 0.019134171618254495 0.0090119977750868514 -0.045306372317644394
    endloop
  endfacet
  facet normal 0.28900388474138661 0.27789762752602137 -0.91610570526538904
    outer loop
      vertex 0.019134171618254495 0.0090119977750868514 -0.045306372317644394
      vertex 0.0097545161008064166 0.0095670858091272456 -0.048096988312782168
      vertex 0.0097545161008064166 0.018766513875893273 -0.045306372317644387
    endloop
  endfacet
  facet normal 0.28900388474138688 0.27789762752602165 -0.91610570526538893
    outer loop
      vertex 0.019134171618254495 0.0090119977750868514 -0.045306372317644394
      vertex 0.0097545161008064166 0.018766513875893273 -0.045306372317644387
      vertex 0.019134171618254495 0.017677669529663702 -0.042677669529663682
    endloop
  endfacet
  facet normal 0.28900388474138683 0.45128125957753817 -0.8442878533761442
    outer loop
      vertex 0.019134171618254495 0.017677669529663702 -0.042677669529663682
      vertex 0.0097545161008064166 0.018766513875893273 -0.045306372317644387
      vertex 0.0097545161008064166 0.027244755338790914 -0.040774657842445869
    endloop
  endfacet
  facet normal 0.28900388474138655 0.45128125957753801 -0.84428785337614454
    outer loop
      vertex 0.019134171618254495 0.017677669529663702 -0.042677669529663682
      vertex 0.0097545161008064166 0.027244755338790914 -0.040774657842445869
      vertex 0.019134171618254495 0.025663998357966823 -0.03840888783557083
    endloop
  endfacet
  facet normal 0.28900388474138655 0.60732240590493647 -0.7400244927637375
    outer loop
      vertex 0.019134171618254495 0.025663998357966823 -0.03840888783557083
      vertex 0.0097545161008064166 0.027244755338790914 -0.040774657842445869
      vertex 0.0097545161008064166 0.03467599613305368 -0.034675996133053694
    endloop
  endfacet
  facet normal 0.28900388474138672 0.60732240590493647 -0.74002449276373727
    outer loop
      vertex 0.019134171618254495 0.025663998357966823 -0.03840888783557083
      vertex 0.0097545161008064166 0.03467599613305368 -0.034675996133053694
      vertex 0.019134171618254495 0.032664074121909407 -0.032664074121909421
    endloop
  endfacet
  facet normal 0.28900388474138677 0.74002449276373716 -0.60732240590493691
    outer loop
      vertex 0.019134171618254495 0.032664074121909407 -0.032664074121909421
      vertex 0.0097545161008064166 0.03467599613305368 -0.034675996133053694
      vertex 0.0097545161008064166 0.040774657842445862 -0.027244755338790932
    endloop
  endfacet
  facet normal 0.28900388474138722 0.74002449276373727 -0.60732240590493647
    outer loop
      vertex 0.019134171618254495 0.032664074121909407 -0.032664074121909421
      vertex 0.0097545161008064166 0.040774657842445862 -0.027244755338790932
      vertex 0.019134171618254495 0.038408887835570817 -0.025663998357966837
    endloop
  endfacet
  facet normal 0.28900388474138733 0.8442878533761442 -0.45128125957753823
    outer loop
      vertex 0.019134171618254495 0.038408887835570817 -0.025663998357966837
      vertex 0.0097545161008064166 0.040774657842445862 -0.027244755338790932
      vertex 0.0097545161008064166 0.045306372317644381 -0.018766513875893294
    endloop
  endfacet
  facet normal 0.28900388474138644 0.84428785337614398 -0.45128125957753934
    outer loop
      vertex 0.019134171618254495 0.038408887835570817 -0.025663998357966837
      vertex 0.0097545161008064166 0.045306372317644381 -0.018766513875893294
      vertex 0.019134171618254495 0.042677669529663682 -0.017677669529663719
    endloop
  endfacet
  facet normal 0.28900388474138639 0.91610570526538926 -0.27789762752602143
    outer loop
      vertex 0.019134171618254495 0.042677669529663682 -0.017677669529663719
      vertex 0.0097545161008064166 0.045306372317644381 -0.018766513875893294
      vertex 0.0097545161008064166 0.048096988312782162 -0.0095670858091272664
    endloop
  endfacet
  facet normal 0.28900388474138666 0.91610570526538937 -0.2778976275260211
    outer loop
      vertex 0.019134171618254495 0.042677669529663682 -0.017677669529663719
      vertex 0.0097545161008064166 0.048096988312782162 -0.0095670858091272664
      vertex 0.019134171618254495 0.045306372317644387 -0.0090119977750868704
    endloop
  endfacet
  facet normal 0.28900388474138666 0.9527181286592834 -0.093834545495464924
    outer loop
      vertex 0.019134171618254495 0.045306372317644387 -0.0090119977750868704
      vertex 0.0097545161008064166 0.048096988312782162 -0.0095670858091272664
      vertex 0.0097545161008064166 0.049039264020161524 0
    endloop
  endfacet
  facet normal 0.28900388474138666 0.95271812865928329 -0.0938345454954648
    outer loop
      vertex 0.019134171618254495 0.045306372317644387 -0.0090119977750868704
      vertex 0.0097545161008064166 0.049039264020161524 0
      vertex 0.019134171618254495 0.046193976625564341 0
    endloop
  endfacet
  facet normal 0.097549663095351416 0.99043835066094188 0.097549663095351416
    outer loop
      vertex 0.0097545161008064166 0.049039264020161524 0
      vertex 3.0616169978683832e-18 0.050000000000000003 0
      vertex 3.0616169978683832e-18 0.049039264020161524 0.0097545161008064131
    endloop
  endfacet
  facet normal 0.097549663095351541 0.99043835066094177 0.097549663095351541
    outer loop
      vertex 0.0097545161008064166 0.049039264020161524 0
      vertex 3.0616169978683832e-18 0.049039264020161524 0.0097545161008064131
      vertex 0.0097545161008064166 0.048096988312782168 0.0095670858091272439
    endloop
  endfacet
  facet normal 0.097549663095351569 0.9523763602892682 0.28890021043978076
    outer loop
      vertex 0.0097545161008064166 0.048096988312782168 0.0095670858091272439
      vertex 3.0616169978683832e-18 0.049039264020161524 0.0097545161008064131
      vertex 3.0616169978683832e-18 0.046193976625564341 0.019134171618254491
    endloop
  endfacet
  facet normal 0.097549663095351472 0.95237636028926809 0.28890021043978065
    outer loop
      vertex 0.0097545161008064166 0.048096988312782168 0.0095670858091272439
      vertex 3.0616169978683832e-18 0.046193976625564341 0.019134171618254491
      vertex 0.0097545161008064166 0.045306372317644394 0.018766513875893263
    endloop
  endfacet
  facet normal 0.097549663095351513 0.87771508049049363 0.46914848471411458
    outer loop
      vertex 0.0097545161008064166 0.045306372317644394 0.018766513875893263
      vertex 3.0616169978683832e-18 0.046193976625564341 0.019134171618254491
      vertex 3.0616169978683832e-18 0.041573480615127265 0.027778511650980109
    endloop
  endfacet
  facet normal 0.097549663095351 0.87771508049049385 0.46914848471411413
    outer loop
      vertex 0.0097545161008064166 0.045306372317644394 0.018766513875893263
      vertex 3.0616169978683832e-18 0.041573480615127265 0.027778511650980109
      vertex 0.0097545161008064166 0.040774657842445862 0.027244755338790932
    endloop
  endfacet
  facet normal 0.097549663095351041 0.76932370237675807 0.63136764582238536
    outer loop
      vertex 0.0097545161008064166 0.040774657842445862 0.027244755338790932
      vertex 3.0616169978683832e-18 0.041573480615127265 0.027778511650980109
      vertex 3.0616169978683832e-18 0.035355339059327383 0.035355339059327376
    endloop
  endfacet
  facet normal 0.097549663095351194 0.76932370237675785 0.63136764582238547
    outer loop
      vertex 0.0097545161008064166 0.040774657842445862 0.027244755338790932
      vertex 3.0616169978683832e-18 0.035355339059327383 0.035355339059327376
      vertex 0.0097545161008064166 0.034675996133053694 0.034675996133053687
    endloop
  endfacet
  facet normal 0.097549663095351263 0.6313676458223858 0.76932370237675773
    outer loop
      vertex 0.0097545161008064166 0.034675996133053694 0.034675996133053687
      vertex 3.0616169978683832e-18 0.035355339059327383 0.035355339059327376
      vertex 3.0616169978683832e-18 0.027778511650980116 0.041573480615127265
    endloop
  endfacet
  facet normal 0.097549663095351291 0.6313676458223858 0.76932370237675773
    outer loop
      vertex 0.0097545161008064166 0.034675996133053694 0.034675996133053687
      vertex 3.0616169978683832e-18 0.027778511650980116 0.041573480615127265
      vertex 0.0097545161008064166 0.027244755338790935 0.040774657842445862
    endloop
  endfacet
  facet normal 0.097549663095351208 0.46914848471411441 0.87771508049049363
    outer loop
      vertex 0.0097545161008064166 0.027244755338790935 0.040774657842445862
      vertex 3.0616169978683832e-18 0.027778511650980116 0.041573480615127265
      vertex 3.0616169978683832e-18 0.019134171618254495 0.046193976625564341
    endloop
  endfacet
  facet normal 0.097549663095351499 0.46914848471411413 0.87771508049049385
    outer loop
      vertex 0.0097545161008064166 0.027244755338790935 0.040774657842445862
      vertex 3.0616169978683832e-18 0.019134171618254495 0.046193976625564341
      vertex 0.0097545161008064166 0.018766513875893266 0.045306372317644394
    endloop
  endfacet
  facet normal 0.097549663095351499 0.28890021043978076 0.9523763602892682
    outer loop
      vertex 0.0097545161008064166 0.018766513875893266 0.045306372317644394
      vertex 3.0616169978683832e-18 0.019134171618254495 0.046193976625564341
      vertex 3.0616169978683832e-18 0.0097545161008064166 0.049039264020161524
    endloop
  endfacet
  facet normal 0.097549663095351513 0.28890021043978065 0.95237636028926809
    outer loop
      vertex 0.0097545161008064166 0.018766513875893266 0.045306372317644394
      vertex 3.0616169978683832e-18 0.0097545161008064166 0.049039264020161524
      vertex 0.0097545161008064166 0.0095670858091272473 0.048096988312782168
    endloop
  endfacet
  facet normal 0.097549663095351541 0.097549663095351402 0.99043835066094177
    outer loop
      vertex 0.0097545161008064166 0.0095670858091272473 0.048096988312782168
      vertex 3.0616169978683832e-18 0.0097545161008064166 0.049039264020161524
      vertex 3.0616169978683832e-18 3.0616169978683832e-18 0.050000000000000003
    endloop
  endfacet
  facet normal 0.097549663095351374 0.097549663095351541 0.99043835066094177
    outer loop
      vertex 0.0097545161008064166 0.0095670858091272473 0.048096988312782168
      vertex 3.0616169978683832e-18 3.0616169978683832e-18 0.050000000000000003
      vertex 0.0097545161008064166 3.0027888857416387e-18 0.049039264020161524
    endloop
  endfacet
  facet normal 0.097549663095351402 -0.097549663095351402 0.99043835066094177
    outer loop
      vertex 0.0097545161008064166 3.0027888857416387e-18 0.049039264020161524
      vertex 3.0616169978683832e-18 3.0616169978683832e-18 0.050000000000000003
      vertex 3.0616169978683832e-18 -0.0097545161008064096 0.049039264020161524
    endloop
  endfacet
  facet normal 0.097549663095351541 -0.097549663095351541 0.99043835066094177
    outer loop
      vertex 0.0097545161008064166 3.0027888857416387e-18 0.049039264020161524
      vertex 3.0616169978683832e-18 -0.0097545161008064096 0.049039264020161524
      vertex 0.0097545161008064166 -0.0095670858091272404 0.048096988312782168
    endloop
  endfacet
  facet normal 0.097549663095351569 -0.28890021043978076 0.9523763602892682
    outer loop
      vertex 0.0097545161008064166 -0.0095670858091272404 0.048096988312782168
      vertex 3.0616169978683832e-18 -0.0097545161008064096 0.049039264020161524
      vertex 3.0616169978683832e-18 -0.019134171618254488 0.046193976625564341
    endloop
  endfacet
  facet normal 0.097549663095351472 -0.28890021043978065 0.95237636028926809
    outer loop
      vertex 0.0097545161008064166 -0.0095670858091272404 0.048096988312782168
      vertex 3.0616169978683832e-18 -0.019134171618254488 0.046193976625564341
      vertex 0.0097545161008064166 -0.018766513875893259 0.045306372317644394
    endloop
  endfacet
  facet normal 0.097549663095351513 -0.46914848471411374 0.87771508049049407
    outer loop
      vertex 0.0097545161008064166 -0.018766513875893259 0.045306372317644394
      vertex 3.0616169978683832e-18 -0.019134171618254488 0.046193976625564341
      vertex 3.0616169978683832e-18 -0.027778511650980098 0.041573480615127278
    endloop
  endfacet
  facet normal 0.097549663095351596 -0.46914848471411391 0.87771508049049396
    outer loop
      vertex 0.0097545161008064166 -0.018766513875893259 0.045306372317644394
      vertex 3.0616169978683832e-18 -0.027778511650980098 0.041573480615127278
      vertex 0.0097545161008064166 -0.027244755338790921 0.040774657842445869
    endloop
  endfacet
  facet normal 0.097549663095351583 -0.63136764582238569 0.76932370237675773
    outer loop
      vertex 0.0097545161008064166 -0.027244755338790921 0.040774657842445869
      vertex 3.0616169978683832e-18 -0.027778511650980098 0.041573480615127278
      vertex 3.0616169978683832e-18 -0.035355339059327376 0.035355339059327383
    endloop
  endfacet
  facet normal 0.097549663095351222 -0.63136764582238547 0.76932370237675796
    outer loop
      vertex 0.0097545161008064166 -0.027244755338790921 0.040774657842445869
      vertex 3.0616169978683832e-18 -0.035355339059327376 0.035355339059327383
      vertex 0.0097545161008064166 -0.034675996133053687 0.034675996133053694
    endloop
  endfacet
  facet normal 0.097549663095351263 -0.76932370237675751 0.6313676458223858
    outer loop
      vertex 0.0097545161008064166 -0.034675996133053687 0.034675996133053694
      vertex 3.0616169978683832e-18 -0.035355339059327376 0.035355339059327383
      vertex 3.0616169978683832e-18 -0.041573480615127271 0.027778511650980109
    endloop
  endfacet
  facet normal 0.097549663095351596 -0.76932370237675785 0.63136764582238558
    outer loop
      vertex 0.0097545161008064166 -0.034675996133053687 0.034675996133053694
      vertex 3.0616169978683832e-18 -0.041573480615127271 0.027778511650980109
      vertex 0.0097545161008064166 -0.040774657842445862 0.027244755338790932
    endloop
  endfacet
  facet normal 0.097549663095351666 -0.87771508049049385 0.46914848471411419
    outer loop
      vertex 0.0097545161008064166 -0.040774657842445862 0.027244755338790932
      vertex 3.0616169978683832e-18 -0.041573480615127271 0.027778511650980109
      vertex 3.0616169978683832e-18 -0.046193976625564341 0.019134171618254495
    endloop
  endfacet
  facet normal 0.097549663095351333 -0.87771508049049363 0.46914848471411441
    outer loop
      vertex 0.0097545161008064166 -0.040774657842445862 0.027244755338790932
      vertex 3.0616169978683832e-18 -0.046193976625564341 0.019134171618254495
      vertex 0.0097545161008064166 -0.045306372317644394 0.01876651387589327
    endloop
  endfacet
  facet normal 0.097549663095351374 -0.95237636028926798 0.28890021043978115
    outer loop
      vertex 0.0097545161008064166 -0.045306372317644394 0.01876651387589327
      vertex 3.0616169978683832e-18 -0.046193976625564341 0.019134171618254495
      vertex 3.0616169978683832e-18 -0.049039264020161524 0.0097545161008064304
    endloop
  endfacet
  facet normal 0.097549663095351583 -0.95237636028926809 0.28890021043978098
    outer loop
      vertex 0.0097545161008064166 -0.045306372317644394 0.01876651387589327
      vertex 3.0616169978683832e-18 -0.049039264020161524 0.0097545161008064304
      vertex 0.0097545161008064166 -0.048096988312782168 0.0095670858091272612
    endloop
  endfacet
  facet normal 0.097549663095351555 -0.99043835066094177 0.097549663095351305
    outer loop
      vertex 0.0097545161008064166 -0.048096988312782168 0.0095670858091272612
      vertex 3.0616169978683832e-18 -0.049039264020161524 0.0097545161008064304
      vertex 3.0616169978683832e-18 -0.050000000000000003 6.1232339957367663e-18
    endloop
  endfacet
  facet normal 0.09754966309535143 -0.99043835066094199 0.097549663095351444
    outer loop
      vertex 0.0097545161008064166 -0.048096988312782168 0.0095670858091272612
      vertex 3.0616169978683832e-18 -0.050000000000000003 6.1232339957367663e-18
      vertex 0.0097545161008064166 -0.049039264020161524 6.0055777714832774e-18
    endloop
  endfacet
  facet normal 0.097549663095351416 -0.99043835066094188 -0.097549663095351319
    outer loop
      vertex 0.0097545161008064166 -0.049039264020161524 6.0055777714832774e-18
      vertex 3.0616169978683832e-18 -0.050000000000000003 6.1232339957367663e-18
      vertex 3.0616169978683832e-18 -0.049039264020161524 -0.0097545161008064183
    endloop
  endfacet
  facet normal 0.097549663095351569 -0.99043835066094199 -0.097549663095351458
    outer loop
      vertex 0.0097545161008064166 -0.049039264020161524 6.0055777714832774e-18
      vertex 3.0616169978683832e-18 -0.049039264020161524 -0.0097545161008064183
      vertex 0.0097545161008064166 -0.048096988312782168 -0.0095670858091272491
    endloop
  endfacet
  facet normal 0.097549663095351541 -0.9523763602892682 -0.28890021043978042
    outer loop
      vertex 0.0097545161008064166 -0.048096988312782168 -0.0095670858091272491
      vertex 3.0616169978683832e-18 -0.049039264020161524 -0.0097545161008064183
      vertex 3.0616169978683832e-18 -0.046193976625564348 -0.019134171618254484
    endloop
  endfacet
  facet normal 0.097549663095351374 -0.95237636028926831 -0.28890021043978026
    outer loop
      vertex 0.0097545161008064166 -0.048096988312782168 -0.0095670858091272491
      vertex 3.0616169978683832e-18 -0.046193976625564348 -0.019134171618254484
      vertex 0.0097545161008064166 -0.045306372317644401 -0.018766513875893259
    endloop
  endfacet
  facet normal 0.097549663095351347 -0.87771508049049385 -0.46914848471411419
    outer loop
      vertex 0.0097545161008064166 -0.045306372317644401 -0.018766513875893259
      vertex 3.0616169978683832e-18 -0.046193976625564348 -0.019134171618254484
      vertex 3.0616169978683832e-18 -0.041573480615127278 -0.027778511650980098
    endloop
  endfacet
  facet normal 0.097549663095351694 -0.87771508049049363 -0.46914848471411441
    outer loop
      vertex 0.0097545161008064166 -0.045306372317644401 -0.018766513875893259
      vertex 3.0616169978683832e-18 -0.041573480615127278 -0.027778511650980098
      vertex 0.0097545161008064166 -0.040774657842445869 -0.027244755338790921
    endloop
  endfacet
  facet normal 0.097549663095351583 -0.76932370237675773 -0.63136764582238569
    outer loop
      vertex 0.0097545161008064166 -0.040774657842445869 -0.027244755338790921
      vertex 3.0616169978683832e-18 -0.041573480615127278 -0.027778511650980098
      vertex 3.0616169978683832e-18 -0.035355339059327383 -0.035355339059327376
    endloop
  endfacet
  facet normal 0.097549663095351222 -0.76932370237675796 -0.63136764582238547
    outer loop
      vertex 0.0097545161008064166 -0.040774657842445869 -0.027244755338790921
      vertex 3.0616169978683832e-18 -0.035355339059327383 -0.035355339059327376
      vertex 0.0097545161008064166 -0.034675996133053694 -0.034675996133053687
    endloop
  endfacet
  facet normal 0.097549663095351263 -0.63136764582238547 -0.76932370237675796
    outer loop
      vertex 0.0097545161008064166 -0.034675996133053694 -0.034675996133053687
      vertex 3.0616169978683832e-18 -0.035355339059327383 -0.035355339059327376
      vertex 3.0616169978683832e-18 -0.027778511650980109 -0.041573480615127265
    endloop
  endfacet
  facet normal 0.097549663095351041 -0.63136764582238569 -0.76932370237675796
    outer loop
      vertex 0.0097545161008064166 -0.034675996133053694 -0.034675996133053687
      vertex 3.0616169978683832e-18 -0.027778511650980109 -0.041573480615127265
      vertex 0.0097545161008064166 -0.027244755338790932 -0.040774657842445862
    endloop
  endfacet
  facet normal 0.097549663095351069 -0.46914848471411474 -0.87771508049049363
    outer loop
      vertex 0.0097545161008064166 -0.027244755338790932 -0.040774657842445862
      vertex 3.0616169978683832e-18 -0.027778511650980109 -0.041573480615127265
      vertex 3.0616169978683832e-18 -0.019134171618254519 -0.046193976625564327
    endloop
  endfacet
  facet normal 0.097549663095351513 -0.46914848471411419 -0.87771508049049374
    outer loop
      vertex 0.0097545161008064166 -0.027244755338790932 -0.040774657842445862
      vertex 3.0616169978683832e-18 -0.019134171618254519 -0.046193976625564327
      vertex 0.0097545161008064166 -0.01876651387589329 -0.045306372317644381
    endloop
  endfacet
  facet normal 0.097549663095351485 -0.2889002104397812 -0.95237636028926798
    outer loop
      vertex 0.0097545161008064166 -0.01876651387589329 -0.045306372317644381
      vertex 3.0616169978683832e-18 -0.019134171618254519 -0.046193976625564327
      vertex 3.0616169978683832e-18 -0.0097545161008064339 -0.049039264020161517
    endloop
  endfacet
  facet normal 0.097549663095351569 -0.28890021043978109 -0.95237636028926798
    outer loop
      vertex 0.0097545161008064166 -0.01876651387589329 -0.045306372317644381
      vertex 3.0616169978683832e-18 -0.0097545161008064339 -0.049039264020161517
      vertex 0.0097545161008064166 -0.0095670858091272647 -0.048096988312782162
    endloop
  endfacet
  facet normal 0.097549663095351583 -0.097549663095351999 -0.99043835066094177
    outer loop
      vertex 0.0097545161008064166 -0.0095670858091272647 -0.048096988312782162
      vertex 3.0616169978683832e-18 -0.0097545161008064339 -0.049039264020161517
      vertex 3.0616169978683832e-18 -9.1848509936051487e-18 -0.050000000000000003
    endloop
  endfacet
  facet normal 0.097549663095351416 -0.097549663095352152 -0.99043835066094177
    outer loop
      vertex 0.0097545161008064166 -0.0095670858091272647 -0.048096988312782162
      vertex 3.0616169978683832e-18 -9.1848509936051487e-18 -0.050000000000000003
      vertex 0.0097545161008064166 -9.0083666572249157e-18 -0.049039264020161524
    endloop
  endfacet
  facet normal 0.097549663095351416 0.097549663095351305 -0.99043835066094188
    outer loop
      vertex 0.0097545161008064166 -9.0083666572249157e-18 -0.049039264020161524
      vertex 3.0616169978683832e-18 -9.1848509936051487e-18 -0.050000000000000003
      vertex 3.0616169978683832e-18 0.0097545161008064166 -0.049039264020161524
    endloop
  endfacet
  facet normal 0.097549663095351569 0.097549663095351444 -0.99043835066094177
    outer loop
      vertex 0.0097545161008064166 -9.0083666572249157e-18 -0.049039264020161524
      vertex 3.0616169978683832e-18 0.0097545161008064166 -0.049039264020161524
      vertex 0.0097545161008064166 0.0095670858091272456 -0.048096988312782168
    endloop
  endfacet
  facet normal 0.09754966309535161 0.28890021043978115 -0.95237636028926798
    outer loop
      vertex 0.0097545161008064166 0.0095670858091272456 -0.048096988312782168
      vertex 3.0616169978683832e-18 0.0097545161008064166 -0.049039264020161524
      vertex 3.0616169978683832e-18 0.019134171618254502 -0.046193976625564334
    endloop
  endfacet
  facet normal 0.097549663095351485 0.28890021043978104 -0.95237636028926798
    outer loop
      vertex 0.0097545161008064166 0.0095670858091272456 -0.048096988312782168
      vertex 3.0616169978683832e-18 0.019134171618254502 -0.046193976625564334
      vertex 0.0097545161008064166 0.018766513875893273 -0.045306372317644387
    endloop
  endfacet
  facet normal 0.097549663095351513 0.46914848471411391 -0.87771508049049396
    outer loop
      vertex 0.0097545161008064166 0.018766513875893273 -0.045306372317644387
      vertex 3.0616169978683832e-18 0.019134171618254502 -0.046193976625564334
      vertex 3.0616169978683832e-18 0.027778511650980095 -0.041573480615127278
    endloop
  endfacet
  facet normal 0.097549663095351874 0.46914848471411419 -0.87771508049049374
    outer loop
      vertex 0.0097545161008064166 0.018766513875893273 -0.045306372317644387
      vertex 3.0616169978683832e-18 0.027778511650980095 -0.041573480615127278
      vertex 0.0097545161008064166 0.027244755338790914 -0.040774657842445869
    endloop
  endfacet
  facet normal 0.097549663095351805 0.6313676458223858 -0.7693237023767574
    outer loop
      vertex 0.0097545161008064166 0.027244755338790914 -0.040774657842445869
      vertex 3.0616169978683832e-18 0.027778511650980095 -0.041573480615127278
      vertex 3.0616169978683832e-18 0.035355339059327369 -0.035355339059327383
    endloop
  endfacet
  facet normal 0.097549663095351222 0.63136764582238547 -0.76932370237675796
    outer loop
      vertex 0.0097545161008064166 0.027244755338790914 -0.040774657842445869
      vertex 3.0616169978683832e-18 0.035355339059327369 -0.035355339059327383
      vertex 0.0097545161008064166 0.03467599613305368 -0.034675996133053694
    endloop
  endfacet
  facet normal 0.097549663095351263 0.76932370237675751 -0.6313676458223858
    outer loop
      vertex 0.0097545161008064166 0.03467599613305368 -0.034675996133053694
      vertex 3.0616169978683832e-18 0.035355339059327369 -0.035355339059327383
      vertex 3.0616169978683832e-18 0.041573480615127265 -0.027778511650980109
    endloop
  endfacet
  facet normal 0.097549663095351055 0.76932370237675751 -0.63136764582238603
    outer loop
      vertex 0.0097545161008064166 0.03467599613305368 -0.034675996133053694
      vertex 3.0616169978683832e-18 0.041573480615127265 -0.027778511650980109
      vertex 0.0097545161008064166 0.040774657842445862 -0.027244755338790932
    endloop
  endfacet
  facet normal 0.097549663095351041 0.87771508049049352 -0.4691484847141148
    outer loop
      vertex 0.0097545161008064166 0.040774657842445862 -0.027244755338790932
      vertex 3.0616169978683832e-18 0.041573480615127265 -0.027778511650980109
      vertex 3.0616169978683832e-18 0.046193976625564327 -0.019134171618254522
    endloop
  endfacet
  facet normal 0.097549663095351485 0.87771508049049363 -0.46914848471411441
    outer loop
      vertex 0.0097545161008064166 0.040774657842445862 -0.027244755338790932
      vertex 3.0616169978683832e-18 0.046193976625564327 -0.019134171618254522
      vertex 0.0097545161008064166 0.045306372317644381 -0.018766513875893294
    endloop
  endfacet
  facet normal 0.097549663095351485 0.95237636028926798 -0.2889002104397812
    outer loop
      vertex 0.0097545161008064166 0.045306372317644381 -0.018766513875893294
      vertex 3.0616169978683832e-18 0.046193976625564327 -0.019134171618254522
      vertex 3.0616169978683832e-18 0.049039264020161517 -0.0097545161008064374
    endloop
  endfacet
  facet normal 0.097549663095351624 0.95237636028926798 -0.28890021043978104
    outer loop
      vertex 0.0097545161008064166 0.045306372317644381 -0.018766513875893294
      vertex 3.0616169978683832e-18 0.049039264020161517 -0.0097545161008064374
      vertex 0.0097545161008064166 0.048096988312782162 -0.0095670858091272664
    endloop
  endfacet
  facet normal 0.097549663095351583 0.99043835066094177 -0.097549663095351874
    outer loop
      vertex 0.0097545161008064166 0.048096988312782162 -0.0095670858091272664
      vertex 3.0616169978683832e-18 0.049039264020161517 -0.0097545161008064374
      vertex 3.0616169978683832e-18 0.050000000000000003 0
    endloop
  endfacet
  facet normal 0.097549663095351402 0.99043835066094177 -0.09754966309535204
    outer loop
      vertex 0.0097545161008064166 0.048096988312782162 -0.0095670858091272664
      vertex 3.0616169978683832e-18 0.050000000000000003 0
      vertex 0.0097545161008064166 0.049039264020161524 0
    endloop
  endfacet
  facet normal -0.097549663095351402 0.99043835066094177 0.097549663095351541
    outer loop
      vertex 3.0616169978683832e-18 0.050000000000000003 0
      vertex -0.0097545161008064096 0.049039264020161524 0
      vertex -0.0097545161008064096 0.048096988312782168 0.0095670858091272439
    endloop
  endfacet
  facet normal -0.097549663095351555 0.99043835066094188 0.097549663095351416
    outer loop
      vertex 3.0616169978683832e-18 0.050000000000000003 0
      vertex -0.0097545161008064096 0.048096988312782168 0.0095670858091272439
      vertex 3.0616169978683832e-18 0.049039264020161524 0.0097545161008064131
    endloop
  endfacet
  facet normal -0.097549663095351541 0.95237636028926809 0.28890021043978065
    outer loop
      vertex 3.0616169978683832e-18 0.049039264020161524 0.0097545161008064131
      vertex -0.0097545161008064096 0.048096988312782168 0.0095670858091272439
      vertex -0.0097545161008064096 0.045306372317644394 0.018766513875893263
    endloop
  endfacet
  facet normal -0.097549663095351472 0.9523763602892682 0.28890021043978076
    outer loop
      vertex 3.0616169978683832e-18 0.049039264020161524 0.0097545161008064131
      vertex -0.0097545161008064096 0.045306372317644394 0.018766513875893263
      vertex 3.0616169978683832e-18 0.046193976625564341 0.019134171618254491
    endloop
  endfacet
  facet normal -0.097549663095351527 0.87771508049049374 0.46914848471411419
    outer loop
      vertex 3.0616169978683832e-18 0.046193976625564341 0.019134171618254491
      vertex -0.0097545161008064096 0.045306372317644394 0.018766513875893263
      vertex -0.0097545161008064096 0.040774657842445862 0.027244755338790932
    endloop
  endfacet
  facet normal -0.097549663095351069 0.87771508049049363 0.46914848471411458
    outer loop
      vertex 3.0616169978683832e-18 0.046193976625564341 0.019134171618254491
      vertex -0.0097545161008064096 0.040774657842445862 0.027244755338790932
      vertex 3.0616169978683832e-18 0.041573480615127265 0.027778511650980109
    endloop
  endfacet
  facet normal -0.097549663095351055 0.76932370237675785 0.63136764582238547
    outer loop
      vertex 3.0616169978683832e-18 0.041573480615127265 0.027778511650980109
      vertex -0.0097545161008064096 0.040774657842445862 0.027244755338790932
      vertex -0.0097545161008064096 0.034675996133053694 0.034675996133053687
    endloop
  endfacet
  facet normal -0.097549663095351249 0.76932370237675807 0.63136764582238536
    outer loop
      vertex 3.0616169978683832e-18 0.041573480615127265 0.027778511650980109
      vertex -0.0097545161008064096 0.034675996133053694 0.034675996133053687
      vertex 3.0616169978683832e-18 0.035355339059327383 0.035355339059327376
    endloop
  endfacet
  facet normal -0.097549663095351263 0.6313676458223858 0.76932370237675773
    outer loop
      vertex 3.0616169978683832e-18 0.035355339059327383 0.035355339059327376
      vertex -0.0097545161008064096 0.034675996133053694 0.034675996133053687
      vertex -0.0097545161008064096 0.027244755338790935 0.040774657842445862
    endloop
  endfacet
  facet normal -0.097549663095351208 0.63136764582238569 0.76932370237675762
    outer loop
      vertex 3.0616169978683832e-18 0.035355339059327383 0.035355339059327376
      vertex -0.0097545161008064096 0.027244755338790935 0.040774657842445862
      vertex 3.0616169978683832e-18 0.027778511650980116 0.041573480615127265
    endloop
  endfacet
  facet normal -0.097549663095351208 0.46914848471411413 0.87771508049049385
    outer loop
      vertex 3.0616169978683832e-18 0.027778511650980116 0.041573480615127265
      vertex -0.0097545161008064096 0.027244755338790935 0.040774657842445862
      vertex -0.0097545161008064096 0.018766513875893266 0.045306372317644394
    endloop
  endfacet
  facet normal -0.097549663095351541 0.46914848471411441 0.87771508049049363
    outer loop
      vertex 3.0616169978683832e-18 0.027778511650980116 0.041573480615127265
      vertex -0.0097545161008064096 0.018766513875893266 0.045306372317644394
      vertex 3.0616169978683832e-18 0.019134171618254495 0.046193976625564341
    endloop
  endfacet
  facet normal -0.097549663095351472 0.28890021043978065 0.95237636028926809
    outer loop
      vertex 3.0616169978683832e-18 0.019134171618254495 0.046193976625564341
      vertex -0.0097545161008064096 0.018766513875893266 0.045306372317644394
      vertex -0.0097545161008064096 0.0095670858091272473 0.048096988312782168
    endloop
  endfacet
  facet normal -0.097549663095351541 0.28890021043978076 0.9523763602892682
    outer loop
      vertex 3.0616169978683832e-18 0.019134171618254495 0.046193976625564341
      vertex -0.0097545161008064096 0.0095670858091272473 0.048096988312782168
      vertex 3.0616169978683832e-18 0.0097545161008064166 0.049039264020161524
    endloop
  endfacet
  facet normal -0.097549663095351541 0.097549663095351541 0.99043835066094177
    outer loop
      vertex 3.0616169978683832e-18 0.0097545161008064166 0.049039264020161524
      vertex -0.0097545161008064096 0.0095670858091272473 0.048096988312782168
      vertex -0.0097545161008064096 3.0027888857416387e-18 0.049039264020161524
    endloop
  endfacet
  facet normal -0.097549663095351402 0.097549663095351402 0.99043835066094177
    outer loop
      vertex 3.0616169978683832e-18 0.0097545161008064166 0.049039264020161524
      vertex -0.0097545161008064096 3.0027888857416387e-18 0.049039264020161524
      vertex 3.0616169978683832e-18 3.0616169978683832e-18 0.050000000000000003
    endloop
  endfacet
  facet normal -0.097549663095351402 -0.097549663095351541 0.99043835066094177
    outer loop
      vertex 3.0616169978683832e-18 3.0616169978683832e-18 0.050000000000000003
      vertex -0.0097545161008064096 3.0027888857416387e-18 0.049039264020161524
      vertex -0.0097545161008064096 -0.0095670858091272404 0.048096988312782168
    endloop
  endfacet
  facet normal -0.097549663095351541 -0.097549663095351402 0.99043835066094177
    outer loop
      vertex 3.0616169978683832e-18 3.0616169978683832e-18 0.050000000000000003
      vertex -0.0097545161008064096 -0.0095670858091272404 0.048096988312782168
      vertex 3.0616169978683832e-18 -0.0097545161008064096 0.049039264020161524
    endloop
  endfacet
  facet normal -0.097549663095351541 -0.28890021043978065 0.95237636028926809
    outer loop
      vertex 3.0616169978683832e-18 -0.0097545161008064096 0.049039264020161524
      vertex -0.0097545161008064096 -0.0095670858091272404 0.048096988312782168
      vertex -0.0097545161008064096 -0.018766513875893259 0.045306372317644394
    endloop
  endfacet
  facet normal -0.097549663095351472 -0.28890021043978076 0.9523763602892682
    outer loop
      vertex 3.0616169978683832e-18 -0.0097545161008064096 0.049039264020161524
      vertex -0.0097545161008064096 -0.018766513875893259 0.045306372317644394
      vertex 3.0616169978683832e-18 -0.019134171618254488 0.046193976625564341
    endloop
  endfacet
  facet normal -0.097549663095351541 -0.46914848471411397 0.87771508049049396
    outer loop
      vertex 3.0616169978683832e-18 -0.019134171618254488 0.046193976625564341
      vertex -0.0097545161008064096 -0.018766513875893259 0.045306372317644394
      vertex -0.0097545161008064096 -0.027244755338790921 0.040774657842445869
    endloop
  endfacet
  facet normal -0.097549663095351624 -0.46914848471411374 0.87771508049049407
    outer loop
      vertex 3.0616169978683832e-18 -0.019134171618254488 0.046193976625564341
      vertex -0.0097545161008064096 -0.027244755338790921 0.040774657842445869
      vertex 3.0616169978683832e-18 -0.027778511650980098 0.041573480615127278
    endloop
  endfacet
  facet normal -0.097549663095351583 -0.63136764582238536 0.76932370237675796
    outer loop
      vertex 3.0616169978683832e-18 -0.027778511650980098 0.041573480615127278
      vertex -0.0097545161008064096 -0.027244755338790921 0.040774657842445869
      vertex -0.0097545161008064096 -0.034675996133053687 0.034675996133053694
    endloop
  endfacet
  facet normal -0.097549663095351236 -0.63136764582238569 0.76932370237675773
    outer loop
      vertex 3.0616169978683832e-18 -0.027778511650980098 0.041573480615127278
      vertex -0.0097545161008064096 -0.034675996133053687 0.034675996133053694
      vertex 3.0616169978683832e-18 -0.035355339059327376 0.035355339059327383
    endloop
  endfacet
  facet normal -0.097549663095351249 -0.76932370237675785 0.63136764582238558
    outer loop
      vertex 3.0616169978683832e-18 -0.035355339059327376 0.035355339059327383
      vertex -0.0097545161008064096 -0.034675996133053687 0.034675996133053694
      vertex -0.0097545161008064096 -0.040774657842445862 0.027244755338790932
    endloop
  endfacet
  facet normal -0.097549663095351596 -0.76932370237675751 0.6313676458223858
    outer loop
      vertex 3.0616169978683832e-18 -0.035355339059327376 0.035355339059327383
      vertex -0.0097545161008064096 -0.040774657842445862 0.027244755338790932
      vertex 3.0616169978683832e-18 -0.041573480615127271 0.027778511650980109
    endloop
  endfacet
  facet normal -0.097549663095351666 -0.87771508049049363 0.46914848471411441
    outer loop
      vertex 3.0616169978683832e-18 -0.041573480615127271 0.027778511650980109
      vertex -0.0097545161008064096 -0.040774657842445862 0.027244755338790932
      vertex -0.0097545161008064096 -0.045306372317644394 0.01876651387589327
    endloop
  endfacet
  facet normal -0.097549663095351347 -0.87771508049049385 0.46914848471411419
    outer loop
      vertex 3.0616169978683832e-18 -0.041573480615127271 0.027778511650980109
      vertex -0.0097545161008064096 -0.045306372317644394 0.01876651387589327
      vertex 3.0616169978683832e-18 -0.046193976625564341 0.019134171618254495
    endloop
  endfacet
  facet normal -0.097549663095351388 -0.95237636028926809 0.28890021043978098
    outer loop
      vertex 3.0616169978683832e-18 -0.046193976625564341 0.019134171618254495
      vertex -0.0097545161008064096 -0.045306372317644394 0.01876651387589327
      vertex -0.0097545161008064096 -0.048096988312782168 0.0095670858091272612
    endloop
  endfacet
  facet normal -0.097549663095351527 -0.95237636028926798 0.28890021043978109
    outer loop
      vertex 3.0616169978683832e-18 -0.046193976625564341 0.019134171618254495
      vertex -0.0097545161008064096 -0.048096988312782168 0.0095670858091272612
      vertex 3.0616169978683832e-18 -0.049039264020161524 0.0097545161008064304
    endloop
  endfacet
  facet normal -0.097549663095351569 -0.99043835066094199 0.097549663095351444
    outer loop
      vertex 3.0616169978683832e-18 -0.049039264020161524 0.0097545161008064304
      vertex -0.0097545161008064096 -0.048096988312782168 0.0095670858091272612
      vertex -0.0097545161008064096 -0.049039264020161524 6.0055777714832774e-18
    endloop
  endfacet
  facet normal -0.09754966309535143 -0.99043835066094188 0.097549663095351319
    outer loop
      vertex 3.0616169978683832e-18 -0.049039264020161524 0.0097545161008064304
      vertex -0.0097545161008064096 -0.049039264020161524 6.0055777714832774e-18
      vertex 3.0616169978683832e-18 -0.050000000000000003 6.1232339957367663e-18
    endloop
  endfacet
  facet normal -0.09754966309535143 -0.99043835066094199 -0.097549663095351444
    outer loop
      vertex 3.0616169978683832e-18 -0.050000000000000003 6.1232339957367663e-18
      vertex -0.0097545161008064096 -0.049039264020161524 6.0055777714832774e-18
      vertex -0.0097545161008064096 -0.048096988312782168 -0.0095670858091272491
    endloop
  endfacet
  facet normal -0.097549663095351569 -0.99043835066094188 -0.097549663095351305
    outer loop
      vertex 3.0616169978683832e-18 -0.050000000000000003 6.1232339957367663e-18
      vertex -0.0097545161008064096 -0.048096988312782168 -0.0095670858091272491
      vertex 3.0616169978683832e-18 -0.049039264020161524 -0.0097545161008064183
    endloop
  endfacet
  facet normal -0.097549663095351583 -0.95237636028926831 -0.28890021043978026
    outer loop
      vertex 3.0616169978683832e-18 -0.049039264020161524 -0.0097545161008064183
      vertex -0.0097545161008064096 -0.048096988312782168 -0.0095670858091272491
      vertex -0.0097545161008064096 -0.045306372317644401 -0.018766513875893259
    endloop
  endfacet
  facet normal -0.097549663095351388 -0.9523763602892682 -0.28890021043978042
    outer loop
      vertex 3.0616169978683832e-18 -0.049039264020161524 -0.0097545161008064183
      vertex -0.0097545161008064096 -0.045306372317644401 -0.018766513875893259
      vertex 3.0616169978683832e-18 -0.046193976625564348 -0.019134171618254484
    endloop
  endfacet
  facet normal -0.097549663095351333 -0.87771508049049363 -0.46914848471411441
    outer loop
      vertex 3.0616169978683832e-18 -0.046193976625564348 -0.019134171618254484
      vertex -0.0097545161008064096 -0.045306372317644401 -0.018766513875893259
      vertex -0.0097545161008064096 -0.040774657842445869 -0.027244755338790921
    endloop
  endfacet
  facet normal -0.097549663095351707 -0.87771508049049385 -0.46914848471411419
    outer loop
      vertex 3.0616169978683832e-18 -0.046193976625564348 -0.019134171618254484
      vertex -0.0097545161008064096 -0.040774657842445869 -0.027244755338790921
      vertex 3.0616169978683832e-18 -0.041573480615127278 -0.027778511650980098
    endloop
  endfacet
  facet normal -0.097549663095351583 -0.76932370237675796 -0.63136764582238536
    outer loop
      vertex 3.0616169978683832e-18 -0.041573480615127278 -0.027778511650980098
      vertex -0.0097545161008064096 -0.040774657842445869 -0.027244755338790921
      vertex -0.0097545161008064096 -0.034675996133053694 -0.034675996133053687
    endloop
  endfacet
  facet normal -0.097549663095351236 -0.76932370237675773 -0.63136764582238569
    outer loop
      vertex 3.0616169978683832e-18 -0.041573480615127278 -0.027778511650980098
      vertex -0.0097545161008064096 -0.034675996133053694 -0.034675996133053687
      vertex 3.0616169978683832e-18 -0.035355339059327383 -0.035355339059327376
    endloop
  endfacet
  facet normal -0.097549663095351249 -0.63136764582238558 -0.76932370237675785
    outer loop
      vertex 3.0616169978683832e-18 -0.035355339059327383 -0.035355339059327376
      vertex -0.0097545161008064096 -0.034675996133053694 -0.034675996133053687
      vertex -0.0097545161008064096 -0.027244755338790932 -0.040774657842445862
    endloop
  endfacet
  facet normal -0.097549663095351083 -0.63136764582238547 -0.76932370237675796
    outer loop
      vertex 3.0616169978683832e-18 -0.035355339059327383 -0.035355339059327376
      vertex -0.0097545161008064096 -0.027244755338790932 -0.040774657842445862
      vertex 3.0616169978683832e-18 -0.027778511650980109 -0.041573480615127265
    endloop
  endfacet
  facet normal -0.097549663095351027 -0.46914848471411424 -0.87771508049049385
    outer loop
      vertex 3.0616169978683832e-18 -0.027778511650980109 -0.041573480615127265
      vertex -0.0097545161008064096 -0.027244755338790932 -0.040774657842445862
      vertex -0.0097545161008064096 -0.01876651387589329 -0.045306372317644381
    endloop
  endfacet
  facet normal -0.097549663095351513 -0.46914848471411463 -0.87771508049049352
    outer loop
      vertex 3.0616169978683832e-18 -0.027778511650980109 -0.041573480615127265
      vertex -0.0097545161008064096 -0.01876651387589329 -0.045306372317644381
      vertex 3.0616169978683832e-18 -0.019134171618254519 -0.046193976625564327
    endloop
  endfacet
  facet normal -0.097549663095351472 -0.28890021043978109 -0.95237636028926798
    outer loop
      vertex 3.0616169978683832e-18 -0.019134171618254519 -0.046193976625564327
      vertex -0.0097545161008064096 -0.01876651387589329 -0.045306372317644381
      vertex -0.0097545161008064096 -0.0095670858091272647 -0.048096988312782162
    endloop
  endfacet
  facet normal -0.097549663095351555 -0.28890021043978115 -0.95237636028926798
    outer loop
      vertex 3.0616169978683832e-18 -0.019134171618254519 -0.046193976625564327
      vertex -0.0097545161008064096 -0.0095670858091272647 -0.048096988312782162
      vertex 3.0616169978683832e-18 -0.0097545161008064339 -0.049039264020161517
    endloop
  endfacet
  facet normal -0.097549663095351569 -0.097549663095352152 -0.99043835066094177
    outer loop
      vertex 3.0616169978683832e-18 -0.0097545161008064339 -0.049039264020161517
      vertex -0.0097545161008064096 -0.0095670858091272647 -0.048096988312782162
      vertex -0.0097545161008064096 -9.0083666572249157e-18 -0.049039264020161524
    endloop
  endfacet
  facet normal -0.097549663095351402 -0.097549663095351999 -0.99043835066094177
    outer loop
      vertex 3.0616169978683832e-18 -0.0097545161008064339 -0.049039264020161517
      vertex -0.0097545161008064096 -9.0083666572249157e-18 -0.049039264020161524
      vertex 3.0616169978683832e-18 -9.1848509936051487e-18 -0.050000000000000003
    endloop
  endfacet
  facet normal -0.097549663095351416 0.097549663095351458 -0.99043835066094199
    outer loop
      vertex 3.0616169978683832e-18 -9.1848509936051487e-18 -0.050000000000000003
      vertex -0.0097545161008064096 -9.0083666572249157e-18 -0.049039264020161524
      vertex -0.0097545161008064096 0.0095670858091272456 -0.048096988312782168
    endloop
  endfacet
  facet normal -0.097549663095351596 0.097549663095351305 -0.99043835066094188
    outer loop
      vertex 3.0616169978683832e-18 -9.1848509936051487e-18 -0.050000000000000003
      vertex -0.0097545161008064096 0.0095670858091272456 -0.048096988312782168
      vertex 3.0616169978683832e-18 0.0097545161008064166 -0.049039264020161524
    endloop
  endfacet
  facet normal -0.097549663095351583 0.28890021043978104 -0.95237636028926798
    outer loop
      vertex 3.0616169978683832e-18 0.0097545161008064166 -0.049039264020161524
      vertex -0.0097545161008064096 0.0095670858091272456 -0.048096988312782168
      vertex -0.0097545161008064096 0.018766513875893273 -0.045306372317644387
    endloop
  endfacet
  facet normal -0.097549663095351444 0.28890021043978115 -0.95237636028926798
    outer loop
      vertex 3.0616169978683832e-18 0.0097545161008064166 -0.049039264020161524
      vertex -0.0097545161008064096 0.018766513875893273 -0.045306372317644387
      vertex 3.0616169978683832e-18 0.019134171618254502 -0.046193976625564334
    endloop
  endfacet
  facet normal -0.097549663095351541 0.46914848471411436 -0.87771508049049385
    outer loop
      vertex 3.0616169978683832e-18 0.019134171618254502 -0.046193976625564334
      vertex -0.0097545161008064096 0.018766513875893273 -0.045306372317644387
      vertex -0.0097545161008064096 0.027244755338790914 -0.040774657842445869
    endloop
  endfacet
  facet normal -0.097549663095351805 0.46914848471411391 -0.87771508049049385
    outer loop
      vertex 3.0616169978683832e-18 0.019134171618254502 -0.046193976625564334
      vertex -0.0097545161008064096 0.027244755338790914 -0.040774657842445869
      vertex 3.0616169978683832e-18 0.027778511650980095 -0.041573480615127278
    endloop
  endfacet
  facet normal -0.097549663095351818 0.63136764582238536 -0.76932370237675796
    outer loop
      vertex 3.0616169978683832e-18 0.027778511650980095 -0.041573480615127278
      vertex -0.0097545161008064096 0.027244755338790914 -0.040774657842445869
      vertex -0.0097545161008064096 0.03467599613305368 -0.034675996133053694
    endloop
  endfacet
  facet normal -0.097549663095351249 0.6313676458223858 -0.76932370237675751
    outer loop
      vertex 3.0616169978683832e-18 0.027778511650980095 -0.041573480615127278
      vertex -0.0097545161008064096 0.03467599613305368 -0.034675996133053694
      vertex 3.0616169978683832e-18 0.035355339059327369 -0.035355339059327383
    endloop
  endfacet
  facet normal -0.097549663095351236 0.76932370237675751 -0.63136764582238603
    outer loop
      vertex 3.0616169978683832e-18 0.035355339059327369 -0.035355339059327383
      vertex -0.0097545161008064096 0.03467599613305368 -0.034675996133053694
      vertex -0.0097545161008064096 0.040774657842445862 -0.027244755338790932
    endloop
  endfacet
  facet normal -0.097549663095351027 0.76932370237675751 -0.6313676458223858
    outer loop
      vertex 3.0616169978683832e-18 0.035355339059327369 -0.035355339059327383
      vertex -0.0097545161008064096 0.040774657842445862 -0.027244755338790932
      vertex 3.0616169978683832e-18 0.041573480615127265 -0.027778511650980109
    endloop
  endfacet
  facet normal -0.097549663095351027 0.87771508049049363 -0.46914848471411436
    outer loop
      vertex 3.0616169978683832e-18 0.041573480615127265 -0.027778511650980109
      vertex -0.0097545161008064096 0.040774657842445862 -0.027244755338790932
      vertex -0.0097545161008064096 0.045306372317644381 -0.018766513875893294
    endloop
  endfacet
  facet normal -0.097549663095351555 0.87771508049049352 -0.4691484847141148
    outer loop
      vertex 3.0616169978683832e-18 0.041573480615127265 -0.027778511650980109
      vertex -0.0097545161008064096 0.045306372317644381 -0.018766513875893294
      vertex 3.0616169978683832e-18 0.046193976625564327 -0.019134171618254522
    endloop
  endfacet
  facet normal -0.097549663095351485 0.95237636028926798 -0.28890021043978104
    outer loop
      vertex 3.0616169978683832e-18 0.046193976625564327 -0.019134171618254522
      vertex -0.0097545161008064096 0.045306372317644381 -0.018766513875893294
      vertex -0.0097545161008064096 0.048096988312782162 -0.0095670858091272664
    endloop
  endfacet
  facet normal -0.097549663095351596 0.95237636028926798 -0.28890021043978115
    outer loop
      vertex 3.0616169978683832e-18 0.046193976625564327 -0.019134171618254522
      vertex -0.0097545161008064096 0.048096988312782162 -0.0095670858091272664
      vertex 3.0616169978683832e-18 0.049039264020161517 -0.0097545161008064374
    endloop
  endfacet
  facet normal -0.097549663095351583 0.99043835066094177 -0.09754966309535204
    outer loop
      vertex 3.0616169978683832e-18 0.049039264020161517 -0.0097545161008064374
      vertex -0.0097545161008064096 0.048096988312782162 -0.0095670858091272664
      vertex -0.0097545161008064096 0.049039264020161524 0
    endloop
  endfacet
  facet normal -0.097549663095351402 0.99043835066094177 -0.097549663095351874
    outer loop
      vertex 3.0616169978683832e-18 0.049039264020161517 -0.0097545161008064374
      vertex -0.0097545161008064096 0.049039264020161524 0
      vertex 3.0616169978683832e-18 0.050000000000000003 0
    endloop
  endfacet
  facet normal -0.28900388474138672 0.9527181286592834 0.093834545495464314
    outer loop
      vertex -0.0097545161008064096 0.049039264020161524 0
      vertex -0.019134171618254488 0.046193976625564341 0
      vertex -0.019134171618254488 0.045306372317644394 0.0090119977750868479
    endloop
  endfacet
  facet normal -0.28900388474138661 0.95271812865928329 0.093834545495464411
    outer loop
      vertex -0.0097545161008064096 0.049039264020161524 0
      vertex -0.019134171618254488 0.045306372317644394 0.0090119977750868479
      vertex -0.0097545161008064096 0.048096988312782168 0.0095670858091272439
    endloop
  endfacet
  facet normal -0.28900388474138666 0.91610570526538915 0.27789762752602126
    outer loop
      vertex -0.0097545161008064096 0.048096988312782168 0.0095670858091272439
      vertex -0.019134171618254488 0.045306372317644394 0.0090119977750868479
      vertex -0.019134171618254488 0.042677669529663689 0.017677669529663691
    endloop
  endfacet
  facet normal -0.28900388474138694 0.91610570526538915 0.27789762752602098
    outer loop
      vertex -0.0097545161008064096 0.048096988312782168 0.0095670858091272439
      vertex -0.019134171618254488 0.042677669529663689 0.017677669529663691
      vertex -0.0097545161008064096 0.045306372317644394 0.018766513875893263
    endloop
  endfacet
  facet normal -0.28900388474138677 0.84428785337614398 0.45128125957753856
    outer loop
      vertex -0.0097545161008064096 0.045306372317644394 0.018766513875893263
      vertex -0.019134171618254488 0.042677669529663689 0.017677669529663691
      vertex -0.019134171618254488 0.038408887835570817 0.025663998357966837
    endloop
  endfacet
  facet normal -0.28900388474138727 0.84428785337614431 0.45128125957753806
    outer loop
      vertex -0.0097545161008064096 0.045306372317644394 0.018766513875893263
      vertex -0.019134171618254488 0.038408887835570817 0.025663998357966837
      vertex -0.0097545161008064096 0.040774657842445862 0.027244755338790932
    endloop
  endfacet
  facet normal -0.28900388474138727 0.74002449276373738 0.60732240590493625
    outer loop
      vertex -0.0097545161008064096 0.040774657842445862 0.027244755338790932
      vertex -0.019134171618254488 0.038408887835570817 0.025663998357966837
      vertex -0.019134171618254488 0.032664074121909414 0.032664074121909414
    endloop
  endfacet
  facet normal -0.28900388474138722 0.74002449276373738 0.60732240590493636
    outer loop
      vertex -0.0097545161008064096 0.040774657842445862 0.027244755338790932
      vertex -0.019134171618254488 0.032664074121909414 0.032664074121909414
      vertex -0.0097545161008064096 0.034675996133053694 0.034675996133053687
    endloop
  endfacet
  facet normal -0.28900388474138716 0.6073224059049368 0.74002449276373705
    outer loop
      vertex -0.0097545161008064096 0.034675996133053694 0.034675996133053687
      vertex -0.019134171618254488 0.032664074121909414 0.032664074121909414
      vertex -0.019134171618254488 0.025663998357966844 0.038408887835570817
    endloop
  endfacet
  facet normal -0.28900388474138705 0.60732240590493669 0.74002449276373727
    outer loop
      vertex -0.0097545161008064096 0.034675996133053694 0.034675996133053687
      vertex -0.019134171618254488 0.025663998357966844 0.038408887835570817
      vertex -0.0097545161008064096 0.027244755338790935 0.040774657842445862
    endloop
  endfacet
  facet normal -0.28900388474138711 0.45128125957753823 0.84428785337614409
    outer loop
      vertex -0.0097545161008064096 0.027244755338790935 0.040774657842445862
      vertex -0.019134171618254488 0.025663998357966844 0.038408887835570817
      vertex -0.019134171618254488 0.017677669529663691 0.042677669529663689
    endloop
  endfacet
  facet normal -0.289003884741387 0.45128125957753806 0.84428785337614431
    outer loop
      vertex -0.0097545161008064096 0.027244755338790935 0.040774657842445862
      vertex -0.019134171618254488 0.017677669529663691 0.042677669529663689
      vertex -0.0097545161008064096 0.018766513875893266 0.045306372317644394
    endloop
  endfacet
  facet normal -0.289003884741387 0.27789762752602132 0.91610570526538893
    outer loop
      vertex -0.0097545161008064096 0.018766513875893266 0.045306372317644394
      vertex -0.019134171618254488 0.017677669529663691 0.042677669529663689
      vertex -0.019134171618254488 0.0090119977750868531 0.045306372317644394
    endloop
  endfacet
  facet normal -0.28900388474138661 0.27789762752602098 0.91610570526538926
    outer loop
      vertex -0.0097545161008064096 0.018766513875893266 0.045306372317644394
      vertex -0.019134171618254488 0.0090119977750868531 0.045306372317644394
      vertex -0.0097545161008064096 0.0095670858091272473 0.048096988312782168
    endloop
  endfacet
  facet normal -0.28900388474138661 0.093834545495464272 0.9527181286592834
    outer loop
      vertex -0.0097545161008064096 0.0095670858091272473 0.048096988312782168
      vertex -0.019134171618254488 0.0090119977750868531 0.045306372317644394
      vertex -0.019134171618254488 2.828565280719251e-18 0.046193976625564341
    endloop
  endfacet
  facet normal -0.28900388474138672 0.093834545495464411 0.95271812865928329
    outer loop
      vertex -0.0097545161008064096 0.0095670858091272473 0.048096988312782168
      vertex -0.019134171618254488 2.828565280719251e-18 0.046193976625564341
      vertex -0.0097545161008064096 3.0027888857416387e-18 0.049039264020161524
    endloop
  endfacet
  facet normal -0.28900388474138672 -0.0938345454954643 0.9527181286592834
    outer loop
      vertex -0.0097545161008064096 3.0027888857416387e-18 0.049039264020161524
      vertex -0.019134171618254488 2.828565280719251e-18 0.046193976625564341
      vertex -0.019134171618254488 -0.0090119977750868462 0.045306372317644394
    endloop
  endfacet
  facet normal -0.28900388474138661 -0.093834545495464425 0.95271812865928351
    outer loop
      vertex -0.0097545161008064096 3.0027888857416387e-18 0.049039264020161524
      vertex -0.019134171618254488 -0.0090119977750868462 0.045306372317644394
      vertex -0.0097545161008064096 -0.0095670858091272404 0.048096988312782168
    endloop
  endfacet
  facet normal -0.28900388474138661 -0.27789762752602132 0.91610570526538926
    outer loop
      vertex -0.0097545161008064096 -0.0095670858091272404 0.048096988312782168
      vertex -0.019134171618254488 -0.0090119977750868462 0.045306372317644394
      vertex -0.019134171618254488 -0.017677669529663688 0.042677669529663689
    endloop
  endfacet
  facet normal -0.28900388474138694 -0.27789762752602098 0.91610570526538915
    outer loop
      vertex -0.0097545161008064096 -0.0095670858091272404 0.048096988312782168
      vertex -0.019134171618254488 -0.017677669529663688 0.042677669529663689
      vertex -0.0097545161008064096 -0.018766513875893259 0.045306372317644394
    endloop
  endfacet
  facet normal -0.28900388474138683 -0.45128125957753767 0.84428785337614454
    outer loop
      vertex -0.0097545161008064096 -0.018766513875893259 0.045306372317644394
      vertex -0.019134171618254488 -0.017677669529663688 0.042677669529663689
      vertex -0.019134171618254488 -0.025663998357966827 0.03840888783557083
    endloop
  endfacet
  facet normal -0.28900388474138677 -0.45128125957753795 0.84428785337614454
    outer loop
      vertex -0.0097545161008064096 -0.018766513875893259 0.045306372317644394
      vertex -0.019134171618254488 -0.025663998357966827 0.03840888783557083
      vertex -0.0097545161008064096 -0.027244755338790921 0.040774657842445869
    endloop
  endfacet
  facet normal -0.28900388474138677 -0.6073224059049368 0.74002449276373716
    outer loop
      vertex -0.0097545161008064096 -0.027244755338790921 0.040774657842445869
      vertex -0.019134171618254488 -0.025663998357966827 0.03840888783557083
      vertex -0.019134171618254488 -0.032664074121909414 0.032664074121909414
    endloop
  endfacet
  facet normal -0.28900388474138722 -0.60732240590493625 0.74002449276373738
    outer loop
      vertex -0.0097545161008064096 -0.027244755338790921 0.040774657842445869
      vertex -0.019134171618254488 -0.032664074121909414 0.032664074121909414
      vertex -0.0097545161008064096 -0.034675996133053687 0.034675996133053694
    endloop
  endfacet
  facet normal -0.28900388474138711 -0.74002449276373694 0.60732240590493669
    outer loop
      vertex -0.0097545161008064096 -0.034675996133053687 0.034675996133053694
      vertex -0.019134171618254488 -0.032664074121909414 0.032664074121909414
      vertex -0.019134171618254488 -0.038408887835570824 0.025663998357966837
    endloop
  endfacet
  facet normal -0.28900388474138672 -0.74002449276373738 0.60732240590493647
    outer loop
      vertex -0.0097545161008064096 -0.034675996133053687 0.034675996133053694
      vertex -0.019134171618254488 -0.038408887835570824 0.025663998357966837
      vertex -0.0097545161008064096 -0.040774657842445862 0.027244755338790932
    endloop
  endfacet
  facet normal -0.28900388474138672 -0.84428785337614431 0.45128125957753817
    outer loop
      vertex -0.0097545161008064096 -0.040774657842445862 0.027244755338790932
      vertex -0.019134171618254488 -0.038408887835570824 0.025663998357966837
      vertex -0.019134171618254488 -0.042677669529663689 0.017677669529663695
    endloop
  endfacet
  facet normal -0.28900388474138694 -0.8442878533761442 0.4512812595775384
    outer loop
      vertex -0.0097545161008064096 -0.040774657842445862 0.027244755338790932
      vertex -0.019134171618254488 -0.042677669529663689 0.017677669529663695
      vertex -0.0097545161008064096 -0.045306372317644394 0.01876651387589327
    endloop
  endfacet
  facet normal -0.289003884741387 -0.91610570526538893 0.2778976275260216
    outer loop
      vertex -0.0097545161008064096 -0.045306372317644394 0.01876651387589327
      vertex -0.019134171618254488 -0.042677669529663689 0.017677669529663695
      vertex -0.019134171618254488 -0.045306372317644394 0.0090119977750868652
    endloop
  endfacet
  facet normal -0.28900388474138666 -0.91610570526538915 0.27789762752602126
    outer loop
      vertex -0.0097545161008064096 -0.045306372317644394 0.01876651387589327
      vertex -0.019134171618254488 -0.045306372317644394 0.0090119977750868652
      vertex -0.0097545161008064096 -0.048096988312782168 0.0095670858091272612
    endloop
  endfacet
  facet normal -0.28900388474138661 -0.9527181286592834 0.093834545495464161
    outer loop
      vertex -0.0097545161008064096 -0.048096988312782168 0.0095670858091272612
      vertex -0.019134171618254488 -0.045306372317644394 0.0090119977750868652
      vertex -0.019134171618254488 -0.046193976625564341 5.6571305614385021e-18
    endloop
  endfacet
  facet normal -0.28900388474138677 -0.9527181286592834 0.0938345454954643
    outer loop
      vertex -0.0097545161008064096 -0.048096988312782168 0.0095670858091272612
      vertex -0.019134171618254488 -0.046193976625564341 5.6571305614385021e-18
      vertex -0.0097545161008064096 -0.049039264020161524 6.0055777714832774e-18
    endloop
  endfacet
  facet normal -0.28900388474138672 -0.9527181286592834 -0.093834545495464217
    outer loop
      vertex -0.0097545161008064096 -0.049039264020161524 6.0055777714832774e-18
      vertex -0.019134171618254488 -0.046193976625564341 5.6571305614385021e-18
      vertex -0.019134171618254488 -0.045306372317644394 -0.0090119977750868531
    endloop
  endfacet
  facet normal -0.28900388474138666 -0.9527181286592834 -0.093834545495464314
    outer loop
      vertex -0.0097545161008064096 -0.049039264020161524 6.0055777714832774e-18
      vertex -0.019134171618254488 -0.045306372317644394 -0.0090119977750868531
      vertex -0.0097545161008064096 -0.048096988312782168 -0.0095670858091272491
    endloop
  endfacet
  facet normal -0.28900388474138666 -0.91610570526538926 -0.27789762752602098
    outer loop
      vertex -0.0097545161008064096 -0.048096988312782168 -0.0095670858091272491
      vertex -0.019134171618254488 -0.045306372317644394 -0.0090119977750868531
      vertex -0.019134171618254488 -0.042677669529663696 -0.017677669529663684
    endloop
  endfacet
  facet normal -0.28900388474138694 -0.91610570526538915 -0.27789762752602054
    outer loop
      vertex -0.0097545161008064096 -0.048096988312782168 -0.0095670858091272491
      vertex -0.019134171618254488 -0.042677669529663696 -0.017677669529663684
      vertex -0.0097545161008064096 -0.045306372317644401 -0.018766513875893259
    endloop
  endfacet
  facet normal -0.289003884741387 -0.8442878533761442 -0.45128125957753812
    outer loop
      vertex -0.0097545161008064096 -0.045306372317644401 -0.018766513875893259
      vertex -0.019134171618254488 -0.042677669529663696 -0.017677669529663684
      vertex -0.019134171618254488 -0.03840888783557083 -0.025663998357966827
    endloop
  endfacet
  facet normal -0.28900388474138677 -0.8442878533761442 -0.4512812595775384
    outer loop
      vertex -0.0097545161008064096 -0.045306372317644401 -0.018766513875893259
      vertex -0.019134171618254488 -0.03840888783557083 -0.025663998357966827
      vertex -0.0097545161008064096 -0.040774657842445869 -0.027244755338790921
    endloop
  endfacet
  facet normal -0.28900388474138677 -0.7400244927637375 -0.60732240590493625
    outer loop
      vertex -0.0097545161008064096 -0.040774657842445869 -0.027244755338790921
      vertex -0.019134171618254488 -0.03840888783557083 -0.025663998357966827
      vertex -0.019134171618254488 -0.032664074121909421 -0.032664074121909414
    endloop
  endfacet
  facet normal -0.28900388474138677 -0.7400244927637375 -0.60732240590493636
    outer loop
      vertex -0.0097545161008064096 -0.040774657842445869 -0.027244755338790921
      vertex -0.019134171618254488 -0.032664074121909421 -0.032664074121909414
      vertex -0.0097545161008064096 -0.034675996133053694 -0.034675996133053687
    endloop
  endfacet
  facet normal -0.28900388474138672 -0.60732240590493614 -0.74002449276373772
    outer loop
      vertex -0.0097545161008064096 -0.034675996133053694 -0.034675996133053687
      vertex -0.019134171618254488 -0.032664074121909421 -0.032664074121909414
      vertex -0.019134171618254488 -0.025663998357966837 -0.038408887835570817
    endloop
  endfacet
  facet normal -0.28900388474138722 -0.60732240590493636 -0.74002449276373727
    outer loop
      vertex -0.0097545161008064096 -0.034675996133053694 -0.034675996133053687
      vertex -0.019134171618254488 -0.025663998357966837 -0.038408887835570817
      vertex -0.0097545161008064096 -0.027244755338790932 -0.040774657842445862
    endloop
  endfacet
  facet normal -0.28900388474138733 -0.45128125957753906 -0.84428785337614376
    outer loop
      vertex -0.0097545161008064096 -0.027244755338790932 -0.040774657842445862
      vertex -0.019134171618254488 -0.025663998357966837 -0.038408887835570817
      vertex -0.019134171618254488 -0.017677669529663716 -0.042677669529663682
    endloop
  endfacet
  facet normal -0.28900388474138644 -0.45128125957753823 -0.84428785337614454
    outer loop
      vertex -0.0097545161008064096 -0.027244755338790932 -0.040774657842445862
      vertex -0.019134171618254488 -0.017677669529663716 -0.042677669529663682
      vertex -0.0097545161008064096 -0.01876651387589329 -0.045306372317644381
    endloop
  endfacet
  facet normal -0.28900388474138627 -0.2778976275260211 -0.91610570526538915
    outer loop
      vertex -0.0097545161008064096 -0.01876651387589329 -0.045306372317644381
      vertex -0.019134171618254488 -0.017677669529663716 -0.042677669529663682
      vertex -0.019134171618254488 -0.0090119977750868687 -0.045306372317644387
    endloop
  endfacet
  facet normal -0.28900388474138661 -0.27789762752602143 -0.91610570526538904
    outer loop
      vertex -0.0097545161008064096 -0.01876651387589329 -0.045306372317644381
      vertex -0.019134171618254488 -0.0090119977750868687 -0.045306372317644387
      vertex -0.0097545161008064096 -0.0095670858091272647 -0.048096988312782162
    endloop
  endfacet
  facet normal -0.28900388474138672 -0.093834545495464897 -0.9527181286592834
    outer loop
      vertex -0.0097545161008064096 -0.0095670858091272647 -0.048096988312782162
      vertex -0.019134171618254488 -0.0090119977750868687 -0.045306372317644387
      vertex -0.019134171618254488 -8.4856958421577535e-18 -0.046193976625564341
    endloop
  endfacet
  facet normal -0.28900388474138672 -0.093834545495464994 -0.95271812865928329
    outer loop
      vertex -0.0097545161008064096 -0.0095670858091272647 -0.048096988312782162
      vertex -0.019134171618254488 -8.4856958421577535e-18 -0.046193976625564341
      vertex -0.0097545161008064096 -9.0083666572249157e-18 -0.049039264020161524
    endloop
  endfacet
  facet normal -0.28900388474138672 0.093834545495464203 -0.9527181286592834
    outer loop
      vertex -0.0097545161008064096 -9.0083666572249157e-18 -0.049039264020161524
      vertex -0.019134171618254488 -8.4856958421577535e-18 -0.046193976625564341
      vertex -0.019134171618254488 0.0090119977750868514 -0.045306372317644394
    endloop
  endfacet
  facet normal -0.28900388474138666 0.093834545495464328 -0.95271812865928351
    outer loop
      vertex -0.0097545161008064096 -9.0083666572249157e-18 -0.049039264020161524
      vertex -0.019134171618254488 0.0090119977750868514 -0.045306372317644394
      vertex -0.0097545161008064096 0.0095670858091272456 -0.048096988312782168
    endloop
  endfacet
  facet normal -0.28900388474138661 0.27789762752602176 -0.91610570526538904
    outer loop
      vertex -0.0097545161008064096 0.0095670858091272456 -0.048096988312782168
      vertex -0.019134171618254488 0.0090119977750868514 -0.045306372317644394
      vertex -0.019134171618254488 0.017677669529663702 -0.042677669529663682
    endloop
  endfacet
  facet normal -0.28900388474138688 0.27789762752602137 -0.91610570526538893
    outer loop
      vertex -0.0097545161008064096 0.0095670858091272456 -0.048096988312782168
      vertex -0.019134171618254488 0.017677669529663702 -0.042677669529663682
      vertex -0.0097545161008064096 0.018766513875893273 -0.045306372317644387
    endloop
  endfacet
  facet normal -0.28900388474138683 0.4512812595775379 -0.84428785337614454
    outer loop
      vertex -0.0097545161008064096 0.018766513875893273 -0.045306372317644387
      vertex -0.019134171618254488 0.017677669529663702 -0.042677669529663682
      vertex -0.019134171618254488 0.025663998357966823 -0.03840888783557083
    endloop
  endfacet
  facet normal -0.2890038847413865 0.45128125957753817 -0.84428785337614443
    outer loop
      vertex -0.0097545161008064096 0.018766513875893273 -0.045306372317644387
      vertex -0.019134171618254488 0.025663998357966823 -0.03840888783557083
      vertex -0.0097545161008064096 0.027244755338790914 -0.040774657842445869
    endloop
  endfacet
  facet normal -0.2890038847413865 0.60732240590493647 -0.74002449276373738
    outer loop
      vertex -0.0097545161008064096 0.027244755338790914 -0.040774657842445869
      vertex -0.019134171618254488 0.025663998357966823 -0.03840888783557083
      vertex -0.019134171618254488 0.032664074121909407 -0.032664074121909421
    endloop
  endfacet
  facet normal -0.28900388474138677 0.60732240590493636 -0.7400244927637375
    outer loop
      vertex -0.0097545161008064096 0.027244755338790914 -0.040774657842445869
      vertex -0.019134171618254488 0.032664074121909407 -0.032664074121909421
      vertex -0.0097545161008064096 0.03467599613305368 -0.034675996133053694
    endloop
  endfacet
  facet normal -0.28900388474138672 0.74002449276373727 -0.60732240590493658
    outer loop
      vertex -0.0097545161008064096 0.03467599613305368 -0.034675996133053694
      vertex -0.019134171618254488 0.032664074121909407 -0.032664074121909421
      vertex -0.019134171618254488 0.038408887835570817 -0.025663998357966837
    endloop
  endfacet
  facet normal -0.28900388474138716 0.74002449276373694 -0.6073224059049368
    outer loop
      vertex -0.0097545161008064096 0.03467599613305368 -0.034675996133053694
      vertex -0.019134171618254488 0.038408887835570817 -0.025663998357966837
      vertex -0.0097545161008064096 0.040774657842445862 -0.027244755338790932
    endloop
  endfacet
  facet normal -0.28900388474138733 0.84428785337614376 -0.45128125957753928
    outer loop
      vertex -0.0097545161008064096 0.040774657842445862 -0.027244755338790932
      vertex -0.019134171618254488 0.038408887835570817 -0.025663998357966837
      vertex -0.019134171618254488 0.042677669529663682 -0.017677669529663719
    endloop
  endfacet
  facet normal -0.28900388474138633 0.84428785337614431 -0.4512812595775384
    outer loop
      vertex -0.0097545161008064096 0.040774657842445862 -0.027244755338790932
      vertex -0.019134171618254488 0.042677669529663682 -0.017677669529663719
      vertex -0.0097545161008064096 0.045306372317644381 -0.018766513875893294
    endloop
  endfacet
  facet normal -0.28900388474138639 0.91610570526538937 -0.2778976275260211
    outer loop
      vertex -0.0097545161008064096 0.045306372317644381 -0.018766513875893294
      vertex -0.019134171618254488 0.042677669529663682 -0.017677669529663719
      vertex -0.019134171618254488 0.045306372317644387 -0.0090119977750868704
    endloop
  endfacet
  facet normal -0.28900388474138661 0.91610570526538904 -0.27789762752602137
    outer loop
      vertex -0.0097545161008064096 0.045306372317644381 -0.018766513875893294
      vertex -0.019134171618254488 0.045306372317644387 -0.0090119977750868704
      vertex -0.0097545161008064096 0.048096988312782162 -0.0095670858091272664
    endloop
  endfacet
  facet normal -0.28900388474138661 0.95271812865928329 -0.093834545495464758
    outer loop
      vertex -0.0097545161008064096 0.048096988312782162 -0.0095670858091272664
      vertex -0.019134171618254488 0.045306372317644387 -0.0090119977750868704
      vertex -0.019134171618254488 0.046193976625564341 0
    endloop
  endfacet
  facet normal -0.28900388474138672 0.9527181286592834 -0.093834545495464897
    outer loop
      vertex -0.0097545161008064096 0.048096988312782162 -0.0095670858091272664
      vertex -0.019134171618254488 0.046193976625564341 0
      vertex -0.0097545161008064096 0.049039264020161524 0
    endloop
  endfacet
  facet normal -0.46962840498754249 0.87861294817022917 0.086535822273060975
    outer loop
      vertex -0.019134171618254488 0.046193976625564341 0
      vertex -0.027778511650980098 0.041573480615127278 0
      vertex -0.027778511650980098 0.040774657842445876 0.0081105837205364458
    endloop
  endfacet
  facet normal -0.46962840498754232 0.87861294817022928 0.086535822273061419
    outer loop
      vertex -0.019134171618254488 0.046193976625564341 0
      vertex -0.027778511650980098 0.040774657842445876 0.0081105837205364458
      vertex -0.019134171618254488 0.045306372317644394 0.0090119977750868479
    endloop
  endfacet
  facet normal -0.46962840498754221 0.84484834530386521 0.25628194369907881
    outer loop
      vertex -0.019134171618254488 0.045306372317644394 0.0090119977750868479
      vertex -0.027778511650980098 0.040774657842445876 0.0081105837205364458
      vertex -0.027778511650980098 0.03840888783557083 0.015909482257160431
    endloop
  endfacet
  facet normal -0.46962840498754255 0.84484834530386521 0.25628194369907836
    outer loop
      vertex -0.019134171618254488 0.045306372317644394 0.0090119977750868479
      vertex -0.027778511650980098 0.03840888783557083 0.015909482257160431
      vertex -0.019134171618254488 0.042677669529663689 0.017677669529663691
    endloop
  endfacet
  facet normal -0.46962840498754255 0.77861669432388425 0.41617929375330981
    outer loop
      vertex -0.019134171618254488 0.042677669529663689 0.017677669529663691
      vertex -0.027778511650980098 0.03840888783557083 0.015909482257160431
      vertex -0.027778511650980098 0.034567085809127256 0.023096988312782177
    endloop
  endfacet
  facet normal -0.46962840498754244 0.77861669432388414 0.41617929375330998
    outer loop
      vertex -0.019134171618254488 0.042677669529663689 0.017677669529663691
      vertex -0.027778511650980098 0.034567085809127256 0.023096988312782177
      vertex -0.019134171618254488 0.038408887835570817 0.025663998357966837
    endloop
  endfacet
  facet normal -0.46962840498754238 0.68246324043430928 0.56008310694463803
    outer loop
      vertex -0.019134171618254488 0.038408887835570817 0.025663998357966837
      vertex -0.027778511650980098 0.034567085809127256 0.023096988312782177
      vertex -0.027778511650980098 0.029396890060483981 0.029396890060483977
    endloop
  endfacet
  facet normal -0.46962840498754238 0.68246324043430928 0.56008310694463803
    outer loop
      vertex -0.019134171618254488 0.038408887835570817 0.025663998357966837
      vertex -0.027778511650980098 0.029396890060483981 0.029396890060483977
      vertex -0.019134171618254488 0.032664074121909414 0.032664074121909414
    endloop
  endfacet
  facet normal -0.46962840498754249 0.56008310694463825 0.68246324043430906
    outer loop
      vertex -0.019134171618254488 0.032664074121909414 0.032664074121909414
      vertex -0.027778511650980098 0.029396890060483981 0.029396890060483977
      vertex -0.027778511650980098 0.023096988312782181 0.034567085809127256
    endloop
  endfacet
  facet normal -0.46962840498754255 0.56008310694463825 0.68246324043430906
    outer loop
      vertex -0.019134171618254488 0.032664074121909414 0.032664074121909414
      vertex -0.027778511650980098 0.023096988312782181 0.034567085809127256
      vertex -0.019134171618254488 0.025663998357966844 0.038408887835570817
    endloop
  endfacet
  facet normal -0.46962840498754255 0.41617929375330981 0.77861669432388425
    outer loop
      vertex -0.019134171618254488 0.025663998357966844 0.038408887835570817
      vertex -0.027778511650980098 0.023096988312782181 0.034567085809127256
      vertex -0.027778511650980098 0.015909482257160434 0.03840888783557083
    endloop
  endfacet
  facet normal -0.46962840498754249 0.41617929375330975 0.77861669432388436
    outer loop
      vertex -0.019134171618254488 0.025663998357966844 0.038408887835570817
      vertex -0.027778511650980098 0.015909482257160434 0.03840888783557083
      vertex -0.019134171618254488 0.017677669529663691 0.042677669529663689
    endloop
  endfacet
  facet normal -0.46962840498754249 0.25628194369907875 0.84484834530386521
    outer loop
      vertex -0.019134171618254488 0.017677669529663691 0.042677669529663689
      vertex -0.027778511650980098 0.015909482257160434 0.03840888783557083
      vertex -0.027778511650980098 0.0081105837205364493 0.040774657842445876
    endloop
  endfacet
  facet normal -0.46962840498754232 0.25628194369907853 0.84484834530386543
    outer loop
      vertex -0.019134171618254488 0.017677669529663691 0.042677669529663689
      vertex -0.027778511650980098 0.0081105837205364493 0.040774657842445876
      vertex -0.019134171618254488 0.0090119977750868531 0.045306372317644394
    endloop
  endfacet
  facet normal -0.46962840498754221 0.086535822273060989 0.8786129481702295
    outer loop
      vertex -0.019134171618254488 0.0090119977750868531 0.045306372317644394
      vertex -0.027778511650980098 0.0081105837205364493 0.040774657842445876
      vertex -0.027778511650980098 2.5456414982365079e-18 0.041573480615127278
    endloop
  endfacet
  facet normal -0.46962840498754255 0.086535822273061377 0.87861294817022917
    outer loop
      vertex -0.019134171618254488 0.0090119977750868531 0.045306372317644394
      vertex -0.027778511650980098 2.5456414982365079e-18 0.041573480615127278
      vertex -0.019134171618254488 2.828565280719251e-18 0.046193976625564341
    endloop
  endfacet
  facet normal -0.46962840498754249 -0.086535822273060961 0.87861294817022917
    outer loop
      vertex -0.019134171618254488 2.828565280719251e-18 0.046193976625564341
      vertex -0.027778511650980098 2.5456414982365079e-18 0.041573480615127278
      vertex -0.027778511650980098 -0.0081105837205364441 0.040774657842445876
    endloop
  endfacet
  facet normal -0.46962840498754216 -0.086535822273061391 0.87861294817022928
    outer loop
      vertex -0.019134171618254488 2.828565280719251e-18 0.046193976625564341
      vertex -0.027778511650980098 -0.0081105837205364441 0.040774657842445876
      vertex -0.019134171618254488 -0.0090119977750868462 0.045306372317644394
    endloop
  endfacet
  facet normal -0.46962840498754221 -0.25628194369907886 0.84484834530386532
    outer loop
      vertex -0.019134171618254488 -0.0090119977750868462 0.045306372317644394
      vertex -0.027778511650980098 -0.0081105837205364441 0.040774657842445876
      vertex -0.027778511650980098 -0.015909482257160427 0.03840888783557083
    endloop
  endfacet
  facet normal -0.46962840498754255 -0.25628194369907836 0.84484834530386521
    outer loop
      vertex -0.019134171618254488 -0.0090119977750868462 0.045306372317644394
      vertex -0.027778511650980098 -0.015909482257160427 0.03840888783557083
      vertex -0.019134171618254488 -0.017677669529663688 0.042677669529663689
    endloop
  endfacet
  facet normal -0.4696284049875426 -0.41617929375330892 0.77861669432388458
    outer loop
      vertex -0.019134171618254488 -0.017677669529663688 0.042677669529663689
      vertex -0.027778511650980098 -0.015909482257160427 0.03840888783557083
      vertex -0.027778511650980098 -0.023096988312782167 0.03456708580912727
    endloop
  endfacet
  facet normal -0.46962840498754249 -0.41617929375330925 0.77861669432388458
    outer loop
      vertex -0.019134171618254488 -0.017677669529663688 0.042677669529663689
      vertex -0.027778511650980098 -0.023096988312782167 0.03456708580912727
      vertex -0.019134171618254488 -0.025663998357966827 0.03840888783557083
    endloop
  endfacet
  facet normal -0.46962840498754238 -0.56008310694463848 0.68246324043430906
    outer loop
      vertex -0.019134171618254488 -0.025663998357966827 0.03840888783557083
      vertex -0.027778511650980098 -0.023096988312782167 0.03456708580912727
      vertex -0.027778511650980098 -0.029396890060483977 0.029396890060483981
    endloop
  endfacet
  facet normal -0.46962840498754238 -0.56008310694463836 0.68246324043430917
    outer loop
      vertex -0.019134171618254488 -0.025663998357966827 0.03840888783557083
      vertex -0.027778511650980098 -0.029396890060483977 0.029396890060483981
      vertex -0.019134171618254488 -0.032664074121909414 0.032664074121909414
    endloop
  endfacet
  facet normal -0.46962840498754249 -0.68246324043430895 0.56008310694463848
    outer loop
      vertex -0.019134171618254488 -0.032664074121909414 0.032664074121909414
      vertex -0.027778511650980098 -0.029396890060483977 0.029396890060483981
      vertex -0.027778511650980098 -0.034567085809127263 0.023096988312782177
    endloop
  endfacet
  facet normal -0.46962840498754249 -0.68246324043430917 0.56008310694463859
    outer loop
      vertex -0.019134171618254488 -0.032664074121909414 0.032664074121909414
      vertex -0.027778511650980098 -0.034567085809127263 0.023096988312782177
      vertex -0.019134171618254488 -0.038408887835570824 0.025663998357966837
    endloop
  endfacet
  facet normal -0.46962840498754255 -0.77861669432388458 0.41617929375330948
    outer loop
      vertex -0.019134171618254488 -0.038408887835570824 0.025663998357966837
      vertex -0.027778511650980098 -0.034567085809127263 0.023096988312782177
      vertex -0.027778511650980098 -0.03840888783557083 0.015909482257160434
    endloop
  endfacet
  facet normal -0.4696284049875426 -0.77861669432388436 0.41617929375330959
    outer loop
      vertex -0.019134171618254488 -0.038408887835570824 0.025663998357966837
      vertex -0.027778511650980098 -0.03840888783557083 0.015909482257160434
      vertex -0.019134171618254488 -0.042677669529663689 0.017677669529663695
    endloop
  endfacet
  facet normal -0.46962840498754244 -0.84484834530386499 0.25628194369907908
    outer loop
      vertex -0.019134171618254488 -0.042677669529663689 0.017677669529663695
      vertex -0.027778511650980098 -0.03840888783557083 0.015909482257160434
      vertex -0.027778511650980098 -0.040774657842445876 0.0081105837205364614
    endloop
  endfacet
  facet normal -0.46962840498754221 -0.84484834530386532 0.25628194369907875
    outer loop
      vertex -0.019134171618254488 -0.042677669529663689 0.017677669529663695
      vertex -0.027778511650980098 -0.040774657842445876 0.0081105837205364614
      vertex -0.019134171618254488 -0.045306372317644394 0.0090119977750868652
    endloop
  endfacet
  facet normal -0.46962840498754227 -0.8786129481702295 0.086535822273060906
    outer loop
      vertex -0.019134171618254488 -0.045306372317644394 0.0090119977750868652
      vertex -0.027778511650980098 -0.040774657842445876 0.0081105837205364614
      vertex -0.027778511650980098 -0.041573480615127278 5.0912829964730158e-18
    endloop
  endfacet
  facet normal -0.46962840498754249 -0.87861294817022917 0.086535822273061294
    outer loop
      vertex -0.019134171618254488 -0.045306372317644394 0.0090119977750868652
      vertex -0.027778511650980098 -0.041573480615127278 5.0912829964730158e-18
      vertex -0.019134171618254488 -0.046193976625564341 5.6571305614385021e-18
    endloop
  endfacet
  facet normal -0.4696284049875426 -0.87861294817022928 -0.086535822273060892
    outer loop
      vertex -0.019134171618254488 -0.046193976625564341 5.6571305614385021e-18
      vertex -0.027778511650980098 -0.041573480615127278 5.0912829964730158e-18
      vertex -0.027778511650980098 -0.040774657842445876 -0.008110583720536451
    endloop
  endfacet
  facet normal -0.46962840498754227 -0.87861294817022939 -0.086535822273061322
    outer loop
      vertex -0.019134171618254488 -0.046193976625564341 5.6571305614385021e-18
      vertex -0.027778511650980098 -0.040774657842445876 -0.008110583720536451
      vertex -0.019134171618254488 -0.045306372317644394 -0.0090119977750868531
    endloop
  endfacet
  facet normal -0.46962840498754227 -0.84484834530386554 -0.25628194369907842
    outer loop
      vertex -0.019134171618254488 -0.045306372317644394 -0.0090119977750868531
      vertex -0.027778511650980098 -0.040774657842445876 -0.008110583720536451
      vertex -0.027778511650980098 -0.038408887835570837 -0.015909482257160427
    endloop
  endfacet
  facet normal -0.46962840498754244 -0.84484834530386532 -0.25628194369907803
    outer loop
      vertex -0.019134171618254488 -0.045306372317644394 -0.0090119977750868531
      vertex -0.027778511650980098 -0.038408887835570837 -0.015909482257160427
      vertex -0.019134171618254488 -0.042677669529663696 -0.017677669529663684
    endloop
  endfacet
  facet normal -0.46962840498754255 -0.77861669432388447 -0.41617929375330953
    outer loop
      vertex -0.019134171618254488 -0.042677669529663696 -0.017677669529663684
      vertex -0.027778511650980098 -0.038408887835570837 -0.015909482257160427
      vertex -0.027778511650980098 -0.03456708580912727 -0.023096988312782167
    endloop
  endfacet
  facet normal -0.46962840498754238 -0.77861669432388436 -0.41617929375330959
    outer loop
      vertex -0.019134171618254488 -0.042677669529663696 -0.017677669529663684
      vertex -0.027778511650980098 -0.03456708580912727 -0.023096988312782167
      vertex -0.019134171618254488 -0.03840888783557083 -0.025663998357966827
    endloop
  endfacet
  facet normal -0.46962840498754244 -0.6824632404343095 -0.56008310694463792
    outer loop
      vertex -0.019134171618254488 -0.03840888783557083 -0.025663998357966827
      vertex -0.027778511650980098 -0.03456708580912727 -0.023096988312782167
      vertex -0.027778511650980098 -0.029396890060483988 -0.029396890060483977
    endloop
  endfacet
  facet normal -0.46962840498754244 -0.6824632404343095 -0.56008310694463792
    outer loop
      vertex -0.019134171618254488 -0.03840888783557083 -0.025663998357966827
      vertex -0.027778511650980098 -0.029396890060483988 -0.029396890060483977
      vertex -0.019134171618254488 -0.032664074121909421 -0.032664074121909414
    endloop
  endfacet
  facet normal -0.46962840498754249 -0.5600831069446377 -0.6824632404343095
    outer loop
      vertex -0.019134171618254488 -0.032664074121909421 -0.032664074121909414
      vertex -0.027778511650980098 -0.029396890060483988 -0.029396890060483977
      vertex -0.027778511650980098 -0.023096988312782177 -0.034567085809127256
    endloop
  endfacet
  facet normal -0.46962840498754249 -0.56008310694463781 -0.68246324043430973
    outer loop
      vertex -0.019134171618254488 -0.032664074121909421 -0.032664074121909414
      vertex -0.027778511650980098 -0.023096988312782177 -0.034567085809127256
      vertex -0.019134171618254488 -0.025663998357966837 -0.038408887835570817
    endloop
  endfacet
  facet normal -0.46962840498754249 -0.41617929375331031 -0.77861669432388403
    outer loop
      vertex -0.019134171618254488 -0.025663998357966837 -0.038408887835570817
      vertex -0.027778511650980098 -0.023096988312782177 -0.034567085809127256
      vertex -0.027778511650980098 -0.015909482257160455 -0.038408887835570824
    endloop
  endfacet
  facet normal -0.4696284049875426 -0.41617929375331048 -0.77861669432388392
    outer loop
      vertex -0.019134171618254488 -0.025663998357966837 -0.038408887835570817
      vertex -0.027778511650980098 -0.015909482257160455 -0.038408887835570824
      vertex -0.019134171618254488 -0.017677669529663716 -0.042677669529663682
    endloop
  endfacet
  facet normal -0.46962840498754255 -0.25628194369907853 -0.84484834530386532
    outer loop
      vertex -0.019134171618254488 -0.017677669529663716 -0.042677669529663682
      vertex -0.027778511650980098 -0.015909482257160455 -0.038408887835570824
      vertex -0.027778511650980098 -0.0081105837205364632 -0.040774657842445869
    endloop
  endfacet
  facet normal -0.46962840498754232 -0.25628194369907825 -0.84484834530386543
    outer loop
      vertex -0.019134171618254488 -0.017677669529663716 -0.042677669529663682
      vertex -0.027778511650980098 -0.0081105837205364632 -0.040774657842445869
      vertex -0.019134171618254488 -0.0090119977750868687 -0.045306372317644387
    endloop
  endfacet
  facet normal -0.46962840498754227 -0.086535822273061655 -0.87861294817022928
    outer loop
      vertex -0.019134171618254488 -0.0090119977750868687 -0.045306372317644387
      vertex -0.027778511650980098 -0.0081105837205364632 -0.040774657842445869
      vertex -0.027778511650980098 -7.6369244947095237e-18 -0.041573480615127278
    endloop
  endfacet
  facet normal -0.4696284049875426 -0.08653582227306196 -0.87861294817022917
    outer loop
      vertex -0.019134171618254488 -0.0090119977750868687 -0.045306372317644387
      vertex -0.027778511650980098 -7.6369244947095237e-18 -0.041573480615127278
      vertex -0.019134171618254488 -8.4856958421577535e-18 -0.046193976625564341
    endloop
  endfacet
  facet normal -0.4696284049875426 0.086535822273060892 -0.87861294817022928
    outer loop
      vertex -0.019134171618254488 -8.4856958421577535e-18 -0.046193976625564341
      vertex -0.027778511650980098 -7.6369244947095237e-18 -0.041573480615127278
      vertex -0.027778511650980098 0.0081105837205364493 -0.040774657842445876
    endloop
  endfacet
  facet normal -0.46962840498754227 0.086535822273061308 -0.87861294817022928
    outer loop
      vertex -0.019134171618254488 -8.4856958421577535e-18 -0.046193976625564341
      vertex -0.027778511650980098 0.0081105837205364493 -0.040774657842445876
      vertex -0.019134171618254488 0.0090119977750868514 -0.045306372317644394
    endloop
  endfacet
  facet normal -0.46962840498754216 0.25628194369907925 -0.84484834530386521
    outer loop
      vertex -0.019134171618254488 0.0090119977750868514 -0.045306372317644394
      vertex -0.027778511650980098 0.0081105837205364493 -0.040774657842445876
      vertex -0.027778511650980098 0.015909482257160441 -0.038408887835570824
    endloop
  endfacet
  facet normal -0.4696284049875426 0.25628194369907881 -0.84484834530386521
    outer loop
      vertex -0.019134171618254488 0.0090119977750868514 -0.045306372317644394
      vertex -0.027778511650980098 0.015909482257160441 -0.038408887835570824
      vertex -0.019134171618254488 0.017677669529663702 -0.042677669529663682
    endloop
  endfacet
  facet normal -0.4696284049875426 0.41617929375330914 -0.77861669432388458
    outer loop
      vertex -0.019134171618254488 0.017677669529663702 -0.042677669529663682
      vertex -0.027778511650980098 0.015909482257160441 -0.038408887835570824
      vertex -0.027778511650980098 0.023096988312782164 -0.03456708580912727
    endloop
  endfacet
  facet normal -0.46962840498754244 0.41617929375330942 -0.77861669432388447
    outer loop
      vertex -0.019134171618254488 0.017677669529663702 -0.042677669529663682
      vertex -0.027778511650980098 0.023096988312782164 -0.03456708580912727
      vertex -0.019134171618254488 0.025663998357966823 -0.03840888783557083
    endloop
  endfacet
  facet normal -0.46962840498754244 0.56008310694463792 -0.6824632404343095
    outer loop
      vertex -0.019134171618254488 0.025663998357966823 -0.03840888783557083
      vertex -0.027778511650980098 0.023096988312782164 -0.03456708580912727
      vertex -0.027778511650980098 0.029396890060483974 -0.029396890060483988
    endloop
  endfacet
  facet normal -0.46962840498754227 0.56008310694463814 -0.68246324043430928
    outer loop
      vertex -0.019134171618254488 0.025663998357966823 -0.03840888783557083
      vertex -0.027778511650980098 0.029396890060483974 -0.029396890060483988
      vertex -0.019134171618254488 0.032664074121909407 -0.032664074121909421
    endloop
  endfacet
  facet normal -0.46962840498754227 0.68246324043430939 -0.56008310694463792
    outer loop
      vertex -0.019134171618254488 0.032664074121909407 -0.032664074121909421
      vertex -0.027778511650980098 0.029396890060483974 -0.029396890060483988
      vertex -0.027778511650980098 0.034567085809127256 -0.023096988312782177
    endloop
  endfacet
  facet normal -0.46962840498754244 0.68246324043430928 -0.56008310694463814
    outer loop
      vertex -0.019134171618254488 0.032664074121909407 -0.032664074121909421
      vertex -0.027778511650980098 0.034567085809127256 -0.023096988312782177
      vertex -0.019134171618254488 0.038408887835570817 -0.025663998357966837
    endloop
  endfacet
  facet normal -0.46962840498754249 0.77861669432388403 -0.41617929375331031
    outer loop
      vertex -0.019134171618254488 0.038408887835570817 -0.025663998357966837
      vertex -0.027778511650980098 0.034567085809127256 -0.023096988312782177
      vertex -0.027778511650980098 0.038408887835570824 -0.015909482257160455
    endloop
  endfacet
  facet normal -0.46962840498754277 0.77861669432388381 -0.41617929375331059
    outer loop
      vertex -0.019134171618254488 0.038408887835570817 -0.025663998357966837
      vertex -0.027778511650980098 0.038408887835570824 -0.015909482257160455
      vertex -0.019134171618254488 0.042677669529663682 -0.017677669529663719
    endloop
  endfacet
  facet normal -0.4696284049875426 0.8448483453038651 -0.25628194369907864
    outer loop
      vertex -0.019134171618254488 0.042677669529663682 -0.017677669529663719
      vertex -0.027778511650980098 0.038408887835570824 -0.015909482257160455
      vertex -0.027778511650980098 0.040774657842445869 -0.0081105837205364666
    endloop
  endfacet
  facet normal -0.46962840498754227 0.84484834530386532 -0.2562819436990782
    outer loop
      vertex -0.019134171618254488 0.042677669529663682 -0.017677669529663719
      vertex -0.027778511650980098 0.040774657842445869 -0.0081105837205364666
      vertex -0.019134171618254488 0.045306372317644387 -0.0090119977750868704
    endloop
  endfacet
  facet normal -0.46962840498754221 0.87861294817022928 -0.086535822273061544
    outer loop
      vertex -0.019134171618254488 0.045306372317644387 -0.0090119977750868704
      vertex -0.027778511650980098 0.040774657842445869 -0.0081105837205364666
      vertex -0.027778511650980098 0.041573480615127278 0
    endloop
  endfacet
  facet normal -0.46962840498754244 0.87861294817022917 -0.086535822273061849
    outer loop
      vertex -0.019134171618254488 0.045306372317644387 -0.0090119977750868704
      vertex -0.027778511650980098 0.041573480615127278 0
      vertex -0.019134171618254488 0.046193976625564341 0
    endloop
  endfacet
  facet normal -0.63256260214451943 0.77077976086820144 0.075915180327208509
    outer loop
      vertex -0.027778511650980098 0.041573480615127278 0
      vertex -0.035355339059327376 0.035355339059327383 0
      vertex -0.035355339059327376 0.034675996133053694 0.0068974844820735761
    endloop
  endfacet
  facet normal -0.63256260214451943 0.77077976086820132 0.075915180327208384
    outer loop
      vertex -0.027778511650980098 0.041573480615127278 0
      vertex -0.035355339059327376 0.034675996133053694 0.0068974844820735761
      vertex -0.027778511650980098 0.040774657842445876 0.0081105837205364458
    endloop
  endfacet
  facet normal -0.63256260214451965 0.74115912691630625 0.22482816317537468
    outer loop
      vertex -0.027778511650980098 0.040774657842445876 0.0081105837205364458
      vertex -0.035355339059327376 0.034675996133053694 0.0068974844820735761
      vertex -0.035355339059327376 0.032664074121909421 0.013529902503654927
    endloop
  endfacet
  facet normal -0.63256260214451931 0.74115912691630637 0.22482816317537524
    outer loop
      vertex -0.027778511650980098 0.040774657842445876 0.0081105837205364458
      vertex -0.035355339059327376 0.032664074121909421 0.013529902503654927
      vertex -0.027778511650980098 0.03840888783557083 0.015909482257160431
    endloop
  endfacet
  facet normal -0.63256260214451943 0.68305616336384456 0.36510112579779824
    outer loop
      vertex -0.027778511650980098 0.03840888783557083 0.015909482257160431
      vertex -0.035355339059327376 0.032664074121909421 0.013529902503654927
      vertex -0.035355339059327376 0.029396890060483974 0.019642373959677557
    endloop
  endfacet
  facet normal -0.63256260214451943 0.68305616336384445 0.36510112579779813
    outer loop
      vertex -0.027778511650980098 0.03840888783557083 0.015909482257160431
      vertex -0.035355339059327376 0.029396890060483974 0.019642373959677557
      vertex -0.027778511650980098 0.034567085809127256 0.023096988312782177
    endloop
  endfacet
  facet normal -0.63256260214451931 0.59870373451561942 0.49134345690688208
    outer loop
      vertex -0.027778511650980098 0.034567085809127256 0.023096988312782177
      vertex -0.035355339059327376 0.029396890060483974 0.019642373959677557
      vertex -0.035355339059327376 0.025000000000000005 0.025000000000000001
    endloop
  endfacet
  facet normal -0.63256260214451943 0.59870373451561953 0.49134345690688169
    outer loop
      vertex -0.027778511650980098 0.034567085809127256 0.023096988312782177
      vertex -0.035355339059327376 0.025000000000000005 0.025000000000000001
      vertex -0.027778511650980098 0.029396890060483981 0.029396890060483977
    endloop
  endfacet
  facet normal -0.63256260214451965 0.49134345690688219 0.5987037345156192
    outer loop
      vertex -0.027778511650980098 0.029396890060483981 0.029396890060483977
      vertex -0.035355339059327376 0.025000000000000005 0.025000000000000001
      vertex -0.035355339059327376 0.019642373959677561 0.029396890060483974
    endloop
  endfacet
  facet normal -0.63256260214451931 0.49134345690688214 0.59870373451561965
    outer loop
      vertex -0.027778511650980098 0.029396890060483981 0.029396890060483977
      vertex -0.035355339059327376 0.019642373959677561 0.029396890060483974
      vertex -0.027778511650980098 0.023096988312782181 0.034567085809127256
    endloop
  endfacet
  facet normal -0.63256260214451943 0.36510112579779824 0.68305616336384456
    outer loop
      vertex -0.027778511650980098 0.023096988312782181 0.034567085809127256
      vertex -0.035355339059327376 0.019642373959677561 0.029396890060483974
      vertex -0.035355339059327376 0.01352990250365493 0.032664074121909421
    endloop
  endfacet
  facet normal -0.6325626021445192 0.36510112579779813 0.68305616336384445
    outer loop
      vertex -0.027778511650980098 0.023096988312782181 0.034567085809127256
      vertex -0.035355339059327376 0.01352990250365493 0.032664074121909421
      vertex -0.027778511650980098 0.015909482257160434 0.03840888783557083
    endloop
  endfacet
  facet normal -0.6325626021445192 0.22482816317537468 0.74115912691630648
    outer loop
      vertex -0.027778511650980098 0.015909482257160434 0.03840888783557083
      vertex -0.035355339059327376 0.01352990250365493 0.032664074121909421
      vertex -0.035355339059327376 0.0068974844820735787 0.034675996133053694
    endloop
  endfacet
  facet normal -0.63256260214451954 0.22482816317537518 0.74115912691630603
    outer loop
      vertex -0.027778511650980098 0.015909482257160434 0.03840888783557083
      vertex -0.035355339059327376 0.0068974844820735787 0.034675996133053694
      vertex -0.027778511650980098 0.0081105837205364493 0.040774657842445876
    endloop
  endfacet
  facet normal -0.63256260214451954 0.075915180327208495 0.77077976086820121
    outer loop
      vertex -0.027778511650980098 0.0081105837205364493 0.040774657842445876
      vertex -0.035355339059327376 0.0068974844820735787 0.034675996133053694
      vertex -0.035355339059327376 2.1648901405887338e-18 0.035355339059327383
    endloop
  endfacet
  facet normal -0.63256260214451943 0.075915180327208384 0.77077976086820132
    outer loop
      vertex -0.027778511650980098 0.0081105837205364493 0.040774657842445876
      vertex -0.035355339059327376 2.1648901405887338e-18 0.035355339059327383
      vertex -0.027778511650980098 2.5456414982365079e-18 0.041573480615127278
    endloop
  endfacet
  facet normal -0.63256260214451943 -0.075915180327208509 0.77077976086820144
    outer loop
      vertex -0.027778511650980098 2.5456414982365079e-18 0.041573480615127278
      vertex -0.035355339059327376 2.1648901405887338e-18 0.035355339059327383
      vertex -0.035355339059327376 -0.0068974844820735735 0.034675996133053694
    endloop
  endfacet
  facet normal -0.63256260214451943 -0.075915180327208384 0.77077976086820132
    outer loop
      vertex -0.027778511650980098 2.5456414982365079e-18 0.041573480615127278
      vertex -0.035355339059327376 -0.0068974844820735735 0.034675996133053694
      vertex -0.027778511650980098 -0.0081105837205364441 0.040774657842445876
    endloop
  endfacet
  facet normal -0.63256260214451965 -0.22482816317537463 0.74115912691630614
    outer loop
      vertex -0.027778511650980098 -0.0081105837205364441 0.040774657842445876
      vertex -0.035355339059327376 -0.0068974844820735735 0.034675996133053694
      vertex -0.035355339059327376 -0.013529902503654925 0.032664074121909421
    endloop
  endfacet
  facet normal -0.6325626021445192 -0.2248281631753753 0.74115912691630625
    outer loop
      vertex -0.027778511650980098 -0.0081105837205364441 0.040774657842445876
      vertex -0.035355339059327376 -0.013529902503654925 0.032664074121909421
      vertex -0.027778511650980098 -0.015909482257160427 0.03840888783557083
    endloop
  endfacet
  facet normal -0.6325626021445192 -0.3651011257977978 0.68305616336384456
    outer loop
      vertex -0.027778511650980098 -0.015909482257160427 0.03840888783557083
      vertex -0.035355339059327376 -0.013529902503654925 0.032664074121909421
      vertex -0.035355339059327376 -0.01964237395967755 0.029396890060483981
    endloop
  endfacet
  facet normal -0.63256260214451954 -0.3651011257977973 0.68305616336384467
    outer loop
      vertex -0.027778511650980098 -0.015909482257160427 0.03840888783557083
      vertex -0.035355339059327376 -0.01964237395967755 0.029396890060483981
      vertex -0.027778511650980098 -0.023096988312782167 0.03456708580912727
    endloop
  endfacet
  facet normal -0.63256260214451954 -0.49134345690688208 0.59870373451561931
    outer loop
      vertex -0.027778511650980098 -0.023096988312782167 0.03456708580912727
      vertex -0.035355339059327376 -0.01964237395967755 0.029396890060483981
      vertex -0.035355339059327376 -0.025000000000000001 0.025000000000000005
    endloop
  endfacet
  facet normal -0.63256260214451965 -0.49134345690688203 0.59870373451561931
    outer loop
      vertex -0.027778511650980098 -0.023096988312782167 0.03456708580912727
      vertex -0.035355339059327376 -0.025000000000000001 0.025000000000000005
      vertex -0.027778511650980098 -0.029396890060483977 0.029396890060483981
    endloop
  endfacet
  facet normal -0.63256260214451965 -0.5987037345156192 0.4913434569068823
    outer loop
      vertex -0.027778511650980098 -0.029396890060483977 0.029396890060483981
      vertex -0.035355339059327376 -0.025000000000000001 0.025000000000000005
      vertex -0.035355339059327376 -0.029396890060483977 0.019642373959677557
    endloop
  endfacet
  facet normal -0.63256260214451954 -0.59870373451561931 0.49134345690688219
    outer loop
      vertex -0.027778511650980098 -0.029396890060483977 0.029396890060483981
      vertex -0.035355339059327376 -0.029396890060483977 0.019642373959677557
      vertex -0.027778511650980098 -0.034567085809127263 0.023096988312782177
    endloop
  endfacet
  facet normal -0.63256260214451954 -0.68305616336384434 0.36510112579779802
    outer loop
      vertex -0.027778511650980098 -0.034567085809127263 0.023096988312782177
      vertex -0.035355339059327376 -0.029396890060483977 0.019642373959677557
      vertex -0.035355339059327376 -0.032664074121909421 0.013529902503654932
    endloop
  endfacet
  facet normal -0.63256260214451931 -0.68305616336384467 0.3651011257977978
    outer loop
      vertex -0.027778511650980098 -0.034567085809127263 0.023096988312782177
      vertex -0.035355339059327376 -0.032664074121909421 0.013529902503654932
      vertex -0.027778511650980098 -0.03840888783557083 0.015909482257160434
    endloop
  endfacet
  facet normal -0.6325626021445192 -0.74115912691630637 0.22482816317537496
    outer loop
      vertex -0.027778511650980098 -0.03840888783557083 0.015909482257160434
      vertex -0.035355339059327376 -0.032664074121909421 0.013529902503654932
      vertex -0.035355339059327376 -0.034675996133053694 0.0068974844820735882
    endloop
  endfacet
  facet normal -0.63256260214451954 -0.74115912691630592 0.22482816317537549
    outer loop
      vertex -0.027778511650980098 -0.03840888783557083 0.015909482257160434
      vertex -0.035355339059327376 -0.034675996133053694 0.0068974844820735882
      vertex -0.027778511650980098 -0.040774657842445876 0.0081105837205364614
    endloop
  endfacet
  facet normal -0.63256260214451965 -0.77077976086820144 0.075915180327208412
    outer loop
      vertex -0.027778511650980098 -0.040774657842445876 0.0081105837205364614
      vertex -0.035355339059327376 -0.034675996133053694 0.0068974844820735882
      vertex -0.035355339059327376 -0.035355339059327383 4.3297802811774677e-18
    endloop
  endfacet
  facet normal -0.63256260214451954 -0.77077976086820132 0.075915180327208301
    outer loop
      vertex -0.027778511650980098 -0.040774657842445876 0.0081105837205364614
      vertex -0.035355339059327376 -0.035355339059327383 4.3297802811774677e-18
      vertex -0.027778511650980098 -0.041573480615127278 5.0912829964730158e-18
    endloop
  endfacet
  facet normal -0.63256260214451954 -0.77077976086820144 -0.075915180327208426
    outer loop
      vertex -0.027778511650980098 -0.041573480615127278 5.0912829964730158e-18
      vertex -0.035355339059327376 -0.035355339059327383 4.3297802811774677e-18
      vertex -0.035355339059327376 -0.034675996133053694 -0.0068974844820735796
    endloop
  endfacet
  facet normal -0.63256260214451965 -0.77077976086820132 -0.075915180327208301
    outer loop
      vertex -0.027778511650980098 -0.041573480615127278 5.0912829964730158e-18
      vertex -0.035355339059327376 -0.034675996133053694 -0.0068974844820735796
      vertex -0.027778511650980098 -0.040774657842445876 -0.008110583720536451
    endloop
  endfacet
  facet normal -0.63256260214451965 -0.74115912691630625 -0.22482816317537491
    outer loop
      vertex -0.027778511650980098 -0.040774657842445876 -0.008110583720536451
      vertex -0.035355339059327376 -0.034675996133053694 -0.0068974844820735796
      vertex -0.035355339059327376 -0.032664074121909421 -0.013529902503654923
    endloop
  endfacet
  facet normal -0.63256260214451976 -0.74115912691630614 -0.2248281631753748
    outer loop
      vertex -0.027778511650980098 -0.040774657842445876 -0.008110583720536451
      vertex -0.035355339059327376 -0.032664074121909421 -0.013529902503654923
      vertex -0.027778511650980098 -0.038408887835570837 -0.015909482257160427
    endloop
  endfacet
  facet normal -0.63256260214451965 -0.68305616336384434 -0.36510112579779758
    outer loop
      vertex -0.027778511650980098 -0.038408887835570837 -0.015909482257160427
      vertex -0.035355339059327376 -0.032664074121909421 -0.013529902503654923
      vertex -0.035355339059327376 -0.029396890060483981 -0.01964237395967755
    endloop
  endfacet
  facet normal -0.63256260214451965 -0.68305616336384434 -0.3651011257977978
    outer loop
      vertex -0.027778511650980098 -0.038408887835570837 -0.015909482257160427
      vertex -0.035355339059327376 -0.029396890060483981 -0.01964237395967755
      vertex -0.027778511650980098 -0.03456708580912727 -0.023096988312782167
    endloop
  endfacet
  facet normal -0.63256260214451954 -0.59870373451561965 -0.4913434569068818
    outer loop
      vertex -0.027778511650980098 -0.03456708580912727 -0.023096988312782167
      vertex -0.035355339059327376 -0.029396890060483981 -0.01964237395967755
      vertex -0.035355339059327376 -0.025000000000000012 -0.025000000000000001
    endloop
  endfacet
  facet normal -0.63256260214451954 -0.59870373451561965 -0.49134345690688169
    outer loop
      vertex -0.027778511650980098 -0.03456708580912727 -0.023096988312782167
      vertex -0.035355339059327376 -0.025000000000000012 -0.025000000000000001
      vertex -0.027778511650980098 -0.029396890060483988 -0.029396890060483977
    endloop
  endfacet
  facet normal -0.63256260214451954 -0.49134345690688158 -0.59870373451561965
    outer loop
      vertex -0.027778511650980098 -0.029396890060483988 -0.029396890060483977
      vertex -0.035355339059327376 -0.025000000000000012 -0.025000000000000001
      vertex -0.035355339059327376 -0.019642373959677557 -0.029396890060483974
    endloop
  endfacet
  facet normal -0.63256260214451943 -0.49134345690688164 -0.59870373451561998
    outer loop
      vertex -0.027778511650980098 -0.029396890060483988 -0.029396890060483977
      vertex -0.035355339059327376 -0.019642373959677557 -0.029396890060483974
      vertex -0.027778511650980098 -0.023096988312782177 -0.034567085809127256
    endloop
  endfacet
  facet normal -0.63256260214451931 -0.36510112579779808 -0.68305616336384456
    outer loop
      vertex -0.027778511650980098 -0.023096988312782177 -0.034567085809127256
      vertex -0.035355339059327376 -0.019642373959677557 -0.029396890060483974
      vertex -0.035355339059327376 -0.013529902503654948 -0.032664074121909407
    endloop
  endfacet
  facet normal -0.63256260214451976 -0.36510112579779841 -0.68305616336384389
    outer loop
      vertex -0.027778511650980098 -0.023096988312782177 -0.034567085809127256
      vertex -0.035355339059327376 -0.013529902503654948 -0.032664074121909407
      vertex -0.027778511650980098 -0.015909482257160455 -0.038408887835570824
    endloop
  endfacet
  facet normal -0.63256260214451965 -0.22482816317537516 -0.74115912691630592
    outer loop
      vertex -0.027778511650980098 -0.015909482257160455 -0.038408887835570824
      vertex -0.035355339059327376 -0.013529902503654948 -0.032664074121909407
      vertex -0.035355339059327376 -0.0068974844820735908 -0.034675996133053687
    endloop
  endfacet
  facet normal -0.63256260214451954 -0.22482816317537499 -0.74115912691630614
    outer loop
      vertex -0.027778511650980098 -0.015909482257160455 -0.038408887835570824
      vertex -0.035355339059327376 -0.0068974844820735908 -0.034675996133053687
      vertex -0.027778511650980098 -0.0081105837205364632 -0.040774657842445869
    endloop
  endfacet
  facet normal -0.63256260214451965 -0.075915180327209217 -0.77077976086820132
    outer loop
      vertex -0.027778511650980098 -0.0081105837205364632 -0.040774657842445869
      vertex -0.035355339059327376 -0.0068974844820735908 -0.034675996133053687
      vertex -0.035355339059327376 -6.4946704217662007e-18 -0.035355339059327383
    endloop
  endfacet
  facet normal -0.63256260214451954 -0.075915180327208967 -0.77077976086820132
    outer loop
      vertex -0.027778511650980098 -0.0081105837205364632 -0.040774657842445869
      vertex -0.035355339059327376 -6.4946704217662007e-18 -0.035355339059327383
      vertex -0.027778511650980098 -7.6369244947095237e-18 -0.041573480615127278
    endloop
  endfacet
  facet normal -0.63256260214451954 0.075915180327208412 -0.77077976086820144
    outer loop
      vertex -0.027778511650980098 -7.6369244947095237e-18 -0.041573480615127278
      vertex -0.035355339059327376 -6.4946704217662007e-18 -0.035355339059327383
      vertex -0.035355339059327376 0.0068974844820735778 -0.034675996133053694
    endloop
  endfacet
  facet normal -0.63256260214451965 0.075915180327208301 -0.77077976086820132
    outer loop
      vertex -0.027778511650980098 -7.6369244947095237e-18 -0.041573480615127278
      vertex -0.035355339059327376 0.0068974844820735778 -0.034675996133053694
      vertex -0.027778511650980098 0.0081105837205364493 -0.040774657842445876
    endloop
  endfacet
  facet normal -0.63256260214451954 0.22482816317537516 -0.74115912691630603
    outer loop
      vertex -0.027778511650980098 0.0081105837205364493 -0.040774657842445876
      vertex -0.035355339059327376 0.0068974844820735778 -0.034675996133053694
      vertex -0.035355339059327376 0.013529902503654935 -0.032664074121909414
    endloop
  endfacet
  facet normal -0.63256260214451931 0.22482816317537566 -0.74115912691630614
    outer loop
      vertex -0.027778511650980098 0.0081105837205364493 -0.040774657842445876
      vertex -0.035355339059327376 0.013529902503654935 -0.032664074121909414
      vertex -0.027778511650980098 0.015909482257160441 -0.038408887835570824
    endloop
  endfacet
  facet normal -0.63256260214451943 0.36510112579779802 -0.68305616336384456
    outer loop
      vertex -0.027778511650980098 0.015909482257160441 -0.038408887835570824
      vertex -0.035355339059327376 0.013529902503654935 -0.032664074121909414
      vertex -0.035355339059327376 0.019642373959677543 -0.029396890060483981
    endloop
  endfacet
  facet normal -0.63256260214451965 0.36510112579779741 -0.68305616336384445
    outer loop
      vertex -0.027778511650980098 0.015909482257160441 -0.038408887835570824
      vertex -0.035355339059327376 0.019642373959677543 -0.029396890060483981
      vertex -0.027778511650980098 0.023096988312782164 -0.03456708580912727
    endloop
  endfacet
  facet normal -0.63256260214451965 0.49134345690688147 -0.59870373451561976
    outer loop
      vertex -0.027778511650980098 0.023096988312782164 -0.03456708580912727
      vertex -0.035355339059327376 0.019642373959677543 -0.029396890060483981
      vertex -0.035355339059327376 0.024999999999999998 -0.025000000000000012
    endloop
  endfacet
  facet normal -0.63256260214451954 0.49134345690688169 -0.59870373451561965
    outer loop
      vertex -0.027778511650980098 0.023096988312782164 -0.03456708580912727
      vertex -0.035355339059327376 0.024999999999999998 -0.025000000000000012
      vertex -0.027778511650980098 0.029396890060483974 -0.029396890060483988
    endloop
  endfacet
  facet normal -0.63256260214451954 0.59870373451561942 -0.4913434569068818
    outer loop
      vertex -0.027778511650980098 0.029396890060483974 -0.029396890060483988
      vertex -0.035355339059327376 0.024999999999999998 -0.025000000000000012
      vertex -0.035355339059327376 0.029396890060483974 -0.019642373959677557
    endloop
  endfacet
  facet normal -0.63256260214451931 0.59870373451561976 -0.4913434569068818
    outer loop
      vertex -0.027778511650980098 0.029396890060483974 -0.029396890060483988
      vertex -0.035355339059327376 0.029396890060483974 -0.019642373959677557
      vertex -0.027778511650980098 0.034567085809127256 -0.023096988312782177
    endloop
  endfacet
  facet normal -0.63256260214451943 0.68305616336384456 -0.36510112579779813
    outer loop
      vertex -0.027778511650980098 0.034567085809127256 -0.023096988312782177
      vertex -0.035355339059327376 0.029396890060483974 -0.019642373959677557
      vertex -0.035355339059327376 0.032664074121909407 -0.013529902503654949
    endloop
  endfacet
  facet normal -0.63256260214451965 0.68305616336384389 -0.36510112579779841
    outer loop
      vertex -0.027778511650980098 0.034567085809127256 -0.023096988312782177
      vertex -0.035355339059327376 0.032664074121909407 -0.013529902503654949
      vertex -0.027778511650980098 0.038408887835570824 -0.015909482257160455
    endloop
  endfacet
  facet normal -0.63256260214451965 0.74115912691630592 -0.22482816317537513
    outer loop
      vertex -0.027778511650980098 0.038408887835570824 -0.015909482257160455
      vertex -0.035355339059327376 0.032664074121909407 -0.013529902503654949
      vertex -0.035355339059327376 0.034675996133053687 -0.0068974844820735926
    endloop
  endfacet
  facet normal -0.63256260214451965 0.74115912691630603 -0.22482816317537507
    outer loop
      vertex -0.027778511650980098 0.038408887835570824 -0.015909482257160455
      vertex -0.035355339059327376 0.034675996133053687 -0.0068974844820735926
      vertex -0.027778511650980098 0.040774657842445869 -0.0081105837205364666
    endloop
  endfacet
  facet normal -0.63256260214451965 0.77077976086820121 -0.075915180327209106
    outer loop
      vertex -0.027778511650980098 0.040774657842445869 -0.0081105837205364666
      vertex -0.035355339059327376 0.034675996133053687 -0.0068974844820735926
      vertex -0.035355339059327376 0.035355339059327383 0
    endloop
  endfacet
  facet normal -0.63256260214451943 0.77077976086820132 -0.075915180327208856
    outer loop
      vertex -0.027778511650980098 0.040774657842445869 -0.0081105837205364666
      vertex -0.035355339059327376 0.035355339059327383 0
      vertex -0.027778511650980098 0.041573480615127278 0
    endloop
  endfacet
  facet normal -0.77150592693856135 0.63315855123708376 0.062360674258929522
    outer loop
      vertex -0.035355339059327376 0.035355339059327383 0
      vertex -0.041573480615127271 0.027778511650980109 0
      vertex -0.041573480615127271 0.027244755338790928 0.00541931878311848
    endloop
  endfacet
  facet normal -0.77150592693856157 0.63315855123708353 0.062360674258929293
    outer loop
      vertex -0.035355339059327376 0.035355339059327383 0
      vertex -0.041573480615127271 0.027244755338790928 0.00541931878311848
      vertex -0.035355339059327376 0.034675996133053694 0.0068974844820735761
    endloop
  endfacet
  facet normal -0.77150592693856157 0.60882662319244885 0.18468553703728649
    outer loop
      vertex -0.035355339059327376 0.034675996133053694 0.0068974844820735761
      vertex -0.041573480615127271 0.027244755338790928 0.00541931878311848
      vertex -0.041573480615127271 0.025663998357966834 0.010630376184590704
    endloop
  endfacet
  facet normal -0.77150592693856157 0.60882662319244862 0.18468553703728624
    outer loop
      vertex -0.035355339059327376 0.034675996133053694 0.0068974844820735761
      vertex -0.041573480615127271 0.025663998357966834 0.010630376184590704
      vertex -0.035355339059327376 0.032664074121909421 0.013529902503654927
    endloop
  endfacet
  facet normal -0.77150592693856157 0.56109782945243203 0.29991303820014281
    outer loop
      vertex -0.035355339059327376 0.032664074121909421 0.013529902503654927
      vertex -0.041573480615127271 0.025663998357966834 0.010630376184590704
      vertex -0.041573480615127271 0.023096988312782167 0.015432914190872752
    endloop
  endfacet
  facet normal -0.77150592693856157 0.56109782945243192 0.29991303820014314
    outer loop
      vertex -0.035355339059327376 0.032664074121909421 0.013529902503654927
      vertex -0.041573480615127271 0.023096988312782167 0.015432914190872752
      vertex -0.035355339059327376 0.029396890060483974 0.019642373959677557
    endloop
  endfacet
  facet normal -0.77150592693856157 0.49180636079384626 0.40361504949813748
    outer loop
      vertex -0.035355339059327376 0.029396890060483974 0.019642373959677557
      vertex -0.041573480615127271 0.023096988312782167 0.015432914190872752
      vertex -0.041573480615127271 0.019642373959677554 0.01964237395967755
    endloop
  endfacet
  facet normal -0.77150592693856146 0.49180636079384621 0.40361504949813776
    outer loop
      vertex -0.035355339059327376 0.029396890060483974 0.019642373959677557
      vertex -0.041573480615127271 0.019642373959677554 0.01964237395967755
      vertex -0.035355339059327376 0.025000000000000005 0.025000000000000001
    endloop
  endfacet
  facet normal -0.77150592693856146 0.40361504949813787 0.49180636079384626
    outer loop
      vertex -0.035355339059327376 0.025000000000000005 0.025000000000000001
      vertex -0.041573480615127271 0.019642373959677554 0.01964237395967755
      vertex -0.041573480615127271 0.015432914190872756 0.023096988312782167
    endloop
  endfacet
  facet normal -0.77150592693856157 0.40361504949813798 0.4918063607938461
    outer loop
      vertex -0.035355339059327376 0.025000000000000005 0.025000000000000001
      vertex -0.041573480615127271 0.015432914190872756 0.023096988312782167
      vertex -0.035355339059327376 0.019642373959677561 0.029396890060483974
    endloop
  endfacet
  facet normal -0.77150592693856157 0.29991303820014287 0.56109782945243214
    outer loop
      vertex -0.035355339059327376 0.019642373959677561 0.029396890060483974
      vertex -0.041573480615127271 0.015432914190872756 0.023096988312782167
      vertex -0.041573480615127271 0.010630376184590706 0.025663998357966834
    endloop
  endfacet
  facet normal -0.77150592693856168 0.29991303820014309 0.56109782945243181
    outer loop
      vertex -0.035355339059327376 0.019642373959677561 0.029396890060483974
      vertex -0.041573480615127271 0.010630376184590706 0.025663998357966834
      vertex -0.035355339059327376 0.01352990250365493 0.032664074121909421
    endloop
  endfacet
  facet normal -0.77150592693856168 0.18468553703728638 0.60882662319244873
    outer loop
      vertex -0.035355339059327376 0.01352990250365493 0.032664074121909421
      vertex -0.041573480615127271 0.010630376184590706 0.025663998357966834
      vertex -0.041573480615127271 0.0054193187831184817 0.027244755338790928
    endloop
  endfacet
  facet normal -0.77150592693856157 0.1846855370372863 0.60882662319244885
    outer loop
      vertex -0.035355339059327376 0.01352990250365493 0.032664074121909421
      vertex -0.041573480615127271 0.0054193187831184817 0.027244755338790928
      vertex -0.035355339059327376 0.0068974844820735787 0.034675996133053694
    endloop
  endfacet
  facet normal -0.77150592693856157 0.062360674258929501 0.63315855123708353
    outer loop
      vertex -0.035355339059327376 0.0068974844820735787 0.034675996133053694
      vertex -0.041573480615127271 0.0054193187831184817 0.027244755338790928
      vertex -0.041573480615127271 1.7009432689225125e-18 0.027778511650980109
    endloop
  endfacet
  facet normal -0.77150592693856157 0.062360674258929299 0.63315855123708376
    outer loop
      vertex -0.035355339059327376 0.0068974844820735787 0.034675996133053694
      vertex -0.041573480615127271 1.7009432689225125e-18 0.027778511650980109
      vertex -0.035355339059327376 2.1648901405887338e-18 0.035355339059327383
    endloop
  endfacet
  facet normal -0.77150592693856135 -0.062360674258929528 0.63315855123708376
    outer loop
      vertex -0.035355339059327376 2.1648901405887338e-18 0.035355339059327383
      vertex -0.041573480615127271 1.7009432689225125e-18 0.027778511650980109
      vertex -0.041573480615127271 -0.0054193187831184783 0.027244755338790928
    endloop
  endfacet
  facet normal -0.77150592693856157 -0.062360674258929299 0.63315855123708353
    outer loop
      vertex -0.035355339059327376 2.1648901405887338e-18 0.035355339059327383
      vertex -0.041573480615127271 -0.0054193187831184783 0.027244755338790928
      vertex -0.035355339059327376 -0.0068974844820735735 0.034675996133053694
    endloop
  endfacet
  facet normal -0.77150592693856157 -0.18468553703728646 0.60882662319244885
    outer loop
      vertex -0.035355339059327376 -0.0068974844820735735 0.034675996133053694
      vertex -0.041573480615127271 -0.0054193187831184783 0.027244755338790928
      vertex -0.041573480615127271 -0.010630376184590704 0.025663998357966834
    endloop
  endfacet
  facet normal -0.77150592693856157 -0.18468553703728624 0.60882662319244873
    outer loop
      vertex -0.035355339059327376 -0.0068974844820735735 0.034675996133053694
      vertex -0.041573480615127271 -0.010630376184590704 0.025663998357966834
      vertex -0.035355339059327376 -0.013529902503654925 0.032664074121909421
    endloop
  endfacet
  facet normal -0.77150592693856168 -0.29991303820014248 0.56109782945243225
    outer loop
      vertex -0.035355339059327376 -0.013529902503654925 0.032664074121909421
      vertex -0.041573480615127271 -0.010630376184590704 0.025663998357966834
      vertex -0.041573480615127271 -0.015432914190872747 0.023096988312782174
    endloop
  endfacet
  facet normal -0.77150592693856157 -0.29991303820014287 0.56109782945243214
    outer loop
      vertex -0.035355339059327376 -0.013529902503654925 0.032664074121909421
      vertex -0.041573480615127271 -0.015432914190872747 0.023096988312782174
      vertex -0.035355339059327376 -0.01964237395967755 0.029396890060483981
    endloop
  endfacet
  facet normal -0.77150592693856146 -0.40361504949813776 0.49180636079384615
    outer loop
      vertex -0.035355339059327376 -0.01964237395967755 0.029396890060483981
      vertex -0.041573480615127271 -0.015432914190872747 0.023096988312782174
      vertex -0.041573480615127271 -0.01964237395967755 0.019642373959677554
    endloop
  endfacet
  facet normal -0.77150592693856146 -0.40361504949813787 0.4918063607938461
    outer loop
      vertex -0.035355339059327376 -0.01964237395967755 0.029396890060483981
      vertex -0.041573480615127271 -0.01964237395967755 0.019642373959677554
      vertex -0.035355339059327376 -0.025000000000000001 0.025000000000000005
    endloop
  endfacet
  facet normal -0.77150592693856146 -0.49180636079384615 0.40361504949813787
    outer loop
      vertex -0.035355339059327376 -0.025000000000000001 0.025000000000000005
      vertex -0.041573480615127271 -0.01964237395967755 0.019642373959677554
      vertex -0.041573480615127271 -0.023096988312782171 0.015432914190872752
    endloop
  endfacet
  facet normal -0.77150592693856168 -0.49180636079384599 0.40361504949813803
    outer loop
      vertex -0.035355339059327376 -0.025000000000000001 0.025000000000000005
      vertex -0.041573480615127271 -0.023096988312782171 0.015432914190872752
      vertex -0.035355339059327376 -0.029396890060483977 0.019642373959677557
    endloop
  endfacet
  facet normal -0.77150592693856135 -0.56109782945243214 0.29991303820014276
    outer loop
      vertex -0.035355339059327376 -0.029396890060483977 0.019642373959677557
      vertex -0.041573480615127271 -0.023096988312782171 0.015432914190872752
      vertex -0.041573480615127271 -0.025663998357966834 0.010630376184590708
    endloop
  endfacet
  facet normal -0.77150592693856168 -0.56109782945243181 0.29991303820014298
    outer loop
      vertex -0.035355339059327376 -0.029396890060483977 0.019642373959677557
      vertex -0.041573480615127271 -0.025663998357966834 0.010630376184590708
      vertex -0.035355339059327376 -0.032664074121909421 0.013529902503654932
    endloop
  endfacet
  facet normal -0.77150592693856168 -0.60882662319244862 0.18468553703728655
    outer loop
      vertex -0.035355339059327376 -0.032664074121909421 0.013529902503654932
      vertex -0.041573480615127271 -0.025663998357966834 0.010630376184590708
      vertex -0.041573480615127271 -0.027244755338790928 0.0054193187831184896
    endloop
  endfacet
  facet normal -0.77150592693856168 -0.60882662319244873 0.18468553703728646
    outer loop
      vertex -0.035355339059327376 -0.032664074121909421 0.013529902503654932
      vertex -0.041573480615127271 -0.027244755338790928 0.0054193187831184896
      vertex -0.035355339059327376 -0.034675996133053694 0.0068974844820735882
    endloop
  endfacet
  facet normal -0.77150592693856157 -0.63315855123708353 0.062360674258929438
    outer loop
      vertex -0.035355339059327376 -0.034675996133053694 0.0068974844820735882
      vertex -0.041573480615127271 -0.027244755338790928 0.0054193187831184896
      vertex -0.041573480615127271 -0.027778511650980109 3.4018865378450249e-18
    endloop
  endfacet
  facet normal -0.77150592693856146 -0.63315855123708364 0.06236067425892923
    outer loop
      vertex -0.035355339059327376 -0.034675996133053694 0.0068974844820735882
      vertex -0.041573480615127271 -0.027778511650980109 3.4018865378450249e-18
      vertex -0.035355339059327376 -0.035355339059327383 4.3297802811774677e-18
    endloop
  endfacet
  facet normal -0.77150592693856146 -0.63315855123708364 -0.062360674258929459
    outer loop
      vertex -0.035355339059327376 -0.035355339059327383 4.3297802811774677e-18
      vertex -0.041573480615127271 -0.027778511650980109 3.4018865378450249e-18
      vertex -0.041573480615127271 -0.027244755338790928 -0.0054193187831184826
    endloop
  endfacet
  facet normal -0.77150592693856146 -0.63315855123708353 -0.062360674258929216
    outer loop
      vertex -0.035355339059327376 -0.035355339059327383 4.3297802811774677e-18
      vertex -0.041573480615127271 -0.027244755338790928 -0.0054193187831184826
      vertex -0.035355339059327376 -0.034675996133053694 -0.0068974844820735796
    endloop
  endfacet
  facet normal -0.77150592693856157 -0.60882662319244873 -0.18468553703728627
    outer loop
      vertex -0.035355339059327376 -0.034675996133053694 -0.0068974844820735796
      vertex -0.041573480615127271 -0.027244755338790928 -0.0054193187831184826
      vertex -0.041573480615127271 -0.025663998357966837 -0.010630376184590703
    endloop
  endfacet
  facet normal -0.77150592693856157 -0.60882662319244885 -0.18468553703728652
    outer loop
      vertex -0.035355339059327376 -0.034675996133053694 -0.0068974844820735796
      vertex -0.041573480615127271 -0.025663998357966837 -0.010630376184590703
      vertex -0.035355339059327376 -0.032664074121909421 -0.013529902503654923
    endloop
  endfacet
  facet normal -0.77150592693856146 -0.56109782945243225 -0.29991303820014276
    outer loop
      vertex -0.035355339059327376 -0.032664074121909421 -0.013529902503654923
      vertex -0.041573480615127271 -0.025663998357966837 -0.010630376184590703
      vertex -0.041573480615127271 -0.023096988312782174 -0.015432914190872747
    endloop
  endfacet
  facet normal -0.77150592693856146 -0.56109782945243225 -0.29991303820014281
    outer loop
      vertex -0.035355339059327376 -0.032664074121909421 -0.013529902503654923
      vertex -0.041573480615127271 -0.023096988312782174 -0.015432914190872747
      vertex -0.035355339059327376 -0.029396890060483981 -0.01964237395967755
    endloop
  endfacet
  facet normal -0.77150592693856146 -0.49180636079384638 -0.40361504949813753
    outer loop
      vertex -0.035355339059327376 -0.029396890060483981 -0.01964237395967755
      vertex -0.041573480615127271 -0.023096988312782174 -0.015432914190872747
      vertex -0.041573480615127271 -0.019642373959677557 -0.01964237395967755
    endloop
  endfacet
  facet normal -0.77150592693856157 -0.49180636079384643 -0.40361504949813742
    outer loop
      vertex -0.035355339059327376 -0.029396890060483981 -0.01964237395967755
      vertex -0.041573480615127271 -0.019642373959677557 -0.01964237395967755
      vertex -0.035355339059327376 -0.025000000000000012 -0.025000000000000001
    endloop
  endfacet
  facet normal -0.77150592693856157 -0.40361504949813742 -0.49180636079384638
    outer loop
      vertex -0.035355339059327376 -0.025000000000000012 -0.025000000000000001
      vertex -0.041573480615127271 -0.019642373959677557 -0.01964237395967755
      vertex -0.041573480615127271 -0.015432914190872752 -0.023096988312782167
    endloop
  endfacet
  facet normal -0.77150592693856146 -0.40361504949813742 -0.49180636079384643
    outer loop
      vertex -0.035355339059327376 -0.025000000000000012 -0.025000000000000001
      vertex -0.041573480615127271 -0.015432914190872752 -0.023096988312782167
      vertex -0.035355339059327376 -0.019642373959677557 -0.029396890060483974
    endloop
  endfacet
  facet normal -0.77150592693856157 -0.29991303820014337 -0.56109782945243181
    outer loop
      vertex -0.035355339059327376 -0.019642373959677557 -0.029396890060483974
      vertex -0.041573480615127271 -0.015432914190872752 -0.023096988312782167
      vertex -0.041573480615127271 -0.01063037618459072 -0.02566399835796683
    endloop
  endfacet
  facet normal -0.77150592693856124 -0.29991303820014298 -0.56109782945243225
    outer loop
      vertex -0.035355339059327376 -0.019642373959677557 -0.029396890060483974
      vertex -0.041573480615127271 -0.01063037618459072 -0.02566399835796683
      vertex -0.035355339059327376 -0.013529902503654948 -0.032664074121909407
    endloop
  endfacet
  facet normal -0.77150592693856124 -0.18468553703728632 -0.60882662319244918
    outer loop
      vertex -0.035355339059327376 -0.013529902503654948 -0.032664074121909407
      vertex -0.041573480615127271 -0.01063037618459072 -0.02566399835796683
      vertex -0.041573480615127271 -0.0054193187831184913 -0.027244755338790925
    endloop
  endfacet
  facet normal -0.77150592693856146 -0.18468553703728677 -0.60882662319244873
    outer loop
      vertex -0.035355339059327376 -0.013529902503654948 -0.032664074121909407
      vertex -0.041573480615127271 -0.0054193187831184913 -0.027244755338790925
      vertex -0.035355339059327376 -0.0068974844820735908 -0.034675996133053687
    endloop
  endfacet
  facet normal -0.77150592693856146 -0.06236067425892982 -0.63315855123708364
    outer loop
      vertex -0.035355339059327376 -0.0068974844820735908 -0.034675996133053687
      vertex -0.041573480615127271 -0.0054193187831184913 -0.027244755338790925
      vertex -0.041573480615127271 -5.102829806767537e-18 -0.027778511650980109
    endloop
  endfacet
  facet normal -0.77150592693856135 -0.062360674258929855 -0.63315855123708364
    outer loop
      vertex -0.035355339059327376 -0.0068974844820735908 -0.034675996133053687
      vertex -0.041573480615127271 -5.102829806767537e-18 -0.027778511650980109
      vertex -0.035355339059327376 -6.4946704217662007e-18 -0.035355339059327383
    endloop
  endfacet
  facet normal -0.77150592693856146 0.062360674258929445 -0.63315855123708376
    outer loop
      vertex -0.035355339059327376 -6.4946704217662007e-18 -0.035355339059327383
      vertex -0.041573480615127271 -5.102829806767537e-18 -0.027778511650980109
      vertex -0.041573480615127271 0.0054193187831184817 -0.027244755338790928
    endloop
  endfacet
  facet normal -0.77150592693856168 0.06236067425892923 -0.63315855123708364
    outer loop
      vertex -0.035355339059327376 -6.4946704217662007e-18 -0.035355339059327383
      vertex -0.041573480615127271 0.0054193187831184817 -0.027244755338790928
      vertex -0.035355339059327376 0.0068974844820735778 -0.034675996133053694
    endloop
  endfacet
  facet normal -0.77150592693856157 0.18468553703728666 -0.60882662319244862
    outer loop
      vertex -0.035355339059327376 0.0068974844820735778 -0.034675996133053694
      vertex -0.041573480615127271 0.0054193187831184817 -0.027244755338790928
      vertex -0.041573480615127271 0.010630376184590711 -0.02566399835796683
    endloop
  endfacet
  facet normal -0.77150592693856146 0.18468553703728671 -0.60882662319244873
    outer loop
      vertex -0.035355339059327376 0.0068974844820735778 -0.034675996133053694
      vertex -0.041573480615127271 0.010630376184590711 -0.02566399835796683
      vertex -0.035355339059327376 0.013529902503654935 -0.032664074121909414
    endloop
  endfacet
  facet normal -0.77150592693856157 0.2999130382001427 -0.56109782945243214
    outer loop
      vertex -0.035355339059327376 0.013529902503654935 -0.032664074121909414
      vertex -0.041573480615127271 0.010630376184590711 -0.02566399835796683
      vertex -0.041573480615127271 0.015432914190872744 -0.023096988312782174
    endloop
  endfacet
  facet normal -0.77150592693856135 0.29991303820014303 -0.56109782945243214
    outer loop
      vertex -0.035355339059327376 0.013529902503654935 -0.032664074121909414
      vertex -0.041573480615127271 0.015432914190872744 -0.023096988312782174
      vertex -0.035355339059327376 0.019642373959677543 -0.029396890060483981
    endloop
  endfacet
  facet normal -0.77150592693856135 0.40361504949813759 -0.49180636079384643
    outer loop
      vertex -0.035355339059327376 0.019642373959677543 -0.029396890060483981
      vertex -0.041573480615127271 0.015432914190872744 -0.023096988312782174
      vertex -0.041573480615127271 0.019642373959677547 -0.019642373959677557
    endloop
  endfacet
  facet normal -0.77150592693856157 0.40361504949813731 -0.4918063607938466
    outer loop
      vertex -0.035355339059327376 0.019642373959677543 -0.029396890060483981
      vertex -0.041573480615127271 0.019642373959677547 -0.019642373959677557
      vertex -0.035355339059327376 0.024999999999999998 -0.025000000000000012
    endloop
  endfacet
  facet normal -0.77150592693856157 0.49180636079384621 -0.4036150494981377
    outer loop
      vertex -0.035355339059327376 0.024999999999999998 -0.025000000000000012
      vertex -0.041573480615127271 0.019642373959677547 -0.019642373959677557
      vertex -0.041573480615127271 0.023096988312782167 -0.015432914190872752
    endloop
  endfacet
  facet normal -0.77150592693856146 0.49180636079384621 -0.40361504949813759
    outer loop
      vertex -0.035355339059327376 0.024999999999999998 -0.025000000000000012
      vertex -0.041573480615127271 0.023096988312782167 -0.015432914190872752
      vertex -0.035355339059327376 0.029396890060483974 -0.019642373959677557
    endloop
  endfacet
  facet normal -0.77150592693856146 0.5610978294524317 -0.29991303820014337
    outer loop
      vertex -0.035355339059327376 0.029396890060483974 -0.019642373959677557
      vertex -0.041573480615127271 0.023096988312782167 -0.015432914190872752
      vertex -0.041573480615127271 0.02566399835796683 -0.010630376184590722
    endloop
  endfacet
  facet normal -0.77150592693856135 0.56109782945243214 -0.29991303820014303
    outer loop
      vertex -0.035355339059327376 0.029396890060483974 -0.019642373959677557
      vertex -0.041573480615127271 0.02566399835796683 -0.010630376184590722
      vertex -0.035355339059327376 0.032664074121909407 -0.013529902503654949
    endloop
  endfacet
  facet normal -0.77150592693856124 0.60882662319244918 -0.18468553703728632
    outer loop
      vertex -0.035355339059327376 0.032664074121909407 -0.013529902503654949
      vertex -0.041573480615127271 0.02566399835796683 -0.010630376184590722
      vertex -0.041573480615127271 0.027244755338790925 -0.005419318783118493
    endloop
  endfacet
  facet normal -0.77150592693856146 0.60882662319244873 -0.18468553703728677
    outer loop
      vertex -0.035355339059327376 0.032664074121909407 -0.013529902503654949
      vertex -0.041573480615127271 0.027244755338790925 -0.005419318783118493
      vertex -0.035355339059327376 0.034675996133053687 -0.0068974844820735926
    endloop
  endfacet
  facet normal -0.77150592693856146 0.63315855123708364 -0.062360674258929751
    outer loop
      vertex -0.035355339059327376 0.034675996133053687 -0.0068974844820735926
      vertex -0.041573480615127271 0.027244755338790925 -0.005419318783118493
      vertex -0.041573480615127271 0.027778511650980109 0
    endloop
  endfacet
  facet normal -0.77150592693856146 0.63315855123708364 -0.062360674258929792
    outer loop
      vertex -0.035355339059327376 0.034675996133053687 -0.0068974844820735926
      vertex -0.041573480615127271 0.027778511650980109 0
      vertex -0.035355339059327376 0.035355339059327383 0
    endloop
  endfacet
  facet normal -0.8809722600498594 0.47088948346038645 0.046378566052143952
    outer loop
      vertex -0.041573480615127271 0.027778511650980109 0
      vertex -0.046193976625564341 0.019134171618254495 0
      vertex -0.046193976625564341 0.018766513875893266 0.0037328917025171312
    endloop
  endfacet
  facet normal -0.88097226004985962 0.47088948346038645 0.046378566052143806
    outer loop
      vertex -0.041573480615127271 0.027778511650980109 0
      vertex -0.046193976625564341 0.018766513875893266 0.0037328917025171312
      vertex -0.041573480615127271 0.027244755338790928 0.00541931878311848
    endloop
  endfacet
  facet normal -0.8809722600498594 0.45279346468886855 0.13735339587244599
    outer loop
      vertex -0.041573480615127271 0.027244755338790928 0.00541931878311848
      vertex -0.046193976625564341 0.018766513875893266 0.0037328917025171312
      vertex -0.046193976625564341 0.017677669529663695 0.0073223304703363143
    endloop
  endfacet
  facet normal -0.88097226004985951 0.45279346468886861 0.1373533958724466
    outer loop
      vertex -0.041573480615127271 0.027244755338790928 0.00541931878311848
      vertex -0.046193976625564341 0.017677669529663695 0.0073223304703363143
      vertex -0.041573480615127271 0.025663998357966834 0.010630376184590704
    endloop
  endfacet
  facet normal -0.88097226004985951 0.41729684699885788 0.22304981171804328
    outer loop
      vertex -0.041573480615127271 0.025663998357966834 0.010630376184590704
      vertex -0.046193976625564341 0.017677669529663695 0.0073223304703363143
      vertex -0.046193976625564341 0.015909482257160431 0.010630376184590708
    endloop
  endfacet
  facet normal -0.88097226004985962 0.41729684699885788 0.22304981171804317
    outer loop
      vertex -0.041573480615127271 0.025663998357966834 0.010630376184590704
      vertex -0.046193976625564341 0.015909482257160431 0.010630376184590708
      vertex -0.041573480615127271 0.023096988312782167 0.015432914190872752
    endloop
  endfacet
  facet normal -0.8809722600498594 0.36576374550144897 0.30017454838709101
    outer loop
      vertex -0.041573480615127271 0.023096988312782167 0.015432914190872752
      vertex -0.046193976625564341 0.015909482257160431 0.010630376184590708
      vertex -0.046193976625564341 0.01352990250365493 0.013529902503654928
    endloop
  endfacet
  facet normal -0.88097226004985951 0.36576374550144897 0.3001745483870909
    outer loop
      vertex -0.041573480615127271 0.023096988312782167 0.015432914190872752
      vertex -0.046193976625564341 0.01352990250365493 0.013529902503654928
      vertex -0.041573480615127271 0.019642373959677554 0.01964237395967755
    endloop
  endfacet
  facet normal -0.88097226004985951 0.3001745483870909 0.3657637455014488
    outer loop
      vertex -0.041573480615127271 0.019642373959677554 0.01964237395967755
      vertex -0.046193976625564341 0.01352990250365493 0.013529902503654928
      vertex -0.046193976625564341 0.010630376184590709 0.015909482257160431
    endloop
  endfacet
  facet normal -0.88097226004985962 0.30017454838709107 0.36576374550144874
    outer loop
      vertex -0.041573480615127271 0.019642373959677554 0.01964237395967755
      vertex -0.046193976625564341 0.010630376184590709 0.015909482257160431
      vertex -0.041573480615127271 0.015432914190872756 0.023096988312782167
    endloop
  endfacet
  facet normal -0.88097226004985962 0.22304981171804311 0.41729684699885788
    outer loop
      vertex -0.041573480615127271 0.015432914190872756 0.023096988312782167
      vertex -0.046193976625564341 0.010630376184590709 0.015909482257160431
      vertex -0.046193976625564341 0.0073223304703363152 0.017677669529663695
    endloop
  endfacet
  facet normal -0.88097226004985951 0.22304981171804308 0.41729684699885794
    outer loop
      vertex -0.041573480615127271 0.015432914190872756 0.023096988312782167
      vertex -0.046193976625564341 0.0073223304703363152 0.017677669529663695
      vertex -0.041573480615127271 0.010630376184590706 0.025663998357966834
    endloop
  endfacet
  facet normal -0.88097226004985951 0.13735339587244613 0.45279346468886877
    outer loop
      vertex -0.041573480615127271 0.010630376184590706 0.025663998357966834
      vertex -0.046193976625564341 0.0073223304703363152 0.017677669529663695
      vertex -0.046193976625564341 0.0037328917025171329 0.018766513875893266
    endloop
  endfacet
  facet normal -0.88097226004985962 0.13735339587244658 0.4527934646888685
    outer loop
      vertex -0.041573480615127271 0.010630376184590706 0.025663998357966834
      vertex -0.046193976625564341 0.0037328917025171329 0.018766513875893266
      vertex -0.041573480615127271 0.0054193187831184817 0.027244755338790928
    endloop
  endfacet
  facet normal -0.88097226004985951 0.046378566052143931 0.47088948346038634
    outer loop
      vertex -0.041573480615127271 0.0054193187831184817 0.027244755338790928
      vertex -0.046193976625564341 0.0037328917025171329 0.018766513875893266
      vertex -0.046193976625564341 1.1716301013315749e-18 0.019134171618254495
    endloop
  endfacet
  facet normal -0.88097226004985962 0.046378566052143806 0.47088948346038645
    outer loop
      vertex -0.041573480615127271 0.0054193187831184817 0.027244755338790928
      vertex -0.046193976625564341 1.1716301013315749e-18 0.019134171618254495
      vertex -0.041573480615127271 1.7009432689225125e-18 0.027778511650980109
    endloop
  endfacet
  facet normal -0.88097226004985962 -0.046378566052143966 0.4708894834603865
    outer loop
      vertex -0.041573480615127271 1.7009432689225125e-18 0.027778511650980109
      vertex -0.046193976625564341 1.1716301013315749e-18 0.019134171618254495
      vertex -0.046193976625564341 -0.0037328917025171299 0.018766513875893266
    endloop
  endfacet
  facet normal -0.88097226004985962 -0.046378566052143806 0.47088948346038645
    outer loop
      vertex -0.041573480615127271 1.7009432689225125e-18 0.027778511650980109
      vertex -0.046193976625564341 -0.0037328917025171299 0.018766513875893266
      vertex -0.041573480615127271 -0.0054193187831184783 0.027244755338790928
    endloop
  endfacet
  facet normal -0.88097226004985962 -0.13735339587244599 0.45279346468886855
    outer loop
      vertex -0.041573480615127271 -0.0054193187831184783 0.027244755338790928
      vertex -0.046193976625564341 -0.0037328917025171299 0.018766513875893266
      vertex -0.046193976625564341 -0.0073223304703363135 0.017677669529663695
    endloop
  endfacet
  facet normal -0.88097226004985962 -0.13735339587244658 0.45279346468886866
    outer loop
      vertex -0.041573480615127271 -0.0054193187831184783 0.027244755338790928
      vertex -0.046193976625564341 -0.0073223304703363135 0.017677669529663695
      vertex -0.041573480615127271 -0.010630376184590704 0.025663998357966834
    endloop
  endfacet
  facet normal -0.8809722600498594 -0.22304981171804314 0.41729684699885788
    outer loop
      vertex -0.041573480615127271 -0.010630376184590704 0.025663998357966834
      vertex -0.046193976625564341 -0.0073223304703363135 0.017677669529663695
      vertex -0.046193976625564341 -0.010630376184590704 0.015909482257160434
    endloop
  endfacet
  facet normal -0.88097226004985962 -0.22304981171804283 0.417296846998858
    outer loop
      vertex -0.041573480615127271 -0.010630376184590704 0.025663998357966834
      vertex -0.046193976625564341 -0.010630376184590704 0.015909482257160434
      vertex -0.041573480615127271 -0.015432914190872747 0.023096988312782174
    endloop
  endfacet
  facet normal -0.88097226004985962 -0.3001745483870909 0.36576374550144874
    outer loop
      vertex -0.041573480615127271 -0.015432914190872747 0.023096988312782174
      vertex -0.046193976625564341 -0.010630376184590704 0.015909482257160434
      vertex -0.046193976625564341 -0.013529902503654928 0.01352990250365493
    endloop
  endfacet
  facet normal -0.88097226004985951 -0.30017454838709107 0.3657637455014488
    outer loop
      vertex -0.041573480615127271 -0.015432914190872747 0.023096988312782174
      vertex -0.046193976625564341 -0.013529902503654928 0.01352990250365493
      vertex -0.041573480615127271 -0.01964237395967755 0.019642373959677554
    endloop
  endfacet
  facet normal -0.88097226004985951 -0.36576374550144897 0.3001745483870909
    outer loop
      vertex -0.041573480615127271 -0.01964237395967755 0.019642373959677554
      vertex -0.046193976625564341 -0.013529902503654928 0.01352990250365493
      vertex -0.046193976625564341 -0.015909482257160431 0.010630376184590708
    endloop
  endfacet
  facet normal -0.88097226004985951 -0.36576374550144863 0.30017454838709107
    outer loop
      vertex -0.041573480615127271 -0.01964237395967755 0.019642373959677554
      vertex -0.046193976625564341 -0.015909482257160431 0.010630376184590708
      vertex -0.041573480615127271 -0.023096988312782171 0.015432914190872752
    endloop
  endfacet
  facet normal -0.88097226004985973 -0.41729684699885755 0.22304981171804333
    outer loop
      vertex -0.041573480615127271 -0.023096988312782171 0.015432914190872752
      vertex -0.046193976625564341 -0.015909482257160431 0.010630376184590708
      vertex -0.046193976625564341 -0.017677669529663695 0.0073223304703363169
    endloop
  endfacet
  facet normal -0.88097226004985951 -0.41729684699885794 0.22304981171804303
    outer loop
      vertex -0.041573480615127271 -0.023096988312782171 0.015432914190872752
      vertex -0.046193976625564341 -0.017677669529663695 0.0073223304703363169
      vertex -0.041573480615127271 -0.025663998357966834 0.010630376184590708
    endloop
  endfacet
  facet normal -0.8809722600498594 -0.45279346468886877 0.13735339587244622
    outer loop
      vertex -0.041573480615127271 -0.025663998357966834 0.010630376184590708
      vertex -0.046193976625564341 -0.017677669529663695 0.0073223304703363169
      vertex -0.046193976625564341 -0.018766513875893266 0.0037328917025171381
    endloop
  endfacet
  facet normal -0.88097226004985962 -0.45279346468886844 0.13735339587244669
    outer loop
      vertex -0.041573480615127271 -0.025663998357966834 0.010630376184590708
      vertex -0.046193976625564341 -0.018766513875893266 0.0037328917025171381
      vertex -0.041573480615127271 -0.027244755338790928 0.0054193187831184896
    endloop
  endfacet
  facet normal -0.88097226004985962 -0.47088948346038628 0.046378566052143889
    outer loop
      vertex -0.041573480615127271 -0.027244755338790928 0.0054193187831184896
      vertex -0.046193976625564341 -0.018766513875893266 0.0037328917025171381
      vertex -0.046193976625564341 -0.019134171618254495 2.3432602026631498e-18
    endloop
  endfacet
  facet normal -0.88097226004985951 -0.47088948346038639 0.046378566052143751
    outer loop
      vertex -0.041573480615127271 -0.027244755338790928 0.0054193187831184896
      vertex -0.046193976625564341 -0.019134171618254495 2.3432602026631498e-18
      vertex -0.041573480615127271 -0.027778511650980109 3.4018865378450249e-18
    endloop
  endfacet
  facet normal -0.88097226004985962 -0.47088948346038645 -0.046378566052143896
    outer loop
      vertex -0.041573480615127271 -0.027778511650980109 3.4018865378450249e-18
      vertex -0.046193976625564341 -0.019134171618254495 2.3432602026631498e-18
      vertex -0.046193976625564341 -0.018766513875893266 -0.0037328917025171333
    endloop
  endfacet
  facet normal -0.88097226004985951 -0.47088948346038639 -0.046378566052143751
    outer loop
      vertex -0.041573480615127271 -0.027778511650980109 3.4018865378450249e-18
      vertex -0.046193976625564341 -0.018766513875893266 -0.0037328917025171333
      vertex -0.041573480615127271 -0.027244755338790928 -0.0054193187831184826
    endloop
  endfacet
  facet normal -0.88097226004985962 -0.45279346468886861 -0.13735339587244616
    outer loop
      vertex -0.041573480615127271 -0.027244755338790928 -0.0054193187831184826
      vertex -0.046193976625564341 -0.018766513875893266 -0.0037328917025171333
      vertex -0.046193976625564341 -0.017677669529663695 -0.0073223304703363126
    endloop
  endfacet
  facet normal -0.88097226004985962 -0.45279346468886855 -0.13735339587244638
    outer loop
      vertex -0.041573480615127271 -0.027244755338790928 -0.0054193187831184826
      vertex -0.046193976625564341 -0.017677669529663695 -0.0073223304703363126
      vertex -0.041573480615127271 -0.025663998357966837 -0.010630376184590703
    endloop
  endfacet
  facet normal -0.88097226004985962 -0.41729684699885783 -0.22304981171804286
    outer loop
      vertex -0.041573480615127271 -0.025663998357966837 -0.010630376184590703
      vertex -0.046193976625564341 -0.017677669529663695 -0.0073223304703363126
      vertex -0.046193976625564341 -0.015909482257160434 -0.010630376184590704
    endloop
  endfacet
  facet normal -0.88097226004985951 -0.41729684699885788 -0.223049811718043
    outer loop
      vertex -0.041573480615127271 -0.025663998357966837 -0.010630376184590703
      vertex -0.046193976625564341 -0.015909482257160434 -0.010630376184590704
      vertex -0.041573480615127271 -0.023096988312782174 -0.015432914190872747
    endloop
  endfacet
  facet normal -0.88097226004985973 -0.36576374550144897 -0.30017454838709073
    outer loop
      vertex -0.041573480615127271 -0.023096988312782174 -0.015432914190872747
      vertex -0.046193976625564341 -0.015909482257160434 -0.010630376184590704
      vertex -0.046193976625564341 -0.013529902503654932 -0.013529902503654928
    endloop
  endfacet
  facet normal -0.88097226004985951 -0.36576374550144891 -0.30017454838709084
    outer loop
      vertex -0.041573480615127271 -0.023096988312782174 -0.015432914190872747
      vertex -0.046193976625564341 -0.013529902503654932 -0.013529902503654928
      vertex -0.041573480615127271 -0.019642373959677557 -0.01964237395967755
    endloop
  endfacet
  facet normal -0.88097226004985951 -0.30017454838709079 -0.36576374550144891
    outer loop
      vertex -0.041573480615127271 -0.019642373959677557 -0.01964237395967755
      vertex -0.046193976625564341 -0.013529902503654932 -0.013529902503654928
      vertex -0.046193976625564341 -0.010630376184590708 -0.015909482257160431
    endloop
  endfacet
  facet normal -0.88097226004985951 -0.30017454838709079 -0.36576374550144897
    outer loop
      vertex -0.041573480615127271 -0.019642373959677557 -0.01964237395967755
      vertex -0.046193976625564341 -0.010630376184590708 -0.015909482257160431
      vertex -0.041573480615127271 -0.015432914190872752 -0.023096988312782167
    endloop
  endfacet
  facet normal -0.88097226004985951 -0.22304981171804314 -0.41729684699885783
    outer loop
      vertex -0.041573480615127271 -0.015432914190872752 -0.023096988312782167
      vertex -0.046193976625564341 -0.010630376184590708 -0.015909482257160431
      vertex -0.046193976625564341 -0.0073223304703363247 -0.017677669529663688
    endloop
  endfacet
  facet normal -0.88097226004985962 -0.22304981171804339 -0.41729684699885755
    outer loop
      vertex -0.041573480615127271 -0.015432914190872752 -0.023096988312782167
      vertex -0.046193976625564341 -0.0073223304703363247 -0.017677669529663688
      vertex -0.041573480615127271 -0.01063037618459072 -0.02566399835796683
    endloop
  endfacet
  facet normal -0.88097226004985962 -0.13735339587244694 -0.45279346468886833
    outer loop
      vertex -0.041573480615127271 -0.01063037618459072 -0.02566399835796683
      vertex -0.046193976625564341 -0.0073223304703363247 -0.017677669529663688
      vertex -0.046193976625564341 -0.003732891702517139 -0.018766513875893266
    endloop
  endfacet
  facet normal -0.88097226004985951 -0.13735339587244647 -0.45279346468886861
    outer loop
      vertex -0.041573480615127271 -0.01063037618459072 -0.02566399835796683
      vertex -0.046193976625564341 -0.003732891702517139 -0.018766513875893266
      vertex -0.041573480615127271 -0.0054193187831184913 -0.027244755338790925
    endloop
  endfacet
  facet normal -0.88097226004985951 -0.04637856605214373 -0.47088948346038656
    outer loop
      vertex -0.041573480615127271 -0.0054193187831184913 -0.027244755338790925
      vertex -0.046193976625564341 -0.003732891702517139 -0.018766513875893266
      vertex -0.046193976625564341 -3.5148903039947242e-18 -0.019134171618254495
    endloop
  endfacet
  facet normal -0.88097226004985951 -0.046378566052144049 -0.47088948346038639
    outer loop
      vertex -0.041573480615127271 -0.0054193187831184913 -0.027244755338790925
      vertex -0.046193976625564341 -3.5148903039947242e-18 -0.019134171618254495
      vertex -0.041573480615127271 -5.102829806767537e-18 -0.027778511650980109
    endloop
  endfacet
  facet normal -0.88097226004985962 0.046378566052143896 -0.47088948346038645
    outer loop
      vertex -0.041573480615127271 -5.102829806767537e-18 -0.027778511650980109
      vertex -0.046193976625564341 -3.5148903039947242e-18 -0.019134171618254495
      vertex -0.046193976625564341 0.003732891702517132 -0.018766513875893266
    endloop
  endfacet
  facet normal -0.88097226004985962 0.046378566052143744 -0.47088948346038639
    outer loop
      vertex -0.041573480615127271 -5.102829806767537e-18 -0.027778511650980109
      vertex -0.046193976625564341 0.003732891702517132 -0.018766513875893266
      vertex -0.041573480615127271 0.0054193187831184817 -0.027244755338790928
    endloop
  endfacet
  facet normal -0.88097226004985951 0.13735339587244644 -0.4527934646888685
    outer loop
      vertex -0.041573480615127271 0.0054193187831184817 -0.027244755338790928
      vertex -0.046193976625564341 0.003732891702517132 -0.018766513875893266
      vertex -0.046193976625564341 0.0073223304703363187 -0.017677669529663691
    endloop
  endfacet
  facet normal -0.88097226004985951 0.13735339587244674 -0.45279346468886855
    outer loop
      vertex -0.041573480615127271 0.0054193187831184817 -0.027244755338790928
      vertex -0.046193976625564341 0.0073223304703363187 -0.017677669529663691
      vertex -0.041573480615127271 0.010630376184590711 -0.02566399835796683
    endloop
  endfacet
  facet normal -0.88097226004985951 0.22304981171804303 -0.41729684699885788
    outer loop
      vertex -0.041573480615127271 0.010630376184590711 -0.02566399835796683
      vertex -0.046193976625564341 0.0073223304703363187 -0.017677669529663691
      vertex -0.046193976625564341 0.010630376184590703 -0.015909482257160434
    endloop
  endfacet
  facet normal -0.88097226004985962 0.22304981171804297 -0.41729684699885794
    outer loop
      vertex -0.041573480615127271 0.010630376184590711 -0.02566399835796683
      vertex -0.046193976625564341 0.010630376184590703 -0.015909482257160434
      vertex -0.041573480615127271 0.015432914190872744 -0.023096988312782174
    endloop
  endfacet
  facet normal -0.88097226004985951 0.30017454838709079 -0.36576374550144886
    outer loop
      vertex -0.041573480615127271 0.015432914190872744 -0.023096988312782174
      vertex -0.046193976625564341 0.010630376184590703 -0.015909482257160434
      vertex -0.046193976625564341 0.013529902503654925 -0.013529902503654932
    endloop
  endfacet
  facet normal -0.88097226004985951 0.30017454838709084 -0.36576374550144891
    outer loop
      vertex -0.041573480615127271 0.015432914190872744 -0.023096988312782174
      vertex -0.046193976625564341 0.013529902503654925 -0.013529902503654932
      vertex -0.041573480615127271 0.019642373959677547 -0.019642373959677557
    endloop
  endfacet
  facet normal -0.88097226004985962 0.36576374550144863 -0.30017454838709107
    outer loop
      vertex -0.041573480615127271 0.019642373959677547 -0.019642373959677557
      vertex -0.046193976625564341 0.013529902503654925 -0.013529902503654932
      vertex -0.046193976625564341 0.015909482257160431 -0.010630376184590708
    endloop
  endfacet
  facet normal -0.8809722600498594 0.3657637455014488 -0.30017454838709096
    outer loop
      vertex -0.041573480615127271 0.019642373959677547 -0.019642373959677557
      vertex -0.046193976625564341 0.015909482257160431 -0.010630376184590708
      vertex -0.041573480615127271 0.023096988312782167 -0.015432914190872752
    endloop
  endfacet
  facet normal -0.88097226004985951 0.41729684699885783 -0.22304981171804314
    outer loop
      vertex -0.041573480615127271 0.023096988312782167 -0.015432914190872752
      vertex -0.046193976625564341 0.015909482257160431 -0.010630376184590708
      vertex -0.046193976625564341 0.017677669529663688 -0.0073223304703363265
    endloop
  endfacet
  facet normal -0.88097226004985973 0.41729684699885755 -0.22304981171804344
    outer loop
      vertex -0.041573480615127271 0.023096988312782167 -0.015432914190872752
      vertex -0.046193976625564341 0.017677669529663688 -0.0073223304703363265
      vertex -0.041573480615127271 0.02566399835796683 -0.010630376184590722
    endloop
  endfacet
  facet normal -0.88097226004985962 0.45279346468886833 -0.13735339587244694
    outer loop
      vertex -0.041573480615127271 0.02566399835796683 -0.010630376184590722
      vertex -0.046193976625564341 0.017677669529663688 -0.0073223304703363265
      vertex -0.046193976625564341 0.018766513875893266 -0.0037328917025171403
    endloop
  endfacet
  facet normal -0.88097226004985951 0.45279346468886861 -0.13735339587244647
    outer loop
      vertex -0.041573480615127271 0.02566399835796683 -0.010630376184590722
      vertex -0.046193976625564341 0.018766513875893266 -0.0037328917025171403
      vertex -0.041573480615127271 0.027244755338790925 -0.005419318783118493
    endloop
  endfacet
  facet normal -0.88097226004985951 0.4708894834603865 -0.046378566052143667
    outer loop
      vertex -0.041573480615127271 0.027244755338790925 -0.005419318783118493
      vertex -0.046193976625564341 0.018766513875893266 -0.0037328917025171403
      vertex -0.046193976625564341 0.019134171618254495 0
    endloop
  endfacet
  facet normal -0.88097226004985962 0.4708894834603865 -0.046378566052144
    outer loop
      vertex -0.041573480615127271 0.027244755338790925 -0.005419318783118493
      vertex -0.046193976625564341 0.019134171618254495 0
      vertex -0.041573480615127271 0.027778511650980109 0
    endloop
  endfacet
  facet normal -0.95654946460645907 0.2901661077947485 0.028578867163390819
    outer loop
      vertex -0.046193976625564341 0.019134171618254495 0
      vertex -0.049039264020161524 0.0097545161008064304 0
      vertex -0.049039264020161524 0.0095670858091272612 0.0019030116872178343
    endloop
  endfacet
  facet normal -0.95654946460645929 0.29016610779474861 0.028578867163391149
    outer loop
      vertex -0.046193976625564341 0.019134171618254495 0
      vertex -0.049039264020161524 0.0095670858091272612 0.0019030116872178343
      vertex -0.046193976625564341 0.018766513875893266 0.0037328917025171312
    endloop
  endfacet
  facet normal -0.95654946460645907 0.2790151869992244 0.084638331652297116
    outer loop
      vertex -0.046193976625564341 0.018766513875893266 0.0037328917025171312
      vertex -0.049039264020161524 0.0095670858091272612 0.0019030116872178343
      vertex -0.049039264020161524 0.0090119977750868652 0.0037328917025171368
    endloop
  endfacet
  facet normal -0.95654946460645907 0.27901518699922434 0.084638331652296922
    outer loop
      vertex -0.046193976625564341 0.018766513875893266 0.0037328917025171312
      vertex -0.049039264020161524 0.0090119977750868652 0.0037328917025171368
      vertex -0.046193976625564341 0.017677669529663695 0.0073223304703363143
    endloop
  endfacet
  facet normal -0.95654946460645907 0.25714186904083941 0.13744519252152887
    outer loop
      vertex -0.046193976625564341 0.017677669529663695 0.0073223304703363143
      vertex -0.049039264020161524 0.0090119977750868652 0.0037328917025171368
      vertex -0.049039264020161524 0.008110583720536458 0.0054193187831184896
    endloop
  endfacet
  facet normal -0.95654946460645907 0.25714186904083941 0.13744519252152879
    outer loop
      vertex -0.046193976625564341 0.017677669529663695 0.0073223304703363143
      vertex -0.049039264020161524 0.008110583720536458 0.0054193187831184896
      vertex -0.046193976625564341 0.015909482257160431 0.010630376184590708
    endloop
  endfacet
  facet normal -0.95654946460645907 0.22538673326203668 0.18497011172230995
    outer loop
      vertex -0.046193976625564341 0.015909482257160431 0.010630376184590708
      vertex -0.049039264020161524 0.008110583720536458 0.0054193187831184896
      vertex -0.049039264020161524 0.0068974844820735882 0.0068974844820735865
    endloop
  endfacet
  facet normal -0.95654946460645907 0.2253867332620367 0.18497011172231007
    outer loop
      vertex -0.046193976625564341 0.015909482257160431 0.010630376184590708
      vertex -0.049039264020161524 0.0068974844820735882 0.0068974844820735865
      vertex -0.046193976625564341 0.01352990250365493 0.013529902503654928
    endloop
  endfacet
  facet normal -0.95654946460645929 0.18497011172231001 0.2253867332620367
    outer loop
      vertex -0.046193976625564341 0.01352990250365493 0.013529902503654928
      vertex -0.049039264020161524 0.0068974844820735882 0.0068974844820735865
      vertex -0.049039264020161524 0.0054193187831184913 0.008110583720536458
    endloop
  endfacet
  facet normal -0.95654946460645918 0.18497011172231012 0.22538673326203662
    outer loop
      vertex -0.046193976625564341 0.01352990250365493 0.013529902503654928
      vertex -0.049039264020161524 0.0054193187831184913 0.008110583720536458
      vertex -0.046193976625564341 0.010630376184590709 0.015909482257160431
    endloop
  endfacet
  facet normal -0.95654946460645907 0.13744519252152895 0.25714186904083941
    outer loop
      vertex -0.046193976625564341 0.010630376184590709 0.015909482257160431
      vertex -0.049039264020161524 0.0054193187831184913 0.008110583720536458
      vertex -0.049039264020161524 0.0037328917025171377 0.0090119977750868652
    endloop
  endfacet
  facet normal -0.95654946460645907 0.13744519252152879 0.25714186904083947
    outer loop
      vertex -0.046193976625564341 0.010630376184590709 0.015909482257160431
      vertex -0.049039264020161524 0.0037328917025171377 0.0090119977750868652
      vertex -0.046193976625564341 0.0073223304703363152 0.017677669529663695
    endloop
  endfacet
  facet normal -0.95654946460645907 0.084638331652297102 0.2790151869992244
    outer loop
      vertex -0.046193976625564341 0.0073223304703363152 0.017677669529663695
      vertex -0.049039264020161524 0.0037328917025171377 0.0090119977750868652
      vertex -0.049039264020161524 0.001903011687217835 0.0095670858091272612
    endloop
  endfacet
  facet normal -0.95654946460645907 0.08463833165229695 0.2790151869992244
    outer loop
      vertex -0.046193976625564341 0.0073223304703363152 0.017677669529663695
      vertex -0.049039264020161524 0.001903011687217835 0.0095670858091272612
      vertex -0.046193976625564341 0.0037328917025171329 0.018766513875893266
    endloop
  endfacet
  facet normal -0.95654946460645907 0.028578867163391006 0.29016610779474861
    outer loop
      vertex -0.046193976625564341 0.0037328917025171329 0.018766513875893266
      vertex -0.049039264020161524 0.001903011687217835 0.0095670858091272612
      vertex -0.049039264020161524 5.9729184600419582e-19 0.0097545161008064304
    endloop
  endfacet
  facet normal -0.95654946460645929 0.028578867163391138 0.29016610779474855
    outer loop
      vertex -0.046193976625564341 0.0037328917025171329 0.018766513875893266
      vertex -0.049039264020161524 5.9729184600419582e-19 0.0097545161008064304
      vertex -0.046193976625564341 1.1716301013315749e-18 0.019134171618254495
    endloop
  endfacet
  facet normal -0.95654946460645907 -0.028578867163390826 0.29016610779474855
    outer loop
      vertex -0.046193976625564341 1.1716301013315749e-18 0.019134171618254495
      vertex -0.049039264020161524 5.9729184600419582e-19 0.0097545161008064304
      vertex -0.049039264020161524 -0.0019030116872178337 0.0095670858091272612
    endloop
  endfacet
  facet normal -0.95654946460645929 -0.028578867163391149 0.29016610779474861
    outer loop
      vertex -0.046193976625564341 1.1716301013315749e-18 0.019134171618254495
      vertex -0.049039264020161524 -0.0019030116872178337 0.0095670858091272612
      vertex -0.046193976625564341 -0.0037328917025171299 0.018766513875893266
    endloop
  endfacet
  facet normal -0.95654946460645907 -0.084638331652297102 0.2790151869992244
    outer loop
      vertex -0.046193976625564341 -0.0037328917025171299 0.018766513875893266
      vertex -0.049039264020161524 -0.0019030116872178337 0.0095670858091272612
      vertex -0.049039264020161524 -0.0037328917025171364 0.0090119977750868652
    endloop
  endfacet
  facet normal -0.95654946460645907 -0.084638331652296922 0.2790151869992244
    outer loop
      vertex -0.046193976625564341 -0.0037328917025171299 0.018766513875893266
      vertex -0.049039264020161524 -0.0037328917025171364 0.0090119977750868652
      vertex -0.046193976625564341 -0.0073223304703363135 0.017677669529663695
    endloop
  endfacet
  facet normal -0.95654946460645907 -0.13744519252152884 0.25714186904083947
    outer loop
      vertex -0.046193976625564341 -0.0073223304703363135 0.017677669529663695
      vertex -0.049039264020161524 -0.0037328917025171364 0.0090119977750868652
      vertex -0.049039264020161524 -0.0054193187831184878 0.0081105837205364597
    endloop
  endfacet
  facet normal -0.95654946460645918 -0.13744519252152868 0.25714186904083952
    outer loop
      vertex -0.046193976625564341 -0.0073223304703363135 0.017677669529663695
      vertex -0.049039264020161524 -0.0054193187831184878 0.0081105837205364597
      vertex -0.046193976625564341 -0.010630376184590704 0.015909482257160434
    endloop
  endfacet
  facet normal -0.95654946460645918 -0.18497011172231007 0.22538673326203662
    outer loop
      vertex -0.046193976625564341 -0.010630376184590704 0.015909482257160434
      vertex -0.049039264020161524 -0.0054193187831184878 0.0081105837205364597
      vertex -0.049039264020161524 -0.0068974844820735865 0.0068974844820735882
    endloop
  endfacet
  facet normal -0.95654946460645918 -0.18497011172231009 0.2253867332620367
    outer loop
      vertex -0.046193976625564341 -0.010630376184590704 0.015909482257160434
      vertex -0.049039264020161524 -0.0068974844820735865 0.0068974844820735882
      vertex -0.046193976625564341 -0.013529902503654928 0.01352990250365493
    endloop
  endfacet
  facet normal -0.95654946460645918 -0.22538673326203668 0.1849701117223102
    outer loop
      vertex -0.046193976625564341 -0.013529902503654928 0.01352990250365493
      vertex -0.049039264020161524 -0.0068974844820735865 0.0068974844820735882
      vertex -0.049039264020161524 -0.0081105837205364597 0.0054193187831184896
    endloop
  endfacet
  facet normal -0.95654946460645918 -0.22538673326203676 0.18497011172231012
    outer loop
      vertex -0.046193976625564341 -0.013529902503654928 0.01352990250365493
      vertex -0.049039264020161524 -0.0081105837205364597 0.0054193187831184896
      vertex -0.046193976625564341 -0.015909482257160431 0.010630376184590708
    endloop
  endfacet
  facet normal -0.95654946460645918 -0.25714186904083941 0.13744519252152887
    outer loop
      vertex -0.046193976625564341 -0.015909482257160431 0.010630376184590708
      vertex -0.049039264020161524 -0.0081105837205364597 0.0054193187831184896
      vertex -0.049039264020161524 -0.0090119977750868652 0.0037328917025171381
    endloop
  endfacet
  facet normal -0.95654946460645907 -0.25714186904083941 0.13744519252152887
    outer loop
      vertex -0.046193976625564341 -0.015909482257160431 0.010630376184590708
      vertex -0.049039264020161524 -0.0090119977750868652 0.0037328917025171381
      vertex -0.046193976625564341 -0.017677669529663695 0.0073223304703363169
    endloop
  endfacet
  facet normal -0.95654946460645918 -0.27901518699922434 0.084638331652297186
    outer loop
      vertex -0.046193976625564341 -0.017677669529663695 0.0073223304703363169
      vertex -0.049039264020161524 -0.0090119977750868652 0.0037328917025171381
      vertex -0.049039264020161524 -0.0095670858091272612 0.0019030116872178378
    endloop
  endfacet
  facet normal -0.95654946460645918 -0.2790151869992244 0.084638331652297033
    outer loop
      vertex -0.046193976625564341 -0.017677669529663695 0.0073223304703363169
      vertex -0.049039264020161524 -0.0095670858091272612 0.0019030116872178378
      vertex -0.046193976625564341 -0.018766513875893266 0.0037328917025171381
    endloop
  endfacet
  facet normal -0.95654946460645907 -0.29016610779474855 0.028578867163390975
    outer loop
      vertex -0.046193976625564341 -0.018766513875893266 0.0037328917025171381
      vertex -0.049039264020161524 -0.0095670858091272612 0.0019030116872178378
      vertex -0.049039264020161524 -0.0097545161008064304 1.1945836920083916e-18
    endloop
  endfacet
  facet normal -0.95654946460645918 -0.2901661077947485 0.028578867163391104
    outer loop
      vertex -0.046193976625564341 -0.018766513875893266 0.0037328917025171381
      vertex -0.049039264020161524 -0.0097545161008064304 1.1945836920083916e-18
      vertex -0.046193976625564341 -0.019134171618254495 2.3432602026631498e-18
    endloop
  endfacet
  facet normal -0.95654946460645929 -0.29016610779474855 -0.028578867163390788
    outer loop
      vertex -0.046193976625564341 -0.019134171618254495 2.3432602026631498e-18
      vertex -0.049039264020161524 -0.0097545161008064304 1.1945836920083916e-18
      vertex -0.049039264020161524 -0.0095670858091272612 -0.0019030116872178354
    endloop
  endfacet
  facet normal -0.95654946460645918 -0.29016610779474861 -0.028578867163391114
    outer loop
      vertex -0.046193976625564341 -0.019134171618254495 2.3432602026631498e-18
      vertex -0.049039264020161524 -0.0095670858091272612 -0.0019030116872178354
      vertex -0.046193976625564341 -0.018766513875893266 -0.0037328917025171333
    endloop
  endfacet
  facet normal -0.95654946460645918 -0.2790151869992244 -0.0846383316522972
    outer loop
      vertex -0.046193976625564341 -0.018766513875893266 -0.0037328917025171333
      vertex -0.049039264020161524 -0.0095670858091272612 -0.0019030116872178354
      vertex -0.049039264020161524 -0.0090119977750868652 -0.0037328917025171359
    endloop
  endfacet
  facet normal -0.95654946460645918 -0.2790151869992244 -0.084638331652297019
    outer loop
      vertex -0.046193976625564341 -0.018766513875893266 -0.0037328917025171333
      vertex -0.049039264020161524 -0.0090119977750868652 -0.0037328917025171359
      vertex -0.046193976625564341 -0.017677669529663695 -0.0073223304703363126
    endloop
  endfacet
  facet normal -0.95654946460645918 -0.25714186904083941 -0.13744519252152881
    outer loop
      vertex -0.046193976625564341 -0.017677669529663695 -0.0073223304703363126
      vertex -0.049039264020161524 -0.0090119977750868652 -0.0037328917025171359
      vertex -0.049039264020161524 -0.0081105837205364597 -0.0054193187831184878
    endloop
  endfacet
  facet normal -0.95654946460645918 -0.25714186904083952 -0.13744519252152865
    outer loop
      vertex -0.046193976625564341 -0.017677669529663695 -0.0073223304703363126
      vertex -0.049039264020161524 -0.0081105837205364597 -0.0054193187831184878
      vertex -0.046193976625564341 -0.015909482257160434 -0.010630376184590704
    endloop
  endfacet
  facet normal -0.95654946460645918 -0.22538673326203662 -0.18497011172231007
    outer loop
      vertex -0.046193976625564341 -0.015909482257160434 -0.010630376184590704
      vertex -0.049039264020161524 -0.0081105837205364597 -0.0054193187831184878
      vertex -0.049039264020161524 -0.0068974844820735891 -0.0068974844820735865
    endloop
  endfacet
  facet normal -0.95654946460645918 -0.22538673326203673 -0.18497011172230998
    outer loop
      vertex -0.046193976625564341 -0.015909482257160434 -0.010630376184590704
      vertex -0.049039264020161524 -0.0068974844820735891 -0.0068974844820735865
      vertex -0.046193976625564341 -0.013529902503654932 -0.013529902503654928
    endloop
  endfacet
  facet normal -0.95654946460645918 -0.18497011172230984 -0.22538673326203668
    outer loop
      vertex -0.046193976625564341 -0.013529902503654932 -0.013529902503654928
      vertex -0.049039264020161524 -0.0068974844820735891 -0.0068974844820735865
      vertex -0.049039264020161524 -0.0054193187831184896 -0.008110583720536458
    endloop
  endfacet
  facet normal -0.95654946460645918 -0.18497011172230998 -0.22538673326203673
    outer loop
      vertex -0.046193976625564341 -0.013529902503654932 -0.013529902503654928
      vertex -0.049039264020161524 -0.0054193187831184896 -0.008110583720536458
      vertex -0.046193976625564341 -0.010630376184590708 -0.015909482257160431
    endloop
  endfacet
  facet normal -0.95654946460645918 -0.13744519252152892 -0.2571418690408393
    outer loop
      vertex -0.046193976625564341 -0.010630376184590708 -0.015909482257160431
      vertex -0.049039264020161524 -0.0054193187831184896 -0.008110583720536458
      vertex -0.049039264020161524 -0.0037328917025171424 -0.0090119977750868618
    endloop
  endfacet
  facet normal -0.95654946460645918 -0.13744519252152873 -0.25714186904083947
    outer loop
      vertex -0.046193976625564341 -0.010630376184590708 -0.015909482257160431
      vertex -0.049039264020161524 -0.0037328917025171424 -0.0090119977750868618
      vertex -0.046193976625564341 -0.0073223304703363247 -0.017677669529663688
    endloop
  endfacet
  facet normal -0.95654946460645907 -0.084638331652297213 -0.27901518699922434
    outer loop
      vertex -0.046193976625564341 -0.0073223304703363247 -0.017677669529663688
      vertex -0.049039264020161524 -0.0037328917025171424 -0.0090119977750868618
      vertex -0.049039264020161524 -0.0019030116872178382 -0.0095670858091272595
    endloop
  endfacet
  facet normal -0.95654946460645918 -0.084638331652297366 -0.27901518699922429
    outer loop
      vertex -0.046193976625564341 -0.0073223304703363247 -0.017677669529663688
      vertex -0.049039264020161524 -0.0019030116872178382 -0.0095670858091272595
      vertex -0.046193976625564341 -0.003732891702517139 -0.018766513875893266
    endloop
  endfacet
  facet normal -0.95654946460645918 -0.028578867163391149 -0.2901661077947485
    outer loop
      vertex -0.046193976625564341 -0.003732891702517139 -0.018766513875893266
      vertex -0.049039264020161524 -0.0019030116872178382 -0.0095670858091272595
      vertex -0.049039264020161524 -1.7918755380125871e-18 -0.0097545161008064304
    endloop
  endfacet
  facet normal -0.95654946460645918 -0.028578867163391107 -0.29016610779474855
    outer loop
      vertex -0.046193976625564341 -0.003732891702517139 -0.018766513875893266
      vertex -0.049039264020161524 -1.7918755380125871e-18 -0.0097545161008064304
      vertex -0.046193976625564341 -3.5148903039947242e-18 -0.019134171618254495
    endloop
  endfacet
  facet normal -0.95654946460645918 0.028578867163390788 -0.29016610779474855
    outer loop
      vertex -0.046193976625564341 -3.5148903039947242e-18 -0.019134171618254495
      vertex -0.049039264020161524 -1.7918755380125871e-18 -0.0097545161008064304
      vertex -0.049039264020161524 0.0019030116872178347 -0.0095670858091272612
    endloop
  endfacet
  facet normal -0.95654946460645918 0.028578867163391114 -0.29016610779474861
    outer loop
      vertex -0.046193976625564341 -3.5148903039947242e-18 -0.019134171618254495
      vertex -0.049039264020161524 0.0019030116872178347 -0.0095670858091272612
      vertex -0.046193976625564341 0.003732891702517132 -0.018766513875893266
    endloop
  endfacet
  facet normal -0.95654946460645907 0.0846383316522972 -0.27901518699922429
    outer loop
      vertex -0.046193976625564341 0.003732891702517132 -0.018766513875893266
      vertex -0.049039264020161524 0.0019030116872178347 -0.0095670858091272612
      vertex -0.049039264020161524 0.003732891702517139 -0.0090119977750868635
    endloop
  endfacet
  facet normal -0.95654946460645929 0.084638331652297116 -0.2790151869992244
    outer loop
      vertex -0.046193976625564341 0.003732891702517132 -0.018766513875893266
      vertex -0.049039264020161524 0.003732891702517139 -0.0090119977750868635
      vertex -0.046193976625564341 0.0073223304703363187 -0.017677669529663691
    endloop
  endfacet
  facet normal -0.95654946460645907 0.13744519252152879 -0.25714186904083947
    outer loop
      vertex -0.046193976625564341 0.0073223304703363187 -0.017677669529663691
      vertex -0.049039264020161524 0.003732891702517139 -0.0090119977750868635
      vertex -0.049039264020161524 0.0054193187831184869 -0.0081105837205364597
    endloop
  endfacet
  facet normal -0.95654946460645918 0.1374451925215287 -0.25714186904083952
    outer loop
      vertex -0.046193976625564341 0.0073223304703363187 -0.017677669529663691
      vertex -0.049039264020161524 0.0054193187831184869 -0.0081105837205364597
      vertex -0.046193976625564341 0.010630376184590703 -0.015909482257160434
    endloop
  endfacet
  facet normal -0.95654946460645918 0.18497011172231007 -0.2253867332620367
    outer loop
      vertex -0.046193976625564341 0.010630376184590703 -0.015909482257160434
      vertex -0.049039264020161524 0.0054193187831184869 -0.0081105837205364597
      vertex -0.049039264020161524 0.0068974844820735856 -0.0068974844820735891
    endloop
  endfacet
  facet normal -0.95654946460645918 0.18497011172231009 -0.22538673326203673
    outer loop
      vertex -0.046193976625564341 0.010630376184590703 -0.015909482257160434
      vertex -0.049039264020161524 0.0068974844820735856 -0.0068974844820735891
      vertex -0.046193976625564341 0.013529902503654925 -0.013529902503654932
    endloop
  endfacet
  facet normal -0.95654946460645918 0.22538673326203668 -0.18497011172231001
    outer loop
      vertex -0.046193976625564341 0.013529902503654925 -0.013529902503654932
      vertex -0.049039264020161524 0.0068974844820735856 -0.0068974844820735891
      vertex -0.049039264020161524 0.008110583720536458 -0.0054193187831184896
    endloop
  endfacet
  facet normal -0.95654946460645918 0.22538673326203665 -0.1849701117223102
    outer loop
      vertex -0.046193976625564341 0.013529902503654925 -0.013529902503654932
      vertex -0.049039264020161524 0.008110583720536458 -0.0054193187831184896
      vertex -0.046193976625564341 0.015909482257160431 -0.010630376184590708
    endloop
  endfacet
  facet normal -0.95654946460645907 0.25714186904083941 -0.13744519252152898
    outer loop
      vertex -0.046193976625564341 0.015909482257160431 -0.010630376184590708
      vertex -0.049039264020161524 0.008110583720536458 -0.0054193187831184896
      vertex -0.049039264020161524 0.0090119977750868618 -0.0037328917025171429
    endloop
  endfacet
  facet normal -0.95654946460645907 0.25714186904083947 -0.13744519252152879
    outer loop
      vertex -0.046193976625564341 0.015909482257160431 -0.010630376184590708
      vertex -0.049039264020161524 0.0090119977750868618 -0.0037328917025171429
      vertex -0.046193976625564341 0.017677669529663688 -0.0073223304703363265
    endloop
  endfacet
  facet normal -0.95654946460645929 0.27901518699922429 -0.084638331652297186
    outer loop
      vertex -0.046193976625564341 0.017677669529663688 -0.0073223304703363265
      vertex -0.049039264020161524 0.0090119977750868618 -0.0037328917025171429
      vertex -0.049039264020161524 0.0095670858091272595 -0.0019030116872178389
    endloop
  endfacet
  facet normal -0.95654946460645918 0.27901518699922423 -0.084638331652297352
    outer loop
      vertex -0.046193976625564341 0.017677669529663688 -0.0073223304703363265
      vertex -0.049039264020161524 0.0095670858091272595 -0.0019030116872178389
      vertex -0.046193976625564341 0.018766513875893266 -0.0037328917025171403
    endloop
  endfacet
  facet normal -0.95654946460645918 0.2901661077947485 -0.028578867163391111
    outer loop
      vertex -0.046193976625564341 0.018766513875893266 -0.0037328917025171403
      vertex -0.049039264020161524 0.0095670858091272595 -0.0019030116872178389
      vertex -0.049039264020161524 0.0097545161008064304 0
    endloop
  endfacet
  facet normal -0.95654946460645918 0.29016610779474855 -0.028578867163391069
    outer loop
      vertex -0.046193976625564341 0.018766513875893266 -0.0037328917025171403
      vertex -0.049039264020161524 0.0097545161008064304 0
      vertex -0.046193976625564341 0.019134171618254495 0
    endloop
  endfacet
  facet normal -0.99513835592881439 0.098012573209970061 0.009653395882096745
    outer loop
      vertex -0.049039264020161524 0.0097545161008064304 0
      vertex -0.050000000000000003 0 0
      vertex -0.049039264020161524 0.0095670858091272612 0.0019030116872178343
    endloop
  endfacet
  facet normal -0.99513835592881439 0.094246004987595222 0.028589213056228042
    outer loop
      vertex -0.049039264020161524 0.0095670858091272612 0.0019030116872178343
      vertex -0.050000000000000003 0 0
      vertex -0.049039264020161524 0.0090119977750868652 0.0037328917025171368
    endloop
  endfacet
  facet normal -0.99513835592881439 0.086857615647315589 0.046426362805623962
    outer loop
      vertex -0.049039264020161524 0.0090119977750868652 0.0037328917025171368
      vertex -0.050000000000000003 0 0
      vertex -0.049039264020161524 0.008110583720536458 0.0054193187831184896
    endloop
  endfacet
  facet normal -0.99513835592881439 0.076131336848021702 0.062479373468603848
    outer loop
      vertex -0.049039264020161524 0.008110583720536458 0.0054193187831184896
      vertex -0.050000000000000003 0 0
      vertex -0.049039264020161524 0.0068974844820735882 0.0068974844820735865
    endloop
  endfacet
  facet normal -0.99513835592881439 0.062479373468603897 0.076131336848021661
    outer loop
      vertex -0.049039264020161524 0.0068974844820735882 0.0068974844820735865
      vertex -0.050000000000000003 0 0
      vertex -0.049039264020161524 0.0054193187831184913 0.008110583720536458
    endloop
  endfacet
  facet normal -0.99513835592881439 0.046426362805623934 0.086857615647315589
    outer loop
      vertex -0.049039264020161524 0.0054193187831184913 0.008110583720536458
      vertex -0.050000000000000003 0 0
      vertex -0.049039264020161524 0.0037328917025171377 0.0090119977750868652
    endloop
  endfacet
  facet normal -0.99513835592881439 0.028589213056228038 0.094246004987595222
    outer loop
      vertex -0.049039264020161524 0.0037328917025171377 0.0090119977750868652
      vertex -0.050000000000000003 0 0
      vertex -0.049039264020161524 0.001903011687217835 0.0095670858091272612
    endloop
  endfacet
  facet normal -0.99513835592881439 0.0096533958820967467 0.098012573209970075
    outer loop
      vertex -0.049039264020161524 0.001903011687217835 0.0095670858091272612
      vertex -0.050000000000000003 0 0
      vertex -0.049039264020161524 5.9729184600419582e-19 0.0097545161008064304
    endloop
  endfacet
  facet normal -0.99513835592881439 -0.009653395882096745 0.098012573209970061
    outer loop
      vertex -0.049039264020161524 5.9729184600419582e-19 0.0097545161008064304
      vertex -0.050000000000000003 0 0
      vertex -0.049039264020161524 -0.0019030116872178337 0.0095670858091272612
    endloop
  endfacet
  facet normal -0.99513835592881439 -0.028589213056228038 0.094246004987595222
    outer loop
      vertex -0.049039264020161524 -0.0019030116872178337 0.0095670858091272612
      vertex -0.050000000000000003 0 0
      vertex -0.049039264020161524 -0.0037328917025171364 0.0090119977750868652
    endloop
  endfacet
  facet normal -0.99513835592881439 -0.046426362805623921 0.086857615647315617
    outer loop
      vertex -0.049039264020161524 -0.0037328917025171364 0.0090119977750868652
      vertex -0.050000000000000003 0 0
      vertex -0.049039264020161524 -0.0054193187831184878 0.0081105837205364597
    endloop
  endfacet
  facet normal -0.99513835592881439 -0.062479373468603848 0.076131336848021702
    outer loop
      vertex -0.049039264020161524 -0.0054193187831184878 0.0081105837205364597
      vertex -0.050000000000000003 0 0
      vertex -0.049039264020161524 -0.0068974844820735865 0.0068974844820735882
    endloop
  endfacet
  facet normal -0.99513835592881439 -0.076131336848021661 0.062479373468603903
    outer loop
      vertex -0.049039264020161524 -0.0068974844820735865 0.0068974844820735882
      vertex -0.050000000000000003 0 0
      vertex -0.049039264020161524 -0.0081105837205364597 0.0054193187831184896
    endloop
  endfacet
  facet normal -0.99513835592881439 -0.086857615647315603 0.046426362805623914
    outer loop
      vertex -0.049039264020161524 -0.0081105837205364597 0.0054193187831184896
      vertex -0.050000000000000003 0 0
      vertex -0.049039264020161524 -0.0090119977750868652 0.0037328917025171381
    endloop
  endfacet
  facet normal -0.99513835592881439 -0.094246004987595222 0.028589213056228073
    outer loop
      vertex -0.049039264020161524 -0.0090119977750868652 0.0037328917025171381
      vertex -0.050000000000000003 0 0
      vertex -0.049039264020161524 -0.0095670858091272612 0.0019030116872178378
    endloop
  endfacet
  facet normal -0.99513835592881439 -0.098012573209970075 0.0096533958820967346
    outer loop
      vertex -0.049039264020161524 -0.0095670858091272612 0.0019030116872178378
      vertex -0.050000000000000003 0 0
      vertex -0.049039264020161524 -0.0097545161008064304 1.1945836920083916e-18
    endloop
  endfacet
  facet normal -0.99513835592881439 -0.098012573209970075 -0.0096533958820967346
    outer loop
      vertex -0.049039264020161524 -0.0097545161008064304 1.1945836920083916e-18
      vertex -0.050000000000000003 0 0
      vertex -0.049039264020161524 -0.0095670858091272612 -0.0019030116872178354
    endloop
  endfacet
  facet normal -0.99513835592881439 -0.094246004987595222 -0.02858921305622807
    outer loop
      vertex -0.049039264020161524 -0.0095670858091272612 -0.0019030116872178354
      vertex -0.050000000000000003 0 0
      vertex -0.049039264020161524 -0.0090119977750868652 -0.0037328917025171359
    endloop
  endfacet
  facet normal -0.99513835592881439 -0.086857615647315631 -0.046426362805623914
    outer loop
      vertex -0.049039264020161524 -0.0090119977750868652 -0.0037328917025171359
      vertex -0.050000000000000003 0 0
      vertex -0.049039264020161524 -0.0081105837205364597 -0.0054193187831184878
    endloop
  endfacet
  facet normal -0.99513835592881439 -0.07613133684802173 -0.062479373468603827
    outer loop
      vertex -0.049039264020161524 -0.0081105837205364597 -0.0054193187831184878
      vertex -0.050000000000000003 0 0
      vertex -0.049039264020161524 -0.0068974844820735891 -0.0068974844820735865
    endloop
  endfacet
  facet normal -0.99513835592881439 -0.062479373468603827 -0.076131336848021716
    outer loop
      vertex -0.049039264020161524 -0.0068974844820735891 -0.0068974844820735865
      vertex -0.050000000000000003 0 0
      vertex -0.049039264020161524 -0.0054193187831184896 -0.008110583720536458
    endloop
  endfacet
  facet normal -0.99513835592881439 -0.046426362805623941 -0.086857615647315589
    outer loop
      vertex -0.049039264020161524 -0.0054193187831184896 -0.008110583720536458
      vertex -0.050000000000000003 0 0
      vertex -0.049039264020161524 -0.0037328917025171424 -0.0090119977750868618
    endloop
  endfacet
  facet normal -0.99513835592881439 -0.028589213056228104 -0.094246004987595208
    outer loop
      vertex -0.049039264020161524 -0.0037328917025171424 -0.0090119977750868618
      vertex -0.050000000000000003 0 0
      vertex -0.049039264020161524 -0.0019030116872178382 -0.0095670858091272595
    endloop
  endfacet
  facet normal -0.99513835592881439 -0.009653395882096823 -0.098012573209970075
    outer loop
      vertex -0.049039264020161524 -0.0019030116872178382 -0.0095670858091272595
      vertex -0.050000000000000003 0 0
      vertex -0.049039264020161524 -1.7918755380125871e-18 -0.0097545161008064304
    endloop
  endfacet
  facet normal -0.99513835592881439 0.0096533958820967346 -0.098012573209970075
    outer loop
      vertex -0.049039264020161524 -1.7918755380125871e-18 -0.0097545161008064304
      vertex -0.050000000000000003 0 0
      vertex -0.049039264020161524 0.0019030116872178347 -0.0095670858091272612
    endloop
  endfacet
  facet normal -0.99513835592881439 0.028589213056228104 -0.094246004987595208
    outer loop
      vertex -0.049039264020161524 0.0019030116872178347 -0.0095670858091272612
      vertex -0.050000000000000003 0 0
      vertex -0.049039264020161524 0.003732891702517139 -0.0090119977750868635
    endloop
  endfacet
  facet normal -0.99513835592881439 0.046426362805623921 -0.086857615647315603
    outer loop
      vertex -0.049039264020161524 0.003732891702517139 -0.0090119977750868635
      vertex -0.050000000000000003 0 0
      vertex -0.049039264020161524 0.0054193187831184869 -0.0081105837205364597
    endloop
  endfacet
  facet normal -0.99513835592881439 0.062479373468603827 -0.07613133684802173
    outer loop
      vertex -0.049039264020161524 0.0054193187831184869 -0.0081105837205364597
      vertex -0.050000000000000003 0 0
      vertex -0.049039264020161524 0.0068974844820735856 -0.0068974844820735891
    endloop
  endfacet
  facet normal -0.99513835592881439 0.076131336848021702 -0.062479373468603862
    outer loop
      vertex -0.049039264020161524 0.0068974844820735856 -0.0068974844820735891
      vertex -0.050000000000000003 0 0
      vertex -0.049039264020161524 0.008110583720536458 -0.0054193187831184896
    endloop
  endfacet
  facet normal -0.99513835592881439 0.086857615647315589 -0.046426362805623948
    outer loop
      vertex -0.049039264020161524 0.008110583720536458 -0.0054193187831184896
      vertex -0.050000000000000003 0 0
      vertex -0.049039264020161524 0.0090119977750868618 -0.0037328917025171429
    endloop
  endfacet
  facet normal -0.99513835592881439 0.094246004987595222 -0.028589213056228108
    outer loop
      vertex -0.049039264020161524 0.0090119977750868618 -0.0037328917025171429
      vertex -0.050000000000000003 0 0
      vertex -0.049039264020161524 0.0095670858091272595 -0.0019030116872178389
    endloop
  endfacet
  facet normal -0.99513835592881439 0.098012573209970075 -0.0096533958820968092
    outer loop
      vertex -0.049039264020161524 0.0095670858091272595 -0.0019030116872178389
      vertex -0.050000000000000003 0 0
      vertex -0.049039264020161524 0.0097545161008064304 0
    endloop
  endfacet
endsolid sphere_d0p1
